KS noise=0 trial=1/200: TPR=1 E2=5.546e-07 lambda=0.0001 seconds=0.0178
NLS noise=0 trial=1/200: TPR=1 E2=5.605e-08 lambda=0.0001 seconds=0.0712
KS noise=0 trial=20/200: TPR=1 E2=5.546e-07 lambda=0.0001 seconds=0.0173
KS noise=0.2 trial=1/200: TPR=1 E2=0.003427 lambda=0.01099 seconds=0.0348
KS noise=0.2 trial=20/200: TPR=1 E2=0.01165 lambda=0.005179 seconds=0.0426
KS noise=0.5 trial=1/200: TPR=1 E2=0.06679 lambda=0.1048 seconds=0.0389
NLS noise=0 trial=20/200: TPR=1 E2=5.605e-08 lambda=0.0001 seconds=0.0726
KS noise=0.5 trial=20/200: TPR=1 E2=0.07554 lambda=0.02812 seconds=0.0409
NLS noise=0.2 trial=1/200: TPR=1 E2=0.01831 lambda=0.009103 seconds=0.468
KS noise=1 trial=1/200: TPR=1 E2=0.2571 lambda=0.05964 seconds=0.0388
KS noise=1 trial=20/200: TPR=1 E2=0.239 lambda=0.1265 seconds=0.0451
KS noise=0 trial=40/200: TPR=1 E2=5.546e-07 lambda=0.0001 seconds=0.0178
KS noise=0 trial=60/200: TPR=1 E2=5.546e-07 lambda=0.0001 seconds=0.0185
KS noise=0 trial=80/200: TPR=1 E2=5.546e-07 lambda=0.0001 seconds=0.017
KS noise=0 trial=100/200: TPR=1 E2=5.546e-07 lambda=0.0001 seconds=0.0174
KS noise=0 trial=120/200: TPR=1 E2=5.546e-07 lambda=0.0001 seconds=0.0173
KS noise=0 trial=140/200: TPR=1 E2=5.546e-07 lambda=0.0001 seconds=0.0189
KS noise=0 trial=160/200: TPR=1 E2=5.546e-07 lambda=0.0001 seconds=0.0171
KS noise=0 trial=180/200: TPR=1 E2=5.546e-07 lambda=0.0001 seconds=0.0175
KS noise=0 trial=200/200: TPR=1 E2=5.546e-07 lambda=0.0001 seconds=0.0175
KS noise=0.025 trial=1/200: TPR=1 E2=0.0006413 lambda=0.0007906 seconds=0.0256
KS noise=0.025 trial=20/200: TPR=1 E2=0.0003837 lambda=0.0006551 seconds=0.0309
KS noise=0.025 trial=40/200: TPR=1 E2=0.0008001 lambda=0.001389 seconds=0.029
KS noise=0.025 trial=60/200: TPR=1 E2=0.0005941 lambda=0.002442 seconds=0.0284
KS noise=0.025 trial=80/200: TPR=1 E2=0.0002281 lambda=0.0009541 seconds=0.0342
KS noise=0.025 trial=100/200: TPR=1 E2=0.0006535 lambda=0.001389 seconds=0.0316
RD noise=0 trial=1/200: TPR=1 E2=1.791e-10 lambda=0.0001 seconds=8.35
KS noise=0.025 trial=120/200: TPR=1 E2=0.0009193 lambda=0.0009541 seconds=0.0307
KS noise=0.025 trial=140/200: TPR=1 E2=0.0003007 lambda=0.001677 seconds=0.0315
NLS noise=0.2 trial=20/200: TPR=1 E2=0.01803 lambda=0.016 seconds=0.436
KS noise=0.025 trial=160/200: TPR=1 E2=0.001922 lambda=0.001677 seconds=0.0338
NLS noise=0.5 trial=1/200: TPR=1 E2=0.1096 lambda=0.04095 seconds=0.612
KS noise=0.025 trial=180/200: TPR=1 E2=0.0007739 lambda=0.001389 seconds=0.0311
KS noise=0.025 trial=200/200: TPR=1 E2=0.0002183 lambda=0.0009541 seconds=0.0267
KS noise=0.05 trial=1/200: TPR=1 E2=0.0009161 lambda=0.002947 seconds=0.0384
KS noise=0.05 trial=20/200: TPR=1 E2=0.0004889 lambda=0.004292 seconds=0.03
KS noise=0.05 trial=40/200: TPR=1 E2=0.002157 lambda=0.007543 seconds=0.0371
KS noise=0.05 trial=60/200: TPR=1 E2=0.001768 lambda=0.007543 seconds=0.0345
KS noise=0.05 trial=80/200: TPR=1 E2=0.001441 lambda=0.001677 seconds=0.0349
KS noise=0.05 trial=100/200: TPR=1 E2=0.002685 lambda=0.001389 seconds=0.0353
KS noise=0.05 trial=120/200: TPR=1 E2=0.001199 lambda=0.005179 seconds=0.0337
KS noise=0.05 trial=140/200: TPR=1 E2=0.002812 lambda=0.002024 seconds=0.0347
KS noise=0.05 trial=160/200: TPR=1 E2=0.00134 lambda=0.003556 seconds=0.0428
KS noise=0.05 trial=180/200: TPR=1 E2=0.0004521 lambda=0.001677 seconds=0.0377
KS noise=0.05 trial=200/200: TPR=1 E2=0.002151 lambda=0.002442 seconds=0.0354
KS noise=0.075 trial=1/200: TPR=1 E2=0.0009365 lambda=0.016 seconds=0.0301
KS noise=0.075 trial=20/200: TPR=1 E2=0.001445 lambda=0.002024 seconds=0.0366
KS noise=0.075 trial=40/200: TPR=1 E2=0.0002563 lambda=0.006251 seconds=0.0341
KS noise=0.075 trial=60/200: TPR=1 E2=0.00348 lambda=0.003556 seconds=0.0397
KS noise=0.075 trial=80/200: TPR=1 E2=0.0009592 lambda=0.009103 seconds=0.0329
NLS noise=0.5 trial=20/200: TPR=1 E2=0.1014 lambda=0.04095 seconds=0.618
NLS noise=1 trial=1/200: TPR=0.3 E2=1.163 lambda=0.02812 seconds=0.618
KS noise=0.075 trial=100/200: TPR=1 E2=0.003767 lambda=0.002024 seconds=0.0357
KS noise=0.075 trial=120/200: TPR=1 E2=0.0001975 lambda=0.005179 seconds=0.0364
KS noise=0.075 trial=140/200: TPR=1 E2=0.002895 lambda=0.005179 seconds=0.0386
KS noise=0.075 trial=160/200: TPR=1 E2=0.00194 lambda=0.009103 seconds=0.0411
KS noise=0.075 trial=180/200: TPR=1 E2=0.003577 lambda=0.003556 seconds=0.0329
KS noise=0.075 trial=200/200: TPR=1 E2=0.001531 lambda=0.005179 seconds=0.0462
KS noise=0.1 trial=1/200: TPR=1 E2=0.003213 lambda=0.004292 seconds=0.0399
KS noise=0.1 trial=20/200: TPR=1 E2=0.00225 lambda=0.01099 seconds=0.0372
KS noise=0.1 trial=40/200: TPR=1 E2=0.002036 lambda=0.002024 seconds=0.0338
KS noise=0.1 trial=60/200: TPR=1 E2=0.001928 lambda=0.006251 seconds=0.0392
KS noise=0.1 trial=80/200: TPR=1 E2=0.004739 lambda=0.005179 seconds=0.0367
KS noise=0.1 trial=100/200: TPR=1 E2=0.001653 lambda=0.007543 seconds=0.0436
KS noise=0.1 trial=120/200: TPR=1 E2=0.002212 lambda=0.006251 seconds=0.0384
KS noise=0.1 trial=140/200: TPR=1 E2=0.004069 lambda=0.005179 seconds=0.0417
KS noise=0.1 trial=160/200: TPR=1 E2=0.0006048 lambda=0.002947 seconds=0.0381
KS noise=0.1 trial=180/200: TPR=1 E2=0.004282 lambda=0.005179 seconds=0.0384
KS noise=0.1 trial=200/200: TPR=1 E2=0.001372 lambda=0.007543 seconds=0.0398
KS noise=0.125 trial=1/200: TPR=1 E2=0.006257 lambda=0.006251 seconds=0.0371
KS noise=0.125 trial=20/200: TPR=1 E2=0.0101 lambda=0.006251 seconds=0.0409
NLS noise=1 trial=20/200: TPR=0.6667 E2=0.5882 lambda=0.05964 seconds=0.697
KS noise=0.125 trial=40/200: TPR=1 E2=0.0002536 lambda=0.01099 seconds=0.048
KS noise=0.125 trial=60/200: TPR=1 E2=0.002261 lambda=0.006251 seconds=0.0413
NLS noise=0 trial=40/200: TPR=1 E2=5.605e-08 lambda=0.0001 seconds=0.0829
KS noise=0.125 trial=80/200: TPR=1 E2=0.0129 lambda=0.01326 seconds=0.0415
NLS noise=0 trial=60/200: TPR=1 E2=5.605e-08 lambda=0.0001 seconds=0.0803
KS noise=0.125 trial=100/200: TPR=1 E2=0.001685 lambda=0.005179 seconds=0.0444
KS noise=0.125 trial=120/200: TPR=1 E2=0.008297 lambda=0.005179 seconds=0.0452
NLS noise=0 trial=80/200: TPR=1 E2=5.605e-08 lambda=0.0001 seconds=0.0828
KS noise=0.125 trial=140/200: TPR=1 E2=0.009013 lambda=0.007543 seconds=0.0433
KS noise=0.125 trial=160/200: TPR=1 E2=0.001382 lambda=0.006251 seconds=0.0495
NLS noise=0 trial=100/200: TPR=1 E2=5.605e-08 lambda=0.0001 seconds=0.0804
KS noise=0.125 trial=180/200: TPR=1 E2=0.0008923 lambda=0.005179 seconds=0.0454
KS noise=0.125 trial=200/200: TPR=1 E2=0.004571 lambda=0.01099 seconds=0.0433
KS noise=0.15 trial=1/200: TPR=1 E2=0.002956 lambda=0.01931 seconds=0.0413
NLS noise=0 trial=120/200: TPR=1 E2=5.605e-08 lambda=0.0001 seconds=0.0838
KS noise=0.15 trial=20/200: TPR=1 E2=0.006076 lambda=0.003556 seconds=0.0406
KS noise=0.15 trial=40/200: TPR=1 E2=0.003637 lambda=0.0233 seconds=0.0392
NLS noise=0 trial=140/200: TPR=1 E2=5.605e-08 lambda=0.0001 seconds=0.0805
KS noise=0.15 trial=60/200: TPR=1 E2=0.005812 lambda=0.01931 seconds=0.0432
KS noise=0.15 trial=80/200: TPR=1 E2=0.01173 lambda=0.009103 seconds=0.0406
NLS noise=0 trial=160/200: TPR=1 E2=5.605e-08 lambda=0.0001 seconds=0.0806
KS noise=0.15 trial=100/200: TPR=1 E2=0.001744 lambda=0.01099 seconds=0.0443
KS noise=0.15 trial=120/200: TPR=1 E2=0.005849 lambda=0.006251 seconds=0.0389
NLS noise=0 trial=180/200: TPR=1 E2=5.605e-08 lambda=0.0001 seconds=0.0819
KS noise=0.15 trial=140/200: TPR=1 E2=0.01065 lambda=0.006251 seconds=0.0487
KS noise=0.15 trial=160/200: TPR=1 E2=0.003294 lambda=0.004292 seconds=0.0434
NLS noise=0 trial=200/200: TPR=1 E2=5.605e-08 lambda=0.0001 seconds=0.083
NLS noise=0.025 trial=1/200: TPR=1 E2=0.0005142 lambda=0.001389 seconds=0.287
KS noise=0.15 trial=180/200: TPR=1 E2=0.01059 lambda=0.005179 seconds=0.0421
KS noise=0.15 trial=200/200: TPR=1 E2=0.007598 lambda=0.01099 seconds=0.0437
KS noise=0.175 trial=1/200: TPR=1 E2=0.008408 lambda=0.01931 seconds=0.0414
KS noise=0.175 trial=20/200: TPR=1 E2=0.01671 lambda=0.04095 seconds=0.0401
KS noise=0.175 trial=40/200: TPR=1 E2=0.005817 lambda=0.01931 seconds=0.0424
KS noise=0.175 trial=60/200: TPR=1 E2=0.01127 lambda=0.01099 seconds=0.0426
KS noise=0.175 trial=80/200: TPR=1 E2=0.002251 lambda=0.007543 seconds=0.0464
KS noise=0.175 trial=100/200: TPR=1 E2=0.00615 lambda=0.009103 seconds=0.0452
NLS noise=0.025 trial=20/200: TPR=1 E2=0.001233 lambda=0.001677 seconds=0.317
KS noise=0.175 trial=120/200: TPR=1 E2=0.01199 lambda=0.01099 seconds=0.0464
KS noise=0.175 trial=140/200: TPR=1 E2=0.002947 lambda=0.007543 seconds=0.0383
KS noise=0.175 trial=160/200: TPR=1 E2=0.008098 lambda=0.01099 seconds=0.0487
KS noise=0.175 trial=180/200: TPR=1 E2=0.01122 lambda=0.005179 seconds=0.0404
KS noise=0.175 trial=200/200: TPR=1 E2=0.006291 lambda=0.016 seconds=0.0413
KS noise=0.2 trial=40/200: TPR=1 E2=0.01009 lambda=0.007543 seconds=0.0446
KS noise=0.2 trial=60/200: TPR=1 E2=0.006657 lambda=0.02812 seconds=0.0394
NLS noise=0.025 trial=40/200: TPR=1 E2=0.0009788 lambda=0.001389 seconds=0.292
KS noise=0.2 trial=80/200: TPR=1 E2=0.004627 lambda=0.01931 seconds=0.045
KS noise=0.2 trial=100/200: TPR=1 E2=0.004321 lambda=0.01099 seconds=0.0394
KS noise=0.2 trial=120/200: TPR=1 E2=0.01145 lambda=0.01099 seconds=0.0395
KS noise=0.2 trial=140/200: TPR=1 E2=0.009589 lambda=0.009103 seconds=0.04
KS noise=0.2 trial=160/200: TPR=1 E2=0.01783 lambda=0.01099 seconds=0.0403
KS noise=0.2 trial=180/200: TPR=1 E2=0.02283 lambda=0.01099 seconds=0.041
KS noise=0.2 trial=200/200: TPR=1 E2=0.01208 lambda=0.0233 seconds=0.0449
KS noise=0.225 trial=1/200: TPR=1 E2=0.01738 lambda=0.016 seconds=0.0389
NLS noise=0.025 trial=60/200: TPR=1 E2=0.00117 lambda=0.001677 seconds=0.309
KS noise=0.225 trial=20/200: TPR=1 E2=0.01879 lambda=0.01931 seconds=0.0395
KS noise=0.225 trial=40/200: TPR=1 E2=0.0183 lambda=0.005179 seconds=0.0443
KS noise=0.225 trial=60/200: TPR=1 E2=0.01502 lambda=0.0233 seconds=0.0428
KS noise=0.225 trial=80/200: TPR=1 E2=0.006111 lambda=0.01326 seconds=0.0435
KS noise=0.225 trial=100/200: TPR=1 E2=0.0103 lambda=0.009103 seconds=0.0392
KS noise=0.225 trial=120/200: TPR=1 E2=0.01153 lambda=0.009103 seconds=0.0428
KS noise=0.225 trial=140/200: TPR=1 E2=0.003041 lambda=0.01099 seconds=0.0546
NLS noise=0.025 trial=80/200: TPR=1 E2=0.0004594 lambda=0.001389 seconds=0.321
KS noise=0.225 trial=160/200: TPR=1 E2=0.01056 lambda=0.02812 seconds=0.0418
KS noise=0.225 trial=180/200: TPR=1 E2=0.00157 lambda=0.016 seconds=0.0465
KS noise=0.225 trial=200/200: TPR=1 E2=0.004788 lambda=0.01931 seconds=0.0462
KS noise=0.25 trial=1/200: TPR=1 E2=0.01885 lambda=0.009103 seconds=0.0416
KS noise=0.25 trial=20/200: TPR=1 E2=0.02012 lambda=0.0233 seconds=0.0421
KS noise=0.25 trial=40/200: TPR=1 E2=0.01395 lambda=0.01326 seconds=0.0452
KS noise=0.25 trial=60/200: TPR=1 E2=0.01055 lambda=0.0233 seconds=0.0444
KS noise=0.25 trial=80/200: TPR=1 E2=0.02812 lambda=0.0233 seconds=0.0425
NLS noise=0.025 trial=100/200: TPR=1 E2=0.0009512 lambda=0.001677 seconds=0.301
KS noise=0.25 trial=100/200: TPR=1 E2=0.01649 lambda=0.0233 seconds=0.0423
KS noise=0.25 trial=120/200: TPR=1 E2=0.02615 lambda=0.016 seconds=0.0393
KS noise=0.25 trial=140/200: TPR=1 E2=0.02003 lambda=0.01326 seconds=0.0467
KS noise=0.25 trial=160/200: TPR=1 E2=0.02207 lambda=0.007543 seconds=0.046
KS noise=0.25 trial=180/200: TPR=1 E2=0.0164 lambda=0.01326 seconds=0.0433
KS noise=0.25 trial=200/200: TPR=1 E2=0.003847 lambda=0.0233 seconds=0.0379
KS noise=0.275 trial=1/200: TPR=1 E2=0.04137 lambda=0.03393 seconds=0.0429
NLS noise=0.025 trial=120/200: TPR=1 E2=0.0008141 lambda=0.001389 seconds=0.298
KS noise=0.275 trial=20/200: TPR=1 E2=0.02949 lambda=0.01931 seconds=0.0519
KS noise=0.275 trial=40/200: TPR=1 E2=0.03124 lambda=0.01099 seconds=0.0465
KS noise=0.275 trial=60/200: TPR=1 E2=0.02086 lambda=0.01326 seconds=0.0469
KS noise=0.275 trial=80/200: TPR=1 E2=0.01984 lambda=0.0233 seconds=0.0505
KS noise=0.275 trial=100/200: TPR=1 E2=0.02718 lambda=0.01931 seconds=0.0454
KS noise=0.275 trial=120/200: TPR=1 E2=0.01908 lambda=0.01931 seconds=0.0398
KS noise=0.275 trial=140/200: TPR=1 E2=0.03377 lambda=0.006251 seconds=0.0441
NLS noise=0.025 trial=140/200: TPR=1 E2=0.000834 lambda=0.001389 seconds=0.305
KS noise=0.275 trial=160/200: TPR=1 E2=0.0269 lambda=0.009103 seconds=0.0447
KS noise=0.275 trial=180/200: TPR=1 E2=0.01918 lambda=0.009103 seconds=0.0458
KS noise=0.275 trial=200/200: TPR=1 E2=0.00607 lambda=0.04095 seconds=0.0393
KS noise=0.3 trial=1/200: TPR=1 E2=0.03767 lambda=0.01099 seconds=0.0505
KS noise=0.3 trial=20/200: TPR=1 E2=0.01524 lambda=0.01099 seconds=0.0475
KS noise=0.3 trial=40/200: TPR=1 E2=0.01487 lambda=0.02812 seconds=0.0432
KS noise=0.3 trial=60/200: TPR=1 E2=0.02755 lambda=0.01099 seconds=0.0488
KS noise=0.3 trial=80/200: TPR=1 E2=0.01357 lambda=0.01931 seconds=0.0464
NLS noise=0.025 trial=160/200: TPR=1 E2=0.002004 lambda=0.001389 seconds=0.328
KS noise=0.3 trial=100/200: TPR=1 E2=0.0305 lambda=0.0233 seconds=0.0454
KS noise=0.3 trial=120/200: TPR=1 E2=0.01682 lambda=0.0233 seconds=0.0511
KS noise=0.3 trial=140/200: TPR=1 E2=0.0261 lambda=0.01931 seconds=0.0426
KS noise=0.3 trial=160/200: TPR=1 E2=0.02961 lambda=0.01099 seconds=0.0445
KS noise=0.3 trial=180/200: TPR=1 E2=0.02032 lambda=0.02812 seconds=0.0516
KS noise=0.3 trial=200/200: TPR=1 E2=0.03967 lambda=0.01326 seconds=0.0458
KS noise=0.325 trial=1/200: TPR=1 E2=0.03391 lambda=0.016 seconds=0.0395
KS noise=0.325 trial=20/200: TPR=1 E2=0.03232 lambda=0.01099 seconds=0.0434
NLS noise=0.025 trial=180/200: TPR=1 E2=0.0007866 lambda=0.001389 seconds=0.358
KS noise=0.325 trial=40/200: TPR=1 E2=0.01662 lambda=0.01099 seconds=0.0422
KS noise=0.325 trial=60/200: TPR=1 E2=0.03164 lambda=0.01931 seconds=0.0432
KS noise=0.325 trial=80/200: TPR=1 E2=0.04249 lambda=0.0233 seconds=0.0391
KS noise=0.325 trial=100/200: TPR=1 E2=0.02825 lambda=0.01931 seconds=0.0408
KS noise=0.325 trial=120/200: TPR=1 E2=0.01461 lambda=0.016 seconds=0.0463
KS noise=0.325 trial=140/200: TPR=1 E2=0.04446 lambda=0.02812 seconds=0.0472
KS noise=0.325 trial=160/200: TPR=1 E2=0.04462 lambda=0.0233 seconds=0.0391
NLS noise=0.025 trial=200/200: TPR=1 E2=0.0007777 lambda=0.001677 seconds=0.32
NLS noise=0.05 trial=1/200: TPR=1 E2=0.001265 lambda=0.002442 seconds=0.358
KS noise=0.325 trial=180/200: TPR=1 E2=0.03112 lambda=0.02812 seconds=0.0448
KS noise=0.325 trial=200/200: TPR=1 E2=0.008772 lambda=0.02812 seconds=0.0494
KS noise=0.35 trial=1/200: TPR=1 E2=0.06521 lambda=0.0233 seconds=0.0475
KS noise=0.35 trial=20/200: TPR=1 E2=0.03449 lambda=0.03393 seconds=0.0447
KS noise=0.35 trial=40/200: TPR=1 E2=0.02184 lambda=0.0233 seconds=0.0467
KS noise=0.35 trial=60/200: TPR=1 E2=0.03425 lambda=0.016 seconds=0.0448
KS noise=0.35 trial=80/200: TPR=1 E2=0.03508 lambda=0.016 seconds=0.0484
KS noise=0.35 trial=100/200: TPR=1 E2=0.04296 lambda=0.01931 seconds=0.0465
KS noise=0.35 trial=120/200: TPR=1 E2=0.02507 lambda=0.02812 seconds=0.0476
NLS noise=0.05 trial=20/200: TPR=1 E2=0.001878 lambda=0.002442 seconds=0.349
KS noise=0.35 trial=140/200: TPR=1 E2=0.04003 lambda=0.01931 seconds=0.0416
KS noise=0.35 trial=160/200: TPR=1 E2=0.02162 lambda=0.03393 seconds=0.0495
KS noise=0.35 trial=180/200: TPR=1 E2=0.03611 lambda=0.016 seconds=0.0492
KS noise=0.35 trial=200/200: TPR=1 E2=0.02957 lambda=0.016 seconds=0.0431
KS noise=0.375 trial=1/200: TPR=1 E2=0.03136 lambda=0.07197 seconds=0.0506
KS noise=0.375 trial=20/200: TPR=1 E2=0.04072 lambda=0.0233 seconds=0.0454
KS noise=0.375 trial=40/200: TPR=1 E2=0.02423 lambda=0.03393 seconds=0.0465
KS noise=0.375 trial=60/200: TPR=1 E2=0.0421 lambda=0.01931 seconds=0.0482
NLS noise=0.05 trial=40/200: TPR=1 E2=0.00347 lambda=0.002947 seconds=0.341
KS noise=0.375 trial=80/200: TPR=1 E2=0.05398 lambda=0.01099 seconds=0.0385
KS noise=0.375 trial=100/200: TPR=1 E2=0.04276 lambda=0.01326 seconds=0.0444
KS noise=0.375 trial=120/200: TPR=1 E2=0.05317 lambda=0.04942 seconds=0.046
KS noise=0.375 trial=140/200: TPR=1 E2=0.01486 lambda=0.02812 seconds=0.0448
KS noise=0.375 trial=160/200: TPR=1 E2=0.04759 lambda=0.04095 seconds=0.0473
KS noise=0.375 trial=180/200: TPR=1 E2=0.05615 lambda=0.01931 seconds=0.0437
KS noise=0.375 trial=200/200: TPR=1 E2=0.03698 lambda=0.02812 seconds=0.0453
KS noise=0.4 trial=1/200: TPR=1 E2=0.04788 lambda=0.01326 seconds=0.0395
KS noise=0.4 trial=20/200: TPR=1 E2=0.05436 lambda=0.04942 seconds=0.0469
NLS noise=0.05 trial=60/200: TPR=1 E2=0.002366 lambda=0.002442 seconds=0.377
KS noise=0.4 trial=40/200: TPR=1 E2=0.04302 lambda=0.01931 seconds=0.0452
KS noise=0.4 trial=60/200: TPR=1 E2=0.05688 lambda=0.01931 seconds=0.047
KS noise=0.4 trial=80/200: TPR=1 E2=0.02624 lambda=0.02812 seconds=0.0488
KS noise=0.4 trial=100/200: TPR=1 E2=0.04815 lambda=0.04095 seconds=0.0435
KS noise=0.4 trial=120/200: TPR=1 E2=0.04582 lambda=0.01931 seconds=0.0471
KS noise=0.4 trial=140/200: TPR=1 E2=0.02669 lambda=0.07197 seconds=0.0453
KS noise=0.4 trial=160/200: TPR=1 E2=0.02127 lambda=0.009103 seconds=0.0488
KS noise=0.4 trial=180/200: TPR=1 E2=0.04129 lambda=0.04095 seconds=0.044
NLS noise=0.05 trial=80/200: TPR=1 E2=0.000882 lambda=0.002947 seconds=0.39
KS noise=0.4 trial=200/200: TPR=1 E2=0.04432 lambda=0.03393 seconds=0.0429
KS noise=0.425 trial=1/200: TPR=1 E2=0.0147 lambda=0.08685 seconds=0.0481
KS noise=0.425 trial=20/200: TPR=1 E2=0.02915 lambda=0.0233 seconds=0.0405
KS noise=0.425 trial=40/200: TPR=1 E2=0.04064 lambda=0.01099 seconds=0.0499
KS noise=0.425 trial=60/200: TPR=1 E2=0.07468 lambda=0.04095 seconds=0.0435
KS noise=0.425 trial=80/200: TPR=1 E2=0.07349 lambda=0.04095 seconds=0.0467
KS noise=0.425 trial=100/200: TPR=1 E2=0.04054 lambda=0.03393 seconds=0.0448
KS noise=0.425 trial=120/200: TPR=1 E2=0.02825 lambda=0.03393 seconds=0.0472
KS noise=0.425 trial=140/200: TPR=1 E2=0.05334 lambda=0.0233 seconds=0.0458
NLS noise=0.05 trial=100/200: TPR=1 E2=0.001745 lambda=0.002442 seconds=0.416
KS noise=0.425 trial=160/200: TPR=1 E2=0.03117 lambda=0.04095 seconds=0.0467
KS noise=0.425 trial=180/200: TPR=1 E2=0.05544 lambda=0.04095 seconds=0.0468
KS noise=0.425 trial=200/200: TPR=1 E2=0.07354 lambda=0.016 seconds=0.0516
KS noise=0.45 trial=1/200: TPR=1 E2=0.0586 lambda=0.04095 seconds=0.0483
KS noise=0.45 trial=20/200: TPR=1 E2=0.05427 lambda=0.03393 seconds=0.0513
KS noise=0.45 trial=40/200: TPR=1 E2=0.05516 lambda=0.02812 seconds=0.0447
KS noise=0.45 trial=60/200: TPR=1 E2=0.03279 lambda=0.0233 seconds=0.047
KS noise=0.45 trial=80/200: TPR=1 E2=0.0375 lambda=0.02812 seconds=0.0481
KS noise=0.45 trial=100/200: TPR=1 E2=0.05596 lambda=0.04942 seconds=0.0498
NLS noise=0.05 trial=120/200: TPR=1 E2=0.001752 lambda=0.002024 seconds=0.384
KS noise=0.45 trial=120/200: TPR=1 E2=0.07269 lambda=0.0233 seconds=0.0433
KS noise=0.45 trial=140/200: TPR=1 E2=0.05531 lambda=0.04095 seconds=0.0446
KS noise=0.45 trial=160/200: TPR=1 E2=0.04032 lambda=0.08685 seconds=0.0428
KS noise=0.45 trial=180/200: TPR=1 E2=0.03679 lambda=0.05964 seconds=0.0434
KS noise=0.45 trial=200/200: TPR=1 E2=0.06633 lambda=0.01931 seconds=0.0407
KS noise=0.475 trial=1/200: TPR=1 E2=0.04336 lambda=0.0233 seconds=0.0482
KS noise=0.475 trial=20/200: TPR=1 E2=0.05215 lambda=0.07197 seconds=0.0455
KS noise=0.475 trial=40/200: TPR=1 E2=0.08093 lambda=0.05964 seconds=0.0475
NLS noise=0.05 trial=140/200: TPR=1 E2=0.00192 lambda=0.002442 seconds=0.383
KS noise=0.475 trial=60/200: TPR=1 E2=0.07404 lambda=0.04095 seconds=0.0401
KS noise=0.475 trial=80/200: TPR=1 E2=0.04359 lambda=0.04095 seconds=0.0507
KS noise=0.475 trial=100/200: TPR=1 E2=0.05997 lambda=0.016 seconds=0.0648
KS noise=0.475 trial=120/200: TPR=1 E2=0.08304 lambda=0.04942 seconds=0.0485
KS noise=0.475 trial=140/200: TPR=1 E2=0.089 lambda=0.016 seconds=0.0482
KS noise=0.475 trial=160/200: TPR=1 E2=0.04173 lambda=0.04942 seconds=0.0482
KS noise=0.475 trial=180/200: TPR=1 E2=0.05522 lambda=0.016 seconds=0.0483
KS noise=0.475 trial=200/200: TPR=1 E2=0.08979 lambda=0.02812 seconds=0.0415
NLS noise=0.05 trial=160/200: TPR=1 E2=0.001389 lambda=0.002947 seconds=0.351
KS noise=0.5 trial=40/200: TPR=1 E2=0.06041 lambda=0.04942 seconds=0.043
KS noise=0.5 trial=60/200: TPR=1 E2=0.07694 lambda=0.03393 seconds=0.0442
KS noise=0.5 trial=80/200: TPR=1 E2=0.07062 lambda=0.04942 seconds=0.0407
KS noise=0.5 trial=100/200: TPR=1 E2=0.05652 lambda=0.05964 seconds=0.0451
KS noise=0.5 trial=120/200: TPR=1 E2=0.04691 lambda=0.07197 seconds=0.0453
KS noise=0.5 trial=140/200: TPR=1 E2=0.07951 lambda=0.01326 seconds=0.0476
KS noise=0.5 trial=160/200: TPR=1 E2=0.07618 lambda=0.01326 seconds=0.0488
KS noise=0.5 trial=180/200: TPR=1 E2=0.04554 lambda=0.1048 seconds=0.0515
NLS noise=0.05 trial=180/200: TPR=1 E2=0.002129 lambda=0.002442 seconds=0.384
KS noise=0.5 trial=200/200: TPR=1 E2=0.08217 lambda=0.02812 seconds=0.0528
KS noise=0.525 trial=1/200: TPR=1 E2=0.06751 lambda=0.08685 seconds=0.0521
KS noise=0.525 trial=20/200: TPR=1 E2=0.06009 lambda=0.04095 seconds=0.0515
KS noise=0.525 trial=40/200: TPR=1 E2=0.07144 lambda=0.02812 seconds=0.0487
KS noise=0.525 trial=60/200: TPR=1 E2=0.07251 lambda=0.02812 seconds=0.0576
KS noise=0.525 trial=80/200: TPR=1 E2=0.08029 lambda=0.04942 seconds=0.0499
KS noise=0.525 trial=100/200: TPR=1 E2=0.08122 lambda=0.04095 seconds=0.0495
KS noise=0.525 trial=120/200: TPR=1 E2=0.09982 lambda=0.05964 seconds=0.0437
KS noise=0.525 trial=140/200: TPR=1 E2=0.07561 lambda=0.0233 seconds=0.0481
NLS noise=0.05 trial=200/200: TPR=1 E2=0.001727 lambda=0.002442 seconds=0.388
NLS noise=0.075 trial=1/200: TPR=1 E2=0.004188 lambda=0.003556 seconds=0.408
RD noise=0 trial=20/200: TPR=1 E2=1.791e-10 lambda=0.0001 seconds=9.55
KS noise=0.525 trial=160/200: TPR=1 E2=0.06176 lambda=0.04942 seconds=0.0459
KS noise=0.525 trial=180/200: TPR=1 E2=0.05462 lambda=0.016 seconds=0.0521
KS noise=0.525 trial=200/200: TPR=1 E2=0.0742 lambda=0.02812 seconds=0.0531
KS noise=0.55 trial=1/200: TPR=1 E2=0.0863 lambda=0.07197 seconds=0.0488
KS noise=0.55 trial=20/200: TPR=1 E2=0.09629 lambda=0.04942 seconds=0.0478
KS noise=0.55 trial=40/200: TPR=1 E2=0.088 lambda=0.0233 seconds=0.0458
KS noise=0.55 trial=60/200: TPR=1 E2=0.07582 lambda=0.03393 seconds=0.0504
KS noise=0.55 trial=80/200: TPR=1 E2=0.07418 lambda=0.02812 seconds=0.0527
KS noise=0.55 trial=100/200: TPR=1 E2=0.069 lambda=0.01931 seconds=0.0505
NLS noise=0.075 trial=20/200: TPR=1 E2=0.007678 lambda=0.002947 seconds=0.456
KS noise=0.55 trial=120/200: TPR=1 E2=0.07792 lambda=0.07197 seconds=0.0499
KS noise=0.55 trial=140/200: TPR=1 E2=0.09288 lambda=0.04942 seconds=0.0452
KS noise=0.55 trial=160/200: TPR=1 E2=0.09462 lambda=0.03393 seconds=0.0464
KS noise=0.55 trial=180/200: TPR=1 E2=0.04662 lambda=0.0233 seconds=0.0507
KS noise=0.55 trial=200/200: TPR=1 E2=0.06687 lambda=0.05964 seconds=0.0504
KS noise=0.575 trial=1/200: TPR=1 E2=0.1312 lambda=0.08685 seconds=0.0453
RD noise=0.2 trial=1/200: TPR=1 E2=0.0268 lambda=0.02812 seconds=11.5
KS noise=0.575 trial=20/200: TPR=1 E2=0.06269 lambda=0.02812 seconds=0.0532
KS noise=0.575 trial=40/200: TPR=1 E2=0.09282 lambda=0.04942 seconds=0.0427
KS noise=0.575 trial=60/200: TPR=1 E2=0.08452 lambda=0.04095 seconds=0.0473
KS noise=0.575 trial=80/200: TPR=1 E2=0.07434 lambda=0.0233 seconds=0.0471
NLS noise=0.075 trial=40/200: TPR=1 E2=0.004123 lambda=0.003556 seconds=0.413
KS noise=0.575 trial=100/200: TPR=1 E2=0.05824 lambda=0.1048 seconds=0.0431
KS noise=0.575 trial=120/200: TPR=1 E2=0.08481 lambda=0.02812 seconds=0.0424
KS noise=0.575 trial=140/200: TPR=1 E2=0.1193 lambda=0.03393 seconds=0.0484
KS noise=0.575 trial=160/200: TPR=1 E2=0.0802 lambda=0.07197 seconds=0.0475
KS noise=0.575 trial=180/200: TPR=1 E2=0.0882 lambda=0.01931 seconds=0.0511
KS noise=0.575 trial=200/200: TPR=1 E2=0.07492 lambda=0.04095 seconds=0.0446
KS noise=0.6 trial=1/200: TPR=1 E2=0.1316 lambda=0.04942 seconds=0.0468
KS noise=0.6 trial=20/200: TPR=1 E2=0.1109 lambda=0.05964 seconds=0.0462
KS noise=0.6 trial=40/200: TPR=0.2857 E2=0.8183 lambda=0.03393 seconds=0.0502
NLS noise=0.075 trial=60/200: TPR=1 E2=0.004383 lambda=0.002947 seconds=0.456
KS noise=0.6 trial=60/200: TPR=1 E2=0.1171 lambda=0.04942 seconds=0.0468
KS noise=0.6 trial=80/200: TPR=1 E2=0.07748 lambda=0.05964 seconds=0.0494
KS noise=0.6 trial=100/200: TPR=1 E2=0.08964 lambda=0.0233 seconds=0.0513
KS noise=0.6 trial=120/200: TPR=1 E2=0.06549 lambda=0.1048 seconds=0.0524
KS noise=0.6 trial=140/200: TPR=1 E2=0.04571 lambda=0.1048 seconds=0.0516
KS noise=0.6 trial=160/200: TPR=1 E2=0.1223 lambda=0.04095 seconds=0.0503
KS noise=0.6 trial=180/200: TPR=1 E2=0.07478 lambda=0.08685 seconds=0.0461
KS noise=0.6 trial=200/200: TPR=1 E2=0.09277 lambda=0.07197 seconds=0.0451
KS noise=0.625 trial=1/200: TPR=1 E2=0.08907 lambda=0.05964 seconds=0.0455
KS noise=0.625 trial=20/200: TPR=1 E2=0.1047 lambda=0.03393 seconds=0.0464
NLS noise=0.075 trial=80/200: TPR=1 E2=0.003243 lambda=0.003556 seconds=0.389
KS noise=0.625 trial=40/200: TPR=1 E2=0.07704 lambda=0.02812 seconds=0.0492
KS noise=0.625 trial=60/200: TPR=1 E2=0.07062 lambda=0.07197 seconds=0.0512
KS noise=0.625 trial=80/200: TPR=1 E2=0.1297 lambda=0.07197 seconds=0.0534
KS noise=0.625 trial=100/200: TPR=1 E2=0.07037 lambda=0.1048 seconds=0.0482
KS noise=0.625 trial=120/200: TPR=1 E2=0.08026 lambda=0.05964 seconds=0.051
KS noise=0.625 trial=140/200: TPR=1 E2=0.1297 lambda=0.08685 seconds=0.0468
KS noise=0.625 trial=160/200: TPR=1 E2=0.1157 lambda=0.04095 seconds=0.047
KS noise=0.625 trial=180/200: TPR=1 E2=0.06906 lambda=0.07197 seconds=0.0426
NLS noise=0.075 trial=100/200: TPR=1 E2=0.003617 lambda=0.004292 seconds=0.411
KS noise=0.625 trial=200/200: TPR=1 E2=0.09214 lambda=0.03393 seconds=0.0437
KS noise=0.65 trial=1/200: TPR=1 E2=0.08261 lambda=0.04942 seconds=0.0404
KS noise=0.65 trial=20/200: TPR=1 E2=0.1103 lambda=0.0233 seconds=0.0547
KS noise=0.65 trial=40/200: TPR=1 E2=0.127 lambda=0.04942 seconds=0.0537
KS noise=0.65 trial=60/200: TPR=1 E2=0.1277 lambda=0.016 seconds=0.0461
KS noise=0.65 trial=80/200: TPR=0.2857 E2=0.8154 lambda=0.0233 seconds=0.0452
KS noise=0.65 trial=100/200: TPR=1 E2=0.09183 lambda=0.05964 seconds=0.0453
KS noise=0.65 trial=120/200: TPR=1 E2=0.1313 lambda=0.05964 seconds=0.0507
KS noise=0.65 trial=140/200: TPR=1 E2=0.1156 lambda=0.07197 seconds=0.0482
NLS noise=0.075 trial=120/200: TPR=1 E2=0.003299 lambda=0.003556 seconds=0.412
KS noise=0.65 trial=160/200: TPR=1 E2=0.117 lambda=0.03393 seconds=0.0546
KS noise=0.65 trial=180/200: TPR=1 E2=0.09788 lambda=0.02812 seconds=0.0458
KS noise=0.65 trial=200/200: TPR=1 E2=0.1452 lambda=0.04095 seconds=0.0425
KS noise=0.675 trial=1/200: TPR=1 E2=0.1188 lambda=0.05964 seconds=0.0491
KS noise=0.675 trial=20/200: TPR=1 E2=0.1202 lambda=0.02812 seconds=0.0502
KS noise=0.675 trial=40/200: TPR=1 E2=0.1074 lambda=0.05964 seconds=0.0458
KS noise=0.675 trial=60/200: TPR=0.5 E2=0.8096 lambda=0.07197 seconds=0.0525
KS noise=0.675 trial=80/200: TPR=1 E2=0.1458 lambda=0.1265 seconds=0.0606
KS noise=0.675 trial=100/200: TPR=1 E2=0.1548 lambda=0.05964 seconds=0.0498
KS noise=0.675 trial=120/200: TPR=1 E2=0.1059 lambda=0.04942 seconds=0.0518
NLS noise=0.075 trial=140/200: TPR=1 E2=0.005042 lambda=0.002947 seconds=0.462
KS noise=0.675 trial=140/200: TPR=1 E2=0.1313 lambda=0.08685 seconds=0.0502
KS noise=0.675 trial=160/200: TPR=1 E2=0.1188 lambda=0.02812 seconds=0.0477
KS noise=0.675 trial=180/200: TPR=1 E2=0.1264 lambda=0.02812 seconds=0.0462
KS noise=0.675 trial=200/200: TPR=1 E2=0.1681 lambda=0.03393 seconds=0.0466
KS noise=0.7 trial=1/200: TPR=1 E2=0.1467 lambda=0.1048 seconds=0.0491
KS noise=0.7 trial=20/200: TPR=1 E2=0.1537 lambda=0.03393 seconds=0.0527
KS noise=0.7 trial=40/200: TPR=1 E2=0.1555 lambda=0.07197 seconds=0.0509
KS noise=0.7 trial=60/200: TPR=1 E2=0.1264 lambda=0.04095 seconds=0.0463
KS noise=0.7 trial=80/200: TPR=1 E2=0.1147 lambda=0.1265 seconds=0.0465
NLS noise=0.075 trial=160/200: TPR=1 E2=0.00246 lambda=0.003556 seconds=0.391
KS noise=0.7 trial=100/200: TPR=1 E2=0.1575 lambda=0.07197 seconds=0.044
KS noise=0.7 trial=120/200: TPR=0.5 E2=0.8126 lambda=0.08685 seconds=0.0483
KS noise=0.7 trial=140/200: TPR=1 E2=0.1256 lambda=0.07197 seconds=0.0504
KS noise=0.7 trial=160/200: TPR=1 E2=0.1151 lambda=0.04942 seconds=0.0481
KS noise=0.7 trial=180/200: TPR=1 E2=0.137 lambda=0.05964 seconds=0.0483
KS noise=0.7 trial=200/200: TPR=1 E2=0.1523 lambda=0.04942 seconds=0.0539
KS noise=0.725 trial=1/200: TPR=1 E2=0.1303 lambda=0.04942 seconds=0.0459
KS noise=0.725 trial=20/200: TPR=1 E2=0.1447 lambda=0.02812 seconds=0.0499
KS noise=0.725 trial=40/200: TPR=1 E2=0.1074 lambda=0.08685 seconds=0.0515
KS noise=0.725 trial=60/200: TPR=1 E2=0.157 lambda=0.03393 seconds=0.0468
NLS noise=0.075 trial=180/200: TPR=1 E2=0.00277 lambda=0.003556 seconds=0.458
KS noise=0.725 trial=80/200: TPR=1 E2=0.132 lambda=0.1265 seconds=0.0569
KS noise=0.725 trial=100/200: TPR=1 E2=0.1522 lambda=0.04095 seconds=0.0518
KS noise=0.725 trial=120/200: TPR=1 E2=0.1211 lambda=0.04942 seconds=0.0437
KS noise=0.725 trial=140/200: TPR=1 E2=0.164 lambda=0.1842 seconds=0.0544
KS noise=0.725 trial=160/200: TPR=1 E2=0.1278 lambda=0.08685 seconds=0.0507
KS noise=0.725 trial=180/200: TPR=1 E2=0.1521 lambda=0.07197 seconds=0.0544
KS noise=0.725 trial=200/200: TPR=1 E2=0.1717 lambda=0.03393 seconds=0.0508
KS noise=0.75 trial=1/200: TPR=1 E2=0.08764 lambda=0.04942 seconds=0.0557
KS noise=0.75 trial=20/200: TPR=1 E2=0.1752 lambda=0.04942 seconds=0.053
NLS noise=0.075 trial=200/200: TPR=1 E2=0.005017 lambda=0.002947 seconds=0.385
KS noise=0.75 trial=40/200: TPR=1 E2=0.1552 lambda=0.04095 seconds=0.0463
NLS noise=0.1 trial=1/200: TPR=1 E2=0.006204 lambda=0.005179 seconds=0.464
KS noise=0.75 trial=60/200: TPR=1 E2=0.1935 lambda=0.07197 seconds=0.0447
KS noise=0.75 trial=80/200: TPR=1 E2=0.1629 lambda=0.05964 seconds=0.0539
KS noise=0.75 trial=100/200: TPR=1 E2=0.1578 lambda=0.04942 seconds=0.056
KS noise=0.75 trial=120/200: TPR=1 E2=0.1335 lambda=0.07197 seconds=0.0519
KS noise=0.75 trial=140/200: TPR=1 E2=0.1547 lambda=0.03393 seconds=0.0567
KS noise=0.75 trial=160/200: TPR=1 E2=0.1379 lambda=0.1048 seconds=0.0506
KS noise=0.75 trial=180/200: TPR=1 E2=0.1391 lambda=0.08685 seconds=0.0529
KS noise=0.75 trial=200/200: TPR=1 E2=0.1634 lambda=0.1265 seconds=0.0506
KS noise=0.775 trial=1/200: TPR=1 E2=0.1566 lambda=0.08685 seconds=0.0482
NLS noise=0.1 trial=20/200: TPR=1 E2=0.005745 lambda=0.004292 seconds=0.441
KS noise=0.775 trial=20/200: TPR=1 E2=0.142 lambda=0.05964 seconds=0.0501
KS noise=0.775 trial=40/200: TPR=1 E2=0.1607 lambda=0.07197 seconds=0.0521
KS noise=0.775 trial=60/200: TPR=1 E2=0.1497 lambda=0.05964 seconds=0.0497
KS noise=0.775 trial=80/200: TPR=1 E2=0.1805 lambda=0.05964 seconds=0.0398
KS noise=0.775 trial=100/200: TPR=1 E2=0.1659 lambda=0.04942 seconds=0.0536
KS noise=0.775 trial=120/200: TPR=1 E2=0.1498 lambda=0.1048 seconds=0.0482
KS noise=0.775 trial=140/200: TPR=1 E2=0.155 lambda=0.016 seconds=0.0446
KS noise=0.775 trial=160/200: TPR=1 E2=0.1795 lambda=0.08685 seconds=0.0506
KS noise=0.775 trial=180/200: TPR=1 E2=0.1506 lambda=0.1048 seconds=0.0565
KS noise=0.775 trial=200/200: TPR=1 E2=0.1297 lambda=0.05964 seconds=0.0497
KS noise=0.8 trial=1/200: TPR=1 E2=0.1817 lambda=0.1048 seconds=0.0458
NLS noise=0.1 trial=40/200: TPR=1 E2=0.005158 lambda=0.004292 seconds=0.472
KS noise=0.8 trial=20/200: TPR=1 E2=0.1507 lambda=0.04942 seconds=0.0513
KS noise=0.8 trial=40/200: TPR=1 E2=0.1477 lambda=0.08685 seconds=0.0501
KS noise=0.8 trial=60/200: TPR=1 E2=0.1802 lambda=0.05964 seconds=0.0484
KS noise=0.8 trial=80/200: TPR=1 E2=0.1739 lambda=0.07197 seconds=0.0486
KS noise=0.8 trial=100/200: TPR=1 E2=0.1639 lambda=0.1265 seconds=0.0471
KS noise=0.8 trial=120/200: TPR=1 E2=0.1514 lambda=0.04942 seconds=0.0448
KS noise=0.8 trial=140/200: TPR=1 E2=0.179 lambda=0.07197 seconds=0.0562
KS noise=0.8 trial=160/200: TPR=1 E2=0.1969 lambda=0.02812 seconds=0.0519
KS noise=0.8 trial=180/200: TPR=0.6 E2=0.1505 lambda=0.04942 seconds=0.0561
NLS noise=0.1 trial=60/200: TPR=1 E2=0.007107 lambda=0.004292 seconds=0.475
KS noise=0.8 trial=200/200: TPR=1 E2=0.1881 lambda=0.07197 seconds=0.0472
KS noise=0.825 trial=1/200: TPR=1 E2=0.1447 lambda=0.1048 seconds=0.0511
KS noise=0.825 trial=20/200: TPR=1 E2=0.1939 lambda=0.07197 seconds=0.0448
KS noise=0.825 trial=40/200: TPR=1 E2=0.2223 lambda=0.08685 seconds=0.0574
KS noise=0.825 trial=60/200: TPR=1 E2=0.1765 lambda=0.1048 seconds=0.0523
KS noise=0.825 trial=80/200: TPR=1 E2=0.1938 lambda=0.04095 seconds=0.0521
KS noise=0.825 trial=100/200: TPR=1 E2=0.2122 lambda=0.04942 seconds=0.043
KS noise=0.825 trial=120/200: TPR=1 E2=0.1986 lambda=0.08685 seconds=0.054
KS noise=0.825 trial=140/200: TPR=1 E2=0.1906 lambda=0.04942 seconds=0.0531
KS noise=0.825 trial=160/200: TPR=1 E2=0.2248 lambda=0.08685 seconds=0.0508
NLS noise=0.1 trial=80/200: TPR=1 E2=0.006106 lambda=0.003556 seconds=0.447
KS noise=0.825 trial=180/200: TPR=0.5 E2=0.8091 lambda=0.05964 seconds=0.0567
KS noise=0.825 trial=200/200: TPR=1 E2=0.2205 lambda=0.1265 seconds=0.0495
KS noise=0.85 trial=1/200: TPR=1 E2=0.1907 lambda=0.05964 seconds=0.0489
KS noise=0.85 trial=20/200: TPR=1 E2=0.2152 lambda=0.07197 seconds=0.0502
KS noise=0.85 trial=40/200: TPR=1 E2=0.2623 lambda=0.07197 seconds=0.0531
KS noise=0.85 trial=60/200: TPR=1 E2=0.2275 lambda=0.07197 seconds=0.0504
KS noise=0.85 trial=80/200: TPR=1 E2=0.2185 lambda=0.08685 seconds=0.0534
KS noise=0.85 trial=100/200: TPR=1 E2=0.2336 lambda=0.05964 seconds=0.0523
KS noise=0.85 trial=120/200: TPR=1 E2=0.2025 lambda=0.1048 seconds=0.0481
KS noise=0.85 trial=140/200: TPR=1 E2=0.2245 lambda=0.07197 seconds=0.0443
NLS noise=0.1 trial=100/200: TPR=1 E2=0.006707 lambda=0.005179 seconds=0.432
KS noise=0.85 trial=160/200: TPR=1 E2=0.2287 lambda=0.08685 seconds=0.056
KS noise=0.85 trial=180/200: TPR=1 E2=0.1489 lambda=0.1265 seconds=0.0512
KS noise=0.85 trial=200/200: TPR=1 E2=0.1822 lambda=0.1048 seconds=0.0537
KS noise=0.875 trial=1/200: TPR=1 E2=0.187 lambda=0.05964 seconds=0.0503
KS noise=0.875 trial=20/200: TPR=1 E2=0.2035 lambda=0.04942 seconds=0.0492
KS noise=0.875 trial=40/200: TPR=1 E2=0.2229 lambda=0.08685 seconds=0.0538
KS noise=0.875 trial=60/200: TPR=1 E2=0.2335 lambda=0.1048 seconds=0.0467
KS noise=0.875 trial=80/200: TPR=1 E2=0.2191 lambda=0.04095 seconds=0.0545
KS noise=0.875 trial=100/200: TPR=1 E2=0.1685 lambda=0.1265 seconds=0.047
KS noise=0.875 trial=120/200: TPR=1 E2=0.1985 lambda=0.1265 seconds=0.0491
NLS noise=0.1 trial=120/200: TPR=1 E2=0.006578 lambda=0.004292 seconds=0.492
KS noise=0.875 trial=140/200: TPR=1 E2=0.2476 lambda=0.04095 seconds=0.05
KS noise=0.875 trial=160/200: TPR=1 E2=0.189 lambda=0.1265 seconds=0.0561
KS noise=0.875 trial=180/200: TPR=1 E2=0.2281 lambda=0.05964 seconds=0.045
KS noise=0.875 trial=200/200: TPR=1 E2=0.2071 lambda=0.1048 seconds=0.046
KS noise=0.9 trial=1/200: TPR=1 E2=0.2336 lambda=0.1265 seconds=0.0454
KS noise=0.9 trial=20/200: TPR=1 E2=0.2264 lambda=0.08685 seconds=0.0483
KS noise=0.9 trial=40/200: TPR=1 E2=0.2099 lambda=0.07197 seconds=0.0541
KS noise=0.9 trial=60/200: TPR=1 E2=0.2444 lambda=0.04095 seconds=0.0426
KS noise=0.9 trial=80/200: TPR=1 E2=0.1985 lambda=0.1265 seconds=0.0521
KS noise=0.9 trial=100/200: TPR=1 E2=0.2168 lambda=0.05964 seconds=0.0498
NLS noise=0.1 trial=140/200: TPR=1 E2=0.004028 lambda=0.005179 seconds=0.519
KS noise=0.9 trial=120/200: TPR=1 E2=0.2309 lambda=0.1265 seconds=0.0466
KS noise=0.9 trial=140/200: TPR=1 E2=0.2147 lambda=0.1048 seconds=0.0498
KS noise=0.9 trial=160/200: TPR=1 E2=0.1725 lambda=0.1048 seconds=0.0446
KS noise=0.9 trial=180/200: TPR=1 E2=0.204 lambda=0.04942 seconds=0.057
KS noise=0.9 trial=200/200: TPR=1 E2=0.2119 lambda=0.08685 seconds=0.0468
KS noise=0.925 trial=1/200: TPR=1 E2=0.1858 lambda=0.1842 seconds=0.0551
KS noise=0.925 trial=20/200: TPR=1 E2=0.2612 lambda=0.05964 seconds=0.0472
KS noise=0.925 trial=40/200: TPR=1 E2=0.2793 lambda=0.08685 seconds=0.0448
KS noise=0.925 trial=60/200: TPR=1 E2=0.2572 lambda=0.03393 seconds=0.0489
KS noise=0.925 trial=80/200: TPR=1 E2=0.2634 lambda=0.08685 seconds=0.0538
NLS noise=0.1 trial=160/200: TPR=1 E2=0.006951 lambda=0.003556 seconds=0.458
KS noise=0.925 trial=100/200: TPR=1 E2=0.2374 lambda=0.08685 seconds=0.0513
KS noise=0.925 trial=120/200: TPR=1 E2=0.2378 lambda=0.03393 seconds=0.0497
KS noise=0.925 trial=140/200: TPR=1 E2=0.2056 lambda=0.1526 seconds=0.0555
KS noise=0.925 trial=160/200: TPR=1 E2=0.2549 lambda=0.08685 seconds=0.0497
KS noise=0.925 trial=180/200: TPR=1 E2=0.2096 lambda=0.08685 seconds=0.0469
KS noise=0.925 trial=200/200: TPR=1 E2=0.2534 lambda=0.08685 seconds=0.0531
KS noise=0.95 trial=1/200: TPR=1 E2=0.2485 lambda=0.1048 seconds=0.0513
KS noise=0.95 trial=20/200: TPR=1 E2=0.2636 lambda=0.1265 seconds=0.0465
KS noise=0.95 trial=40/200: TPR=1 E2=0.2758 lambda=0.1265 seconds=0.0511
KS noise=0.95 trial=60/200: TPR=1 E2=0.2496 lambda=0.08685 seconds=0.0541
KS noise=0.95 trial=80/200: TPR=1 E2=0.2395 lambda=0.1265 seconds=0.0446
NLS noise=0.1 trial=180/200: TPR=1 E2=0.005863 lambda=0.003556 seconds=0.53
KS noise=0.95 trial=100/200: TPR=1 E2=0.2253 lambda=0.08685 seconds=0.0518
KS noise=0.95 trial=120/200: TPR=1 E2=0.2615 lambda=0.1526 seconds=0.0529
KS noise=0.95 trial=140/200: TPR=1 E2=0.2837 lambda=0.04942 seconds=0.0542
KS noise=0.95 trial=160/200: TPR=1 E2=0.2525 lambda=0.1048 seconds=0.0487
KS noise=0.95 trial=180/200: TPR=1 E2=0.2498 lambda=0.1526 seconds=0.0516
KS noise=0.95 trial=200/200: TPR=1 E2=0.2343 lambda=0.07197 seconds=0.054
KS noise=0.975 trial=1/200: TPR=0.2857 E2=1.728 lambda=0.03393 seconds=0.0529
KS noise=0.975 trial=20/200: TPR=0.5 E2=0.8144 lambda=0.07197 seconds=0.0532
KS noise=0.975 trial=40/200: TPR=1 E2=0.2797 lambda=0.02812 seconds=0.0514
KS noise=0.975 trial=60/200: TPR=1 E2=0.2608 lambda=0.07197 seconds=0.0504
NLS noise=0.1 trial=200/200: TPR=1 E2=0.005445 lambda=0.003556 seconds=0.507
NLS noise=0.125 trial=1/200: TPR=1 E2=0.009998 lambda=0.006251 seconds=0.455
KS noise=0.975 trial=80/200: TPR=1 E2=0.2907 lambda=0.07197 seconds=0.0506
KS noise=0.975 trial=100/200: TPR=1 E2=0.2337 lambda=0.08685 seconds=0.0469
KS noise=0.975 trial=120/200: TPR=1 E2=0.2751 lambda=0.08685 seconds=0.0466
KS noise=0.975 trial=140/200: TPR=1 E2=0.2556 lambda=0.1526 seconds=0.0526
KS noise=0.975 trial=160/200: TPR=1 E2=0.2525 lambda=0.03393 seconds=0.0465
KS noise=0.975 trial=180/200: TPR=1 E2=0.2492 lambda=0.08685 seconds=0.0516
KS noise=0.975 trial=200/200: TPR=1 E2=0.2117 lambda=0.1265 seconds=0.0467
KS noise=1 trial=40/200: TPR=0.2857 E2=1.608 lambda=0.07197 seconds=0.0544
KS noise=1 trial=60/200: TPR=0.5 E2=0.8131 lambda=0.05964 seconds=0.0532
KS noise=1 trial=80/200: TPR=1 E2=0.2589 lambda=0.08685 seconds=0.0473
NLS noise=0.125 trial=20/200: TPR=1 E2=0.006393 lambda=0.007543 seconds=0.485
KS noise=1 trial=100/200: TPR=1 E2=0.3197 lambda=0.1526 seconds=0.0497
KS noise=1 trial=120/200: TPR=1 E2=0.2656 lambda=0.08685 seconds=0.0511
KS noise=1 trial=140/200: TPR=0.75 E2=0.2083 lambda=0.1048 seconds=0.0439
KS noise=1 trial=160/200: TPR=1 E2=0.2978 lambda=0.1048 seconds=0.05
KS noise=1 trial=180/200: TPR=1 E2=0.3088 lambda=0.08685 seconds=0.0476
KS noise=1 trial=200/200: TPR=1 E2=0.2699 lambda=0.1842 seconds=0.0445
Completed KS
IB noise=0 trial=1/200: TPR=1 E2=4.308e-05 lambda=0.0003728 seconds=0.0225
IB noise=0 trial=20/200: TPR=1 E2=4.308e-05 lambda=0.0003728 seconds=0.0253
IB noise=0.2 trial=1/200: TPR=1 E2=0.001679 lambda=0.002442 seconds=0.0275
IB noise=0.2 trial=20/200: TPR=1 E2=0.004543 lambda=0.004292 seconds=0.0274
IB noise=0.5 trial=1/200: TPR=1 E2=0.003862 lambda=0.01931 seconds=0.028
IB noise=0.5 trial=20/200: TPR=1 E2=0.0117 lambda=0.007543 seconds=0.0287
IB noise=1 trial=1/200: TPR=1 E2=0.01021 lambda=0.0233 seconds=0.0281
IB noise=1 trial=20/200: TPR=1 E2=0.01494 lambda=0.01326 seconds=0.0283
IB noise=0 trial=40/200: TPR=1 E2=4.308e-05 lambda=0.0003728 seconds=0.0248
IB noise=0 trial=60/200: TPR=1 E2=4.308e-05 lambda=0.0003728 seconds=0.0248
IB noise=0 trial=80/200: TPR=1 E2=4.308e-05 lambda=0.0003728 seconds=0.0262
IB noise=0 trial=100/200: TPR=1 E2=4.308e-05 lambda=0.0003728 seconds=0.0257
NLS noise=0.125 trial=40/200: TPR=1 E2=0.006268 lambda=0.007543 seconds=0.555
IB noise=0 trial=120/200: TPR=1 E2=4.308e-05 lambda=0.0003728 seconds=0.0255
IB noise=0 trial=140/200: TPR=1 E2=4.308e-05 lambda=0.0003728 seconds=0.0256
Matplotlib is building the font cache; this may take a moment.
IB noise=0 trial=160/200: TPR=1 E2=4.308e-05 lambda=0.0003728 seconds=0.0269
IB noise=0 trial=180/200: TPR=1 E2=4.308e-05 lambda=0.0003728 seconds=0.0251
IB noise=0 trial=200/200: TPR=1 E2=4.308e-05 lambda=0.0003728 seconds=0.0254
IB noise=0.025 trial=1/200: TPR=1 E2=0.000462 lambda=0.0005429 seconds=0.0287
IB noise=0.025 trial=20/200: TPR=1 E2=0.0008551 lambda=0.0004498 seconds=0.0281
IB noise=0.025 trial=40/200: TPR=1 E2=0.0001934 lambda=0.0006551 seconds=0.0301
IB noise=0.025 trial=60/200: TPR=1 E2=0.0002463 lambda=0.0005429 seconds=0.027
IB noise=0.025 trial=80/200: TPR=1 E2=0.0004527 lambda=0.0009541 seconds=0.027
IB noise=0.025 trial=100/200: TPR=1 E2=0.001415 lambda=0.0009541 seconds=0.0275
IB noise=0.025 trial=120/200: TPR=1 E2=0.001454 lambda=0.0006551 seconds=0.0269
IB noise=0.025 trial=140/200: TPR=1 E2=0.0003207 lambda=0.0003728 seconds=0.0297
IB noise=0.025 trial=160/200: TPR=1 E2=0.000196 lambda=0.0005429 seconds=0.0265
IB noise=0.025 trial=180/200: TPR=1 E2=0.0004551 lambda=0.0004498 seconds=0.0245
IB noise=0.025 trial=200/200: TPR=1 E2=0.0004798 lambda=0.001389 seconds=0.0232
IB noise=0.05 trial=1/200: TPR=1 E2=0.000458 lambda=0.0007906 seconds=0.0248
IB noise=0.05 trial=20/200: TPR=1 E2=0.0002777 lambda=0.002947 seconds=0.0233
IB noise=0.05 trial=40/200: TPR=1 E2=0.0006235 lambda=0.001389 seconds=0.0223
IB noise=0.05 trial=60/200: TPR=1 E2=0.002511 lambda=0.0006551 seconds=0.0229
IB noise=0.05 trial=80/200: TPR=1 E2=0.0006548 lambda=0.0004498 seconds=0.0229
IB noise=0.05 trial=100/200: TPR=1 E2=0.0001817 lambda=0.001389 seconds=0.0227
IB noise=0.05 trial=120/200: TPR=1 E2=0.002187 lambda=0.001151 seconds=0.0246
NLS noise=0.125 trial=60/200: TPR=1 E2=0.004914 lambda=0.005179 seconds=0.444
IB noise=0.05 trial=140/200: TPR=1 E2=0.0007737 lambda=0.001389 seconds=0.0237
IB noise=0.05 trial=160/200: TPR=1 E2=0.002328 lambda=0.001151 seconds=0.0243
IB noise=0.05 trial=180/200: TPR=1 E2=0.0004414 lambda=0.0003089 seconds=0.0229
IB noise=0.05 trial=200/200: TPR=1 E2=0.0004578 lambda=0.0009541 seconds=0.0252
IB noise=0.075 trial=1/200: TPR=1 E2=0.002035 lambda=0.003556 seconds=0.0244
IB noise=0.075 trial=20/200: TPR=1 E2=0.002074 lambda=0.002947 seconds=0.024
IB noise=0.075 trial=40/200: TPR=1 E2=0.001607 lambda=0.001389 seconds=0.0229
IB noise=0.075 trial=60/200: TPR=1 E2=0.001206 lambda=0.003556 seconds=0.0235
IB noise=0.075 trial=80/200: TPR=1 E2=0.0004474 lambda=0.001389 seconds=0.0243
IB noise=0.075 trial=100/200: TPR=1 E2=0.000423 lambda=0.0009541 seconds=0.0246
IB noise=0.075 trial=120/200: TPR=1 E2=0.001989 lambda=0.002442 seconds=0.0245
IB noise=0.075 trial=140/200: TPR=1 E2=0.001635 lambda=0.002442 seconds=0.0242
IB noise=0.075 trial=160/200: TPR=1 E2=0.0004946 lambda=0.0009541 seconds=0.0237
IB noise=0.075 trial=180/200: TPR=1 E2=0.0003974 lambda=0.001389 seconds=0.0234
IB noise=0.075 trial=200/200: TPR=1 E2=0.0003395 lambda=0.002947 seconds=0.0238
IB noise=0.1 trial=1/200: TPR=1 E2=0.005228 lambda=0.002947 seconds=0.0251
IB noise=0.1 trial=20/200: TPR=1 E2=0.004538 lambda=0.003556 seconds=0.0234
IB noise=0.1 trial=40/200: TPR=1 E2=0.0002483 lambda=0.003556 seconds=0.024
IB noise=0.1 trial=60/200: TPR=1 E2=0.000565 lambda=0.002947 seconds=0.0239
IB noise=0.1 trial=80/200: TPR=1 E2=0.005369 lambda=0.002947 seconds=0.0233
IB noise=0.1 trial=100/200: TPR=1 E2=0.001804 lambda=0.002947 seconds=0.0232
IB noise=0.1 trial=120/200: TPR=1 E2=0.005436 lambda=0.001677 seconds=0.0231
NLS noise=0.125 trial=80/200: TPR=1 E2=0.007214 lambda=0.006251 seconds=0.499
IB noise=0.1 trial=140/200: TPR=1 E2=0.003891 lambda=0.0009541 seconds=0.0232
IB noise=0.1 trial=160/200: TPR=1 E2=0.003143 lambda=0.0009541 seconds=0.0266
IB noise=0.1 trial=180/200: TPR=1 E2=0.002822 lambda=0.005179 seconds=0.0256
IB noise=0.1 trial=200/200: TPR=1 E2=0.002213 lambda=0.002024 seconds=0.022
IB noise=0.125 trial=1/200: TPR=1 E2=0.002511 lambda=0.002442 seconds=0.0231
IB noise=0.125 trial=20/200: TPR=1 E2=0.0008589 lambda=0.002947 seconds=0.0243
IB noise=0.125 trial=40/200: TPR=1 E2=0.006015 lambda=0.005179 seconds=0.0232
IB noise=0.125 trial=60/200: TPR=1 E2=0.001828 lambda=0.002024 seconds=0.0235
IB noise=0.125 trial=80/200: TPR=1 E2=0.006838 lambda=0.002947 seconds=0.0229
IB noise=0.125 trial=100/200: TPR=1 E2=0.005722 lambda=0.002024 seconds=0.0227
IB noise=0.125 trial=120/200: TPR=1 E2=0.0002279 lambda=0.004292 seconds=0.0247
IB noise=0.125 trial=140/200: TPR=1 E2=0.003118 lambda=0.002947 seconds=0.0239
IB noise=0.125 trial=160/200: TPR=1 E2=0.00808 lambda=0.002442 seconds=0.0235
IB noise=0.125 trial=180/200: TPR=1 E2=0.002029 lambda=0.002947 seconds=0.0234
IB noise=0.125 trial=200/200: TPR=1 E2=0.003443 lambda=0.006251 seconds=0.024
IB noise=0.15 trial=1/200: TPR=1 E2=0.001646 lambda=0.007543 seconds=0.0239
IB noise=0.15 trial=20/200: TPR=1 E2=0.005608 lambda=0.005179 seconds=0.0233
IB noise=0.15 trial=40/200: TPR=1 E2=0.01169 lambda=0.003556 seconds=0.0234
IB noise=0.15 trial=60/200: TPR=1 E2=0.006177 lambda=0.002024 seconds=0.0236
IB noise=0.15 trial=80/200: TPR=1 E2=0.009329 lambda=0.009103 seconds=0.0246
IB noise=0.15 trial=100/200: TPR=1 E2=0.002603 lambda=0.002442 seconds=0.0242
IB noise=0.15 trial=120/200: TPR=1 E2=0.003886 lambda=0.001389 seconds=0.024
IB noise=0.15 trial=140/200: TPR=1 E2=0.003799 lambda=0.001677 seconds=0.0241
NLS noise=0.125 trial=100/200: TPR=1 E2=0.008601 lambda=0.006251 seconds=0.521
IB noise=0.15 trial=160/200: TPR=1 E2=0.00257 lambda=0.002947 seconds=0.0236
IB noise=0.15 trial=180/200: TPR=1 E2=0.0007599 lambda=0.003556 seconds=0.0233
IB noise=0.15 trial=200/200: TPR=1 E2=0.004443 lambda=0.002947 seconds=0.0237
IB noise=0.175 trial=1/200: TPR=1 E2=1.187e-05 lambda=0.002947 seconds=0.0241
IB noise=0.175 trial=20/200: TPR=1 E2=0.004283 lambda=0.005179 seconds=0.0234
IB noise=0.175 trial=40/200: TPR=1 E2=0.004857 lambda=0.01099 seconds=0.0242
IB noise=0.175 trial=60/200: TPR=1 E2=0.008114 lambda=0.003556 seconds=0.0237
IB noise=0.175 trial=80/200: TPR=1 E2=0.0002958 lambda=0.004292 seconds=0.0246
IB noise=0.175 trial=100/200: TPR=1 E2=0.004865 lambda=0.002947 seconds=0.0212
IB noise=0.175 trial=120/200: TPR=1 E2=0.003834 lambda=0.005179 seconds=0.0215
IB noise=0.175 trial=140/200: TPR=1 E2=0.006628 lambda=0.003556 seconds=0.0229
IB noise=0.175 trial=160/200: TPR=1 E2=0.005978 lambda=0.005179 seconds=0.0229
IB noise=0.175 trial=180/200: TPR=1 E2=0.002806 lambda=0.002947 seconds=0.0234
IB noise=0.175 trial=200/200: TPR=1 E2=0.01335 lambda=0.005179 seconds=0.0273
IB noise=0.2 trial=40/200: TPR=1 E2=0.002061 lambda=0.006251 seconds=0.0239
IB noise=0.2 trial=60/200: TPR=1 E2=0.004734 lambda=0.009103 seconds=0.0228
IB noise=0.2 trial=80/200: TPR=1 E2=0.0005696 lambda=0.002947 seconds=0.0251
IB noise=0.2 trial=100/200: TPR=1 E2=0.005151 lambda=0.003556 seconds=0.0242
IB noise=0.2 trial=120/200: TPR=1 E2=0.003148 lambda=0.002442 seconds=0.0232
IB noise=0.2 trial=140/200: TPR=1 E2=0.002941 lambda=0.002442 seconds=0.0235
IB noise=0.2 trial=160/200: TPR=1 E2=0.004314 lambda=0.002442 seconds=0.0241
IB noise=0.2 trial=180/200: TPR=1 E2=0.002201 lambda=0.002947 seconds=0.0233
NLS noise=0.125 trial=120/200: TPR=1 E2=0.00924 lambda=0.005179 seconds=0.499
IB noise=0.2 trial=200/200: TPR=1 E2=0.001211 lambda=0.007543 seconds=0.0234
IB noise=0.225 trial=1/200: TPR=1 E2=0.01281 lambda=0.001677 seconds=0.0244
IB noise=0.225 trial=20/200: TPR=1 E2=0.002374 lambda=0.002947 seconds=0.0236
IB noise=0.225 trial=40/200: TPR=1 E2=0.008413 lambda=0.006251 seconds=0.0244
IB noise=0.225 trial=60/200: TPR=1 E2=0.0001555 lambda=0.002947 seconds=0.0239
IB noise=0.225 trial=80/200: TPR=1 E2=0.01439 lambda=0.004292 seconds=0.0233
IB noise=0.225 trial=100/200: TPR=1 E2=0.0004076 lambda=0.002947 seconds=0.0236
IB noise=0.225 trial=120/200: TPR=1 E2=0.001514 lambda=0.002947 seconds=0.0238
IB noise=0.225 trial=140/200: TPR=1 E2=0.002528 lambda=0.005179 seconds=0.0247
IB noise=0.225 trial=160/200: TPR=1 E2=0.003091 lambda=0.006251 seconds=0.0238
IB noise=0.225 trial=180/200: TPR=1 E2=0.004252 lambda=0.005179 seconds=0.0235
IB noise=0.225 trial=200/200: TPR=1 E2=0.003255 lambda=0.004292 seconds=0.0249
IB noise=0.25 trial=1/200: TPR=1 E2=0.006754 lambda=0.003556 seconds=0.0231
IB noise=0.25 trial=20/200: TPR=1 E2=0.001788 lambda=0.005179 seconds=0.0243
IB noise=0.25 trial=40/200: TPR=1 E2=0.01165 lambda=0.01326 seconds=0.0254
IB noise=0.25 trial=60/200: TPR=1 E2=0.0116 lambda=0.003556 seconds=0.0249
IB noise=0.25 trial=80/200: TPR=1 E2=0.008845 lambda=0.004292 seconds=0.0236
IB noise=0.25 trial=100/200: TPR=1 E2=0.001148 lambda=0.006251 seconds=0.0238
IB noise=0.25 trial=120/200: TPR=1 E2=0.003101 lambda=0.004292 seconds=0.024
IB noise=0.25 trial=140/200: TPR=1 E2=0.003354 lambda=0.005179 seconds=0.0237
IB noise=0.25 trial=160/200: TPR=1 E2=0.001301 lambda=0.006251 seconds=0.024
IB noise=0.25 trial=180/200: TPR=1 E2=0.002915 lambda=0.005179 seconds=0.025
NLS noise=0.125 trial=140/200: TPR=1 E2=0.007993 lambda=0.005179 seconds=0.475
IB noise=0.25 trial=200/200: TPR=1 E2=0.001252 lambda=0.002442 seconds=0.0249
IB noise=0.275 trial=1/200: TPR=1 E2=0.004721 lambda=0.003556 seconds=0.0252
IB noise=0.275 trial=20/200: TPR=1 E2=0.00925 lambda=0.004292 seconds=0.0241
IB noise=0.275 trial=40/200: TPR=1 E2=0.01503 lambda=0.005179 seconds=0.0238
IB noise=0.275 trial=60/200: TPR=1 E2=0.001279 lambda=0.002442 seconds=0.0234
IB noise=0.275 trial=80/200: TPR=1 E2=0.01049 lambda=0.006251 seconds=0.0255
IB noise=0.275 trial=100/200: TPR=1 E2=0.002188 lambda=0.01099 seconds=0.0235
IB noise=0.275 trial=120/200: TPR=1 E2=0.002962 lambda=0.005179 seconds=0.0241
IB noise=0.275 trial=140/200: TPR=1 E2=0.006821 lambda=0.006251 seconds=0.0241
IB noise=0.275 trial=160/200: TPR=1 E2=0.001772 lambda=0.007543 seconds=0.0235
IB noise=0.275 trial=180/200: TPR=1 E2=0.001822 lambda=0.009103 seconds=0.025
IB noise=0.275 trial=200/200: TPR=1 E2=0.003038 lambda=0.004292 seconds=0.0255
IB noise=0.3 trial=1/200: TPR=1 E2=0.01273 lambda=0.002442 seconds=0.0245
IB noise=0.3 trial=20/200: TPR=1 E2=0.004979 lambda=0.005179 seconds=0.0242
IB noise=0.3 trial=40/200: TPR=1 E2=0.01573 lambda=0.005179 seconds=0.0235
IB noise=0.3 trial=60/200: TPR=1 E2=0.008606 lambda=0.002947 seconds=0.0245
IB noise=0.3 trial=80/200: TPR=1 E2=0.00359 lambda=0.005179 seconds=0.0234
IB noise=0.3 trial=100/200: TPR=1 E2=8.108e-05 lambda=0.004292 seconds=0.024
IB noise=0.3 trial=120/200: TPR=1 E2=0.006093 lambda=0.002442 seconds=0.0242
IB noise=0.3 trial=140/200: TPR=1 E2=0.007776 lambda=0.002947 seconds=0.0233
IB noise=0.3 trial=160/200: TPR=1 E2=0.002301 lambda=0.009103 seconds=0.0233
RD noise=0.2 trial=20/200: TPR=1 E2=0.0272 lambda=0.02812 seconds=12.2
IB noise=0.3 trial=180/200: TPR=1 E2=0.001602 lambda=0.002442 seconds=0.0227
IB noise=0.3 trial=200/200: TPR=1 E2=0.002851 lambda=0.007543 seconds=0.0217
IB noise=0.325 trial=1/200: TPR=1 E2=0.01061 lambda=0.007543 seconds=0.0206
NLS noise=0.125 trial=160/200: TPR=1 E2=0.009106 lambda=0.004292 seconds=0.467
IB noise=0.325 trial=20/200: TPR=1 E2=0.008578 lambda=0.006251 seconds=0.0238
IB noise=0.325 trial=40/200: TPR=1 E2=0.008785 lambda=0.004292 seconds=0.0243
IB noise=0.325 trial=60/200: TPR=1 E2=0.004868 lambda=0.007543 seconds=0.024
IB noise=0.325 trial=80/200: TPR=1 E2=0.01058 lambda=0.006251 seconds=0.0243
IB noise=0.325 trial=100/200: TPR=1 E2=0.00762 lambda=0.016 seconds=0.0243
IB noise=0.325 trial=120/200: TPR=1 E2=0.00272 lambda=0.001677 seconds=0.0234
IB noise=0.325 trial=140/200: TPR=1 E2=0.009666 lambda=0.006251 seconds=0.0238
IB noise=0.325 trial=160/200: TPR=1 E2=0.03401 lambda=0.005179 seconds=0.0235
IB noise=0.325 trial=180/200: TPR=1 E2=0.003689 lambda=0.009103 seconds=0.0233
IB noise=0.325 trial=200/200: TPR=1 E2=0.007479 lambda=0.004292 seconds=0.0242
IB noise=0.35 trial=1/200: TPR=1 E2=0.01488 lambda=0.016 seconds=0.0234
IB noise=0.35 trial=20/200: TPR=1 E2=0.003233 lambda=0.002024 seconds=0.0238
IB noise=0.35 trial=40/200: TPR=1 E2=0.01162 lambda=0.009103 seconds=0.0243
IB noise=0.35 trial=60/200: TPR=1 E2=0.006948 lambda=0.004292 seconds=0.0272
IB noise=0.35 trial=80/200: TPR=1 E2=0.008673 lambda=0.005179 seconds=0.0291
IB noise=0.35 trial=100/200: TPR=1 E2=0.01138 lambda=0.006251 seconds=0.0249
IB noise=0.35 trial=120/200: TPR=1 E2=0.003136 lambda=0.003556 seconds=0.0242
IB noise=0.35 trial=140/200: TPR=1 E2=0.009297 lambda=0.009103 seconds=0.026
IB noise=0.35 trial=160/200: TPR=1 E2=0.01092 lambda=0.003556 seconds=0.0242
IB noise=0.35 trial=180/200: TPR=1 E2=0.0007072 lambda=0.007543 seconds=0.0235
IB noise=0.35 trial=200/200: TPR=1 E2=0.007481 lambda=0.005179 seconds=0.0245
IB noise=0.375 trial=1/200: TPR=1 E2=0.003773 lambda=0.006251 seconds=0.0235
NLS noise=0.125 trial=180/200: TPR=1 E2=0.008538 lambda=0.005179 seconds=0.479
IB noise=0.375 trial=20/200: TPR=1 E2=0.00812 lambda=0.005179 seconds=0.024
IB noise=0.375 trial=40/200: TPR=1 E2=0.01523 lambda=0.006251 seconds=0.0235
IB noise=0.375 trial=60/200: TPR=1 E2=0.006924 lambda=0.006251 seconds=0.0262
IB noise=0.375 trial=80/200: TPR=1 E2=0.009603 lambda=0.006251 seconds=0.0241
IB noise=0.375 trial=100/200: TPR=1 E2=0.006635 lambda=0.009103 seconds=0.0243
IB noise=0.375 trial=120/200: TPR=1 E2=0.01844 lambda=0.01326 seconds=0.0235
RD noise=0.5 trial=1/200: TPR=0.875 E2=0.09403 lambda=0.02812 seconds=13
IB noise=0.375 trial=140/200: TPR=1 E2=0.001221 lambda=0.006251 seconds=0.0209
IB noise=0.375 trial=160/200: TPR=1 E2=0.005959 lambda=0.006251 seconds=0.0233
IB noise=0.375 trial=180/200: TPR=1 E2=0.02033 lambda=0.009103 seconds=0.0245
IB noise=0.375 trial=200/200: TPR=1 E2=0.0227 lambda=0.003556 seconds=0.0237
IB noise=0.4 trial=1/200: TPR=1 E2=0.01433 lambda=0.005179 seconds=0.024
IB noise=0.4 trial=20/200: TPR=1 E2=0.01547 lambda=0.007543 seconds=0.0243
IB noise=0.4 trial=40/200: TPR=1 E2=0.01739 lambda=0.009103 seconds=0.0236
IB noise=0.4 trial=60/200: TPR=1 E2=0.01401 lambda=0.002947 seconds=0.0238
IB noise=0.4 trial=80/200: TPR=1 E2=0.0232 lambda=0.01099 seconds=0.0229
IB noise=0.4 trial=100/200: TPR=1 E2=0.01556 lambda=0.01326 seconds=0.023
IB noise=0.4 trial=120/200: TPR=1 E2=0.002182 lambda=0.016 seconds=0.0242
IB noise=0.4 trial=140/200: TPR=1 E2=0.01543 lambda=0.007543 seconds=0.0236
IB noise=0.4 trial=160/200: TPR=1 E2=0.01862 lambda=0.007543 seconds=0.0244
IB noise=0.4 trial=180/200: TPR=1 E2=0.0001702 lambda=0.01099 seconds=0.024
IB noise=0.4 trial=200/200: TPR=1 E2=0.003746 lambda=0.007543 seconds=0.025
IB noise=0.425 trial=1/200: TPR=1 E2=0.01381 lambda=0.009103 seconds=0.0237
IB noise=0.425 trial=20/200: TPR=1 E2=0.009012 lambda=0.01099 seconds=0.0229
NLS noise=0.125 trial=200/200: TPR=1 E2=0.00769 lambda=0.005179 seconds=0.497
IB noise=0.425 trial=40/200: TPR=1 E2=0.02659 lambda=0.009103 seconds=0.0239
NLS noise=0.15 trial=1/200: TPR=1 E2=0.01243 lambda=0.006251 seconds=0.514
IB noise=0.425 trial=60/200: TPR=1 E2=0.007263 lambda=0.004292 seconds=0.0237
IB noise=0.425 trial=80/200: TPR=1 E2=0.01292 lambda=0.01326 seconds=0.0237
IB noise=0.425 trial=100/200: TPR=1 E2=0.00813 lambda=0.006251 seconds=0.023
IB noise=0.425 trial=120/200: TPR=1 E2=0.007924 lambda=0.01931 seconds=0.0245
IB noise=0.425 trial=140/200: TPR=1 E2=0.00287 lambda=0.004292 seconds=0.0239
IB noise=0.425 trial=160/200: TPR=1 E2=0.0139 lambda=0.007543 seconds=0.0239
IB noise=0.425 trial=180/200: TPR=1 E2=0.02125 lambda=0.009103 seconds=0.024
IB noise=0.425 trial=200/200: TPR=1 E2=0.01307 lambda=0.009103 seconds=0.0258
IB noise=0.45 trial=1/200: TPR=1 E2=0.008199 lambda=0.005179 seconds=0.0244
IB noise=0.45 trial=20/200: TPR=1 E2=0.006038 lambda=0.01931 seconds=0.0245
IB noise=0.45 trial=40/200: TPR=1 E2=0.006632 lambda=0.009103 seconds=0.024
IB noise=0.45 trial=60/200: TPR=1 E2=0.009502 lambda=0.007543 seconds=0.0236
IB noise=0.45 trial=80/200: TPR=1 E2=0.01868 lambda=0.009103 seconds=0.0238
IB noise=0.45 trial=100/200: TPR=1 E2=0.03307 lambda=0.007543 seconds=0.022
IB noise=0.45 trial=120/200: TPR=1 E2=0.01603 lambda=0.004292 seconds=0.0236
IB noise=0.45 trial=140/200: TPR=1 E2=0.008162 lambda=0.01099 seconds=0.0235
IB noise=0.45 trial=160/200: TPR=1 E2=0.001544 lambda=0.007543 seconds=0.0235
IB noise=0.45 trial=180/200: TPR=1 E2=0.01813 lambda=0.007543 seconds=0.0233
IB noise=0.45 trial=200/200: TPR=1 E2=0.007885 lambda=0.007543 seconds=0.0236
IB noise=0.475 trial=1/200: TPR=1 E2=0.02461 lambda=0.02812 seconds=0.0248
IB noise=0.475 trial=20/200: TPR=1 E2=0.02145 lambda=0.004292 seconds=0.0237
IB noise=0.475 trial=40/200: TPR=1 E2=0.0117 lambda=0.016 seconds=0.0242
NLS noise=0.15 trial=20/200: TPR=1 E2=0.01125 lambda=0.009103 seconds=0.563
IB noise=0.475 trial=60/200: TPR=1 E2=0.02053 lambda=0.016 seconds=0.0231
IB noise=0.475 trial=80/200: TPR=1 E2=0.002276 lambda=0.006251 seconds=0.0238
IB noise=0.475 trial=100/200: TPR=1 E2=0.0138 lambda=0.01326 seconds=0.0235
IB noise=0.475 trial=120/200: TPR=1 E2=0.007158 lambda=0.01326 seconds=0.0246
IB noise=0.475 trial=140/200: TPR=1 E2=0.004465 lambda=0.01326 seconds=0.0238
IB noise=0.475 trial=160/200: TPR=1 E2=0.002909 lambda=0.007543 seconds=0.0241
IB noise=0.475 trial=180/200: TPR=1 E2=0.008059 lambda=0.01326 seconds=0.0233
IB noise=0.475 trial=200/200: TPR=1 E2=0.004373 lambda=0.007543 seconds=0.0235
IB noise=0.5 trial=40/200: TPR=1 E2=0.01079 lambda=0.005179 seconds=0.0235
IB noise=0.5 trial=60/200: TPR=1 E2=0.02471 lambda=0.005179 seconds=0.0234
IB noise=0.5 trial=80/200: TPR=1 E2=0.02142 lambda=0.005179 seconds=0.024
IB noise=0.5 trial=100/200: TPR=1 E2=0.01119 lambda=0.005179 seconds=0.0247
IB noise=0.5 trial=120/200: TPR=1 E2=0.01236 lambda=0.004292 seconds=0.0245
IB noise=0.5 trial=140/200: TPR=1 E2=0.001772 lambda=0.009103 seconds=0.0271
IB noise=0.5 trial=160/200: TPR=1 E2=0.003396 lambda=0.0233 seconds=0.0253
IB noise=0.5 trial=180/200: TPR=1 E2=0.004311 lambda=0.006251 seconds=0.024
IB noise=0.5 trial=200/200: TPR=1 E2=0.01608 lambda=0.01099 seconds=0.0257
IB noise=0.525 trial=1/200: TPR=1 E2=0.00161 lambda=0.01326 seconds=0.0239
IB noise=0.525 trial=20/200: TPR=1 E2=0.007877 lambda=0.01099 seconds=0.0235
IB noise=0.525 trial=40/200: TPR=1 E2=0.01166 lambda=0.007543 seconds=0.0235
IB noise=0.525 trial=60/200: TPR=1 E2=0.00673 lambda=0.009103 seconds=0.0234
IB noise=0.525 trial=80/200: TPR=1 E2=0.006596 lambda=0.01099 seconds=0.021
IB noise=0.525 trial=100/200: TPR=1 E2=0.008807 lambda=0.005179 seconds=0.0234
NLS noise=0.15 trial=40/200: TPR=1 E2=0.01071 lambda=0.007543 seconds=0.517
IB noise=0.525 trial=120/200: TPR=1 E2=0.02424 lambda=0.006251 seconds=0.0233
IB noise=0.525 trial=140/200: TPR=1 E2=0.02874 lambda=0.007543 seconds=0.0223
IB noise=0.525 trial=160/200: TPR=1 E2=0.02682 lambda=0.01099 seconds=0.0245
IB noise=0.525 trial=180/200: TPR=1 E2=0.003115 lambda=0.006251 seconds=0.0235
IB noise=0.525 trial=200/200: TPR=1 E2=0.02494 lambda=0.006251 seconds=0.0236
IB noise=0.55 trial=1/200: TPR=1 E2=0.03158 lambda=0.01326 seconds=0.0241
IB noise=0.55 trial=20/200: TPR=1 E2=0.01563 lambda=0.009103 seconds=0.0244
IB noise=0.55 trial=40/200: TPR=1 E2=0.01813 lambda=0.01326 seconds=0.0245
IB noise=0.55 trial=60/200: TPR=1 E2=0.008279 lambda=0.009103 seconds=0.0242
IB noise=0.55 trial=80/200: TPR=1 E2=0.02335 lambda=0.006251 seconds=0.0248
IB noise=0.55 trial=100/200: TPR=1 E2=0.005999 lambda=0.01099 seconds=0.024
IB noise=0.55 trial=120/200: TPR=1 E2=0.01016 lambda=0.009103 seconds=0.0241
IB noise=0.55 trial=140/200: TPR=1 E2=0.0334 lambda=0.006251 seconds=0.0245
IB noise=0.55 trial=160/200: TPR=1 E2=0.01047 lambda=0.0233 seconds=0.0234
IB noise=0.55 trial=180/200: TPR=1 E2=0.006396 lambda=0.007543 seconds=0.0241
IB noise=0.55 trial=200/200: TPR=1 E2=0.01535 lambda=0.01099 seconds=0.0258
IB noise=0.575 trial=1/200: TPR=1 E2=0.0006162 lambda=0.016 seconds=0.0247
IB noise=0.575 trial=20/200: TPR=1 E2=0.01588 lambda=0.009103 seconds=0.0244
IB noise=0.575 trial=40/200: TPR=1 E2=0.02529 lambda=0.01931 seconds=0.0238
IB noise=0.575 trial=60/200: TPR=1 E2=0.001726 lambda=0.016 seconds=0.0246
IB noise=0.575 trial=80/200: TPR=1 E2=0.009511 lambda=0.01099 seconds=0.0234
IB noise=0.575 trial=100/200: TPR=1 E2=0.008359 lambda=0.01099 seconds=0.0238
IB noise=0.575 trial=120/200: TPR=1 E2=0.01413 lambda=0.009103 seconds=0.0248
NLS noise=0.15 trial=60/200: TPR=1 E2=0.01489 lambda=0.007543 seconds=0.529
IB noise=0.575 trial=140/200: TPR=1 E2=0.02041 lambda=0.005179 seconds=0.0237
IB noise=0.575 trial=160/200: TPR=1 E2=0.01434 lambda=0.009103 seconds=0.0242
IB noise=0.575 trial=180/200: TPR=1 E2=0.002217 lambda=0.009103 seconds=0.0226
IB noise=0.575 trial=200/200: TPR=1 E2=0.003473 lambda=0.009103 seconds=0.0245
IB noise=0.6 trial=1/200: TPR=1 E2=0.01986 lambda=0.016 seconds=0.0233
IB noise=0.6 trial=20/200: TPR=1 E2=0.008291 lambda=0.007543 seconds=0.0261
IB noise=0.6 trial=40/200: TPR=1 E2=0.007814 lambda=0.01099 seconds=0.0238
IB noise=0.6 trial=60/200: TPR=1 E2=0.02999 lambda=0.01099 seconds=0.0235
IB noise=0.6 trial=80/200: TPR=1 E2=0.03949 lambda=0.006251 seconds=0.0233
IB noise=0.6 trial=100/200: TPR=1 E2=0.0004658 lambda=0.02812 seconds=0.0243
IB noise=0.6 trial=120/200: TPR=1 E2=0.009719 lambda=0.01326 seconds=0.0235
IB noise=0.6 trial=140/200: TPR=1 E2=0.01038 lambda=0.007543 seconds=0.0237
IB noise=0.6 trial=160/200: TPR=1 E2=0.01841 lambda=0.016 seconds=0.023
IB noise=0.6 trial=180/200: TPR=1 E2=0.01127 lambda=0.006251 seconds=0.0234
IB noise=0.6 trial=200/200: TPR=1 E2=0.01218 lambda=0.01099 seconds=0.0232
IB noise=0.625 trial=1/200: TPR=1 E2=0.01204 lambda=0.005179 seconds=0.0234
IB noise=0.625 trial=20/200: TPR=1 E2=0.03119 lambda=0.007543 seconds=0.0244
IB noise=0.625 trial=40/200: TPR=1 E2=0.02679 lambda=0.01099 seconds=0.0243
IB noise=0.625 trial=60/200: TPR=1 E2=0.03379 lambda=0.01326 seconds=0.0253
IB noise=0.625 trial=80/200: TPR=1 E2=0.03725 lambda=0.01099 seconds=0.0239
IB noise=0.625 trial=100/200: TPR=1 E2=0.00786 lambda=0.009103 seconds=0.0234
IB noise=0.625 trial=120/200: TPR=1 E2=0.01695 lambda=0.01099 seconds=0.0232
IB noise=0.625 trial=140/200: TPR=1 E2=0.006906 lambda=0.007543 seconds=0.0244
IB noise=0.625 trial=160/200: TPR=1 E2=0.04478 lambda=0.006251 seconds=0.0237
NLS noise=0.15 trial=80/200: TPR=1 E2=0.009711 lambda=0.007543 seconds=0.479
IB noise=0.625 trial=180/200: TPR=1 E2=0.04675 lambda=0.006251 seconds=0.0239
IB noise=0.625 trial=200/200: TPR=1 E2=0.003701 lambda=0.009103 seconds=0.0237
IB noise=0.65 trial=1/200: TPR=1 E2=0.01021 lambda=0.007543 seconds=0.024
IB noise=0.65 trial=20/200: TPR=1 E2=0.005629 lambda=0.01099 seconds=0.0239
IB noise=0.65 trial=40/200: TPR=1 E2=0.01576 lambda=0.01099 seconds=0.0236
IB noise=0.65 trial=60/200: TPR=1 E2=0.004105 lambda=0.016 seconds=0.0245
IB noise=0.65 trial=80/200: TPR=1 E2=0.007532 lambda=0.01931 seconds=0.0235
IB noise=0.65 trial=100/200: TPR=1 E2=0.00759 lambda=0.0233 seconds=0.025
IB noise=0.65 trial=120/200: TPR=1 E2=0.02419 lambda=0.01931 seconds=0.0226
IB noise=0.65 trial=140/200: TPR=1 E2=0.01829 lambda=0.0233 seconds=0.0234
IB noise=0.65 trial=160/200: TPR=1 E2=0.002492 lambda=0.01931 seconds=0.0227
IB noise=0.65 trial=180/200: TPR=1 E2=0.0111 lambda=0.01326 seconds=0.024
IB noise=0.65 trial=200/200: TPR=1 E2=0.0152 lambda=0.01099 seconds=0.0258
IB noise=0.675 trial=1/200: TPR=1 E2=0.01353 lambda=0.016 seconds=0.0269
IB noise=0.675 trial=20/200: TPR=1 E2=0.003759 lambda=0.009103 seconds=0.0238
IB noise=0.675 trial=40/200: TPR=1 E2=0.03641 lambda=0.01326 seconds=0.0239
IB noise=0.675 trial=60/200: TPR=1 E2=0.02014 lambda=0.009103 seconds=0.0251
IB noise=0.675 trial=80/200: TPR=1 E2=0.00272 lambda=0.0233 seconds=0.0236
IB noise=0.675 trial=100/200: TPR=1 E2=0.009595 lambda=0.04942 seconds=0.0231
IB noise=0.675 trial=120/200: TPR=1 E2=0.03916 lambda=0.01326 seconds=0.0239
IB noise=0.675 trial=140/200: TPR=1 E2=0.008402 lambda=0.016 seconds=0.0239
IB noise=0.675 trial=160/200: TPR=1 E2=0.04439 lambda=0.01099 seconds=0.0238
IB noise=0.675 trial=180/200: TPR=1 E2=0.01128 lambda=0.016 seconds=0.0236
IB noise=0.675 trial=200/200: TPR=1 E2=0.01768 lambda=0.005179 seconds=0.0246
IB noise=0.7 trial=1/200: TPR=1 E2=0.001982 lambda=0.009103 seconds=0.024
NLS noise=0.15 trial=100/200: TPR=1 E2=0.01092 lambda=0.007543 seconds=0.548
IB noise=0.7 trial=20/200: TPR=1 E2=0.0121 lambda=0.009103 seconds=0.0236
IB noise=0.7 trial=40/200: TPR=1 E2=0.02853 lambda=0.01931 seconds=0.0251
IB noise=0.7 trial=60/200: TPR=1 E2=0.001877 lambda=0.01931 seconds=0.0228
IB noise=0.7 trial=80/200: TPR=1 E2=0.018 lambda=0.01326 seconds=0.0239
IB noise=0.7 trial=100/200: TPR=1 E2=0.01547 lambda=0.0233 seconds=0.0246
IB noise=0.7 trial=120/200: TPR=1 E2=0.038 lambda=0.006251 seconds=0.0233
IB noise=0.7 trial=140/200: TPR=1 E2=0.007965 lambda=0.01326 seconds=0.0246
IB noise=0.7 trial=160/200: TPR=1 E2=0.002756 lambda=0.0233 seconds=0.023
IB noise=0.7 trial=180/200: TPR=1 E2=0.00909 lambda=0.016 seconds=0.0237
IB noise=0.7 trial=200/200: TPR=1 E2=0.03411 lambda=0.009103 seconds=0.0231
IB noise=0.725 trial=1/200: TPR=1 E2=0.02213 lambda=0.005179 seconds=0.0234
IB noise=0.725 trial=20/200: TPR=1 E2=0.03046 lambda=0.01326 seconds=0.0248
IB noise=0.725 trial=40/200: TPR=1 E2=0.008355 lambda=0.01931 seconds=0.0236
IB noise=0.725 trial=60/200: TPR=1 E2=0.004246 lambda=0.007543 seconds=0.0239
IB noise=0.725 trial=80/200: TPR=1 E2=0.03865 lambda=0.01326 seconds=0.0232
IB noise=0.725 trial=100/200: TPR=1 E2=0.003673 lambda=0.01326 seconds=0.0249
IB noise=0.725 trial=120/200: TPR=1 E2=0.01584 lambda=0.01099 seconds=0.0244
IB noise=0.725 trial=140/200: TPR=1 E2=0.009603 lambda=0.009103 seconds=0.0225
IB noise=0.725 trial=160/200: TPR=1 E2=0.004038 lambda=0.0233 seconds=0.0231
IB noise=0.725 trial=180/200: TPR=1 E2=0.000606 lambda=0.002947 seconds=0.0238
IB noise=0.725 trial=200/200: TPR=1 E2=0.004333 lambda=0.009103 seconds=0.0232
IB noise=0.75 trial=1/200: TPR=1 E2=0.03696 lambda=0.009103 seconds=0.0245
IB noise=0.75 trial=20/200: TPR=1 E2=0.02144 lambda=0.01931 seconds=0.0239
NLS noise=0.15 trial=120/200: TPR=1 E2=0.01148 lambda=0.009103 seconds=0.53
IB noise=0.75 trial=40/200: TPR=1 E2=0.02417 lambda=0.02812 seconds=0.0233
IB noise=0.75 trial=60/200: TPR=1 E2=0.008041 lambda=0.0233 seconds=0.0238
IB noise=0.75 trial=80/200: TPR=1 E2=0.04689 lambda=0.01099 seconds=0.0235
IB noise=0.75 trial=100/200: TPR=1 E2=0.06833 lambda=0.016 seconds=0.0248
IB noise=0.75 trial=120/200: TPR=1 E2=0.0206 lambda=0.016 seconds=0.0228
IB noise=0.75 trial=140/200: TPR=1 E2=0.03649 lambda=0.005179 seconds=0.0232
IB noise=0.75 trial=160/200: TPR=1 E2=0.0003831 lambda=0.01099 seconds=0.0244
IB noise=0.75 trial=180/200: TPR=1 E2=0.06198 lambda=0.005179 seconds=0.0251
IB noise=0.75 trial=200/200: TPR=1 E2=0.008461 lambda=0.01099 seconds=0.0239
IB noise=0.775 trial=1/200: TPR=1 E2=0.0151 lambda=0.02812 seconds=0.0243
IB noise=0.775 trial=20/200: TPR=1 E2=0.00289 lambda=0.01326 seconds=0.0243
IB noise=0.775 trial=40/200: TPR=1 E2=0.01896 lambda=0.02812 seconds=0.0252
IB noise=0.775 trial=60/200: TPR=1 E2=0.005881 lambda=0.007543 seconds=0.024
IB noise=0.775 trial=80/200: TPR=1 E2=0.00809 lambda=0.0233 seconds=0.0245
IB noise=0.775 trial=100/200: TPR=1 E2=0.01879 lambda=0.03393 seconds=0.0232
IB noise=0.775 trial=120/200: TPR=1 E2=0.008003 lambda=0.0233 seconds=0.0243
IB noise=0.775 trial=140/200: TPR=1 E2=0.03301 lambda=0.01099 seconds=0.0237
IB noise=0.775 trial=160/200: TPR=1 E2=0.0007021 lambda=0.02812 seconds=0.0253
IB noise=0.775 trial=180/200: TPR=1 E2=0.02306 lambda=0.01931 seconds=0.0241
IB noise=0.775 trial=200/200: TPR=1 E2=0.02834 lambda=0.01326 seconds=0.0235
IB noise=0.8 trial=1/200: TPR=1 E2=0.01424 lambda=0.01099 seconds=0.0238
IB noise=0.8 trial=20/200: TPR=1 E2=0.039 lambda=0.0233 seconds=0.0239
IB noise=0.8 trial=40/200: TPR=1 E2=0.06141 lambda=0.016 seconds=0.0245
IB noise=0.8 trial=60/200: TPR=1 E2=0.01514 lambda=0.01326 seconds=0.0233
NLS noise=0.15 trial=140/200: TPR=1 E2=0.01268 lambda=0.007543 seconds=0.53
IB noise=0.8 trial=80/200: TPR=1 E2=0.0186 lambda=0.01099 seconds=0.0252
IB noise=0.8 trial=100/200: TPR=1 E2=0.006029 lambda=0.02812 seconds=0.0234
IB noise=0.8 trial=120/200: TPR=1 E2=0.03409 lambda=0.01931 seconds=0.0234
IB noise=0.8 trial=140/200: TPR=1 E2=0.01235 lambda=0.03393 seconds=0.0228
IB noise=0.8 trial=160/200: TPR=1 E2=0.002205 lambda=0.01326 seconds=0.0231
IB noise=0.8 trial=180/200: TPR=1 E2=0.01244 lambda=0.04095 seconds=0.0235
IB noise=0.8 trial=200/200: TPR=1 E2=0.01072 lambda=0.01099 seconds=0.0243
IB noise=0.825 trial=1/200: TPR=1 E2=0.03265 lambda=0.005179 seconds=0.0239
IB noise=0.825 trial=20/200: TPR=1 E2=0.02566 lambda=0.016 seconds=0.0236
IB noise=0.825 trial=40/200: TPR=1 E2=0.01889 lambda=0.007543 seconds=0.0251
IB noise=0.825 trial=60/200: TPR=1 E2=0.07221 lambda=0.006251 seconds=0.0288
IB noise=0.825 trial=80/200: TPR=1 E2=0.01977 lambda=0.02812 seconds=0.0249
IB noise=0.825 trial=100/200: TPR=1 E2=0.03208 lambda=0.01931 seconds=0.0243
IB noise=0.825 trial=120/200: TPR=1 E2=0.03312 lambda=0.0233 seconds=0.0252
IB noise=0.825 trial=140/200: TPR=1 E2=0.04043 lambda=0.004292 seconds=0.0236
IB noise=0.825 trial=160/200: TPR=1 E2=0.0137 lambda=0.01931 seconds=0.024
IB noise=0.825 trial=180/200: TPR=1 E2=0.0054 lambda=0.007543 seconds=0.0237
IB noise=0.825 trial=200/200: TPR=1 E2=0.01643 lambda=0.04095 seconds=0.025
IB noise=0.85 trial=1/200: TPR=1 E2=0.05866 lambda=0.01326 seconds=0.0239
IB noise=0.85 trial=20/200: TPR=1 E2=0.03002 lambda=0.03393 seconds=0.0245
IB noise=0.85 trial=40/200: TPR=1 E2=0.03783 lambda=0.02812 seconds=0.0236
IB noise=0.85 trial=60/200: TPR=1 E2=0.02561 lambda=0.01099 seconds=0.0238
IB noise=0.85 trial=80/200: TPR=1 E2=0.01327 lambda=0.016 seconds=0.0246
IB noise=0.85 trial=100/200: TPR=1 E2=0.006192 lambda=0.01326 seconds=0.0249
NLS noise=0.15 trial=160/200: TPR=1 E2=0.009893 lambda=0.005179 seconds=0.499
IB noise=0.85 trial=120/200: TPR=1 E2=0.001769 lambda=0.009103 seconds=0.0237
IB noise=0.85 trial=140/200: TPR=1 E2=0.02445 lambda=0.016 seconds=0.0238
IB noise=0.85 trial=160/200: TPR=1 E2=0.02177 lambda=0.004292 seconds=0.0247
IB noise=0.85 trial=180/200: TPR=1 E2=0.03279 lambda=0.009103 seconds=0.024
IB noise=0.85 trial=200/200: TPR=1 E2=0.0118 lambda=0.02812 seconds=0.0245
IB noise=0.875 trial=1/200: TPR=1 E2=0.02115 lambda=0.016 seconds=0.0231
IB noise=0.875 trial=20/200: TPR=1 E2=0.01609 lambda=0.016 seconds=0.0233
IB noise=0.875 trial=40/200: TPR=1 E2=0.01507 lambda=0.0233 seconds=0.0276
IB noise=0.875 trial=60/200: TPR=1 E2=0.02807 lambda=0.01326 seconds=0.0248
IB noise=0.875 trial=80/200: TPR=1 E2=0.009045 lambda=0.02812 seconds=0.0232
IB noise=0.875 trial=100/200: TPR=1 E2=0.03653 lambda=0.03393 seconds=0.0231
IB noise=0.875 trial=120/200: TPR=1 E2=0.02613 lambda=0.01099 seconds=0.0232
IB noise=0.875 trial=140/200: TPR=1 E2=0.003237 lambda=0.01099 seconds=0.0233
IB noise=0.875 trial=160/200: TPR=1 E2=0.01471 lambda=0.02812 seconds=0.0237
IB noise=0.875 trial=180/200: TPR=1 E2=0.004784 lambda=0.01931 seconds=0.0239
IB noise=0.875 trial=200/200: TPR=1 E2=0.004465 lambda=0.0233 seconds=0.0239
IB noise=0.9 trial=1/200: TPR=1 E2=0.01448 lambda=0.01931 seconds=0.0239
IB noise=0.9 trial=20/200: TPR=1 E2=0.02275 lambda=0.03393 seconds=0.024
IB noise=0.9 trial=40/200: TPR=1 E2=0.04586 lambda=0.0233 seconds=0.0243
IB noise=0.9 trial=60/200: TPR=1 E2=0.003005 lambda=0.01326 seconds=0.0242
IB noise=0.9 trial=80/200: TPR=1 E2=0.007692 lambda=0.02812 seconds=0.0243
IB noise=0.9 trial=100/200: TPR=1 E2=0.01877 lambda=0.009103 seconds=0.0235
IB noise=0.9 trial=120/200: TPR=1 E2=0.007326 lambda=0.01326 seconds=0.0251
IB noise=0.9 trial=140/200: TPR=1 E2=0.008051 lambda=0.01931 seconds=0.024
NLS noise=0.15 trial=180/200: TPR=1 E2=0.01232 lambda=0.007543 seconds=0.527
IB noise=0.9 trial=160/200: TPR=1 E2=0.04952 lambda=0.01099 seconds=0.0241
IB noise=0.9 trial=180/200: TPR=1 E2=0.01262 lambda=0.007543 seconds=0.0238
IB noise=0.9 trial=200/200: TPR=1 E2=0.006115 lambda=0.01326 seconds=0.0243
IB noise=0.925 trial=1/200: TPR=1 E2=0.008582 lambda=0.01326 seconds=0.0252
IB noise=0.925 trial=20/200: TPR=1 E2=0.03382 lambda=0.0233 seconds=0.0259
IB noise=0.925 trial=40/200: TPR=1 E2=0.02048 lambda=0.01099 seconds=0.0233
IB noise=0.925 trial=60/200: TPR=1 E2=0.02077 lambda=0.016 seconds=0.0241
IB noise=0.925 trial=80/200: TPR=1 E2=0.008196 lambda=0.016 seconds=0.0245
IB noise=0.925 trial=100/200: TPR=1 E2=0.008209 lambda=0.01326 seconds=0.0257
IB noise=0.925 trial=120/200: TPR=1 E2=0.01298 lambda=0.02812 seconds=0.0237
IB noise=0.925 trial=140/200: TPR=1 E2=0.02909 lambda=0.01326 seconds=0.0239
IB noise=0.925 trial=160/200: TPR=1 E2=0.02008 lambda=0.0233 seconds=0.0226
IB noise=0.925 trial=180/200: TPR=1 E2=0.02807 lambda=0.01099 seconds=0.0242
IB noise=0.925 trial=200/200: TPR=1 E2=0.001891 lambda=0.0233 seconds=0.0256
IB noise=0.95 trial=1/200: TPR=1 E2=0.002586 lambda=0.01326 seconds=0.0264
IB noise=0.95 trial=20/200: TPR=1 E2=0.005943 lambda=0.01931 seconds=0.0218
IB noise=0.95 trial=40/200: TPR=1 E2=0.004154 lambda=0.03393 seconds=0.0231
IB noise=0.95 trial=60/200: TPR=1 E2=0.003033 lambda=0.009103 seconds=0.0226
IB noise=0.95 trial=80/200: TPR=1 E2=0.04055 lambda=0.016 seconds=0.0236
IB noise=0.95 trial=100/200: TPR=1 E2=0.03034 lambda=0.02812 seconds=0.0253
IB noise=0.95 trial=120/200: TPR=1 E2=0.01164 lambda=0.016 seconds=0.0232
IB noise=0.95 trial=140/200: TPR=1 E2=0.005916 lambda=0.04095 seconds=0.0241
IB noise=0.95 trial=160/200: TPR=1 E2=0.05019 lambda=0.01931 seconds=0.0232
IB noise=0.95 trial=180/200: TPR=1 E2=0.009241 lambda=0.01099 seconds=0.0237
NLS noise=0.15 trial=200/200: TPR=1 E2=0.01364 lambda=0.007543 seconds=0.502
IB noise=0.95 trial=200/200: TPR=1 E2=0.02558 lambda=0.04942 seconds=0.0234
IB noise=0.975 trial=1/200: TPR=1 E2=0.01028 lambda=0.0233 seconds=0.0241
NLS noise=0.175 trial=1/200: TPR=1 E2=0.02231 lambda=0.01099 seconds=0.56
IB noise=0.975 trial=20/200: TPR=1 E2=0.008281 lambda=0.016 seconds=0.0238
IB noise=0.975 trial=40/200: TPR=1 E2=0.02678 lambda=0.04942 seconds=0.0237
IB noise=0.975 trial=60/200: TPR=1 E2=0.02327 lambda=0.01931 seconds=0.0241
IB noise=0.975 trial=80/200: TPR=1 E2=0.006805 lambda=0.04095 seconds=0.0232
IB noise=0.975 trial=100/200: TPR=1 E2=0.0127 lambda=0.02812 seconds=0.0257
IB noise=0.975 trial=120/200: TPR=1 E2=0.005212 lambda=0.01326 seconds=0.0289
IB noise=0.975 trial=140/200: TPR=1 E2=0.03347 lambda=0.0233 seconds=0.0255
IB noise=0.975 trial=160/200: TPR=1 E2=0.00669 lambda=0.016 seconds=0.0237
IB noise=0.975 trial=180/200: TPR=1 E2=0.03413 lambda=0.04942 seconds=0.0262
IB noise=0.975 trial=200/200: TPR=1 E2=0.006454 lambda=0.009103 seconds=0.0233
IB noise=1 trial=40/200: TPR=1 E2=0.01471 lambda=0.03393 seconds=0.0237
IB noise=1 trial=60/200: TPR=1 E2=0.01168 lambda=0.01099 seconds=0.0246
IB noise=1 trial=80/200: TPR=1 E2=0.02204 lambda=0.0233 seconds=0.0248
IB noise=1 trial=100/200: TPR=1 E2=0.03709 lambda=0.016 seconds=0.024
IB noise=1 trial=120/200: TPR=1 E2=0.0126 lambda=0.016 seconds=0.024
IB noise=1 trial=140/200: TPR=1 E2=0.02774 lambda=0.01099 seconds=0.0246
IB noise=1 trial=160/200: TPR=1 E2=0.02999 lambda=0.01326 seconds=0.0235
IB noise=1 trial=180/200: TPR=1 E2=0.008313 lambda=0.04942 seconds=0.0249
IB noise=1 trial=200/200: TPR=1 E2=0.02391 lambda=0.03393 seconds=0.0238
Completed IB
KdV noise=0 trial=1/200: TPR=1 E2=2.843e-07 lambda=0.0001 seconds=0.103
NLS noise=0.175 trial=20/200: TPR=1 E2=0.01381 lambda=0.009103 seconds=0.613
KdV noise=0 trial=20/200: TPR=1 E2=2.843e-07 lambda=0.0001 seconds=0.0755
KdV noise=0.2 trial=1/200: TPR=1 E2=0.002293 lambda=0.001389 seconds=0.0827
KdV noise=0.2 trial=20/200: TPR=1 E2=0.01798 lambda=0.002947 seconds=0.0762
KdV noise=0.5 trial=1/200: TPR=0.5 E2=0.8947 lambda=0.01326 seconds=0.0736
KdV noise=0.5 trial=20/200: TPR=1 E2=0.015 lambda=0.007543 seconds=0.0733
KdV noise=1 trial=1/200: TPR=1 E2=0.003136 lambda=0.002947 seconds=0.0756
KdV noise=1 trial=20/200: TPR=1 E2=0.006956 lambda=0.002442 seconds=0.0708
KdV noise=0 trial=40/200: TPR=1 E2=2.843e-07 lambda=0.0001 seconds=0.0744
KdV noise=0 trial=60/200: TPR=1 E2=2.843e-07 lambda=0.0001 seconds=0.0709
KdV noise=0 trial=80/200: TPR=1 E2=2.843e-07 lambda=0.0001 seconds=0.0682
KdV noise=0 trial=100/200: TPR=1 E2=2.843e-07 lambda=0.0001 seconds=0.0662
NLS noise=0.175 trial=40/200: TPR=1 E2=0.01652 lambda=0.009103 seconds=0.576
KdV noise=0 trial=120/200: TPR=1 E2=2.843e-07 lambda=0.0001 seconds=0.066
KdV noise=0 trial=140/200: TPR=1 E2=2.843e-07 lambda=0.0001 seconds=0.0861
KdV noise=0 trial=160/200: TPR=1 E2=2.843e-07 lambda=0.0001 seconds=0.0652
KdV noise=0 trial=180/200: TPR=1 E2=2.843e-07 lambda=0.0001 seconds=0.0671
KdV noise=0 trial=200/200: TPR=1 E2=2.843e-07 lambda=0.0001 seconds=0.0673
KdV noise=0.025 trial=1/200: TPR=1 E2=0.0006985 lambda=0.0005429 seconds=0.0703
KdV noise=0.025 trial=20/200: TPR=1 E2=0.0004215 lambda=0.000256 seconds=0.0738
KdV noise=0.025 trial=40/200: TPR=1 E2=0.001716 lambda=0.0001 seconds=0.0721
KdV noise=0.025 trial=60/200: TPR=1 E2=0.0004004 lambda=0.0004498 seconds=0.0726
NLS noise=0.175 trial=60/200: TPR=1 E2=0.01839 lambda=0.006251 seconds=0.592
KdV noise=0.025 trial=80/200: TPR=1 E2=0.0005898 lambda=0.0001456 seconds=0.0724
KdV noise=0.025 trial=100/200: TPR=1 E2=0.0003318 lambda=0.0001 seconds=0.0712
KdV noise=0.025 trial=120/200: TPR=1 E2=0.0001256 lambda=0.0001207 seconds=0.07
KdV noise=0.025 trial=140/200: TPR=1 E2=0.0005358 lambda=0.0005429 seconds=0.0647
KdV noise=0.025 trial=160/200: TPR=1 E2=0.0001289 lambda=0.0006551 seconds=0.0715
KdV noise=0.025 trial=180/200: TPR=1 E2=4.628e-05 lambda=0.0003089 seconds=0.0867
KdV noise=0.025 trial=200/200: TPR=1 E2=0.000841 lambda=0.0003728 seconds=0.0746
KdV noise=0.05 trial=1/200: TPR=1 E2=0.001909 lambda=0.0006551 seconds=0.0744
KdV noise=0.05 trial=20/200: TPR=1 E2=0.004378 lambda=0.0004498 seconds=0.0733
NLS noise=0.175 trial=80/200: TPR=1 E2=0.02073 lambda=0.009103 seconds=0.538
KdV noise=0.05 trial=40/200: TPR=1 E2=0.003377 lambda=0.0004498 seconds=0.0732
KdV noise=0.05 trial=60/200: TPR=1 E2=0.005384 lambda=0.0005429 seconds=0.0742
KdV noise=0.05 trial=80/200: TPR=1 E2=0.004546 lambda=0.0003728 seconds=0.0745
KdV noise=0.05 trial=100/200: TPR=1 E2=0.0006762 lambda=0.0003728 seconds=0.0719
KdV noise=0.05 trial=120/200: TPR=1 E2=0.0009113 lambda=0.0004498 seconds=0.11
KdV noise=0.05 trial=140/200: TPR=1 E2=0.00127 lambda=0.0003728 seconds=0.0748
KdV noise=0.05 trial=160/200: TPR=1 E2=0.003441 lambda=0.0006551 seconds=0.0725
NLS noise=0.175 trial=100/200: TPR=1 E2=0.0155 lambda=0.009103 seconds=0.523
KdV noise=0.05 trial=180/200: TPR=1 E2=0.001152 lambda=0.001389 seconds=0.0772
KdV noise=0.05 trial=200/200: TPR=1 E2=0.002144 lambda=0.0003728 seconds=0.0748
KdV noise=0.075 trial=1/200: TPR=1 E2=0.001053 lambda=0.001151 seconds=0.0736
KdV noise=0.075 trial=20/200: TPR=1 E2=0.0005665 lambda=0.001389 seconds=0.0731
KdV noise=0.075 trial=40/200: TPR=1 E2=0.003691 lambda=0.000256 seconds=0.0737
KdV noise=0.075 trial=60/200: TPR=1 E2=0.0005597 lambda=0.0004498 seconds=0.0734
KdV noise=0.075 trial=80/200: TPR=1 E2=0.0007793 lambda=0.002024 seconds=0.082
KdV noise=0.075 trial=100/200: TPR=1 E2=0.0009438 lambda=0.001389 seconds=0.0732
KdV noise=0.075 trial=120/200: TPR=1 E2=0.001095 lambda=0.001389 seconds=0.0642
NLS noise=0.175 trial=120/200: TPR=1 E2=0.0153 lambda=0.007543 seconds=0.56
KdV noise=0.075 trial=140/200: TPR=1 E2=0.002588 lambda=0.001677 seconds=0.0722
KdV noise=0.075 trial=160/200: TPR=1 E2=0.001207 lambda=0.0007906 seconds=0.0724
KdV noise=0.075 trial=180/200: TPR=1 E2=0.001084 lambda=0.001677 seconds=0.073
KdV noise=0.075 trial=200/200: TPR=1 E2=0.002699 lambda=0.0007906 seconds=0.0804
KdV noise=0.1 trial=1/200: TPR=1 E2=0.004853 lambda=0.000256 seconds=0.0752
KdV noise=0.1 trial=20/200: TPR=1 E2=0.001018 lambda=0.002442 seconds=0.0737
KdV noise=0.1 trial=40/200: TPR=1 E2=0.003684 lambda=0.0003728 seconds=0.0739
KdV noise=0.1 trial=60/200: TPR=1 E2=0.005916 lambda=0.002024 seconds=0.0724
NLS noise=0.175 trial=140/200: TPR=1 E2=0.0146 lambda=0.01099 seconds=0.561
KdV noise=0.1 trial=80/200: TPR=1 E2=0.001852 lambda=0.0004498 seconds=0.0729
KdV noise=0.1 trial=100/200: TPR=1 E2=0.009106 lambda=0.0009541 seconds=0.0708
KdV noise=0.1 trial=120/200: TPR=1 E2=0.004939 lambda=0.0006551 seconds=0.0694
KdV noise=0.1 trial=140/200: TPR=1 E2=0.0035 lambda=0.001677 seconds=0.0754
KdV noise=0.1 trial=160/200: TPR=1 E2=0.004718 lambda=0.0009541 seconds=0.0741
KdV noise=0.1 trial=180/200: TPR=1 E2=0.0003924 lambda=0.001677 seconds=0.0737
KdV noise=0.1 trial=200/200: TPR=1 E2=0.007178 lambda=0.001389 seconds=0.0733
KdV noise=0.125 trial=1/200: TPR=1 E2=0.003926 lambda=0.001677 seconds=0.0752
KdV noise=0.125 trial=20/200: TPR=1 E2=0.001043 lambda=0.0009541 seconds=0.0734
NLS noise=0.175 trial=160/200: TPR=1 E2=0.01631 lambda=0.007543 seconds=0.579
KdV noise=0.125 trial=40/200: TPR=1 E2=0.002187 lambda=0.002442 seconds=0.0731
KdV noise=0.125 trial=60/200: TPR=1 E2=0.002924 lambda=0.001389 seconds=0.0724
KdV noise=0.125 trial=80/200: TPR=1 E2=0.008886 lambda=0.002442 seconds=0.0727
KdV noise=0.125 trial=100/200: TPR=1 E2=0.002758 lambda=0.001151 seconds=0.0711
KdV noise=0.125 trial=120/200: TPR=1 E2=0.002756 lambda=0.002947 seconds=0.0721
KdV noise=0.125 trial=140/200: TPR=1 E2=0.01184 lambda=0.003556 seconds=0.0737
KdV noise=0.125 trial=160/200: TPR=1 E2=0.001037 lambda=0.002947 seconds=0.074
KdV noise=0.125 trial=180/200: TPR=1 E2=0.002087 lambda=0.0005429 seconds=0.0762
NLS noise=0.175 trial=180/200: TPR=1 E2=0.01799 lambda=0.009103 seconds=0.616
KdV noise=0.125 trial=200/200: TPR=1 E2=0.001658 lambda=0.0009541 seconds=0.0881
KdV noise=0.15 trial=1/200: TPR=1 E2=0.0002277 lambda=0.002947 seconds=0.0907
KdV noise=0.15 trial=20/200: TPR=1 E2=0.0004737 lambda=0.0007906 seconds=0.0792
KdV noise=0.15 trial=40/200: TPR=1 E2=0.001708 lambda=0.0004498 seconds=0.0734
KdV noise=0.15 trial=60/200: TPR=1 E2=0.00942 lambda=0.002442 seconds=0.0745
KdV noise=0.15 trial=80/200: TPR=1 E2=0.0007186 lambda=0.001389 seconds=0.104
KdV noise=0.15 trial=100/200: TPR=1 E2=0.0009825 lambda=0.001151 seconds=0.0682
KdV noise=0.15 trial=120/200: TPR=1 E2=0.007762 lambda=0.002442 seconds=0.0743
NLS noise=0.175 trial=200/200: TPR=1 E2=0.01279 lambda=0.007543 seconds=0.561
KdV noise=0.15 trial=140/200: TPR=0.5 E2=0.8947 lambda=0.0233 seconds=0.0743
KdV noise=0.15 trial=160/200: TPR=1 E2=0.0008847 lambda=0.002024 seconds=0.0742
KdV noise=0.15 trial=180/200: TPR=1 E2=0.003541 lambda=0.002024 seconds=0.0778
KdV noise=0.15 trial=200/200: TPR=1 E2=0.005313 lambda=0.0009541 seconds=0.0727
KdV noise=0.175 trial=1/200: TPR=1 E2=0.001978 lambda=0.002442 seconds=0.0739
KdV noise=0.175 trial=20/200: TPR=1 E2=0.006148 lambda=0.002442 seconds=0.0745
KdV noise=0.175 trial=40/200: TPR=1 E2=0.001841 lambda=0.002947 seconds=0.0718
KdV noise=0.175 trial=60/200: TPR=1 E2=0.002941 lambda=0.002442 seconds=0.0735
KdV noise=0.175 trial=80/200: TPR=1 E2=0.007947 lambda=0.004292 seconds=0.0692
NLS noise=0.2 trial=40/200: TPR=1 E2=0.02072 lambda=0.016 seconds=0.508
KdV noise=0.175 trial=100/200: TPR=1 E2=0.002665 lambda=0.005179 seconds=0.0709
KdV noise=0.175 trial=120/200: TPR=1 E2=0.003553 lambda=0.001151 seconds=0.0764
KdV noise=0.175 trial=140/200: TPR=1 E2=0.006307 lambda=0.001151 seconds=0.0743
KdV noise=0.175 trial=160/200: TPR=1 E2=0.001538 lambda=0.002442 seconds=0.0749
KdV noise=0.175 trial=180/200: TPR=1 E2=0.007567 lambda=0.001389 seconds=0.079
KdV noise=0.175 trial=200/200: TPR=1 E2=0.009208 lambda=0.002442 seconds=0.0803
KdV noise=0.2 trial=40/200: TPR=1 E2=0.009352 lambda=0.002947 seconds=0.0741
NLS noise=0.2 trial=60/200: TPR=1 E2=0.01952 lambda=0.01099 seconds=0.619
KdV noise=0.2 trial=60/200: TPR=1 E2=0.001001 lambda=0.001677 seconds=0.0727
KdV noise=0.2 trial=80/200: TPR=1 E2=0.01026 lambda=0.001677 seconds=0.0875
KdV noise=0.2 trial=100/200: TPR=1 E2=0.004388 lambda=0.002442 seconds=0.0705
KdV noise=0.2 trial=120/200: TPR=1 E2=0.009004 lambda=0.003556 seconds=0.0748
KdV noise=0.2 trial=140/200: TPR=1 E2=0.01324 lambda=0.002947 seconds=0.0771
KdV noise=0.2 trial=160/200: TPR=1 E2=0.0006526 lambda=0.005179 seconds=0.0761
KdV noise=0.2 trial=180/200: TPR=1 E2=0.002637 lambda=0.002442 seconds=0.0748
KdV noise=0.2 trial=200/200: TPR=1 E2=0.005792 lambda=0.002947 seconds=0.076
KdV noise=0.225 trial=1/200: TPR=1 E2=0.003212 lambda=0.002947 seconds=0.0757
NLS noise=0.2 trial=80/200: TPR=1 E2=0.0181 lambda=0.016 seconds=0.514
KdV noise=0.225 trial=20/200: TPR=1 E2=0.01306 lambda=0.001389 seconds=0.0729
KdV noise=0.225 trial=40/200: TPR=1 E2=0.0003513 lambda=0.001151 seconds=0.0797
RD noise=0.5 trial=20/200: TPR=0.875 E2=0.08896 lambda=0.05964 seconds=13.6
KdV noise=0.225 trial=60/200: TPR=1 E2=0.01063 lambda=0.002947 seconds=0.0781
KdV noise=0.225 trial=80/200: TPR=1 E2=0.01907 lambda=0.0007906 seconds=0.0743
KdV noise=0.225 trial=100/200: TPR=1 E2=0.0006875 lambda=0.002442 seconds=0.0742
KdV noise=0.225 trial=120/200: TPR=1 E2=0.007141 lambda=0.004292 seconds=0.0763
KdV noise=0.225 trial=140/200: TPR=1 E2=0.007536 lambda=0.005179 seconds=0.0768
KdV noise=0.225 trial=160/200: TPR=1 E2=0.002865 lambda=0.002947 seconds=0.073
NLS noise=0.2 trial=100/200: TPR=1 E2=0.02133 lambda=0.01099 seconds=0.627
KdV noise=0.225 trial=180/200: TPR=1 E2=0.01634 lambda=0.001677 seconds=0.0735
KdV noise=0.225 trial=200/200: TPR=1 E2=0.0002687 lambda=0.004292 seconds=0.0759
KdV noise=0.25 trial=1/200: TPR=1 E2=0.01482 lambda=0.005179 seconds=0.0791
KdV noise=0.25 trial=20/200: TPR=1 E2=0.01539 lambda=0.003556 seconds=0.0767
KdV noise=0.25 trial=40/200: TPR=1 E2=0.0161 lambda=0.003556 seconds=0.0975
RD noise=1 trial=1/200: TPR=0.6667 E2=0.5348 lambda=0.04942 seconds=14.2
KdV noise=0.25 trial=60/200: TPR=1 E2=0.007831 lambda=0.005179 seconds=0.0778
KdV noise=0.25 trial=80/200: TPR=1 E2=0.006757 lambda=0.003556 seconds=0.078
KdV noise=0.25 trial=100/200: TPR=1 E2=0.008202 lambda=0.004292 seconds=0.0787
KdV noise=0.25 trial=120/200: TPR=1 E2=0.01056 lambda=0.006251 seconds=0.0745
NLS noise=0.2 trial=120/200: TPR=1 E2=0.02063 lambda=0.009103 seconds=0.604
KdV noise=0.25 trial=140/200: TPR=1 E2=0.005699 lambda=0.002024 seconds=0.0744
KdV noise=0.25 trial=160/200: TPR=1 E2=0.001288 lambda=0.004292 seconds=0.0755
KdV noise=0.25 trial=180/200: TPR=1 E2=0.005137 lambda=0.004292 seconds=0.0804
KdV noise=0.25 trial=200/200: TPR=1 E2=0.01491 lambda=0.001389 seconds=0.0741
KdV noise=0.275 trial=1/200: TPR=1 E2=0.007708 lambda=0.0009541 seconds=0.0745
KdV noise=0.275 trial=20/200: TPR=1 E2=0.007548 lambda=0.001389 seconds=0.0722
KdV noise=0.275 trial=40/200: TPR=1 E2=0.03031 lambda=0.001151 seconds=0.106
KdV noise=0.275 trial=60/200: TPR=1 E2=0.01286 lambda=0.002024 seconds=0.0752
NLS noise=0.2 trial=140/200: TPR=1 E2=0.02883 lambda=0.01326 seconds=0.657
KdV noise=0.275 trial=80/200: TPR=1 E2=0.01238 lambda=0.002947 seconds=0.0801
KdV noise=0.275 trial=100/200: TPR=1 E2=0.02107 lambda=0.004292 seconds=0.0759
KdV noise=0.275 trial=120/200: TPR=1 E2=0.01429 lambda=0.002947 seconds=0.0762
KdV noise=0.275 trial=140/200: TPR=1 E2=0.01487 lambda=0.001151 seconds=0.0732
KdV noise=0.275 trial=160/200: TPR=1 E2=0.004416 lambda=0.005179 seconds=0.0733
KdV noise=0.275 trial=180/200: TPR=1 E2=0.01062 lambda=0.002947 seconds=0.0733
KdV noise=0.275 trial=200/200: TPR=1 E2=0.01761 lambda=0.002024 seconds=0.0733
KdV noise=0.3 trial=1/200: TPR=1 E2=0.02051 lambda=0.005179 seconds=0.0732
KdV noise=0.3 trial=20/200: TPR=1 E2=0.005302 lambda=0.003556 seconds=0.0718
NLS noise=0.2 trial=160/200: TPR=1 E2=0.01949 lambda=0.01099 seconds=0.637
KdV noise=0.3 trial=40/200: TPR=1 E2=0.01423 lambda=0.001389 seconds=0.0748
KdV noise=0.3 trial=60/200: TPR=1 E2=0.01744 lambda=0.002442 seconds=0.0783
KdV noise=0.3 trial=80/200: TPR=1 E2=0.001865 lambda=0.004292 seconds=0.0749
KdV noise=0.3 trial=100/200: TPR=1 E2=0.03068 lambda=0.004292 seconds=0.0787
KdV noise=0.3 trial=120/200: TPR=1 E2=0.001968 lambda=0.0009541 seconds=0.0733
KdV noise=0.3 trial=140/200: TPR=1 E2=0.002756 lambda=0.001151 seconds=0.0754
KdV noise=0.3 trial=160/200: TPR=1 E2=0.003029 lambda=0.002947 seconds=0.0786
KdV noise=0.3 trial=180/200: TPR=1 E2=0.02136 lambda=0.002947 seconds=0.0742
NLS noise=0.2 trial=180/200: TPR=1 E2=0.01559 lambda=0.009103 seconds=0.61
KdV noise=0.3 trial=200/200: TPR=1 E2=0.02074 lambda=0.003556 seconds=0.0746
KdV noise=0.325 trial=1/200: TPR=1 E2=0.01018 lambda=0.002442 seconds=0.0773
KdV noise=0.325 trial=20/200: TPR=1 E2=0.009457 lambda=0.0009541 seconds=0.0729
KdV noise=0.325 trial=40/200: TPR=1 E2=0.02917 lambda=0.002947 seconds=0.0718
KdV noise=0.325 trial=60/200: TPR=1 E2=0.00854 lambda=0.003556 seconds=0.0752
KdV noise=0.325 trial=80/200: TPR=1 E2=0.005381 lambda=0.01099 seconds=0.0736
KdV noise=0.325 trial=100/200: TPR=1 E2=0.006296 lambda=0.003556 seconds=0.0792
KdV noise=0.325 trial=120/200: TPR=1 E2=0.01667 lambda=0.002024 seconds=0.0768
KdV noise=0.325 trial=140/200: TPR=1 E2=0.0133 lambda=0.001677 seconds=0.0748
NLS noise=0.2 trial=200/200: TPR=1 E2=0.01773 lambda=0.009103 seconds=0.621
NLS noise=0.225 trial=1/200: TPR=1 E2=0.02264 lambda=0.016 seconds=0.636
KdV noise=0.325 trial=160/200: TPR=1 E2=0.01925 lambda=0.002947 seconds=0.0783
KdV noise=0.325 trial=180/200: TPR=1 E2=0.0395 lambda=0.002442 seconds=0.0781
KdV noise=0.325 trial=200/200: TPR=1 E2=0.001485 lambda=0.002947 seconds=0.075
KdV noise=0.35 trial=1/200: TPR=1 E2=0.008502 lambda=0.004292 seconds=0.0745
KdV noise=0.35 trial=20/200: TPR=1 E2=0.003768 lambda=0.001677 seconds=0.0827
KdV noise=0.35 trial=40/200: TPR=1 E2=0.004406 lambda=0.001151 seconds=0.0879
KdV noise=0.35 trial=60/200: TPR=1 E2=0.009838 lambda=0.005179 seconds=0.0791
KdV noise=0.35 trial=80/200: TPR=1 E2=0.001139 lambda=0.002442 seconds=0.0777
KdV noise=0.35 trial=100/200: TPR=1 E2=0.02058 lambda=0.002024 seconds=0.0753
NLS noise=0.225 trial=20/200: TPR=1 E2=0.02684 lambda=0.016 seconds=0.639
KdV noise=0.35 trial=120/200: TPR=1 E2=0.01515 lambda=0.004292 seconds=0.0777
KdV noise=0.35 trial=140/200: TPR=1 E2=0.01285 lambda=0.0007906 seconds=0.0741
KdV noise=0.35 trial=160/200: TPR=1 E2=0.01695 lambda=0.001677 seconds=0.0757
KdV noise=0.35 trial=180/200: TPR=1 E2=0.002885 lambda=0.002442 seconds=0.0734
KdV noise=0.35 trial=200/200: TPR=1 E2=0.01773 lambda=0.01326 seconds=0.0727
KdV noise=0.375 trial=1/200: TPR=1 E2=0.0129 lambda=0.003556 seconds=0.0717
KdV noise=0.375 trial=20/200: TPR=1 E2=0.0005832 lambda=0.001677 seconds=0.0715
KdV noise=0.375 trial=40/200: TPR=1 E2=0.009621 lambda=0.002947 seconds=0.074
KdV noise=0.375 trial=60/200: TPR=1 E2=0.005107 lambda=0.002024 seconds=0.0774
NLS noise=0.225 trial=40/200: TPR=1 E2=0.02264 lambda=0.01931 seconds=0.63
KdV noise=0.375 trial=80/200: TPR=1 E2=0.01915 lambda=0.005179 seconds=0.0739
KdV noise=0.375 trial=100/200: TPR=1 E2=0.02762 lambda=0.004292 seconds=0.0755
KdV noise=0.375 trial=120/200: TPR=1 E2=0.00598 lambda=0.001677 seconds=0.0796
KdV noise=0.375 trial=140/200: TPR=1 E2=0.00502 lambda=0.0007906 seconds=0.076
KdV noise=0.375 trial=160/200: TPR=1 E2=0.0008 lambda=0.003556 seconds=0.074
KdV noise=0.375 trial=180/200: TPR=1 E2=0.0009838 lambda=0.002024 seconds=0.0776
KdV noise=0.375 trial=200/200: TPR=1 E2=0.026 lambda=0.003556 seconds=0.102
KdV noise=0.4 trial=1/200: TPR=1 E2=0.01456 lambda=0.002947 seconds=0.0673
KdV noise=0.4 trial=20/200: TPR=0.5 E2=0.8947 lambda=0.009103 seconds=0.0728
NLS noise=0.225 trial=60/200: TPR=1 E2=0.0269 lambda=0.016 seconds=0.626
KdV noise=0.4 trial=40/200: TPR=1 E2=0.00254 lambda=0.002024 seconds=0.108
KdV noise=0.4 trial=60/200: TPR=1 E2=0.02745 lambda=0.002024 seconds=0.0815
KdV noise=0.4 trial=80/200: TPR=1 E2=0.003718 lambda=0.004292 seconds=0.0734
KdV noise=0.4 trial=100/200: TPR=1 E2=0.02031 lambda=0.004292 seconds=0.0761
KdV noise=0.4 trial=120/200: TPR=1 E2=0.009764 lambda=0.001389 seconds=0.0725
KdV noise=0.4 trial=140/200: TPR=0.5 E2=0.8947 lambda=0.03393 seconds=0.0754
KdV noise=0.4 trial=160/200: TPR=1 E2=0.03414 lambda=0.001389 seconds=0.0734
KdV noise=0.4 trial=180/200: TPR=1 E2=0.009619 lambda=0.006251 seconds=0.106
NLS noise=0.225 trial=80/200: TPR=1 E2=0.0225 lambda=0.01099 seconds=0.6
KdV noise=0.4 trial=200/200: TPR=1 E2=0.01563 lambda=0.002947 seconds=0.0743
KdV noise=0.425 trial=1/200: TPR=1 E2=0.02414 lambda=0.004292 seconds=0.0753
KdV noise=0.425 trial=20/200: TPR=1 E2=0.002613 lambda=0.005179 seconds=0.0744
KdV noise=0.425 trial=40/200: TPR=1 E2=0.02021 lambda=0.005179 seconds=0.0748
KdV noise=0.425 trial=60/200: TPR=1 E2=0.01873 lambda=0.01326 seconds=0.0777
KdV noise=0.425 trial=80/200: TPR=1 E2=0.003392 lambda=0.004292 seconds=0.0749
KdV noise=0.425 trial=100/200: TPR=1 E2=0.03247 lambda=0.0009541 seconds=0.077
KdV noise=0.425 trial=120/200: TPR=1 E2=0.0007549 lambda=0.002947 seconds=0.0729
KdV noise=0.425 trial=140/200: TPR=1 E2=0.03677 lambda=0.004292 seconds=0.0736
NLS noise=0.225 trial=100/200: TPR=1 E2=0.0241 lambda=0.016 seconds=0.62
KdV noise=0.425 trial=160/200: TPR=1 E2=0.0009724 lambda=0.002947 seconds=0.0715
KdV noise=0.425 trial=180/200: TPR=1 E2=0.01297 lambda=0.007543 seconds=0.0694
KdV noise=0.425 trial=200/200: TPR=1 E2=0.03898 lambda=0.007543 seconds=0.0733
KdV noise=0.45 trial=1/200: TPR=1 E2=0.007151 lambda=0.006251 seconds=0.0752
KdV noise=0.45 trial=20/200: TPR=1 E2=0.01366 lambda=0.002442 seconds=0.0728
KdV noise=0.45 trial=40/200: TPR=1 E2=0.04307 lambda=0.002442 seconds=0.0838
KdV noise=0.45 trial=60/200: TPR=1 E2=0.05507 lambda=0.007543 seconds=0.0776
KdV noise=0.45 trial=80/200: TPR=0.5 E2=0.8947 lambda=0.03393 seconds=0.0763
KdV noise=0.45 trial=100/200: TPR=1 E2=0.01086 lambda=0.0007906 seconds=0.0759
NLS noise=0.225 trial=120/200: TPR=1 E2=0.02025 lambda=0.01099 seconds=0.638
KdV noise=0.45 trial=120/200: TPR=1 E2=0.01753 lambda=0.01326 seconds=0.0741
KdV noise=0.45 trial=140/200: TPR=1 E2=0.01784 lambda=0.004292 seconds=0.0759
KdV noise=0.45 trial=160/200: TPR=1 E2=0.01791 lambda=0.002442 seconds=0.0746
KdV noise=0.45 trial=180/200: TPR=1 E2=0.02168 lambda=0.002024 seconds=0.0728
KdV noise=0.45 trial=200/200: TPR=1 E2=0.001425 lambda=0.001389 seconds=0.0738
KdV noise=0.475 trial=1/200: TPR=1 E2=0.007758 lambda=0.002442 seconds=0.071
KdV noise=0.475 trial=20/200: TPR=1 E2=0.01073 lambda=0.001389 seconds=0.0779
KdV noise=0.475 trial=40/200: TPR=1 E2=0.005853 lambda=0.003556 seconds=0.0747
KdV noise=0.475 trial=60/200: TPR=1 E2=0.04613 lambda=0.004292 seconds=0.0781
NLS noise=0.225 trial=140/200: TPR=1 E2=0.03257 lambda=0.01931 seconds=0.704
KdV noise=0.475 trial=80/200: TPR=1 E2=0.01048 lambda=0.009103 seconds=0.0735
KdV noise=0.475 trial=100/200: TPR=1 E2=0.02518 lambda=0.001677 seconds=0.0739
KdV noise=0.475 trial=120/200: TPR=1 E2=0.02124 lambda=0.002947 seconds=0.0726
KdV noise=0.475 trial=140/200: TPR=1 E2=0.01169 lambda=0.002947 seconds=0.0735
KdV noise=0.475 trial=160/200: TPR=1 E2=0.02852 lambda=0.006251 seconds=0.0696
KdV noise=0.475 trial=180/200: TPR=1 E2=0.006154 lambda=0.003556 seconds=0.0745
KdV noise=0.475 trial=200/200: TPR=1 E2=0.0209 lambda=0.0009541 seconds=0.0757
KdV noise=0.5 trial=40/200: TPR=1 E2=0.0237 lambda=0.002947 seconds=0.0754
NLS noise=0.225 trial=160/200: TPR=1 E2=0.02779 lambda=0.01099 seconds=0.679
KdV noise=0.5 trial=60/200: TPR=1 E2=0.01573 lambda=0.003556 seconds=0.0724
KdV noise=0.5 trial=80/200: TPR=1 E2=0.01446 lambda=0.002947 seconds=0.0968
KdV noise=0.5 trial=100/200: TPR=1 E2=0.01605 lambda=0.004292 seconds=0.0918
KdV noise=0.5 trial=120/200: TPR=1 E2=0.008342 lambda=0.003556 seconds=0.0744
KdV noise=0.5 trial=140/200: TPR=1 E2=0.005846 lambda=0.001677 seconds=0.0735
KdV noise=0.5 trial=160/200: TPR=1 E2=0.01426 lambda=0.004292 seconds=0.0731
KdV noise=0.5 trial=180/200: TPR=1 E2=0.001335 lambda=0.005179 seconds=0.0727
KdV noise=0.5 trial=200/200: TPR=1 E2=0.004397 lambda=0.009103 seconds=0.0742
KdV noise=0.525 trial=1/200: TPR=1 E2=0.005976 lambda=0.002442 seconds=0.0735
NLS noise=0.225 trial=180/200: TPR=1 E2=0.02631 lambda=0.01326 seconds=0.644
KdV noise=0.525 trial=20/200: TPR=1 E2=0.02872 lambda=0.004292 seconds=0.0747
KdV noise=0.525 trial=40/200: TPR=1 E2=0.0006793 lambda=0.004292 seconds=0.0758
KdV noise=0.525 trial=60/200: TPR=1 E2=0.02243 lambda=0.006251 seconds=0.0736
KdV noise=0.525 trial=80/200: TPR=1 E2=0.03407 lambda=0.002442 seconds=0.0725
KdV noise=0.525 trial=100/200: TPR=1 E2=0.01677 lambda=0.005179 seconds=0.0758
KdV noise=0.525 trial=120/200: TPR=1 E2=0.03366 lambda=0.006251 seconds=0.0739
KdV noise=0.525 trial=140/200: TPR=1 E2=0.02614 lambda=0.007543 seconds=0.0722
KdV noise=0.525 trial=160/200: TPR=1 E2=0.03093 lambda=0.005179 seconds=0.101
NLS noise=0.225 trial=200/200: TPR=1 E2=0.02096 lambda=0.016 seconds=0.553
KdV noise=0.525 trial=180/200: TPR=1 E2=0.01176 lambda=0.007543 seconds=0.0758
NLS noise=0.25 trial=1/200: TPR=1 E2=0.03271 lambda=0.01326 seconds=0.616
KdV noise=0.525 trial=200/200: TPR=1 E2=0.008617 lambda=0.005179 seconds=0.0732
KdV noise=0.55 trial=1/200: TPR=1 E2=0.005912 lambda=0.009103 seconds=0.075
KdV noise=0.55 trial=20/200: TPR=1 E2=0.03389 lambda=0.007543 seconds=0.0746
KdV noise=0.55 trial=40/200: TPR=1 E2=0.005545 lambda=0.009103 seconds=0.074
KdV noise=0.55 trial=60/200: TPR=1 E2=0.02217 lambda=0.01099 seconds=0.078
KdV noise=0.55 trial=80/200: TPR=1 E2=0.02609 lambda=0.003556 seconds=0.0918
KdV noise=0.55 trial=100/200: TPR=1 E2=0.001134 lambda=0.006251 seconds=0.0784
KdV noise=0.55 trial=120/200: TPR=1 E2=0.01786 lambda=0.003556 seconds=0.0762
KdV noise=0.55 trial=140/200: TPR=1 E2=0.01368 lambda=0.003556 seconds=0.0737
NLS noise=0.25 trial=20/200: TPR=1 E2=0.02761 lambda=0.016 seconds=0.682
KdV noise=0.55 trial=160/200: TPR=1 E2=0.004418 lambda=0.01099 seconds=0.0844
KdV noise=0.55 trial=180/200: TPR=1 E2=0.01823 lambda=0.003556 seconds=0.0723
KdV noise=0.55 trial=200/200: TPR=0.4 E2=8.078 lambda=0.002947 seconds=0.0765
KdV noise=0.575 trial=1/200: TPR=1 E2=0.0052 lambda=0.005179 seconds=0.077
KdV noise=0.575 trial=20/200: TPR=1 E2=0.04381 lambda=0.004292 seconds=0.0778
KdV noise=0.575 trial=40/200: TPR=0.5 E2=0.8947 lambda=0.01326 seconds=0.0731
KdV noise=0.575 trial=60/200: TPR=1 E2=0.01553 lambda=0.004292 seconds=0.0756
KdV noise=0.575 trial=80/200: TPR=1 E2=0.01957 lambda=0.002947 seconds=0.0806
KdV noise=0.575 trial=100/200: TPR=1 E2=0.03968 lambda=0.007543 seconds=0.0747
NLS noise=0.25 trial=40/200: TPR=1 E2=0.02765 lambda=0.01931 seconds=0.615
KdV noise=0.575 trial=120/200: TPR=1 E2=0.02296 lambda=0.005179 seconds=0.0732
KdV noise=0.575 trial=140/200: TPR=1 E2=0.01334 lambda=0.01099 seconds=0.0723
KdV noise=0.575 trial=160/200: TPR=1 E2=0.0202 lambda=0.003556 seconds=0.0707
KdV noise=0.575 trial=180/200: TPR=1 E2=0.01766 lambda=0.006251 seconds=0.0747
KdV noise=0.575 trial=200/200: TPR=1 E2=0.003052 lambda=0.005179 seconds=0.0745
KdV noise=0.6 trial=1/200: TPR=0.5 E2=0.8947 lambda=0.016 seconds=0.0762
KdV noise=0.6 trial=20/200: TPR=1 E2=0.03478 lambda=0.004292 seconds=0.0778
KdV noise=0.6 trial=40/200: TPR=1 E2=0.04367 lambda=0.006251 seconds=0.0747
KdV noise=0.6 trial=60/200: TPR=1 E2=0.007873 lambda=0.002442 seconds=0.0743
NLS noise=0.25 trial=60/200: TPR=1 E2=0.02623 lambda=0.01931 seconds=0.675
KdV noise=0.6 trial=80/200: TPR=1 E2=0.0391 lambda=0.005179 seconds=0.0813
KdV noise=0.6 trial=100/200: TPR=1 E2=0.03202 lambda=0.009103 seconds=0.0971
KdV noise=0.6 trial=120/200: TPR=1 E2=0.02249 lambda=0.009103 seconds=0.0733
KdV noise=0.6 trial=140/200: TPR=0.5 E2=0.8947 lambda=0.016 seconds=0.0988
KdV noise=0.6 trial=160/200: TPR=1 E2=0.002158 lambda=0.004292 seconds=0.0729
KdV noise=0.6 trial=180/200: TPR=1 E2=0.01282 lambda=0.005179 seconds=0.075
KdV noise=0.6 trial=200/200: TPR=1 E2=0.01768 lambda=0.002947 seconds=0.0747
KdV noise=0.625 trial=1/200: TPR=1 E2=0.001417 lambda=0.005179 seconds=0.0757
KdV noise=0.625 trial=20/200: TPR=1 E2=0.01993 lambda=0.002947 seconds=0.0737
KdV noise=0.625 trial=40/200: TPR=1 E2=0.004724 lambda=0.007543 seconds=0.0744
NLS noise=0.25 trial=80/200: TPR=1 E2=0.02843 lambda=0.01931 seconds=0.721
KdV noise=0.625 trial=60/200: TPR=1 E2=0.03397 lambda=0.003556 seconds=0.0743
KdV noise=0.625 trial=80/200: TPR=1 E2=0.03481 lambda=0.016 seconds=0.0727
KdV noise=0.625 trial=100/200: TPR=1 E2=0.02771 lambda=0.005179 seconds=0.0726
KdV noise=0.625 trial=120/200: TPR=1 E2=0.009434 lambda=0.004292 seconds=0.0729
KdV noise=0.625 trial=140/200: TPR=1 E2=0.02431 lambda=0.01099 seconds=0.0718
KdV noise=0.625 trial=160/200: TPR=1 E2=0.007936 lambda=0.006251 seconds=0.0748
KdV noise=0.625 trial=180/200: TPR=1 E2=0.02707 lambda=0.007543 seconds=0.0778
KdV noise=0.625 trial=200/200: TPR=1 E2=0.01056 lambda=0.004292 seconds=0.0751
KdV noise=0.65 trial=1/200: TPR=1 E2=0.01635 lambda=0.002442 seconds=0.0783
NLS noise=0.25 trial=100/200: TPR=1 E2=0.02789 lambda=0.0233 seconds=0.694
KdV noise=0.65 trial=20/200: TPR=1 E2=0.005748 lambda=0.005179 seconds=0.0742
KdV noise=0.65 trial=40/200: TPR=1 E2=0.008422 lambda=0.01099 seconds=0.079
KdV noise=0.65 trial=60/200: TPR=1 E2=0.0009473 lambda=0.002024 seconds=0.0748
KdV noise=0.65 trial=80/200: TPR=1 E2=0.03053 lambda=0.01326 seconds=0.0743
KdV noise=0.65 trial=100/200: TPR=1 E2=0.01612 lambda=0.006251 seconds=0.0876
KdV noise=0.65 trial=120/200: TPR=1 E2=0.0188 lambda=0.01099 seconds=0.103
KdV noise=0.65 trial=140/200: TPR=1 E2=0.01794 lambda=0.01326 seconds=0.0738
KdV noise=0.65 trial=160/200: TPR=0.5 E2=0.8947 lambda=0.009103 seconds=0.078
NLS noise=0.25 trial=120/200: TPR=1 E2=0.0275 lambda=0.016 seconds=0.676
KdV noise=0.65 trial=180/200: TPR=1 E2=0.008512 lambda=0.004292 seconds=0.0757
KdV noise=0.65 trial=200/200: TPR=1 E2=0.007731 lambda=0.01326 seconds=0.074
KdV noise=0.675 trial=1/200: TPR=1 E2=0.01237 lambda=0.007543 seconds=0.0739
KdV noise=0.675 trial=20/200: TPR=1 E2=0.04345 lambda=0.007543 seconds=0.0751
KdV noise=0.675 trial=40/200: TPR=1 E2=0.04055 lambda=0.01326 seconds=0.0754
KdV noise=0.675 trial=60/200: TPR=1 E2=0.001908 lambda=0.004292 seconds=0.0741
KdV noise=0.675 trial=80/200: TPR=1 E2=0.003312 lambda=0.002947 seconds=0.0719
KdV noise=0.675 trial=100/200: TPR=1 E2=0.0698 lambda=0.007543 seconds=0.0747
KdV noise=0.675 trial=120/200: TPR=1 E2=0.05234 lambda=0.001389 seconds=0.0745
KdV noise=0.675 trial=140/200: TPR=1 E2=0.02142 lambda=0.005179 seconds=0.0791
NLS noise=0.25 trial=140/200: TPR=1 E2=0.02747 lambda=0.01326 seconds=0.595
KdV noise=0.675 trial=160/200: TPR=1 E2=0.00488 lambda=0.007543 seconds=0.0754
KdV noise=0.675 trial=180/200: TPR=1 E2=0.07976 lambda=0.004292 seconds=0.0765
KdV noise=0.675 trial=200/200: TPR=1 E2=0.02896 lambda=0.006251 seconds=0.0753
KdV noise=0.7 trial=1/200: TPR=1 E2=0.02101 lambda=0.006251 seconds=0.074
KdV noise=0.7 trial=20/200: TPR=1 E2=0.06023 lambda=0.005179 seconds=0.0772
KdV noise=0.7 trial=40/200: TPR=1 E2=0.01985 lambda=0.002947 seconds=0.0735
KdV noise=0.7 trial=60/200: TPR=1 E2=0.002994 lambda=0.009103 seconds=0.0744
KdV noise=0.7 trial=80/200: TPR=1 E2=0.01986 lambda=0.01099 seconds=0.0754
RD noise=1 trial=20/200: TPR=0.7 E2=0.439 lambda=0.05964 seconds=14
KdV noise=0.7 trial=100/200: TPR=1 E2=0.03339 lambda=0.006251 seconds=0.0791
NLS noise=0.25 trial=160/200: TPR=1 E2=0.03227 lambda=0.01326 seconds=0.745
KdV noise=0.7 trial=120/200: TPR=1 E2=0.0114 lambda=0.007543 seconds=0.0861
KdV noise=0.7 trial=140/200: TPR=1 E2=0.02362 lambda=0.003556 seconds=0.0779
KdV noise=0.7 trial=160/200: TPR=1 E2=0.05218 lambda=0.006251 seconds=0.0747
KdV noise=0.7 trial=180/200: TPR=1 E2=0.03389 lambda=0.006251 seconds=0.0727
KdV noise=0.7 trial=200/200: TPR=1 E2=0.01213 lambda=0.001677 seconds=0.0816
KdV noise=0.725 trial=1/200: TPR=1 E2=0.02804 lambda=0.005179 seconds=0.0768
KdV noise=0.725 trial=20/200: TPR=1 E2=0.04809 lambda=0.005179 seconds=0.0734
KdV noise=0.725 trial=40/200: TPR=1 E2=0.01703 lambda=0.007543 seconds=0.0773
KdV noise=0.725 trial=60/200: TPR=1 E2=0.003124 lambda=0.006251 seconds=0.0754
NLS noise=0.25 trial=180/200: TPR=1 E2=0.03203 lambda=0.016 seconds=0.634
KdV noise=0.725 trial=80/200: TPR=1 E2=0.03185 lambda=0.006251 seconds=0.0772
KdV noise=0.725 trial=100/200: TPR=1 E2=0.01363 lambda=0.002947 seconds=0.0741
KdV noise=0.725 trial=120/200: TPR=1 E2=0.009676 lambda=0.01931 seconds=0.0748
KdV noise=0.725 trial=140/200: TPR=1 E2=0.02691 lambda=0.002947 seconds=0.0772
KdV noise=0.725 trial=160/200: TPR=1 E2=0.02703 lambda=0.002947 seconds=0.0799
KdV noise=0.725 trial=180/200: TPR=1 E2=0.05255 lambda=0.009103 seconds=0.0733
KdV noise=0.725 trial=200/200: TPR=1 E2=0.03416 lambda=0.005179 seconds=0.0754
KdV noise=0.75 trial=1/200: TPR=1 E2=0.03589 lambda=0.001677 seconds=0.076
KdV noise=0.75 trial=20/200: TPR=1 E2=0.01572 lambda=0.004292 seconds=0.0772
KdV noise=0.75 trial=40/200: TPR=1 E2=0.01717 lambda=0.006251 seconds=0.0748
NLS noise=0.25 trial=200/200: TPR=1 E2=0.02923 lambda=0.01931 seconds=0.667
NLS noise=0.275 trial=1/200: TPR=1 E2=0.0378 lambda=0.01326 seconds=0.696
KdV noise=0.75 trial=60/200: TPR=1 E2=0.006823 lambda=0.006251 seconds=0.0738
KdV noise=0.75 trial=80/200: TPR=1 E2=0.01386 lambda=0.004292 seconds=0.0761
KdV noise=0.75 trial=100/200: TPR=1 E2=0.03815 lambda=0.002947 seconds=0.0759
KdV noise=0.75 trial=120/200: TPR=1 E2=0.05491 lambda=0.001677 seconds=0.089
KdV noise=0.75 trial=140/200: TPR=1 E2=0.01318 lambda=0.009103 seconds=0.078
KdV noise=0.75 trial=160/200: TPR=1 E2=0.0137 lambda=0.002442 seconds=0.0778
KdV noise=0.75 trial=180/200: TPR=1 E2=0.04515 lambda=0.004292 seconds=0.0761
KdV noise=0.75 trial=200/200: TPR=1 E2=0.002121 lambda=0.016 seconds=0.076
KdV noise=0.775 trial=1/200: TPR=1 E2=0.01647 lambda=0.002947 seconds=0.0755
NLS noise=0.275 trial=20/200: TPR=1 E2=0.03177 lambda=0.01931 seconds=0.696
KdV noise=0.775 trial=20/200: TPR=1 E2=0.0104 lambda=0.002442 seconds=0.0792
KdV noise=0.775 trial=40/200: TPR=1 E2=0.05771 lambda=0.006251 seconds=0.0768
KdV noise=0.775 trial=60/200: TPR=1 E2=0.02825 lambda=0.005179 seconds=0.0759
KdV noise=0.775 trial=80/200: TPR=1 E2=0.03737 lambda=0.004292 seconds=0.0781
KdV noise=0.775 trial=100/200: TPR=1 E2=0.04161 lambda=0.007543 seconds=0.0734
KdV noise=0.775 trial=120/200: TPR=1 E2=0.004343 lambda=0.004292 seconds=0.0731
KdV noise=0.775 trial=140/200: TPR=1 E2=0.03682 lambda=0.006251 seconds=0.0759
KdV noise=0.775 trial=160/200: TPR=1 E2=0.0251 lambda=0.01099 seconds=0.076
KdV noise=0.775 trial=180/200: TPR=0.6667 E2=8.833 lambda=0.002947 seconds=0.0743
NLS noise=0.275 trial=40/200: TPR=1 E2=0.03358 lambda=0.016 seconds=0.655
KdV noise=0.775 trial=200/200: TPR=1 E2=0.03071 lambda=0.006251 seconds=0.0749
KdV noise=0.8 trial=1/200: TPR=1 E2=0.05058 lambda=0.005179 seconds=0.0761
KdV noise=0.8 trial=20/200: TPR=1 E2=0.01633 lambda=0.004292 seconds=0.0775
KdV noise=0.8 trial=40/200: TPR=1 E2=0.01283 lambda=0.009103 seconds=0.0759
KdV noise=0.8 trial=60/200: TPR=1 E2=0.01815 lambda=0.005179 seconds=0.0763
KdV noise=0.8 trial=80/200: TPR=0.5 E2=0.8947 lambda=0.02812 seconds=0.0748
KdV noise=0.8 trial=100/200: TPR=1 E2=0.02364 lambda=0.002442 seconds=0.075
KdV noise=0.8 trial=120/200: TPR=1 E2=0.08772 lambda=0.004292 seconds=0.0771
KdV noise=0.8 trial=140/200: TPR=1 E2=0.002273 lambda=0.0009541 seconds=0.0936
KdV noise=0.8 trial=160/200: TPR=1 E2=0.04629 lambda=0.006251 seconds=0.0795
NLS noise=0.275 trial=60/200: TPR=1 E2=0.03259 lambda=0.01931 seconds=0.65
KdV noise=0.8 trial=180/200: TPR=1 E2=0.037 lambda=0.004292 seconds=0.0759
KdV noise=0.8 trial=200/200: TPR=1 E2=0.02642 lambda=0.01099 seconds=0.0732
KdV noise=0.825 trial=1/200: TPR=1 E2=0.02668 lambda=0.007543 seconds=0.0811
KdV noise=0.825 trial=20/200: TPR=1 E2=0.04663 lambda=0.004292 seconds=0.0792
KdV noise=0.825 trial=40/200: TPR=1 E2=0.03138 lambda=0.003556 seconds=0.0787
KdV noise=0.825 trial=60/200: TPR=1 E2=0.05071 lambda=0.002024 seconds=0.075
KdV noise=0.825 trial=80/200: TPR=1 E2=0.00587 lambda=0.006251 seconds=0.0759
KdV noise=0.825 trial=100/200: TPR=1 E2=0.02124 lambda=0.002442 seconds=0.0758
KdV noise=0.825 trial=120/200: TPR=1 E2=0.01775 lambda=0.005179 seconds=0.0761
NLS noise=0.275 trial=80/200: TPR=1 E2=0.03276 lambda=0.016 seconds=0.718
KdV noise=0.825 trial=140/200: TPR=1 E2=0.02737 lambda=0.003556 seconds=0.0754
KdV noise=0.825 trial=160/200: TPR=1 E2=0.01757 lambda=0.002442 seconds=0.0764
KdV noise=0.825 trial=180/200: TPR=1 E2=0.04283 lambda=0.007543 seconds=0.0759
KdV noise=0.825 trial=200/200: TPR=1 E2=0.02892 lambda=0.004292 seconds=0.0778
KdV noise=0.85 trial=1/200: TPR=1 E2=0.01469 lambda=0.006251 seconds=0.0775
KdV noise=0.85 trial=20/200: TPR=1 E2=0.03936 lambda=0.016 seconds=0.075
KdV noise=0.85 trial=40/200: TPR=1 E2=0.01608 lambda=0.007543 seconds=0.0762
KdV noise=0.85 trial=60/200: TPR=1 E2=0.07031 lambda=0.004292 seconds=0.0768
KdV noise=0.85 trial=80/200: TPR=1 E2=0.01127 lambda=0.01099 seconds=0.0761
KdV noise=0.85 trial=100/200: TPR=1 E2=0.02006 lambda=0.007543 seconds=0.0755
NLS noise=0.275 trial=100/200: TPR=1 E2=0.03492 lambda=0.01326 seconds=0.717
KdV noise=0.85 trial=120/200: TPR=1 E2=0.006567 lambda=0.007543 seconds=0.0748
KdV noise=0.85 trial=140/200: TPR=1 E2=0.03426 lambda=0.01326 seconds=0.0911
KdV noise=0.85 trial=160/200: TPR=1 E2=0.05226 lambda=0.007543 seconds=0.0886
KdV noise=0.85 trial=180/200: TPR=1 E2=0.01374 lambda=0.002442 seconds=0.0775
KdV noise=0.85 trial=200/200: TPR=1 E2=0.02197 lambda=0.01099 seconds=0.075
KdV noise=0.875 trial=1/200: TPR=1 E2=0.08005 lambda=0.01099 seconds=0.075
KdV noise=0.875 trial=20/200: TPR=1 E2=0.005668 lambda=0.007543 seconds=0.0731
KdV noise=0.875 trial=40/200: TPR=1 E2=0.03356 lambda=0.002947 seconds=0.0743
KdV noise=0.875 trial=60/200: TPR=1 E2=0.05408 lambda=0.004292 seconds=0.0749
KdV noise=0.875 trial=80/200: TPR=1 E2=0.0165 lambda=0.003556 seconds=0.0755
NLS noise=0.275 trial=120/200: TPR=1 E2=0.0335 lambda=0.0233 seconds=0.647
KdV noise=0.875 trial=100/200: TPR=1 E2=0.0365 lambda=0.003556 seconds=0.0736
KdV noise=0.875 trial=120/200: TPR=1 E2=0.003767 lambda=0.009103 seconds=0.0734
KdV noise=0.875 trial=140/200: TPR=1 E2=0.03857 lambda=0.003556 seconds=0.0757
KdV noise=0.875 trial=160/200: TPR=1 E2=0.02577 lambda=0.01099 seconds=0.0743
KdV noise=0.875 trial=180/200: TPR=1 E2=0.008022 lambda=0.01099 seconds=0.0737
KdV noise=0.875 trial=200/200: TPR=1 E2=0.02746 lambda=0.004292 seconds=0.0728
KdV noise=0.9 trial=1/200: TPR=1 E2=0.07742 lambda=0.005179 seconds=0.0744
KdV noise=0.9 trial=20/200: TPR=1 E2=0.01627 lambda=0.003556 seconds=0.0757
KdV noise=0.9 trial=40/200: TPR=1 E2=0.04432 lambda=0.004292 seconds=0.0753
NLS noise=0.275 trial=140/200: TPR=1 E2=0.03568 lambda=0.01931 seconds=0.723
KdV noise=0.9 trial=60/200: TPR=1 E2=0.02374 lambda=0.01099 seconds=0.0754
KdV noise=0.9 trial=80/200: TPR=1 E2=0.00725 lambda=0.01099 seconds=0.0777
KdV noise=0.9 trial=100/200: TPR=1 E2=0.007727 lambda=0.006251 seconds=0.0779
KdV noise=0.9 trial=120/200: TPR=1 E2=0.0291 lambda=0.005179 seconds=0.0755
KdV noise=0.9 trial=140/200: TPR=1 E2=0.01273 lambda=0.003556 seconds=0.0741
KdV noise=0.9 trial=160/200: TPR=1 E2=0.05266 lambda=0.004292 seconds=0.0908
KdV noise=0.9 trial=180/200: TPR=1 E2=0.04731 lambda=0.005179 seconds=0.0758
KdV noise=0.9 trial=200/200: TPR=1 E2=0.04209 lambda=0.001677 seconds=0.079
KdV noise=0.925 trial=1/200: TPR=1 E2=0.04142 lambda=0.006251 seconds=0.0794
KdV noise=0.925 trial=20/200: TPR=1 E2=0.05147 lambda=0.003556 seconds=0.076
NLS noise=0.275 trial=160/200: TPR=1 E2=0.0333 lambda=0.01931 seconds=0.649
KdV noise=0.925 trial=40/200: TPR=1 E2=0.08555 lambda=0.007543 seconds=0.0735
KdV noise=0.925 trial=60/200: TPR=1 E2=0.05118 lambda=0.003556 seconds=0.0783
KdV noise=0.925 trial=80/200: TPR=1 E2=0.004971 lambda=0.005179 seconds=0.0777
KdV noise=0.925 trial=100/200: TPR=1 E2=0.04548 lambda=0.009103 seconds=0.0808
KdV noise=0.925 trial=120/200: TPR=1 E2=0.03983 lambda=0.005179 seconds=0.087
KdV noise=0.925 trial=140/200: TPR=1 E2=0.0615 lambda=0.01099 seconds=0.0789
KdV noise=0.925 trial=160/200: TPR=1 E2=0.08323 lambda=0.003556 seconds=0.0786
KdV noise=0.925 trial=180/200: TPR=1 E2=0.0327 lambda=0.004292 seconds=0.0749
KdV noise=0.925 trial=200/200: TPR=1 E2=0.05407 lambda=0.003556 seconds=0.0752
KdV noise=0.95 trial=1/200: TPR=1 E2=0.03642 lambda=0.01326 seconds=0.0769
NLS noise=0.275 trial=180/200: TPR=1 E2=0.03698 lambda=0.016 seconds=0.685
KdV noise=0.95 trial=20/200: TPR=1 E2=0.05207 lambda=0.006251 seconds=0.0746
KdV noise=0.95 trial=40/200: TPR=1 E2=0.01293 lambda=0.002947 seconds=0.0842
KdV noise=0.95 trial=60/200: TPR=1 E2=0.08819 lambda=0.009103 seconds=0.0774
KdV noise=0.95 trial=80/200: TPR=1 E2=0.05604 lambda=0.006251 seconds=0.0748
KdV noise=0.95 trial=100/200: TPR=1 E2=0.02219 lambda=0.006251 seconds=0.0759
KdV noise=0.95 trial=120/200: TPR=1 E2=0.08056 lambda=0.006251 seconds=0.0761
KdV noise=0.95 trial=140/200: TPR=1 E2=0.03253 lambda=0.003556 seconds=0.0747
KdV noise=0.95 trial=160/200: TPR=1 E2=0.08999 lambda=0.005179 seconds=0.0847
NLS noise=0.275 trial=200/200: TPR=1 E2=0.03407 lambda=0.016 seconds=0.786
KdV noise=0.95 trial=180/200: TPR=1 E2=0.008936 lambda=0.004292 seconds=0.0861
NLS noise=0.3 trial=1/200: TPR=1 E2=0.03843 lambda=0.01931 seconds=0.744
KdV noise=0.95 trial=200/200: TPR=1 E2=0.002612 lambda=0.009103 seconds=0.0771
KdV noise=0.975 trial=1/200: TPR=1 E2=0.01955 lambda=0.005179 seconds=0.0767
KdV noise=0.975 trial=20/200: TPR=1 E2=0.04623 lambda=0.016 seconds=0.0764
KdV noise=0.975 trial=40/200: TPR=1 E2=0.03823 lambda=0.01099 seconds=0.0744
KdV noise=0.975 trial=60/200: TPR=1 E2=0.08178 lambda=0.005179 seconds=0.0842
KdV noise=0.975 trial=80/200: TPR=1 E2=0.03595 lambda=0.006251 seconds=0.0751
KdV noise=0.975 trial=100/200: TPR=1 E2=0.008258 lambda=0.016 seconds=0.0753
KdV noise=0.975 trial=120/200: TPR=0.5 E2=0.8947 lambda=0.03393 seconds=0.0731
KdV noise=0.975 trial=140/200: TPR=1 E2=0.07153 lambda=0.005179 seconds=0.0743
NLS noise=0.3 trial=20/200: TPR=1 E2=0.04493 lambda=0.0233 seconds=0.74
KdV noise=0.975 trial=160/200: TPR=1 E2=0.02301 lambda=0.016 seconds=0.0762
KdV noise=0.975 trial=180/200: TPR=1 E2=0.005457 lambda=0.01099 seconds=0.0761
KdV noise=0.975 trial=200/200: TPR=1 E2=0.05164 lambda=0.005179 seconds=0.074
KdV noise=1 trial=40/200: TPR=1 E2=0.02629 lambda=0.003556 seconds=0.0775
KdV noise=1 trial=60/200: TPR=1 E2=0.07603 lambda=0.009103 seconds=0.0793
KdV noise=1 trial=80/200: TPR=1 E2=0.05327 lambda=0.007543 seconds=0.0778
KdV noise=1 trial=100/200: TPR=1 E2=0.03562 lambda=0.003556 seconds=0.0753
KdV noise=1 trial=120/200: TPR=1 E2=0.05504 lambda=0.006251 seconds=0.0761
KdV noise=1 trial=140/200: TPR=1 E2=0.05226 lambda=0.01326 seconds=0.0755
NLS noise=0.3 trial=40/200: TPR=1 E2=0.03391 lambda=0.0233 seconds=0.69
KdV noise=1 trial=160/200: TPR=1 E2=0.01389 lambda=0.006251 seconds=0.0733
KdV noise=1 trial=180/200: TPR=1 E2=0.1178 lambda=0.01326 seconds=0.0744
KdV noise=1 trial=200/200: TPR=1 E2=0.02154 lambda=0.006251 seconds=0.0831
Completed KdV
NS noise=0 trial=1/200: TPR=1 E2=0.0007895 lambda=0.0007906 seconds=3.63
NLS noise=0.3 trial=60/200: TPR=1 E2=0.03756 lambda=0.016 seconds=0.683
RD noise=0 trial=40/200: TPR=1 E2=1.791e-10 lambda=0.0001 seconds=11
NLS noise=0.3 trial=80/200: TPR=1 E2=0.04414 lambda=0.03393 seconds=0.648
NLS noise=0.3 trial=100/200: TPR=1 E2=0.0423 lambda=0.01931 seconds=0.687
NLS noise=0.3 trial=120/200: TPR=1 E2=0.04586 lambda=0.016 seconds=0.709
NS noise=0 trial=20/200: TPR=1 E2=0.0007895 lambda=0.0007906 seconds=3.1
NLS noise=0.3 trial=140/200: TPR=1 E2=0.04176 lambda=0.01326 seconds=0.71
NS noise=0.2 trial=1/200: TPR=1 E2=0.002102 lambda=0.002947 seconds=3.23
NLS noise=0.3 trial=160/200: TPR=1 E2=0.03616 lambda=0.01931 seconds=0.727
NLS noise=0.3 trial=180/200: TPR=1 E2=0.037 lambda=0.016 seconds=0.682
NLS noise=0.3 trial=200/200: TPR=1 E2=0.04772 lambda=0.01931 seconds=0.691
NLS noise=0.325 trial=1/200: TPR=1 E2=0.05782 lambda=0.02812 seconds=0.686
NLS noise=0.325 trial=20/200: TPR=1 E2=0.04579 lambda=0.03393 seconds=0.75
NS noise=0.2 trial=20/200: TPR=1 E2=0.0009099 lambda=0.002947 seconds=3.24
NS noise=0.5 trial=1/200: TPR=0.4 E2=0.06893 lambda=0.04095 seconds=3.62
NLS noise=0.325 trial=40/200: TPR=1 E2=0.04762 lambda=0.02812 seconds=0.728
NLS noise=0.325 trial=60/200: TPR=1 E2=0.05789 lambda=0.02812 seconds=0.69
NLS noise=0.325 trial=80/200: TPR=1 E2=0.04767 lambda=0.02812 seconds=0.847
NLS noise=0.325 trial=100/200: TPR=1 E2=0.04331 lambda=0.02812 seconds=0.694
NLS noise=0.325 trial=120/200: TPR=1 E2=0.0474 lambda=0.0233 seconds=0.702
NS noise=0.5 trial=20/200: TPR=0.3333 E2=0.08997 lambda=0.0233 seconds=3.51
NS noise=1 trial=1/200: TPR=0.5 E2=0.04677 lambda=0.1048 seconds=3.25
NLS noise=0.325 trial=140/200: TPR=1 E2=0.05304 lambda=0.0233 seconds=0.705
NLS noise=0.325 trial=160/200: TPR=1 E2=0.0479 lambda=0.0233 seconds=0.697
NLS noise=0.325 trial=180/200: TPR=1 E2=0.0592 lambda=0.03393 seconds=0.676
RD noise=0 trial=60/200: TPR=1 E2=1.791e-10 lambda=0.0001 seconds=11
NLS noise=0.325 trial=200/200: TPR=1 E2=0.0437 lambda=0.02812 seconds=0.72
NLS noise=0.35 trial=1/200: TPR=1 E2=0.05194 lambda=0.02812 seconds=0.742
NLS noise=0.35 trial=20/200: TPR=1 E2=0.05687 lambda=0.02812 seconds=0.829
NS noise=1 trial=20/200: TPR=0.5 E2=0.04776 lambda=0.08685 seconds=3.29
NLS noise=0.35 trial=40/200: TPR=1 E2=0.05872 lambda=0.0233 seconds=0.71
NLS noise=0.35 trial=60/200: TPR=1 E2=0.05655 lambda=0.04095 seconds=0.859
NLS noise=0.35 trial=80/200: TPR=1 E2=0.05591 lambda=0.02812 seconds=0.703
NLS noise=0.35 trial=100/200: TPR=1 E2=0.05941 lambda=0.0233 seconds=0.75
NS noise=0 trial=40/200: TPR=1 E2=0.0007895 lambda=0.0007906 seconds=3.11
NLS noise=0.35 trial=120/200: TPR=1 E2=0.05328 lambda=0.03393 seconds=0.786
NLS noise=0.35 trial=140/200: TPR=1 E2=0.06044 lambda=0.02812 seconds=0.787
NLS noise=0.35 trial=160/200: TPR=1 E2=0.05268 lambda=0.03393 seconds=0.729
NLS noise=0.35 trial=180/200: TPR=1 E2=0.05163 lambda=0.02812 seconds=0.761
NLS noise=0.35 trial=200/200: TPR=1 E2=0.04941 lambda=0.0233 seconds=0.801
NS noise=0 trial=60/200: TPR=1 E2=0.0007895 lambda=0.0007906 seconds=3.16
NLS noise=0.375 trial=1/200: TPR=1 E2=0.07187 lambda=0.03393 seconds=0.712
NLS noise=0.375 trial=20/200: TPR=1 E2=0.07389 lambda=0.04942 seconds=0.755
NLS noise=0.375 trial=40/200: TPR=1 E2=0.06407 lambda=0.0233 seconds=0.826
NLS noise=0.375 trial=60/200: TPR=1 E2=0.06107 lambda=0.03393 seconds=0.779
NLS noise=0.375 trial=80/200: TPR=1 E2=0.06267 lambda=0.02812 seconds=0.828
NS noise=0 trial=80/200: TPR=1 E2=0.0007895 lambda=0.0007906 seconds=3.25
RD noise=0 trial=80/200: TPR=1 E2=1.791e-10 lambda=0.0001 seconds=11.1
NLS noise=0.375 trial=100/200: TPR=1 E2=0.06477 lambda=0.03393 seconds=0.784
NLS noise=0.375 trial=120/200: TPR=1 E2=0.06994 lambda=0.02812 seconds=0.756
NLS noise=0.375 trial=140/200: TPR=1 E2=0.06535 lambda=0.02812 seconds=0.703
NLS noise=0.375 trial=160/200: TPR=1 E2=0.0641 lambda=0.03393 seconds=0.73
NS noise=0 trial=100/200: TPR=1 E2=0.0007895 lambda=0.0007906 seconds=3.62
NLS noise=0.375 trial=180/200: TPR=1 E2=0.06055 lambda=0.02812 seconds=0.754
NLS noise=0.375 trial=200/200: TPR=1 E2=0.06356 lambda=0.04095 seconds=0.723
NLS noise=0.4 trial=1/200: TPR=1 E2=0.06967 lambda=0.04095 seconds=0.805
NLS noise=0.4 trial=20/200: TPR=1 E2=0.07566 lambda=0.04095 seconds=0.732
NLS noise=0.4 trial=40/200: TPR=1 E2=0.08077 lambda=0.01931 seconds=0.772
NS noise=0 trial=120/200: TPR=1 E2=0.0007895 lambda=0.0007906 seconds=3.38
NLS noise=0.4 trial=60/200: TPR=0.8571 E2=0.0992 lambda=0.01931 seconds=0.74
NLS noise=0.4 trial=80/200: TPR=1 E2=0.08452 lambda=0.0233 seconds=0.733
NLS noise=0.4 trial=100/200: TPR=1 E2=0.07421 lambda=0.04942 seconds=0.783
NLS noise=0.4 trial=120/200: TPR=1 E2=0.07313 lambda=0.02812 seconds=0.722
NS noise=0 trial=140/200: TPR=1 E2=0.0007895 lambda=0.0007906 seconds=3.16
NLS noise=0.4 trial=140/200: TPR=1 E2=0.07697 lambda=0.02812 seconds=0.957
NLS noise=0.4 trial=160/200: TPR=1 E2=0.06947 lambda=0.04942 seconds=0.805
NLS noise=0.4 trial=180/200: TPR=1 E2=0.06832 lambda=0.03393 seconds=0.935
RD noise=0 trial=100/200: TPR=1 E2=1.791e-10 lambda=0.0001 seconds=11.5
NLS noise=0.4 trial=200/200: TPR=1 E2=0.07093 lambda=0.02812 seconds=0.762
NLS noise=0.425 trial=1/200: TPR=1 E2=0.07952 lambda=0.04942 seconds=0.771
NLS noise=0.425 trial=20/200: TPR=1 E2=0.07956 lambda=0.04095 seconds=0.793
NS noise=0 trial=160/200: TPR=1 E2=0.0007895 lambda=0.0007906 seconds=3.21
NLS noise=0.425 trial=40/200: TPR=1 E2=0.08019 lambda=0.03393 seconds=0.876
NLS noise=0.425 trial=60/200: TPR=1 E2=0.08543 lambda=0.03393 seconds=0.772
NLS noise=0.425 trial=80/200: TPR=1 E2=0.08457 lambda=0.02812 seconds=0.748
NLS noise=0.425 trial=100/200: TPR=1 E2=0.08322 lambda=0.04095 seconds=0.781
NS noise=0 trial=180/200: TPR=1 E2=0.0007895 lambda=0.0007906 seconds=3.23
NLS noise=0.425 trial=120/200: TPR=1 E2=0.07597 lambda=0.04095 seconds=0.771
NLS noise=0.425 trial=140/200: TPR=1 E2=0.07776 lambda=0.03393 seconds=0.809
NLS noise=0.425 trial=160/200: TPR=1 E2=0.08832 lambda=0.02812 seconds=0.793
NLS noise=0.425 trial=180/200: TPR=0.8571 E2=0.1104 lambda=0.03393 seconds=0.77
NS noise=0 trial=200/200: TPR=1 E2=0.0007895 lambda=0.0007906 seconds=3.12
NS noise=0.025 trial=1/200: TPR=1 E2=0.0008824 lambda=0.0006551 seconds=3.41
NLS noise=0.425 trial=200/200: TPR=1 E2=0.08139 lambda=0.03393 seconds=0.813
NLS noise=0.45 trial=1/200: TPR=1 E2=0.08319 lambda=0.03393 seconds=0.801
NLS noise=0.45 trial=20/200: TPR=1 E2=0.1068 lambda=0.03393 seconds=0.725
NLS noise=0.45 trial=40/200: TPR=1 E2=0.09233 lambda=0.04095 seconds=0.872
NLS noise=0.45 trial=60/200: TPR=1 E2=0.08981 lambda=0.03393 seconds=0.675
NS noise=0.025 trial=20/200: TPR=1 E2=0.0008351 lambda=0.001151 seconds=3.17
NLS noise=0.45 trial=80/200: TPR=1 E2=0.09328 lambda=0.03393 seconds=0.798
RD noise=0 trial=120/200: TPR=1 E2=1.791e-10 lambda=0.0001 seconds=11.6
NLS noise=0.45 trial=100/200: TPR=0.8571 E2=0.1182 lambda=0.03393 seconds=0.849
NLS noise=0.45 trial=120/200: TPR=0.5455 E2=0.2286 lambda=0.04095 seconds=0.815
NLS noise=0.45 trial=140/200: TPR=1 E2=0.07927 lambda=0.03393 seconds=0.738
NS noise=0.025 trial=40/200: TPR=1 E2=0.0007977 lambda=0.0007906 seconds=3.44
NLS noise=0.45 trial=160/200: TPR=1 E2=0.09767 lambda=0.04942 seconds=0.762
NLS noise=0.45 trial=180/200: TPR=1 E2=0.08561 lambda=0.03393 seconds=0.858
NLS noise=0.45 trial=200/200: TPR=1 E2=0.08853 lambda=0.03393 seconds=0.911
NLS noise=0.475 trial=1/200: TPR=0.75 E2=0.1702 lambda=0.04095 seconds=0.822
NLS noise=0.475 trial=20/200: TPR=1 E2=0.1149 lambda=0.04095 seconds=0.865
NLS noise=0.475 trial=40/200: TPR=1 E2=0.09433 lambda=0.04095 seconds=0.939
NS noise=0.025 trial=60/200: TPR=1 E2=0.0008406 lambda=0.0003089 seconds=3.52
NLS noise=0.475 trial=60/200: TPR=1 E2=0.09853 lambda=0.04095 seconds=0.797
NLS noise=0.475 trial=80/200: TPR=1 E2=0.1091 lambda=0.04095 seconds=0.952
NLS noise=0.475 trial=100/200: TPR=1 E2=0.09184 lambda=0.04942 seconds=0.831
NLS noise=0.475 trial=120/200: TPR=1 E2=0.09203 lambda=0.03393 seconds=0.941
NS noise=0.025 trial=80/200: TPR=1 E2=0.0007281 lambda=0.0003089 seconds=3.23
NLS noise=0.475 trial=140/200: TPR=1 E2=0.1026 lambda=0.04095 seconds=0.818
NLS noise=0.475 trial=160/200: TPR=1 E2=0.1037 lambda=0.04942 seconds=0.802
RD noise=0 trial=140/200: TPR=1 E2=1.791e-10 lambda=0.0001 seconds=11.8
NLS noise=0.475 trial=180/200: TPR=1 E2=0.09788 lambda=0.04942 seconds=0.848
NLS noise=0.475 trial=200/200: TPR=1 E2=0.1068 lambda=0.04095 seconds=0.76
NS noise=0.025 trial=100/200: TPR=1 E2=0.0007817 lambda=0.0007906 seconds=3.2
NLS noise=0.5 trial=40/200: TPR=0.625 E2=0.4836 lambda=0.05964 seconds=0.803
NLS noise=0.5 trial=60/200: TPR=1 E2=0.1056 lambda=0.04942 seconds=0.885
NLS noise=0.5 trial=80/200: TPR=1 E2=0.1103 lambda=0.04942 seconds=0.798
NLS noise=0.5 trial=100/200: TPR=0.8571 E2=0.1573 lambda=0.04095 seconds=0.777
NS noise=0.025 trial=120/200: TPR=1 E2=0.0007762 lambda=0.001151 seconds=3.18
NLS noise=0.5 trial=120/200: TPR=1 E2=0.1152 lambda=0.04095 seconds=0.824
NLS noise=0.5 trial=140/200: TPR=1 E2=0.09529 lambda=0.04942 seconds=0.796
NLS noise=0.5 trial=160/200: TPR=1 E2=0.1111 lambda=0.05964 seconds=0.81
NLS noise=0.5 trial=180/200: TPR=1 E2=0.09955 lambda=0.04942 seconds=0.858
NS noise=0.025 trial=140/200: TPR=1 E2=0.000827 lambda=0.0006551 seconds=3.15
NLS noise=0.5 trial=200/200: TPR=1 E2=0.1056 lambda=0.04095 seconds=0.742
NLS noise=0.525 trial=1/200: TPR=0.8571 E2=0.148 lambda=0.04942 seconds=0.808
NLS noise=0.525 trial=20/200: TPR=0.8571 E2=0.1574 lambda=0.03393 seconds=0.887
NLS noise=0.525 trial=40/200: TPR=1 E2=0.1141 lambda=0.05964 seconds=0.904
NLS noise=0.525 trial=60/200: TPR=0.8571 E2=0.1428 lambda=0.03393 seconds=0.842
RD noise=0 trial=160/200: TPR=1 E2=1.791e-10 lambda=0.0001 seconds=11.7
NS noise=0.025 trial=160/200: TPR=1 E2=0.0007584 lambda=0.0004498 seconds=3.15
NLS noise=0.525 trial=80/200: TPR=1 E2=0.122 lambda=0.05964 seconds=0.924
NLS noise=0.525 trial=100/200: TPR=0.8571 E2=0.1622 lambda=0.03393 seconds=0.818
NLS noise=0.525 trial=120/200: TPR=1 E2=0.1122 lambda=0.05964 seconds=0.841
NLS noise=0.525 trial=140/200: TPR=1 E2=0.1118 lambda=0.04095 seconds=0.8
NLS noise=0.525 trial=160/200: TPR=1 E2=0.1149 lambda=0.04942 seconds=0.884
NS noise=0.025 trial=180/200: TPR=1 E2=0.0008426 lambda=0.0004498 seconds=3.15
NLS noise=0.525 trial=180/200: TPR=0.75 E2=0.1772 lambda=0.04095 seconds=0.832
NLS noise=0.525 trial=200/200: TPR=0.6667 E2=0.2216 lambda=0.05964 seconds=0.812
NLS noise=0.55 trial=1/200: TPR=1 E2=0.1231 lambda=0.04942 seconds=0.855
NLS noise=0.55 trial=20/200: TPR=1 E2=0.1199 lambda=0.04942 seconds=0.887
NLS noise=0.55 trial=40/200: TPR=1 E2=0.1248 lambda=0.04095 seconds=0.844
NS noise=0.025 trial=200/200: TPR=1 E2=0.0007382 lambda=0.0009541 seconds=3.16
NS noise=0.05 trial=1/200: TPR=1 E2=0.0007108 lambda=0.0004498 seconds=3.19
NLS noise=0.55 trial=60/200: TPR=1 E2=0.1334 lambda=0.04942 seconds=0.82
NLS noise=0.55 trial=80/200: TPR=0.6 E2=0.2401 lambda=0.04095 seconds=0.831
NLS noise=0.55 trial=100/200: TPR=1 E2=0.1229 lambda=0.04942 seconds=0.799
NLS noise=0.55 trial=120/200: TPR=1 E2=0.1188 lambda=0.05964 seconds=0.864
NS noise=0.05 trial=20/200: TPR=1 E2=0.0008006 lambda=0.0006551 seconds=3.18
NLS noise=0.55 trial=140/200: TPR=1 E2=0.1312 lambda=0.04942 seconds=0.872
RD noise=0 trial=180/200: TPR=1 E2=1.791e-10 lambda=0.0001 seconds=11.6
NLS noise=0.55 trial=160/200: TPR=1 E2=0.1225 lambda=0.04942 seconds=0.818
NLS noise=0.55 trial=180/200: TPR=1 E2=0.1107 lambda=0.04942 seconds=0.823
NLS noise=0.55 trial=200/200: TPR=1 E2=0.1355 lambda=0.05964 seconds=0.84
NLS noise=0.575 trial=1/200: TPR=1 E2=0.1502 lambda=0.05964 seconds=0.878
NS noise=0.05 trial=40/200: TPR=1 E2=0.001099 lambda=0.0007906 seconds=3.21
NLS noise=0.575 trial=20/200: TPR=0.8571 E2=0.1916 lambda=0.04095 seconds=0.875
NLS noise=0.575 trial=40/200: TPR=0.8571 E2=0.1803 lambda=0.04942 seconds=0.826
NLS noise=0.575 trial=60/200: TPR=1 E2=0.1391 lambda=0.04942 seconds=0.874
NLS noise=0.575 trial=80/200: TPR=1 E2=0.1371 lambda=0.07197 seconds=0.862
NS noise=0.05 trial=60/200: TPR=1 E2=0.0007438 lambda=0.0007906 seconds=3.18
NLS noise=0.575 trial=100/200: TPR=1 E2=0.1296 lambda=0.05964 seconds=1.09
NLS noise=0.575 trial=120/200: TPR=1 E2=0.1346 lambda=0.04942 seconds=0.894
NLS noise=0.575 trial=140/200: TPR=1 E2=0.148 lambda=0.04095 seconds=1
NLS noise=0.575 trial=160/200: TPR=0.75 E2=0.1572 lambda=0.04095 seconds=0.856
NS noise=0.05 trial=80/200: TPR=1 E2=0.0007775 lambda=0.0006551 seconds=3.19
NLS noise=0.575 trial=180/200: TPR=0.75 E2=0.1922 lambda=0.04095 seconds=0.884
NLS noise=0.575 trial=200/200: TPR=1 E2=0.124 lambda=0.04942 seconds=0.801
NLS noise=0.6 trial=1/200: TPR=1 E2=0.153 lambda=0.05964 seconds=0.898
RD noise=0 trial=200/200: TPR=1 E2=1.791e-10 lambda=0.0001 seconds=11.2
NLS noise=0.6 trial=20/200: TPR=0.6 E2=0.2535 lambda=0.04095 seconds=0.869
RD noise=0.025 trial=1/200: TPR=1 E2=0.001067 lambda=0.002024 seconds=12.3
NLS noise=0.6 trial=40/200: TPR=1 E2=0.1479 lambda=0.04942 seconds=0.811
NS noise=0.05 trial=100/200: TPR=1 E2=0.0008921 lambda=0.0004498 seconds=3.15
NLS noise=0.6 trial=60/200: TPR=1 E2=0.1443 lambda=0.07197 seconds=0.97
NLS noise=0.6 trial=80/200: TPR=1 E2=0.1446 lambda=0.05964 seconds=0.832
NLS noise=0.6 trial=100/200: TPR=1 E2=0.1495 lambda=0.05964 seconds=0.898
NLS noise=0.6 trial=120/200: TPR=0.75 E2=0.1735 lambda=0.04942 seconds=0.865
NS noise=0.05 trial=120/200: TPR=1 E2=0.0009966 lambda=0.0004498 seconds=3.18
NLS noise=0.6 trial=140/200: TPR=0.8571 E2=0.179 lambda=0.04942 seconds=0.891
NLS noise=0.6 trial=160/200: TPR=1 E2=0.146 lambda=0.05964 seconds=0.906
NLS noise=0.6 trial=180/200: TPR=0.8571 E2=0.2007 lambda=0.04942 seconds=0.721
NLS noise=0.6 trial=200/200: TPR=0.3077 E2=0.69 lambda=0.05964 seconds=0.872
NLS noise=0.625 trial=1/200: TPR=1 E2=0.1542 lambda=0.05964 seconds=0.96
NS noise=0.05 trial=140/200: TPR=1 E2=0.0009475 lambda=0.0005429 seconds=3.4
NLS noise=0.625 trial=20/200: TPR=0.8571 E2=0.1965 lambda=0.05964 seconds=0.813
NLS noise=0.625 trial=40/200: TPR=0.6667 E2=0.1952 lambda=0.04942 seconds=0.747
NLS noise=0.625 trial=60/200: TPR=1 E2=0.171 lambda=0.04942 seconds=0.879
NLS noise=0.625 trial=80/200: TPR=1 E2=0.1669 lambda=0.08685 seconds=0.951
NS noise=0.05 trial=160/200: TPR=1 E2=0.0006089 lambda=0.0007906 seconds=3.53
NLS noise=0.625 trial=100/200: TPR=0.6 E2=0.2083 lambda=0.03393 seconds=0.848
RD noise=0.025 trial=20/200: TPR=1 E2=0.0006433 lambda=0.0006551 seconds=11.8
NLS noise=0.625 trial=120/200: TPR=0.8571 E2=0.2399 lambda=0.05964 seconds=0.836
NLS noise=0.625 trial=140/200: TPR=0.8571 E2=0.214 lambda=0.04942 seconds=0.892
NLS noise=0.625 trial=160/200: TPR=0.75 E2=0.2483 lambda=0.04942 seconds=0.823
NS noise=0.05 trial=180/200: TPR=1 E2=0.0007384 lambda=0.0009541 seconds=3.54
NLS noise=0.625 trial=180/200: TPR=0.8571 E2=0.2393 lambda=0.05964 seconds=0.864
NLS noise=0.625 trial=200/200: TPR=1 E2=0.1632 lambda=0.07197 seconds=0.934
NLS noise=0.65 trial=1/200: TPR=0.4 E2=0.415 lambda=0.03393 seconds=0.84
NLS noise=0.65 trial=20/200: TPR=0.8571 E2=0.1948 lambda=0.05964 seconds=0.915
NLS noise=0.65 trial=40/200: TPR=0.6667 E2=0.2285 lambda=0.03393 seconds=0.823
NS noise=0.05 trial=200/200: TPR=1 E2=0.0008559 lambda=0.0005429 seconds=3.18
NS noise=0.075 trial=1/200: TPR=1 E2=0.0005205 lambda=0.0005429 seconds=3.2
NLS noise=0.65 trial=60/200: TPR=1 E2=0.1624 lambda=0.07197 seconds=0.817
NLS noise=0.65 trial=80/200: TPR=0.8571 E2=0.2584 lambda=0.08685 seconds=0.869
NLS noise=0.65 trial=100/200: TPR=0.4615 E2=0.6667 lambda=0.05964 seconds=0.834
NLS noise=0.65 trial=120/200: TPR=0.6667 E2=0.238 lambda=0.05964 seconds=0.916
NS noise=0.075 trial=20/200: TPR=1 E2=0.0006644 lambda=0.0005429 seconds=3.36
NLS noise=0.65 trial=140/200: TPR=0.6667 E2=0.2212 lambda=0.03393 seconds=0.826
NLS noise=0.65 trial=160/200: TPR=0.6 E2=0.3326 lambda=0.05964 seconds=1.02
NLS noise=0.65 trial=180/200: TPR=0.8571 E2=0.2397 lambda=0.08685 seconds=0.883
NLS noise=0.65 trial=200/200: TPR=1 E2=0.1614 lambda=0.1048 seconds=0.94
NLS noise=0.675 trial=1/200: TPR=0.6 E2=0.354 lambda=0.03393 seconds=0.9
RD noise=0.025 trial=40/200: TPR=1 E2=0.0006094 lambda=0.0009541 seconds=12.4
NS noise=0.075 trial=40/200: TPR=1 E2=0.001171 lambda=0.0009541 seconds=3.2
NLS noise=0.675 trial=20/200: TPR=0.6667 E2=0.2233 lambda=0.07197 seconds=0.861
NLS noise=0.675 trial=40/200: TPR=0.8571 E2=0.2474 lambda=0.07197 seconds=0.934
NLS noise=0.675 trial=60/200: TPR=0.5 E2=0.4299 lambda=0.05964 seconds=0.826
NLS noise=0.675 trial=80/200: TPR=0.8571 E2=0.2521 lambda=0.05964 seconds=0.804
NS noise=0.075 trial=60/200: TPR=1 E2=0.001063 lambda=0.0006551 seconds=3.38
NLS noise=0.675 trial=100/200: TPR=0.75 E2=0.3302 lambda=0.05964 seconds=0.87
NLS noise=0.675 trial=120/200: TPR=0.4615 E2=0.4315 lambda=0.04095 seconds=0.857
NLS noise=0.675 trial=140/200: TPR=0.3333 E2=0.5576 lambda=0.04095 seconds=0.88
NLS noise=0.675 trial=160/200: TPR=1 E2=0.1736 lambda=0.05964 seconds=0.89
NS noise=0.075 trial=80/200: TPR=1 E2=0.0007507 lambda=0.001389 seconds=3.21
NLS noise=0.675 trial=180/200: TPR=0.8571 E2=0.2194 lambda=0.05964 seconds=0.857
NLS noise=0.675 trial=200/200: TPR=0.6667 E2=0.2944 lambda=0.04095 seconds=0.899
NLS noise=0.7 trial=1/200: TPR=0.8571 E2=0.2812 lambda=0.04942 seconds=0.842
NLS noise=0.7 trial=20/200: TPR=0.8571 E2=0.287 lambda=0.05964 seconds=0.845
NLS noise=0.7 trial=40/200: TPR=0.8571 E2=0.2963 lambda=0.08685 seconds=0.869
NS noise=0.075 trial=100/200: TPR=1 E2=0.0006199 lambda=0.001389 seconds=3.29
NLS noise=0.7 trial=60/200: TPR=0.5 E2=0.5888 lambda=0.07197 seconds=0.878
NLS noise=0.7 trial=80/200: TPR=0.75 E2=0.2611 lambda=0.04942 seconds=0.841
RD noise=0.025 trial=60/200: TPR=1 E2=0.000825 lambda=0.0009541 seconds=11.8
NLS noise=0.7 trial=100/200: TPR=0.6 E2=0.2788 lambda=0.04942 seconds=0.819
NLS noise=0.7 trial=120/200: TPR=0.75 E2=0.3244 lambda=0.05964 seconds=0.907
NS noise=0.075 trial=120/200: TPR=1 E2=0.001107 lambda=0.0007906 seconds=3.19
NLS noise=0.7 trial=140/200: TPR=0.8571 E2=0.2771 lambda=0.08685 seconds=0.874
NLS noise=0.7 trial=160/200: TPR=0.75 E2=0.3504 lambda=0.05964 seconds=0.817
NLS noise=0.7 trial=180/200: TPR=0.75 E2=0.3312 lambda=0.04095 seconds=0.908
NLS noise=0.7 trial=200/200: TPR=1 E2=0.1972 lambda=0.07197 seconds=0.891
NLS noise=0.725 trial=1/200: TPR=0.75 E2=0.3376 lambda=0.05964 seconds=0.844
NS noise=0.075 trial=140/200: TPR=1 E2=0.0007557 lambda=0.0006551 seconds=3.41
NLS noise=0.725 trial=20/200: TPR=0.5455 E2=0.3337 lambda=0.04942 seconds=0.978
NLS noise=0.725 trial=40/200: TPR=0.4286 E2=0.5308 lambda=0.07197 seconds=0.89
NLS noise=0.725 trial=60/200: TPR=0.75 E2=0.3021 lambda=0.04942 seconds=0.949
NLS noise=0.725 trial=80/200: TPR=0.6667 E2=0.264 lambda=0.04942 seconds=0.81
NS noise=0.075 trial=160/200: TPR=1 E2=0.0008248 lambda=0.0009541 seconds=3.35
NLS noise=0.725 trial=100/200: TPR=0.3529 E2=0.4887 lambda=0.04942 seconds=1.01
NLS noise=0.725 trial=120/200: TPR=0.8571 E2=0.2911 lambda=0.04942 seconds=0.818
NLS noise=0.725 trial=140/200: TPR=0.4615 E2=0.535 lambda=0.04942 seconds=0.949
NLS noise=0.725 trial=160/200: TPR=0.6667 E2=0.2655 lambda=0.05964 seconds=0.911
NS noise=0.075 trial=180/200: TPR=1 E2=0.001244 lambda=0.0005429 seconds=3.94
NLS noise=0.725 trial=180/200: TPR=0.6667 E2=0.4304 lambda=0.05964 seconds=0.843
RD noise=0.025 trial=80/200: TPR=1 E2=0.000724 lambda=0.001677 seconds=11.7
NLS noise=0.725 trial=200/200: TPR=0.4286 E2=0.397 lambda=0.04095 seconds=0.87
NLS noise=0.75 trial=1/200: TPR=0.4615 E2=0.4726 lambda=0.04942 seconds=0.932
NLS noise=0.75 trial=20/200: TPR=0.6667 E2=0.2966 lambda=0.04942 seconds=0.843
NLS noise=0.75 trial=40/200: TPR=0.5556 E2=0.5243 lambda=0.07197 seconds=0.888
NS noise=0.075 trial=200/200: TPR=1 E2=0.00104 lambda=0.0007906 seconds=3.36
NLS noise=0.75 trial=60/200: TPR=0.5 E2=0.3986 lambda=0.04942 seconds=0.972
NS noise=0.1 trial=1/200: TPR=1 E2=0.001332 lambda=0.001677 seconds=3.23
NLS noise=0.75 trial=80/200: TPR=0.6667 E2=0.308 lambda=0.05964 seconds=0.801
NLS noise=0.75 trial=100/200: TPR=1 E2=0.2271 lambda=0.08685 seconds=0.886
NLS noise=0.75 trial=120/200: TPR=0.6667 E2=0.4621 lambda=0.04942 seconds=0.86
NS noise=0.1 trial=20/200: TPR=1 E2=0.0009585 lambda=0.0007906 seconds=3.42
NLS noise=0.75 trial=140/200: TPR=0.6667 E2=0.3136 lambda=0.07197 seconds=0.802
NLS noise=0.75 trial=160/200: TPR=0.6667 E2=0.3206 lambda=0.05964 seconds=0.853
NLS noise=0.75 trial=180/200: TPR=0.5 E2=0.5416 lambda=0.05964 seconds=0.802
NLS noise=0.75 trial=200/200: TPR=0.6667 E2=0.3789 lambda=0.08685 seconds=0.94
NLS noise=0.775 trial=1/200: TPR=0.75 E2=0.4096 lambda=0.05964 seconds=0.946
NS noise=0.1 trial=40/200: TPR=1 E2=0.0008084 lambda=0.002442 seconds=3.21
NLS noise=0.775 trial=20/200: TPR=0.75 E2=0.3804 lambda=0.05964 seconds=0.907
NLS noise=0.775 trial=40/200: TPR=0.8571 E2=0.3128 lambda=0.08685 seconds=0.898
NLS noise=0.775 trial=60/200: TPR=0.75 E2=0.4333 lambda=0.05964 seconds=0.871
NLS noise=0.775 trial=80/200: TPR=0.8571 E2=0.3461 lambda=0.1048 seconds=0.933
RD noise=0.025 trial=100/200: TPR=1 E2=0.0008186 lambda=0.002947 seconds=11.8
NS noise=0.1 trial=60/200: TPR=1 E2=0.001151 lambda=0.002024 seconds=3.35
NLS noise=0.775 trial=100/200: TPR=0.6 E2=0.4103 lambda=0.04095 seconds=0.825
NLS noise=0.775 trial=120/200: TPR=0.8571 E2=0.3262 lambda=0.07197 seconds=0.877
NLS noise=0.775 trial=140/200: TPR=0.75 E2=0.3096 lambda=0.04942 seconds=0.833
NLS noise=0.775 trial=160/200: TPR=0.4286 E2=0.4148 lambda=0.04942 seconds=1.05
NS noise=0.1 trial=80/200: TPR=1 E2=0.0009964 lambda=0.0007906 seconds=3.21
NLS noise=0.775 trial=180/200: TPR=0.6 E2=0.3297 lambda=0.05964 seconds=0.847
NLS noise=0.775 trial=200/200: TPR=0.4286 E2=0.4499 lambda=0.03393 seconds=0.952
NLS noise=0.8 trial=1/200: TPR=0.8571 E2=0.3592 lambda=0.1048 seconds=0.926
NLS noise=0.8 trial=20/200: TPR=0.5556 E2=0.5278 lambda=0.07197 seconds=0.908
NLS noise=0.8 trial=40/200: TPR=0.4615 E2=0.4415 lambda=0.05964 seconds=0.88
NS noise=0.1 trial=100/200: TPR=1 E2=0.0008704 lambda=0.0009541 seconds=3.36
NLS noise=0.8 trial=60/200: TPR=0.3125 E2=0.9372 lambda=0.05964 seconds=0.953
NLS noise=0.8 trial=80/200: TPR=0.2941 E2=0.7592 lambda=0.05964 seconds=0.868
NLS noise=0.8 trial=100/200: TPR=0.6 E2=0.3332 lambda=0.05964 seconds=0.87
NLS noise=0.8 trial=120/200: TPR=0.4286 E2=0.5485 lambda=0.05964 seconds=0.986
NS noise=0.1 trial=120/200: TPR=1 E2=0.001111 lambda=0.001677 seconds=3.19
NLS noise=0.8 trial=140/200: TPR=0.75 E2=0.3186 lambda=0.05964 seconds=0.809
NLS noise=0.8 trial=160/200: TPR=0.75 E2=0.4197 lambda=0.07197 seconds=0.807
RD noise=0.025 trial=120/200: TPR=1 E2=0.0006385 lambda=0.002024 seconds=11.8
NLS noise=0.8 trial=180/200: TPR=0.2 E2=1.513 lambda=0.02812 seconds=0.907
NLS noise=0.8 trial=200/200: TPR=0.6 E2=0.4871 lambda=0.05964 seconds=0.891
NLS noise=0.825 trial=1/200: TPR=0.75 E2=0.4233 lambda=0.05964 seconds=0.861
NS noise=0.1 trial=140/200: TPR=1 E2=0.0007476 lambda=0.001151 seconds=3.44
NLS noise=0.825 trial=20/200: TPR=0.5455 E2=0.4695 lambda=0.05964 seconds=0.876
NLS noise=0.825 trial=40/200: TPR=0.2857 E2=0.6283 lambda=0.0233 seconds=0.86
NLS noise=0.825 trial=60/200: TPR=0.6667 E2=0.3773 lambda=0.05964 seconds=0.826
NLS noise=0.825 trial=80/200: TPR=0.4286 E2=0.555 lambda=0.07197 seconds=0.899
NS noise=0.1 trial=160/200: TPR=1 E2=0.0005778 lambda=0.001389 seconds=3.19
NLS noise=0.825 trial=100/200: TPR=0.5455 E2=0.5473 lambda=0.05964 seconds=0.826
NLS noise=0.825 trial=120/200: TPR=0.6 E2=0.311 lambda=0.07197 seconds=0.907
NLS noise=0.825 trial=140/200: TPR=0.6 E2=0.304 lambda=0.07197 seconds=1.05
NLS noise=0.825 trial=160/200: TPR=0.8571 E2=0.3982 lambda=0.1265 seconds=0.879
NS noise=0.1 trial=180/200: TPR=1 E2=0.001264 lambda=0.001151 seconds=3.31
NLS noise=0.825 trial=180/200: TPR=0.75 E2=0.4296 lambda=0.07197 seconds=1.06
NLS noise=0.825 trial=200/200: TPR=0.5455 E2=0.3861 lambda=0.05964 seconds=0.905
NLS noise=0.85 trial=1/200: TPR=0.75 E2=0.4497 lambda=0.08685 seconds=0.823
NLS noise=0.85 trial=20/200: TPR=0.6667 E2=0.4349 lambda=0.04942 seconds=0.963
NLS noise=0.85 trial=40/200: TPR=0.6 E2=0.4605 lambda=0.07197 seconds=0.862
NS noise=0.1 trial=200/200: TPR=1 E2=0.001009 lambda=0.001389 seconds=3.2
RD noise=0.025 trial=140/200: TPR=1 E2=0.0009134 lambda=0.001677 seconds=11.9
NS noise=0.125 trial=1/200: TPR=1 E2=0.0009522 lambda=0.0009541 seconds=3.31
NLS noise=0.85 trial=60/200: TPR=0.3529 E2=0.5953 lambda=0.05964 seconds=0.995
NLS noise=0.85 trial=80/200: TPR=0.5455 E2=0.5774 lambda=0.07197 seconds=0.889
NLS noise=0.85 trial=100/200: TPR=0.75 E2=0.4295 lambda=0.08685 seconds=0.927
NLS noise=0.85 trial=120/200: TPR=0.1935 E2=1.216 lambda=0.04095 seconds=0.933
NS noise=0.125 trial=20/200: TPR=1 E2=0.001357 lambda=0.002024 seconds=3.65
NLS noise=0.85 trial=140/200: TPR=0.6 E2=0.4662 lambda=0.04942 seconds=0.921
NLS noise=0.85 trial=160/200: TPR=0.375 E2=0.6211 lambda=0.05964 seconds=0.837
NLS noise=0.85 trial=180/200: TPR=0.75 E2=0.4839 lambda=0.05964 seconds=0.899
NLS noise=0.85 trial=200/200: TPR=0.3 E2=0.4791 lambda=0.03393 seconds=0.886
NLS noise=0.875 trial=1/200: TPR=0.6 E2=0.4102 lambda=0.05964 seconds=0.873
NS noise=0.125 trial=40/200: TPR=1 E2=0.0003285 lambda=0.0009541 seconds=3.64
NLS noise=0.875 trial=20/200: TPR=0.6 E2=0.5303 lambda=0.04942 seconds=0.822
NLS noise=0.875 trial=40/200: TPR=0.4286 E2=0.5786 lambda=0.04095 seconds=0.845
NLS noise=0.875 trial=60/200: TPR=0.3333 E2=0.8819 lambda=0.05964 seconds=0.925
NLS noise=0.875 trial=80/200: TPR=0.4 E2=0.5985 lambda=0.04942 seconds=0.856
NS noise=0.125 trial=60/200: TPR=1 E2=0.0007236 lambda=0.001677 seconds=3.74
NLS noise=0.875 trial=100/200: TPR=0.4 E2=0.5834 lambda=0.04095 seconds=0.82
NLS noise=0.875 trial=120/200: TPR=0.6 E2=0.3324 lambda=0.07197 seconds=0.856
NLS noise=0.875 trial=140/200: TPR=0.2857 E2=0.6619 lambda=0.03393 seconds=0.861
RD noise=0.025 trial=160/200: TPR=1 E2=0.0007348 lambda=0.001389 seconds=11.8
NLS noise=0.875 trial=160/200: TPR=0.6 E2=0.3933 lambda=0.04942 seconds=0.849
NS noise=0.125 trial=80/200: TPR=1 E2=0.001075 lambda=0.001677 seconds=3.38
NLS noise=0.875 trial=180/200: TPR=0.4615 E2=0.6159 lambda=0.04942 seconds=0.807
NLS noise=0.875 trial=200/200: TPR=0.5455 E2=0.4527 lambda=0.04942 seconds=0.925
NLS noise=0.9 trial=1/200: TPR=0.6 E2=0.3537 lambda=0.05964 seconds=0.911
NLS noise=0.9 trial=20/200: TPR=0.3571 E2=1.832 lambda=0.1048 seconds=0.939
NLS noise=0.9 trial=40/200: TPR=0.4286 E2=0.6454 lambda=0.05964 seconds=0.93
NS noise=0.125 trial=100/200: TPR=1 E2=0.0007897 lambda=0.001389 seconds=3.36
NLS noise=0.9 trial=60/200: TPR=0.8571 E2=0.416 lambda=0.1048 seconds=0.931
NLS noise=0.9 trial=80/200: TPR=0.6 E2=0.5928 lambda=0.04942 seconds=0.967
NLS noise=0.9 trial=100/200: TPR=0.625 E2=0.6402 lambda=0.05964 seconds=0.943
NLS noise=0.9 trial=120/200: TPR=0.5 E2=0.6291 lambda=0.07197 seconds=0.948
NS noise=0.125 trial=120/200: TPR=1 E2=0.00127 lambda=0.001389 seconds=3.26
NLS noise=0.9 trial=140/200: TPR=0.5455 E2=0.4469 lambda=0.07197 seconds=0.87
NLS noise=0.9 trial=160/200: TPR=0.3158 E2=0.8233 lambda=0.04095 seconds=0.84
NLS noise=0.9 trial=180/200: TPR=0.375 E2=0.7538 lambda=0.05964 seconds=0.935
NLS noise=0.9 trial=200/200: TPR=0.6 E2=0.527 lambda=0.05964 seconds=0.937
NLS noise=0.925 trial=1/200: TPR=0.75 E2=0.5694 lambda=0.1048 seconds=0.861
NS noise=0.125 trial=140/200: TPR=1 E2=0.0007598 lambda=0.001677 seconds=3.32
NLS noise=0.925 trial=20/200: TPR=0.75 E2=0.4352 lambda=0.08685 seconds=0.906
RD noise=0.025 trial=180/200: TPR=1 E2=0.001023 lambda=0.002024 seconds=12.5
NLS noise=0.925 trial=40/200: TPR=0.2 E2=1.157 lambda=0.02812 seconds=0.831
NLS noise=0.925 trial=60/200: TPR=0.1818 E2=1.877 lambda=0.02812 seconds=0.849
NLS noise=0.925 trial=80/200: TPR=0.2069 E2=0.6698 lambda=0.01931 seconds=0.795
NS noise=0.125 trial=160/200: TPR=1 E2=0.0009779 lambda=0.001151 seconds=3.19
NLS noise=0.925 trial=100/200: TPR=0.5455 E2=0.4772 lambda=0.08685 seconds=0.823
NLS noise=0.925 trial=120/200: TPR=0.4615 E2=0.3999 lambda=0.04942 seconds=0.837
NLS noise=0.925 trial=140/200: TPR=0.4615 E2=0.8667 lambda=0.07197 seconds=0.874
NLS noise=0.925 trial=160/200: TPR=0.5 E2=0.5883 lambda=0.04942 seconds=0.881
NS noise=0.125 trial=180/200: TPR=1 E2=0.000902 lambda=0.002024 seconds=3.49
NLS noise=0.925 trial=180/200: TPR=0.6 E2=0.4558 lambda=0.08685 seconds=0.827
NLS noise=0.925 trial=200/200: TPR=0.3333 E2=1 lambda=0.04942 seconds=0.894
NLS noise=0.95 trial=1/200: TPR=0.75 E2=0.5164 lambda=0.07197 seconds=0.952
NLS noise=0.95 trial=20/200: TPR=0.4 E2=0.8022 lambda=0.05964 seconds=0.915
NLS noise=0.95 trial=40/200: TPR=0.3158 E2=1.133 lambda=0.04095 seconds=0.888
NS noise=0.125 trial=200/200: TPR=1 E2=0.0009885 lambda=0.001389 seconds=3.2
NS noise=0.15 trial=1/200: TPR=1 E2=0.000602 lambda=0.002024 seconds=3.16
NLS noise=0.95 trial=60/200: TPR=0.3 E2=0.5873 lambda=0.03393 seconds=0.879
NLS noise=0.95 trial=80/200: TPR=0.1724 E2=1.71 lambda=0.04095 seconds=0.934
NLS noise=0.95 trial=100/200: TPR=0.6667 E2=0.5861 lambda=0.05964 seconds=0.857
NLS noise=0.95 trial=120/200: TPR=0.4 E2=0.5539 lambda=0.04095 seconds=0.888
RD noise=0.025 trial=200/200: TPR=1 E2=0.0004991 lambda=0.001677 seconds=11.7
NS noise=0.15 trial=20/200: TPR=1 E2=0.001047 lambda=0.002442 seconds=3.31
NLS noise=0.95 trial=140/200: TPR=0.6667 E2=0.7254 lambda=0.05964 seconds=0.865
RD noise=0.05 trial=1/200: TPR=1 E2=0.002442 lambda=0.005179 seconds=12.6
NLS noise=0.95 trial=160/200: TPR=0.1818 E2=1.791 lambda=0.02812 seconds=0.868
NLS noise=0.95 trial=180/200: TPR=0.3158 E2=0.7961 lambda=0.05964 seconds=1.02
NLS noise=0.95 trial=200/200: TPR=0.1304 E2=2.785 lambda=0.01326 seconds=0.964
NLS noise=0.975 trial=1/200: TPR=0.3158 E2=1.254 lambda=0.05964 seconds=0.893
NS noise=0.15 trial=40/200: TPR=1 E2=0.00107 lambda=0.002442 seconds=3.22
NLS noise=0.975 trial=20/200: TPR=0.2857 E2=0.508 lambda=0.02812 seconds=0.878
NLS noise=0.975 trial=40/200: TPR=0.3 E2=0.9082 lambda=0.05964 seconds=0.892
NLS noise=0.975 trial=60/200: TPR=0.75 E2=0.6065 lambda=0.07197 seconds=0.924
NLS noise=0.975 trial=80/200: TPR=0.2308 E2=1.495 lambda=0.03393 seconds=0.888
NS noise=0.15 trial=60/200: TPR=1 E2=0.0005862 lambda=0.002442 seconds=3.2
NLS noise=0.975 trial=100/200: TPR=0.6 E2=0.5554 lambda=0.1048 seconds=0.889
NLS noise=0.975 trial=120/200: TPR=0.6667 E2=0.8169 lambda=0.08685 seconds=0.833
NLS noise=0.975 trial=140/200: TPR=0.2222 E2=1.193 lambda=0.03393 seconds=0.86
NLS noise=0.975 trial=160/200: TPR=0.3571 E2=0.7114 lambda=0.07197 seconds=0.959
NS noise=0.15 trial=80/200: TPR=1 E2=0.0009804 lambda=0.002024 seconds=3.34
NLS noise=0.975 trial=180/200: TPR=0.5556 E2=0.7115 lambda=0.07197 seconds=0.902
NLS noise=0.975 trial=200/200: TPR=0.3158 E2=0.8154 lambda=0.04095 seconds=0.833
NLS noise=1 trial=40/200: TPR=0.4167 E2=0.7314 lambda=0.05964 seconds=0.904
RD noise=0.05 trial=20/200: TPR=1 E2=0.00273 lambda=0.003556 seconds=12.4
NLS noise=1 trial=60/200: TPR=0.4 E2=0.6138 lambda=0.03393 seconds=0.807
NS noise=0.15 trial=100/200: TPR=1 E2=0.0004632 lambda=0.002024 seconds=3.37
NLS noise=1 trial=80/200: TPR=0.4 E2=1.12 lambda=0.07197 seconds=0.791
NLS noise=1 trial=100/200: TPR=0.6 E2=0.4967 lambda=0.05964 seconds=0.855
NLS noise=1 trial=120/200: TPR=0.2857 E2=1.48 lambda=0.04942 seconds=0.955
NLS noise=1 trial=140/200: TPR=0.4286 E2=0.4706 lambda=0.04942 seconds=0.88
NS noise=0.15 trial=120/200: TPR=1 E2=0.001032 lambda=0.001677 seconds=3.93
NLS noise=1 trial=160/200: TPR=0.375 E2=0.5935 lambda=0.04095 seconds=0.885
NLS noise=1 trial=180/200: TPR=0.4 E2=1.039 lambda=0.07197 seconds=0.953
NLS noise=1 trial=200/200: TPR=0.1935 E2=2.047 lambda=0.0233 seconds=0.884
Completed NLS
SG noise=0 trial=1/200: TPR=1 E2=2.746e-05 lambda=0.0001 seconds=4.34
NS noise=0.15 trial=140/200: TPR=1 E2=0.001691 lambda=0.002947 seconds=3.5
SG noise=0 trial=20/200: TPR=1 E2=2.746e-05 lambda=0.0001 seconds=3.78
SG noise=0.2 trial=1/200: TPR=1 E2=0.0221 lambda=0.003556 seconds=4.15
NS noise=0.15 trial=160/200: TPR=1 E2=0.0009611 lambda=0.002024 seconds=3.41
RD noise=0.05 trial=40/200: TPR=1 E2=0.002219 lambda=0.003556 seconds=12.7
SG noise=0.2 trial=20/200: TPR=1 E2=0.01585 lambda=0.004292 seconds=4.12
SG noise=0.5 trial=1/200: TPR=1 E2=0.123 lambda=0.006251 seconds=4.54
NS noise=0.15 trial=180/200: TPR=1 E2=0.001071 lambda=0.001677 seconds=3.89
NS noise=0.15 trial=200/200: TPR=1 E2=0.001576 lambda=0.002024 seconds=3.53
NS noise=0.175 trial=1/200: TPR=1 E2=0.000818 lambda=0.002024 seconds=3.41
SG noise=0.5 trial=20/200: TPR=0.6667 E2=0.5834 lambda=0.04942 seconds=4.46
SG noise=1 trial=1/200: TPR=1 E2=0.5946 lambda=0.007543 seconds=4.51
NS noise=0.175 trial=20/200: TPR=1 E2=0.0008428 lambda=0.002947 seconds=3.41
SG noise=1 trial=20/200: TPR=1 E2=0.6524 lambda=0.006251 seconds=5.17
NS noise=0.175 trial=40/200: TPR=1 E2=0.001182 lambda=0.003556 seconds=3.42
RD noise=0.05 trial=60/200: TPR=1 E2=0.001775 lambda=0.003556 seconds=12.9
SG noise=0 trial=40/200: TPR=1 E2=2.746e-05 lambda=0.0001 seconds=3.81
NS noise=0.175 trial=60/200: TPR=1 E2=0.0009387 lambda=0.001677 seconds=3.33
SG noise=0 trial=60/200: TPR=1 E2=2.746e-05 lambda=0.0001 seconds=3.7
NS noise=0.175 trial=80/200: TPR=1 E2=0.001102 lambda=0.002947 seconds=3.39
SG noise=0 trial=80/200: TPR=1 E2=2.746e-05 lambda=0.0001 seconds=3.7
NS noise=0.175 trial=100/200: TPR=1 E2=0.001092 lambda=0.003556 seconds=3.77
SG noise=0 trial=100/200: TPR=1 E2=2.746e-05 lambda=0.0001 seconds=3.73
RD noise=0.05 trial=80/200: TPR=1 E2=0.001864 lambda=0.003556 seconds=13
NS noise=0.175 trial=120/200: TPR=1 E2=0.001215 lambda=0.001677 seconds=3.62
SG noise=0 trial=120/200: TPR=1 E2=2.746e-05 lambda=0.0001 seconds=4.15
NS noise=0.175 trial=140/200: TPR=1 E2=0.0008327 lambda=0.002947 seconds=3.5
SG noise=0 trial=140/200: TPR=1 E2=2.746e-05 lambda=0.0001 seconds=3.71
NS noise=0.175 trial=160/200: TPR=1 E2=0.002044 lambda=0.001677 seconds=3.4
SG noise=0 trial=160/200: TPR=1 E2=2.746e-05 lambda=0.0001 seconds=3.76
NS noise=0.175 trial=180/200: TPR=1 E2=0.0008849 lambda=0.002024 seconds=3.41
SG noise=0 trial=180/200: TPR=1 E2=2.746e-05 lambda=0.0001 seconds=3.67
RD noise=0.05 trial=100/200: TPR=1 E2=0.002388 lambda=0.002442 seconds=12.8
NS noise=0.175 trial=200/200: TPR=1 E2=0.001515 lambda=0.002442 seconds=3.38
SG noise=0 trial=200/200: TPR=1 E2=2.746e-05 lambda=0.0001 seconds=3.86
SG noise=0.025 trial=1/200: TPR=1 E2=0.0002966 lambda=0.0001 seconds=4.34
NS noise=0.2 trial=40/200: TPR=1 E2=0.001214 lambda=0.003556 seconds=3.5
SG noise=0.025 trial=20/200: TPR=1 E2=0.0004634 lambda=0.0001758 seconds=3.77
NS noise=0.2 trial=60/200: TPR=1 E2=0.0008545 lambda=0.002947 seconds=4.03
SG noise=0.025 trial=40/200: TPR=1 E2=9.835e-05 lambda=0.0001 seconds=3.77
NS noise=0.2 trial=80/200: TPR=1 E2=0.001724 lambda=0.002442 seconds=3.39
RD noise=0.05 trial=120/200: TPR=1 E2=0.001926 lambda=0.002442 seconds=12.7
SG noise=0.025 trial=60/200: TPR=1 E2=6.996e-05 lambda=0.0001 seconds=3.77
NS noise=0.2 trial=100/200: TPR=1 E2=0.002194 lambda=0.004292 seconds=3.39
SG noise=0.025 trial=80/200: TPR=1 E2=7.005e-05 lambda=0.0001456 seconds=4.41
NS noise=0.2 trial=120/200: TPR=1 E2=0.0008023 lambda=0.002947 seconds=3.34
SG noise=0.025 trial=100/200: TPR=1 E2=0.0004596 lambda=0.0001758 seconds=3.77
NS noise=0.2 trial=140/200: TPR=1 E2=0.0008841 lambda=0.002442 seconds=3.4
SG noise=0.025 trial=120/200: TPR=1 E2=0.0004797 lambda=0.0001758 seconds=3.76
RD noise=0.05 trial=140/200: TPR=1 E2=0.002776 lambda=0.003556 seconds=12.8
NS noise=0.2 trial=160/200: TPR=1 E2=0.001618 lambda=0.003556 seconds=3.48
SG noise=0.025 trial=140/200: TPR=1 E2=0.0003992 lambda=0.0002121 seconds=3.77
NS noise=0.2 trial=180/200: TPR=1 E2=0.0008339 lambda=0.002947 seconds=3.66
NS noise=0.2 trial=200/200: TPR=1 E2=0.001479 lambda=0.002442 seconds=3.74
SG noise=0.025 trial=160/200: TPR=1 E2=0.0006267 lambda=0.0001207 seconds=3.95
NS noise=0.225 trial=1/200: TPR=1 E2=0.001392 lambda=0.005179 seconds=3.34
NS noise=0.225 trial=20/200: TPR=1 E2=0.001998 lambda=0.003556 seconds=3.41
SG noise=0.025 trial=180/200: TPR=1 E2=0.000122 lambda=0.0001 seconds=3.79
RD noise=0.05 trial=160/200: TPR=1 E2=0.002755 lambda=0.002442 seconds=12.7
NS noise=0.225 trial=40/200: TPR=1 E2=0.001248 lambda=0.005179 seconds=3.55
SG noise=0.025 trial=200/200: TPR=1 E2=0.0003038 lambda=0.0001 seconds=3.79
SG noise=0.05 trial=1/200: TPR=1 E2=0.001167 lambda=0.0003728 seconds=4.27
NS noise=0.225 trial=60/200: TPR=1 E2=0.001502 lambda=0.004292 seconds=3.58
SG noise=0.05 trial=20/200: TPR=1 E2=0.000923 lambda=0.0004498 seconds=4.49
NS noise=0.225 trial=80/200: TPR=1 E2=0.0007604 lambda=0.004292 seconds=3.39
SG noise=0.05 trial=40/200: TPR=1 E2=0.001328 lambda=0.0003728 seconds=3.82
NS noise=0.225 trial=100/200: TPR=1 E2=0.001253 lambda=0.004292 seconds=3.56
RD noise=0.05 trial=180/200: TPR=1 E2=0.002806 lambda=0.002947 seconds=12.8
SG noise=0.05 trial=60/200: TPR=1 E2=0.001254 lambda=0.0002121 seconds=3.93
NS noise=0.225 trial=120/200: TPR=1 E2=0.00111 lambda=0.002947 seconds=3.93
SG noise=0.05 trial=80/200: TPR=1 E2=0.0006212 lambda=0.0004498 seconds=4.78
NS noise=0.225 trial=140/200: TPR=1 E2=0.001267 lambda=0.003556 seconds=3.39
SG noise=0.05 trial=100/200: TPR=1 E2=0.0004987 lambda=0.0003089 seconds=3.81
NS noise=0.225 trial=160/200: TPR=0.8 E2=0.006688 lambda=0.003556 seconds=3.44
SG noise=0.05 trial=120/200: TPR=1 E2=0.0009188 lambda=0.0004498 seconds=3.85
NS noise=0.225 trial=180/200: TPR=1 E2=0.0009933 lambda=0.003556 seconds=3.38
RD noise=0.05 trial=200/200: TPR=1 E2=0.002286 lambda=0.002947 seconds=12.7
RD noise=0.075 trial=1/200: TPR=1 E2=0.004707 lambda=0.006251 seconds=13.3
SG noise=0.05 trial=140/200: TPR=1 E2=0.001049 lambda=0.0003728 seconds=4.25
NS noise=0.225 trial=200/200: TPR=1 E2=0.0004952 lambda=0.006251 seconds=3.65
NS noise=0.25 trial=1/200: TPR=1 E2=0.0007364 lambda=0.004292 seconds=3.42
SG noise=0.05 trial=160/200: TPR=1 E2=0.0003872 lambda=0.0003728 seconds=3.99
NS noise=0.25 trial=20/200: TPR=1 E2=0.00224 lambda=0.004292 seconds=3.39
SG noise=0.05 trial=180/200: TPR=1 E2=0.0007404 lambda=0.0002121 seconds=3.79
NS noise=0.25 trial=40/200: TPR=1 E2=0.001094 lambda=0.004292 seconds=3.51
RD noise=0.075 trial=20/200: TPR=1 E2=0.003999 lambda=0.007543 seconds=13.1
SG noise=0.05 trial=200/200: TPR=1 E2=0.0005882 lambda=0.000256 seconds=3.99
NS noise=0.25 trial=60/200: TPR=1 E2=0.001121 lambda=0.003556 seconds=3.9
SG noise=0.075 trial=1/200: TPR=1 E2=0.001929 lambda=0.0005429 seconds=4.49
NS noise=0.25 trial=80/200: TPR=1 E2=0.001526 lambda=0.003556 seconds=3.54
SG noise=0.075 trial=20/200: TPR=1 E2=0.002891 lambda=0.0006551 seconds=3.93
NS noise=0.25 trial=100/200: TPR=1 E2=0.000783 lambda=0.005179 seconds=3.44
SG noise=0.075 trial=40/200: TPR=1 E2=0.001431 lambda=0.0004498 seconds=4
NS noise=0.25 trial=120/200: TPR=1 E2=0.001565 lambda=0.003556 seconds=3.45
SG noise=0.075 trial=60/200: TPR=1 E2=0.003998 lambda=0.0009541 seconds=4.38
RD noise=0.075 trial=40/200: TPR=1 E2=0.004232 lambda=0.004292 seconds=13.2
NS noise=0.25 trial=140/200: TPR=1 E2=0.001317 lambda=0.005179 seconds=3.49
SG noise=0.075 trial=80/200: TPR=1 E2=0.0004385 lambda=0.0007906 seconds=4.06
NS noise=0.25 trial=160/200: TPR=1 E2=0.0009512 lambda=0.005179 seconds=3.36
SG noise=0.075 trial=100/200: TPR=1 E2=0.003326 lambda=0.0007906 seconds=3.93
NS noise=0.25 trial=180/200: TPR=1 E2=0.0013 lambda=0.005179 seconds=3.54
SG noise=0.075 trial=120/200: TPR=1 E2=0.002463 lambda=0.0004498 seconds=4.27
NS noise=0.25 trial=200/200: TPR=1 E2=0.001335 lambda=0.005179 seconds=3.87
NS noise=0.275 trial=1/200: TPR=1 E2=0.00181 lambda=0.005179 seconds=3.59
RD noise=0.075 trial=60/200: TPR=1 E2=0.004714 lambda=0.005179 seconds=13.2
SG noise=0.075 trial=140/200: TPR=1 E2=0.001661 lambda=0.0009541 seconds=4.01
NS noise=0.275 trial=20/200: TPR=1 E2=0.0009773 lambda=0.004292 seconds=3.59
SG noise=0.075 trial=160/200: TPR=1 E2=0.002503 lambda=0.0009541 seconds=4.03
NS noise=0.275 trial=40/200: TPR=1 E2=0.001568 lambda=0.006251 seconds=3.41
SG noise=0.075 trial=180/200: TPR=1 E2=0.001678 lambda=0.001151 seconds=4.04
NS noise=0.275 trial=60/200: TPR=1 E2=0.002678 lambda=0.005179 seconds=3.42
SG noise=0.075 trial=200/200: TPR=1 E2=0.002734 lambda=0.0007906 seconds=3.98
SG noise=0.1 trial=1/200: TPR=1 E2=0.007149 lambda=0.001389 seconds=3.99
NS noise=0.275 trial=80/200: TPR=1 E2=0.001353 lambda=0.006251 seconds=3.41
RD noise=0.075 trial=80/200: TPR=1 E2=0.003751 lambda=0.009103 seconds=14
NS noise=0.275 trial=100/200: TPR=1 E2=0.001337 lambda=0.005179 seconds=3.61
SG noise=0.1 trial=20/200: TPR=1 E2=0.003092 lambda=0.001389 seconds=3.97
NS noise=0.275 trial=120/200: TPR=1 E2=0.00181 lambda=0.005179 seconds=3.54
SG noise=0.1 trial=40/200: TPR=1 E2=0.004681 lambda=0.001151 seconds=4.06
NS noise=0.275 trial=140/200: TPR=1 E2=0.002334 lambda=0.004292 seconds=3.81
SG noise=0.1 trial=60/200: TPR=1 E2=0.005117 lambda=0.001677 seconds=4.09
RD noise=0.075 trial=100/200: TPR=1 E2=0.004897 lambda=0.005179 seconds=14.1
NS noise=0.275 trial=160/200: TPR=1 E2=0.002091 lambda=0.005179 seconds=3.56
SG noise=0.1 trial=80/200: TPR=1 E2=0.004097 lambda=0.0009541 seconds=4.56
NS noise=0.275 trial=180/200: TPR=1 E2=0.001166 lambda=0.004292 seconds=3.37
SG noise=0.1 trial=100/200: TPR=1 E2=0.005889 lambda=0.001389 seconds=4.23
NS noise=0.275 trial=200/200: TPR=0.8 E2=0.008609 lambda=0.005179 seconds=3.37
NS noise=0.3 trial=1/200: TPR=0.8 E2=0.01028 lambda=0.004292 seconds=3.61
SG noise=0.1 trial=120/200: TPR=1 E2=0.004902 lambda=0.001151 seconds=4.06
NS noise=0.3 trial=20/200: TPR=1 E2=0.002256 lambda=0.006251 seconds=3.4
SG noise=0.1 trial=140/200: TPR=1 E2=0.003946 lambda=0.001151 seconds=3.97
RD noise=0.075 trial=120/200: TPR=1 E2=0.003855 lambda=0.006251 seconds=14
NS noise=0.3 trial=40/200: TPR=1 E2=0.002635 lambda=0.006251 seconds=3.71
SG noise=0.1 trial=160/200: TPR=1 E2=0.004331 lambda=0.001151 seconds=3.95
NS noise=0.3 trial=60/200: TPR=1 E2=0.001927 lambda=0.005179 seconds=3.58
SG noise=0.1 trial=180/200: TPR=1 E2=0.003557 lambda=0.001677 seconds=4.57
NS noise=0.3 trial=80/200: TPR=1 E2=0.001218 lambda=0.006251 seconds=3.71
NS noise=0.3 trial=100/200: TPR=0.8 E2=0.01344 lambda=0.007543 seconds=3.71
SG noise=0.1 trial=200/200: TPR=1 E2=0.002921 lambda=0.001389 seconds=4.05
SG noise=0.125 trial=1/200: TPR=1 E2=0.005048 lambda=0.002024 seconds=4.05
RD noise=0.075 trial=140/200: TPR=1 E2=0.004455 lambda=0.005179 seconds=13.6
NS noise=0.3 trial=120/200: TPR=1 E2=0.001092 lambda=0.006251 seconds=3.38
SG noise=0.125 trial=20/200: TPR=1 E2=0.007217 lambda=0.002024 seconds=4.08
NS noise=0.3 trial=140/200: TPR=1 E2=0.001381 lambda=0.006251 seconds=3.41
SG noise=0.125 trial=40/200: TPR=1 E2=0.008458 lambda=0.001389 seconds=4.12
NS noise=0.3 trial=160/200: TPR=1 E2=0.002411 lambda=0.005179 seconds=3.36
SG noise=0.125 trial=60/200: TPR=1 E2=0.007375 lambda=0.002024 seconds=3.91
NS noise=0.3 trial=180/200: TPR=0.5 E2=0.03622 lambda=0.04095 seconds=3.35
RD noise=0.075 trial=160/200: TPR=1 E2=0.004226 lambda=0.007543 seconds=13.1
SG noise=0.125 trial=80/200: TPR=1 E2=0.004511 lambda=0.001677 seconds=4.72
NS noise=0.3 trial=200/200: TPR=1 E2=0.001927 lambda=0.006251 seconds=3.42
NS noise=0.325 trial=1/200: TPR=0.5 E2=0.03683 lambda=0.04942 seconds=3.88
SG noise=0.125 trial=100/200: TPR=1 E2=0.006277 lambda=0.002024 seconds=4.03
NS noise=0.325 trial=20/200: TPR=0.4 E2=0.07046 lambda=0.01931 seconds=4.03
SG noise=0.125 trial=120/200: TPR=1 E2=0.008931 lambda=0.002024 seconds=4.01
NS noise=0.325 trial=40/200: TPR=0.8 E2=0.01353 lambda=0.004292 seconds=3.67
SG noise=0.125 trial=140/200: TPR=1 E2=0.006197 lambda=0.002024 seconds=4
NS noise=0.325 trial=60/200: TPR=0.5 E2=0.03724 lambda=0.04942 seconds=3.38
RD noise=0.075 trial=180/200: TPR=1 E2=0.004838 lambda=0.003556 seconds=13.2
NS noise=0.325 trial=80/200: TPR=0.4 E2=0.06908 lambda=0.01931 seconds=3.4
SG noise=0.125 trial=160/200: TPR=1 E2=0.006558 lambda=0.001677 seconds=4.22
NS noise=0.325 trial=100/200: TPR=1 E2=0.001085 lambda=0.007543 seconds=3.39
SG noise=0.125 trial=180/200: TPR=1 E2=0.006189 lambda=0.002024 seconds=4.77
NS noise=0.325 trial=120/200: TPR=0.8 E2=0.007498 lambda=0.004292 seconds=3.42
SG noise=0.125 trial=200/200: TPR=1 E2=0.006804 lambda=0.002024 seconds=4.2
SG noise=0.15 trial=1/200: TPR=1 E2=0.01469 lambda=0.002442 seconds=4.12
RD noise=0.075 trial=200/200: TPR=1 E2=0.004103 lambda=0.004292 seconds=13.1
NS noise=0.325 trial=140/200: TPR=0.8 E2=0.01198 lambda=0.006251 seconds=3.4
RD noise=0.1 trial=1/200: TPR=1 E2=0.009909 lambda=0.007543 seconds=13.7
SG noise=0.15 trial=20/200: TPR=1 E2=0.01292 lambda=0.002947 seconds=4.09
NS noise=0.325 trial=160/200: TPR=0.8 E2=0.01196 lambda=0.005179 seconds=3.49
SG noise=0.15 trial=40/200: TPR=1 E2=0.01134 lambda=0.002442 seconds=4.23
NS noise=0.325 trial=180/200: TPR=0.8 E2=0.01001 lambda=0.006251 seconds=3.93
SG noise=0.15 trial=60/200: TPR=1 E2=0.01131 lambda=0.002442 seconds=4.17
NS noise=0.325 trial=200/200: TPR=1 E2=0.001561 lambda=0.007543 seconds=3.68
NS noise=0.35 trial=1/200: TPR=0.5 E2=0.03512 lambda=0.04942 seconds=3.43
RD noise=0.1 trial=20/200: TPR=1 E2=0.00729 lambda=0.007543 seconds=13.5
SG noise=0.15 trial=80/200: TPR=1 E2=0.008519 lambda=0.002024 seconds=4.21
NS noise=0.35 trial=20/200: TPR=0.4 E2=0.06982 lambda=0.04942 seconds=3.42
NS noise=0.35 trial=40/200: TPR=0.4 E2=0.06941 lambda=0.01931 seconds=3.43
SG noise=0.15 trial=100/200: TPR=1 E2=0.00851 lambda=0.002947 seconds=4.05
NS noise=0.35 trial=60/200: TPR=1 E2=0.003305 lambda=0.006251 seconds=3.38
SG noise=0.15 trial=120/200: TPR=1 E2=0.009847 lambda=0.002947 seconds=4.82
NS noise=0.35 trial=80/200: TPR=0.4 E2=0.06849 lambda=0.0233 seconds=3.54
SG noise=0.15 trial=140/200: TPR=1 E2=0.009436 lambda=0.002947 seconds=4.14
RD noise=0.1 trial=40/200: TPR=1 E2=0.00676 lambda=0.009103 seconds=13.4
NS noise=0.35 trial=100/200: TPR=0.4 E2=0.06801 lambda=0.01931 seconds=3.47
SG noise=0.15 trial=160/200: TPR=1 E2=0.00874 lambda=0.001677 seconds=4.3
NS noise=0.35 trial=120/200: TPR=0.4 E2=0.06883 lambda=0.03393 seconds=3.61
SG noise=0.15 trial=180/200: TPR=1 E2=0.01155 lambda=0.002947 seconds=4.03
NS noise=0.35 trial=140/200: TPR=0.4 E2=0.06914 lambda=0.03393 seconds=3.77
SG noise=0.15 trial=200/200: TPR=1 E2=0.01267 lambda=0.002947 seconds=4.01
SG noise=0.175 trial=1/200: TPR=1 E2=0.01142 lambda=0.003556 seconds=4.11
NS noise=0.35 trial=160/200: TPR=0.4 E2=0.06828 lambda=0.04095 seconds=3.4
RD noise=0.1 trial=60/200: TPR=1 E2=0.007178 lambda=0.007543 seconds=14.3
SG noise=0.175 trial=20/200: TPR=1 E2=0.01315 lambda=0.003556 seconds=4.08
NS noise=0.35 trial=180/200: TPR=0.5 E2=0.03686 lambda=0.05964 seconds=3.4
NS noise=0.35 trial=200/200: TPR=0.4 E2=0.06932 lambda=0.0233 seconds=3.37
NS noise=0.375 trial=1/200: TPR=0.4 E2=0.06884 lambda=0.02812 seconds=3.56
SG noise=0.175 trial=40/200: TPR=1 E2=0.012 lambda=0.003556 seconds=4.14
NS noise=0.375 trial=20/200: TPR=0.5 E2=0.03762 lambda=0.05964 seconds=3.69
SG noise=0.175 trial=60/200: TPR=1 E2=0.01054 lambda=0.003556 seconds=4.41
NS noise=0.375 trial=40/200: TPR=1 E2=0.00215 lambda=0.007543 seconds=3.31
RD noise=0.1 trial=80/200: TPR=1 E2=0.008594 lambda=0.006251 seconds=13.3
SG noise=0.175 trial=80/200: TPR=1 E2=0.0115 lambda=0.002947 seconds=4.12
NS noise=0.375 trial=60/200: TPR=0.4 E2=0.06928 lambda=0.0233 seconds=3.44
SG noise=0.175 trial=100/200: TPR=1 E2=0.01557 lambda=0.002947 seconds=4.75
NS noise=0.375 trial=80/200: TPR=0.4 E2=0.06969 lambda=0.03393 seconds=3.69
SG noise=0.175 trial=120/200: TPR=1 E2=0.01442 lambda=0.002947 seconds=4.03
NS noise=0.375 trial=100/200: TPR=0.4 E2=0.06916 lambda=0.01931 seconds=3.94
SG noise=0.175 trial=140/200: TPR=1 E2=0.01403 lambda=0.003556 seconds=4.38
NS noise=0.375 trial=120/200: TPR=0.4 E2=0.06908 lambda=0.04942 seconds=3.34
RD noise=0.1 trial=100/200: TPR=1 E2=0.008841 lambda=0.01099 seconds=13.3
NS noise=0.375 trial=140/200: TPR=0.4 E2=0.06775 lambda=0.04095 seconds=3.52
SG noise=0.175 trial=160/200: TPR=1 E2=0.0132 lambda=0.002947 seconds=4.17
NS noise=0.375 trial=160/200: TPR=1 E2=0.001497 lambda=0.007543 seconds=3.36
SG noise=0.175 trial=180/200: TPR=1 E2=0.01545 lambda=0.002947 seconds=4.33
NS noise=0.375 trial=180/200: TPR=0.5 E2=0.0356 lambda=0.05964 seconds=3.41
SG noise=0.175 trial=200/200: TPR=1 E2=0.01152 lambda=0.003556 seconds=4.23
NS noise=0.375 trial=200/200: TPR=0.8 E2=0.01394 lambda=0.007543 seconds=3.42
NS noise=0.4 trial=1/200: TPR=0.4 E2=0.06787 lambda=0.03393 seconds=3.37
RD noise=0.1 trial=120/200: TPR=1 E2=0.007701 lambda=0.006251 seconds=13.4
SG noise=0.2 trial=40/200: TPR=1 E2=0.01629 lambda=0.004292 seconds=4.25
NS noise=0.4 trial=20/200: TPR=0.4 E2=0.07014 lambda=0.04942 seconds=3.43
SG noise=0.2 trial=60/200: TPR=1 E2=0.01291 lambda=0.002947 seconds=4.55
NS noise=0.4 trial=40/200: TPR=0.5 E2=0.03793 lambda=0.05964 seconds=3.44
SG noise=0.2 trial=80/200: TPR=1 E2=0.01725 lambda=0.004292 seconds=4.1
NS noise=0.4 trial=60/200: TPR=0.4 E2=0.06927 lambda=0.03393 seconds=4.24
RD noise=0.1 trial=140/200: TPR=1 E2=0.007923 lambda=0.006251 seconds=13.7
SG noise=0.2 trial=100/200: TPR=1 E2=0.01825 lambda=0.003556 seconds=4.87
NS noise=0.4 trial=80/200: TPR=0.4 E2=0.06957 lambda=0.04942 seconds=3.46
NS noise=0.4 trial=100/200: TPR=0.4 E2=0.06822 lambda=0.03393 seconds=3.4
SG noise=0.2 trial=120/200: TPR=1 E2=0.02064 lambda=0.004292 seconds=4.25
NS noise=0.4 trial=120/200: TPR=0.4 E2=0.06872 lambda=0.04095 seconds=3.39
SG noise=0.2 trial=140/200: TPR=1 E2=0.0194 lambda=0.004292 seconds=4.57
NS noise=0.4 trial=140/200: TPR=0.4 E2=0.06959 lambda=0.04095 seconds=3.34
SG noise=0.2 trial=160/200: TPR=1 E2=0.01847 lambda=0.003556 seconds=4.22
RD noise=0.1 trial=160/200: TPR=1 E2=0.008081 lambda=0.005179 seconds=14.1
NS noise=0.4 trial=160/200: TPR=0.4 E2=0.06892 lambda=0.03393 seconds=3.71
SG noise=0.2 trial=180/200: TPR=1 E2=0.0199 lambda=0.004292 seconds=4.41
NS noise=0.4 trial=180/200: TPR=0.8 E2=0.0176 lambda=0.006251 seconds=3.36
SG noise=0.2 trial=200/200: TPR=1 E2=0.0145 lambda=0.002947 seconds=4.24
SG noise=0.225 trial=1/200: TPR=1 E2=0.02392 lambda=0.004292 seconds=4.11
NS noise=0.4 trial=200/200: TPR=0.3333 E2=0.09315 lambda=0.02812 seconds=3.4
NS noise=0.425 trial=1/200: TPR=0.4 E2=0.06848 lambda=0.01099 seconds=3.56
SG noise=0.225 trial=20/200: TPR=1 E2=0.01902 lambda=0.004292 seconds=4.23
NS noise=0.425 trial=20/200: TPR=0.4 E2=0.06847 lambda=0.04095 seconds=3.56
RD noise=0.1 trial=180/200: TPR=1 E2=0.0079 lambda=0.006251 seconds=13.9
NS noise=0.425 trial=40/200: TPR=0.4 E2=0.06992 lambda=0.03393 seconds=3.83
SG noise=0.225 trial=40/200: TPR=1 E2=0.02417 lambda=0.005179 seconds=4.1
NS noise=0.425 trial=60/200: TPR=0.4 E2=0.06772 lambda=0.03393 seconds=3.39
SG noise=0.225 trial=60/200: TPR=1 E2=0.02645 lambda=0.004292 seconds=4.12
NS noise=0.425 trial=80/200: TPR=0.4 E2=0.06968 lambda=0.04942 seconds=3.5
SG noise=0.225 trial=80/200: TPR=1 E2=0.02505 lambda=0.004292 seconds=4.04
NS noise=0.425 trial=100/200: TPR=0.4 E2=0.06817 lambda=0.03393 seconds=3.35
RD noise=0.1 trial=200/200: TPR=1 E2=0.007398 lambda=0.006251 seconds=13.3
SG noise=0.225 trial=100/200: TPR=1 E2=0.02438 lambda=0.004292 seconds=4.2
RD noise=0.125 trial=1/200: TPR=1 E2=0.01088 lambda=0.01099 seconds=13.3
NS noise=0.425 trial=120/200: TPR=0.4 E2=0.06895 lambda=0.04095 seconds=3.41
SG noise=0.225 trial=120/200: TPR=1 E2=0.02302 lambda=0.004292 seconds=4.42
NS noise=0.425 trial=140/200: TPR=0.4 E2=0.06929 lambda=0.04942 seconds=3.43
SG noise=0.225 trial=140/200: TPR=1 E2=0.0226 lambda=0.005179 seconds=4.09
NS noise=0.425 trial=160/200: TPR=0.3333 E2=0.09213 lambda=0.02812 seconds=3.41
NS noise=0.425 trial=180/200: TPR=0.3333 E2=0.09195 lambda=0.02812 seconds=3.41
SG noise=0.225 trial=160/200: TPR=1 E2=0.02099 lambda=0.004292 seconds=4.72
RD noise=0.125 trial=20/200: TPR=1 E2=0.01231 lambda=0.01099 seconds=13.4
NS noise=0.425 trial=200/200: TPR=0.4 E2=0.07031 lambda=0.03393 seconds=3.34
NS noise=0.45 trial=1/200: TPR=0.4 E2=0.06677 lambda=0.04095 seconds=3.88
SG noise=0.225 trial=180/200: TPR=1 E2=0.02726 lambda=0.005179 seconds=4.15
NS noise=0.45 trial=20/200: TPR=0.3333 E2=0.09781 lambda=0.02812 seconds=3.87
SG noise=0.225 trial=200/200: TPR=1 E2=0.01858 lambda=0.003556 seconds=4.52
SG noise=0.25 trial=1/200: TPR=1 E2=0.02939 lambda=0.004292 seconds=4.88
NS noise=0.45 trial=40/200: TPR=0.4 E2=0.069 lambda=0.04942 seconds=3.89
SG noise=0.25 trial=20/200: TPR=1 E2=0.03294 lambda=0.005179 seconds=4.17
NS noise=0.45 trial=60/200: TPR=0.5 E2=0.03826 lambda=0.05964 seconds=3.54
RD noise=0.125 trial=40/200: TPR=1 E2=0.01226 lambda=0.01099 seconds=13.8
SG noise=0.25 trial=40/200: TPR=1 E2=0.02875 lambda=0.005179 seconds=4.11
NS noise=0.45 trial=80/200: TPR=0.4 E2=0.07012 lambda=0.04942 seconds=3.38
SG noise=0.25 trial=60/200: TPR=1 E2=0.02999 lambda=0.005179 seconds=4.15
NS noise=0.45 trial=100/200: TPR=0.5 E2=0.03719 lambda=0.05964 seconds=3.37
NS noise=0.45 trial=120/200: TPR=0.3333 E2=0.09399 lambda=0.0233 seconds=3.39
SG noise=0.25 trial=80/200: TPR=1 E2=0.03231 lambda=0.005179 seconds=4.38
NS noise=0.45 trial=140/200: TPR=0.4 E2=0.06883 lambda=0.05964 seconds=3.41
RD noise=0.125 trial=60/200: TPR=1 E2=0.01331 lambda=0.01099 seconds=14.2
SG noise=0.25 trial=100/200: TPR=1 E2=0.03312 lambda=0.005179 seconds=4.08
NS noise=0.45 trial=160/200: TPR=0.4 E2=0.06956 lambda=0.03393 seconds=3.38
SG noise=0.25 trial=120/200: TPR=1 E2=0.02773 lambda=0.005179 seconds=4.15
NS noise=0.45 trial=180/200: TPR=0.3333 E2=0.09052 lambda=0.0233 seconds=3.36
SG noise=0.25 trial=140/200: TPR=1 E2=0.02858 lambda=0.004292 seconds=4.24
NS noise=0.45 trial=200/200: TPR=0.4 E2=0.06856 lambda=0.03393 seconds=3.41
NS noise=0.475 trial=1/200: TPR=0.4 E2=0.06935 lambda=0.04942 seconds=3.73
SG noise=0.25 trial=160/200: TPR=1 E2=0.02434 lambda=0.005179 seconds=4.16
NS noise=0.475 trial=20/200: TPR=0.4 E2=0.0703 lambda=0.05964 seconds=4.16
RD noise=0.125 trial=80/200: TPR=1 E2=0.01183 lambda=0.009103 seconds=13.8
NS noise=0.475 trial=40/200: TPR=0.4 E2=0.07 lambda=0.04095 seconds=3.64
SG noise=0.25 trial=180/200: TPR=1 E2=0.02889 lambda=0.005179 seconds=4.25
NS noise=0.475 trial=60/200: TPR=0.4 E2=0.07024 lambda=0.04942 seconds=3.38
SG noise=0.25 trial=200/200: TPR=1 E2=0.03127 lambda=0.004292 seconds=4.13
SG noise=0.275 trial=1/200: TPR=1 E2=0.03552 lambda=0.005179 seconds=4.15
NS noise=0.475 trial=80/200: TPR=0.3333 E2=0.09865 lambda=0.0233 seconds=3.39
SG noise=0.275 trial=20/200: TPR=1 E2=0.03699 lambda=0.005179 seconds=4.46
NS noise=0.475 trial=100/200: TPR=0.4 E2=0.06928 lambda=0.04942 seconds=3.42
RD noise=0.125 trial=100/200: TPR=1 E2=0.01147 lambda=0.009103 seconds=13.5
SG noise=0.275 trial=40/200: TPR=1 E2=0.02915 lambda=0.005179 seconds=4.12
NS noise=0.475 trial=120/200: TPR=0.4 E2=0.06852 lambda=0.04942 seconds=3.39
SG noise=0.275 trial=60/200: TPR=1 E2=0.03423 lambda=0.005179 seconds=4.75
NS noise=0.475 trial=140/200: TPR=0.4 E2=0.06921 lambda=0.03393 seconds=3.39
SG noise=0.275 trial=80/200: TPR=1 E2=0.03208 lambda=0.005179 seconds=4.2
NS noise=0.475 trial=160/200: TPR=0.4 E2=0.07031 lambda=0.05964 seconds=3.38
RD noise=0.125 trial=120/200: TPR=1 E2=0.01382 lambda=0.016 seconds=13.4
NS noise=0.475 trial=180/200: TPR=0.3333 E2=0.0922 lambda=0.0233 seconds=3.47
SG noise=0.275 trial=100/200: TPR=1 E2=0.03541 lambda=0.005179 seconds=4.66
NS noise=0.475 trial=200/200: TPR=0.5 E2=0.0349 lambda=0.05964 seconds=3.53
SG noise=0.275 trial=120/200: TPR=1 E2=0.03031 lambda=0.004292 seconds=4.18
NS noise=0.5 trial=40/200: TPR=0.4 E2=0.06859 lambda=0.04095 seconds=3.6
SG noise=0.275 trial=140/200: TPR=1 E2=0.03348 lambda=0.005179 seconds=4.69
NS noise=0.5 trial=60/200: TPR=0.4 E2=0.069 lambda=0.04942 seconds=3.81
SG noise=0.275 trial=160/200: TPR=1 E2=0.03638 lambda=0.005179 seconds=4.23
RD noise=0.125 trial=140/200: TPR=1 E2=0.01011 lambda=0.01099 seconds=13.7
NS noise=0.5 trial=80/200: TPR=0.4 E2=0.0694 lambda=0.05964 seconds=3.47
SG noise=0.275 trial=180/200: TPR=1 E2=0.03295 lambda=0.005179 seconds=4.45
NS noise=0.5 trial=100/200: TPR=0.4 E2=0.0686 lambda=0.04095 seconds=3.4
NS noise=0.5 trial=120/200: TPR=0.4 E2=0.06911 lambda=0.05964 seconds=3.35
SG noise=0.275 trial=200/200: TPR=1 E2=0.0317 lambda=0.005179 seconds=4.19
SG noise=0.3 trial=1/200: TPR=1 E2=0.04036 lambda=0.006251 seconds=4.23
NS noise=0.5 trial=140/200: TPR=0.4 E2=0.06945 lambda=0.02812 seconds=3.4
SG noise=0.3 trial=20/200: TPR=1 E2=0.04333 lambda=0.005179 seconds=4.42
RD noise=0.125 trial=160/200: TPR=1 E2=0.01043 lambda=0.01099 seconds=14.2
NS noise=0.5 trial=160/200: TPR=0.4 E2=0.06898 lambda=0.05964 seconds=3.53
SG noise=0.3 trial=40/200: TPR=1 E2=0.04398 lambda=0.005179 seconds=4.45
NS noise=0.5 trial=180/200: TPR=0.4 E2=0.07133 lambda=0.02812 seconds=3.5
SG noise=0.3 trial=60/200: TPR=1 E2=0.04096 lambda=0.005179 seconds=4.41
NS noise=0.5 trial=200/200: TPR=0.4 E2=0.06817 lambda=0.04095 seconds=3.34
NS noise=0.525 trial=1/200: TPR=0.4 E2=0.07051 lambda=0.04942 seconds=3.38
SG noise=0.3 trial=80/200: TPR=1 E2=0.04294 lambda=0.005179 seconds=4.23
NS noise=0.525 trial=20/200: TPR=0.4 E2=0.06806 lambda=0.03393 seconds=3.32
RD noise=0.125 trial=180/200: TPR=1 E2=0.01216 lambda=0.01099 seconds=14.2
NS noise=0.525 trial=40/200: TPR=0.4 E2=0.06881 lambda=0.04095 seconds=3.37
SG noise=0.3 trial=100/200: TPR=1 E2=0.04243 lambda=0.006251 seconds=4.36
NS noise=0.525 trial=60/200: TPR=0.4 E2=0.06916 lambda=0.05964 seconds=3.75
SG noise=0.3 trial=120/200: TPR=1 E2=0.04595 lambda=0.006251 seconds=4.17
NS noise=0.525 trial=80/200: TPR=0.4 E2=0.07111 lambda=0.04942 seconds=3.73
SG noise=0.3 trial=140/200: TPR=1 E2=0.03844 lambda=0.005179 seconds=4.26
NS noise=0.525 trial=100/200: TPR=0.4 E2=0.06975 lambda=0.04095 seconds=3.44
SG noise=0.3 trial=160/200: TPR=1 E2=0.04137 lambda=0.005179 seconds=4.2
RD noise=0.125 trial=200/200: TPR=1 E2=0.0114 lambda=0.009103 seconds=13.3
RD noise=0.15 trial=1/200: TPR=1 E2=0.01605 lambda=0.016 seconds=13.6
NS noise=0.525 trial=120/200: TPR=0.4 E2=0.06845 lambda=0.04942 seconds=3.37
SG noise=0.3 trial=180/200: TPR=1 E2=0.04064 lambda=0.005179 seconds=4.22
NS noise=0.525 trial=140/200: TPR=0.4 E2=0.0702 lambda=0.04095 seconds=3.33
SG noise=0.3 trial=200/200: TPR=1 E2=0.04021 lambda=0.005179 seconds=4.07
NS noise=0.525 trial=160/200: TPR=0.4 E2=0.06779 lambda=0.02812 seconds=3.43
SG noise=0.325 trial=1/200: TPR=1 E2=0.04612 lambda=0.006251 seconds=4.36
NS noise=0.525 trial=180/200: TPR=0.4 E2=0.05502 lambda=0.05964 seconds=3.32
SG noise=0.325 trial=20/200: TPR=1 E2=0.05229 lambda=0.006251 seconds=4.18
RD noise=0.15 trial=20/200: TPR=1 E2=0.01733 lambda=0.016 seconds=13.6
NS noise=0.525 trial=200/200: TPR=0.4 E2=0.07065 lambda=0.04942 seconds=3.36
NS noise=0.55 trial=1/200: TPR=0.4 E2=0.0713 lambda=0.04095 seconds=3.34
SG noise=0.325 trial=40/200: TPR=1 E2=0.04473 lambda=0.005179 seconds=4.24
NS noise=0.55 trial=20/200: TPR=0.4 E2=0.06863 lambda=0.04942 seconds=3.49
SG noise=0.325 trial=60/200: TPR=1 E2=0.05498 lambda=0.006251 seconds=4.18
NS noise=0.55 trial=40/200: TPR=0.4 E2=0.07233 lambda=0.05964 seconds=3.52
SG noise=0.325 trial=80/200: TPR=1 E2=0.0457 lambda=0.005179 seconds=4.23
NS noise=0.55 trial=60/200: TPR=0.4 E2=0.07147 lambda=0.04942 seconds=3.72
RD noise=0.15 trial=40/200: TPR=1 E2=0.01526 lambda=0.016 seconds=13.8
SG noise=0.325 trial=100/200: TPR=1 E2=0.04531 lambda=0.006251 seconds=4.18
NS noise=0.55 trial=80/200: TPR=0.4 E2=0.06995 lambda=0.04942 seconds=3.62
NS noise=0.55 trial=100/200: TPR=0.4 E2=0.07072 lambda=0.05964 seconds=3.85
SG noise=0.325 trial=120/200: TPR=1 E2=0.04496 lambda=0.006251 seconds=4.18
NS noise=0.55 trial=120/200: TPR=0.4 E2=0.06903 lambda=0.04095 seconds=3.75
SG noise=0.325 trial=140/200: TPR=1 E2=0.04863 lambda=0.006251 seconds=4.25
NS noise=0.55 trial=140/200: TPR=0.4 E2=0.07051 lambda=0.04942 seconds=3.43
SG noise=0.325 trial=160/200: TPR=1 E2=0.04668 lambda=0.005179 seconds=4.33
RD noise=0.15 trial=60/200: TPR=1 E2=0.01507 lambda=0.016 seconds=14.6
NS noise=0.55 trial=160/200: TPR=0.4 E2=0.06803 lambda=0.04942 seconds=3.47
SG noise=0.325 trial=180/200: TPR=1 E2=0.04091 lambda=0.006251 seconds=4.15
NS noise=0.55 trial=180/200: TPR=0.4 E2=0.06984 lambda=0.05964 seconds=3.37
SG noise=0.325 trial=200/200: TPR=1 E2=0.039 lambda=0.006251 seconds=4.44
SG noise=0.35 trial=1/200: TPR=1 E2=0.05419 lambda=0.006251 seconds=4.51
NS noise=0.55 trial=200/200: TPR=0.4 E2=0.07012 lambda=0.05964 seconds=3.39
NS noise=0.575 trial=1/200: TPR=0.4 E2=0.06917 lambda=0.05964 seconds=3.37
NS noise=0.575 trial=20/200: TPR=0.4 E2=0.05462 lambda=0.05964 seconds=3.45
SG noise=0.35 trial=20/200: TPR=1 E2=0.04975 lambda=0.006251 seconds=4.32
RD noise=0.15 trial=80/200: TPR=1 E2=0.01636 lambda=0.016 seconds=13.6
NS noise=0.575 trial=40/200: TPR=0.4 E2=0.06795 lambda=0.02812 seconds=3.45
SG noise=0.35 trial=40/200: TPR=1 E2=0.05313 lambda=0.006251 seconds=4.43
NS noise=0.575 trial=60/200: TPR=0.4 E2=0.07033 lambda=0.04095 seconds=3.4
SG noise=0.35 trial=60/200: TPR=1 E2=0.05405 lambda=0.006251 seconds=4.32
NS noise=0.575 trial=80/200: TPR=0.4 E2=0.07046 lambda=0.05964 seconds=3.39
SG noise=0.35 trial=80/200: TPR=1 E2=0.06664 lambda=0.006251 seconds=4.4
NS noise=0.575 trial=100/200: TPR=0.4 E2=0.06764 lambda=0.04942 seconds=3.35
RD noise=0.15 trial=100/200: TPR=1 E2=0.01548 lambda=0.016 seconds=13.7
SG noise=0.35 trial=100/200: TPR=1 E2=0.05705 lambda=0.006251 seconds=4.31
NS noise=0.575 trial=120/200: TPR=0.4 E2=0.06988 lambda=0.05964 seconds=3.45
NS noise=0.575 trial=140/200: TPR=0.4 E2=0.0692 lambda=0.05964 seconds=3.92
SG noise=0.35 trial=120/200: TPR=1 E2=0.06441 lambda=0.006251 seconds=4.6
NS noise=0.575 trial=160/200: TPR=0.4 E2=0.07186 lambda=0.05964 seconds=3.54
SG noise=0.35 trial=140/200: TPR=1 E2=0.06108 lambda=0.006251 seconds=4.27
NS noise=0.575 trial=180/200: TPR=0.3333 E2=0.09775 lambda=0.04095 seconds=3.52
RD noise=0.15 trial=120/200: TPR=1 E2=0.01651 lambda=0.016 seconds=14.1
SG noise=0.35 trial=160/200: TPR=1 E2=0.05418 lambda=0.006251 seconds=4.45
NS noise=0.575 trial=200/200: TPR=0.4 E2=0.06978 lambda=0.04942 seconds=3.65
NS noise=0.6 trial=1/200: TPR=0.4 E2=0.06939 lambda=0.05964 seconds=3.35
SG noise=0.35 trial=180/200: TPR=1 E2=0.05751 lambda=0.006251 seconds=4.18
NS noise=0.6 trial=20/200: TPR=0.4 E2=0.06868 lambda=0.05964 seconds=3.58
SG noise=0.35 trial=200/200: TPR=1 E2=0.06341 lambda=0.006251 seconds=4.43
SG noise=0.375 trial=1/200: TPR=1 E2=0.06603 lambda=0.006251 seconds=4.19
NS noise=0.6 trial=40/200: TPR=0.4 E2=0.06698 lambda=0.04942 seconds=3.53
NS noise=0.6 trial=60/200: TPR=0.4 E2=0.07197 lambda=0.04095 seconds=3.3
SG noise=0.375 trial=20/200: TPR=1 E2=0.0616 lambda=0.006251 seconds=4.33
RD noise=0.15 trial=140/200: TPR=1 E2=0.01533 lambda=0.016 seconds=14.7
NS noise=0.6 trial=80/200: TPR=0.4 E2=0.06966 lambda=0.04095 seconds=3.36
SG noise=0.375 trial=40/200: TPR=1 E2=0.06382 lambda=0.006251 seconds=4.47
NS noise=0.6 trial=100/200: TPR=0.4 E2=0.06986 lambda=0.03393 seconds=3.4
SG noise=0.375 trial=60/200: TPR=1 E2=0.06565 lambda=0.006251 seconds=4.25
NS noise=0.6 trial=120/200: TPR=0.4 E2=0.06758 lambda=0.04942 seconds=3.41
SG noise=0.375 trial=80/200: TPR=1 E2=0.06049 lambda=0.006251 seconds=4.53
NS noise=0.6 trial=140/200: TPR=0.4 E2=0.07019 lambda=0.04942 seconds=3.39
RD noise=0.15 trial=160/200: TPR=1 E2=0.01695 lambda=0.016 seconds=13.8
SG noise=0.375 trial=100/200: TPR=0.75 E2=0.05437 lambda=0.002442 seconds=4.26
NS noise=0.6 trial=160/200: TPR=0.4 E2=0.05571 lambda=0.05964 seconds=3.52
NS noise=0.6 trial=180/200: TPR=0.4 E2=0.07054 lambda=0.04942 seconds=3.76
SG noise=0.375 trial=120/200: TPR=1 E2=0.07138 lambda=0.006251 seconds=4.57
NS noise=0.6 trial=200/200: TPR=0.4 E2=0.06763 lambda=0.04942 seconds=3.77
NS noise=0.625 trial=1/200: TPR=0.4 E2=0.07161 lambda=0.05964 seconds=3.43
SG noise=0.375 trial=140/200: TPR=1 E2=0.06368 lambda=0.005179 seconds=4.29
NS noise=0.625 trial=20/200: TPR=0.4 E2=0.07285 lambda=0.05964 seconds=3.43
RD noise=0.15 trial=180/200: TPR=1 E2=0.0148 lambda=0.02812 seconds=13.5
SG noise=0.375 trial=160/200: TPR=1 E2=0.05815 lambda=0.006251 seconds=4.59
NS noise=0.625 trial=40/200: TPR=0.3333 E2=0.1001 lambda=0.04095 seconds=3.39
SG noise=0.375 trial=180/200: TPR=1 E2=0.05691 lambda=0.006251 seconds=4.27
NS noise=0.625 trial=60/200: TPR=0.4 E2=0.07097 lambda=0.04095 seconds=3.38
SG noise=0.375 trial=200/200: TPR=1 E2=0.06261 lambda=0.006251 seconds=4.63
SG noise=0.4 trial=1/200: TPR=1 E2=0.07224 lambda=0.006251 seconds=4.19
NS noise=0.625 trial=80/200: TPR=0.4 E2=0.06966 lambda=0.05964 seconds=3.35
NS noise=0.625 trial=100/200: TPR=0.4 E2=0.05586 lambda=0.04942 seconds=3.37
SG noise=0.4 trial=20/200: TPR=1 E2=0.07298 lambda=0.006251 seconds=4.34
RD noise=0.15 trial=200/200: TPR=1 E2=0.01564 lambda=0.01326 seconds=13.7
RD noise=0.175 trial=1/200: TPR=1 E2=0.02365 lambda=0.01931 seconds=13.8
NS noise=0.625 trial=120/200: TPR=0.4 E2=0.07025 lambda=0.04942 seconds=3.38
SG noise=0.4 trial=40/200: TPR=1 E2=0.0733 lambda=0.006251 seconds=4.43
NS noise=0.625 trial=140/200: TPR=0.4 E2=0.06775 lambda=0.04942 seconds=3.36
SG noise=0.4 trial=60/200: TPR=1 E2=0.069 lambda=0.006251 seconds=4.22
NS noise=0.625 trial=160/200: TPR=0.4 E2=0.0718 lambda=0.04942 seconds=3.34
SG noise=0.4 trial=80/200: TPR=1 E2=0.07863 lambda=0.006251 seconds=4.44
NS noise=0.625 trial=180/200: TPR=0.4 E2=0.06671 lambda=0.04942 seconds=3.36
RD noise=0.175 trial=20/200: TPR=1 E2=0.02318 lambda=0.0233 seconds=14.6
SG noise=0.4 trial=100/200: TPR=1 E2=0.07002 lambda=0.006251 seconds=4.28
NS noise=0.625 trial=200/200: TPR=0.4 E2=0.06866 lambda=0.04942 seconds=3.38
NS noise=0.65 trial=1/200: TPR=0.4 E2=0.07157 lambda=0.04095 seconds=3.92
NS noise=0.65 trial=20/200: TPR=0.4 E2=0.05497 lambda=0.05964 seconds=3.67
SG noise=0.4 trial=120/200: TPR=1 E2=0.07206 lambda=0.006251 seconds=4.48
NS noise=0.65 trial=40/200: TPR=0.4 E2=0.06851 lambda=0.04942 seconds=3.84
SG noise=0.4 trial=140/200: TPR=1 E2=0.07581 lambda=0.006251 seconds=4.34
NS noise=0.65 trial=60/200: TPR=0.4 E2=0.07028 lambda=0.04095 seconds=3.46
RD noise=0.175 trial=40/200: TPR=1 E2=0.02135 lambda=0.01931 seconds=13.8
SG noise=0.4 trial=160/200: TPR=1 E2=0.06491 lambda=0.006251 seconds=4.38
NS noise=0.65 trial=80/200: TPR=0.4 E2=0.0546 lambda=0.05964 seconds=3.42
SG noise=0.4 trial=180/200: TPR=1 E2=0.08859 lambda=0.006251 seconds=4.34
NS noise=0.65 trial=100/200: TPR=0.4 E2=0.06954 lambda=0.04942 seconds=3.35
SG noise=0.4 trial=200/200: TPR=1 E2=0.07493 lambda=0.006251 seconds=4.38
SG noise=0.425 trial=1/200: TPR=1 E2=0.09083 lambda=0.006251 seconds=4.28
NS noise=0.65 trial=120/200: TPR=0.4 E2=0.05403 lambda=0.05964 seconds=3.33
NS noise=0.65 trial=140/200: TPR=0.4 E2=0.06957 lambda=0.04095 seconds=3.37
SG noise=0.425 trial=20/200: TPR=1 E2=0.08452 lambda=0.006251 seconds=4.36
RD noise=0.175 trial=60/200: TPR=1 E2=0.02025 lambda=0.01931 seconds=13.8
NS noise=0.65 trial=160/200: TPR=0.4 E2=0.06901 lambda=0.04095 seconds=3.37
SG noise=0.425 trial=40/200: TPR=1 E2=0.08047 lambda=0.006251 seconds=4.33
NS noise=0.65 trial=180/200: TPR=0.4 E2=0.06867 lambda=0.04095 seconds=3.33
SG noise=0.425 trial=60/200: TPR=1 E2=0.08 lambda=0.006251 seconds=4.36
NS noise=0.65 trial=200/200: TPR=0.4 E2=0.06962 lambda=0.04942 seconds=3.46
NS noise=0.675 trial=1/200: TPR=0.4 E2=0.0704 lambda=0.04942 seconds=3.33
SG noise=0.425 trial=80/200: TPR=1 E2=0.08124 lambda=0.006251 seconds=4.43
NS noise=0.675 trial=20/200: TPR=0.4 E2=0.06921 lambda=0.05964 seconds=3.51
RD noise=0.175 trial=80/200: TPR=1 E2=0.02425 lambda=0.01931 seconds=14.7
SG noise=0.425 trial=100/200: TPR=1 E2=0.08021 lambda=0.006251 seconds=4.34
NS noise=0.675 trial=40/200: TPR=0.4 E2=0.05474 lambda=0.05964 seconds=3.5
NS noise=0.675 trial=60/200: TPR=0.5 E2=0.03671 lambda=0.05964 seconds=3.57
SG noise=0.425 trial=120/200: TPR=1 E2=0.08154 lambda=0.006251 seconds=4.23
NS noise=0.675 trial=80/200: TPR=0.4 E2=0.06817 lambda=0.04942 seconds=4.04
SG noise=0.425 trial=140/200: TPR=1 E2=0.08434 lambda=0.006251 seconds=4.55
NS noise=0.675 trial=100/200: TPR=0.4 E2=0.05413 lambda=0.05964 seconds=3.93
RD noise=0.175 trial=100/200: TPR=1 E2=0.02378 lambda=0.01931 seconds=13.8
SG noise=0.425 trial=160/200: TPR=1 E2=0.07084 lambda=0.007543 seconds=4.37
NS noise=0.675 trial=120/200: TPR=0.4 E2=0.05427 lambda=0.05964 seconds=3.69
SG noise=0.425 trial=180/200: TPR=1 E2=0.07682 lambda=0.006251 seconds=4.42
NS noise=0.675 trial=140/200: TPR=0.4 E2=0.07051 lambda=0.05964 seconds=3.5
SG noise=0.425 trial=200/200: TPR=1 E2=0.07889 lambda=0.006251 seconds=4.39
NS noise=0.675 trial=160/200: TPR=0.4 E2=0.07077 lambda=0.05964 seconds=3.47
SG noise=0.45 trial=1/200: TPR=1 E2=0.09039 lambda=0.006251 seconds=4.27
NS noise=0.675 trial=180/200: TPR=0.4 E2=0.05433 lambda=0.05964 seconds=3.34
RD noise=0.175 trial=120/200: TPR=1 E2=0.02142 lambda=0.0233 seconds=13.9
SG noise=0.45 trial=20/200: TPR=1 E2=0.09897 lambda=0.006251 seconds=4.32
NS noise=0.675 trial=200/200: TPR=0.4 E2=0.07078 lambda=0.05964 seconds=3.48
NS noise=0.7 trial=1/200: TPR=0.4 E2=0.07142 lambda=0.04095 seconds=3.43
SG noise=0.45 trial=40/200: TPR=1 E2=0.08906 lambda=0.006251 seconds=4.5
NS noise=0.7 trial=20/200: TPR=0.4 E2=0.07112 lambda=0.05964 seconds=3.32
SG noise=0.45 trial=60/200: TPR=1 E2=0.1032 lambda=0.007543 seconds=4.26
NS noise=0.7 trial=40/200: TPR=0.4 E2=0.06876 lambda=0.04942 seconds=3.46
SG noise=0.45 trial=80/200: TPR=1 E2=0.09798 lambda=0.007543 seconds=4.36
NS noise=0.7 trial=60/200: TPR=0.4 E2=0.05446 lambda=0.05964 seconds=3.33
RD noise=0.175 trial=140/200: TPR=1 E2=0.02276 lambda=0.0233 seconds=13.5
NS noise=0.7 trial=80/200: TPR=0.4 E2=0.07135 lambda=0.05964 seconds=3.55
SG noise=0.45 trial=100/200: TPR=1 E2=0.09918 lambda=0.006251 seconds=4.3
NS noise=0.7 trial=100/200: TPR=0.5 E2=0.03856 lambda=0.05964 seconds=3.36
SG noise=0.45 trial=120/200: TPR=1 E2=0.09689 lambda=0.007543 seconds=4.33
NS noise=0.7 trial=120/200: TPR=0.4 E2=0.0704 lambda=0.05964 seconds=3.36
SG noise=0.45 trial=140/200: TPR=1 E2=0.09169 lambda=0.006251 seconds=4.49
NS noise=0.7 trial=140/200: TPR=0.4 E2=0.06893 lambda=0.04942 seconds=3.56
RD noise=0.175 trial=160/200: TPR=1 E2=0.02066 lambda=0.01931 seconds=15
SG noise=0.45 trial=160/200: TPR=1 E2=0.1019 lambda=0.006251 seconds=4.33
NS noise=0.7 trial=160/200: TPR=0.4 E2=0.07035 lambda=0.05964 seconds=3.66
SG noise=0.45 trial=180/200: TPR=1 E2=0.1013 lambda=0.006251 seconds=4.35
NS noise=0.7 trial=180/200: TPR=0.4 E2=0.07117 lambda=0.04942 seconds=3.96
NS noise=0.7 trial=200/200: TPR=0.4 E2=0.06946 lambda=0.04095 seconds=4.03
NS noise=0.725 trial=1/200: TPR=0.4 E2=0.0719 lambda=0.04942 seconds=3.43
SG noise=0.45 trial=200/200: TPR=1 E2=0.0931 lambda=0.006251 seconds=4.29
SG noise=0.475 trial=1/200: TPR=1 E2=0.1065 lambda=0.007543 seconds=4.41
NS noise=0.725 trial=20/200: TPR=0.4 E2=0.07094 lambda=0.04942 seconds=3.55
RD noise=0.175 trial=180/200: TPR=1 E2=0.02262 lambda=0.0233 seconds=14
SG noise=0.475 trial=20/200: TPR=1 E2=0.0972 lambda=0.007543 seconds=4.47
NS noise=0.725 trial=40/200: TPR=0.4 E2=0.07004 lambda=0.05964 seconds=3.41
SG noise=0.475 trial=40/200: TPR=1 E2=0.1094 lambda=0.007543 seconds=4.4
NS noise=0.725 trial=60/200: TPR=0.4 E2=0.0715 lambda=0.05964 seconds=3.33
SG noise=0.475 trial=60/200: TPR=1 E2=0.117 lambda=0.006251 seconds=4.73
NS noise=0.725 trial=80/200: TPR=0.5 E2=0.04006 lambda=0.07197 seconds=3.45
NS noise=0.725 trial=100/200: TPR=0.4 E2=0.05612 lambda=0.05964 seconds=3.49
SG noise=0.475 trial=80/200: TPR=1 E2=0.1111 lambda=0.006251 seconds=4.33
RD noise=0.175 trial=200/200: TPR=1 E2=0.02063 lambda=0.01931 seconds=13.9
NS noise=0.725 trial=120/200: TPR=0.4 E2=0.05356 lambda=0.04942 seconds=3.48
SG noise=0.475 trial=100/200: TPR=1 E2=0.1147 lambda=0.006251 seconds=4.62
NS noise=0.725 trial=140/200: TPR=0.4 E2=0.07078 lambda=0.04942 seconds=3.73
SG noise=0.475 trial=120/200: TPR=1 E2=0.116 lambda=0.006251 seconds=4.18
NS noise=0.725 trial=160/200: TPR=0.4 E2=0.05492 lambda=0.04942 seconds=3.59
SG noise=0.475 trial=140/200: TPR=1 E2=0.1065 lambda=0.006251 seconds=4.33
NS noise=0.725 trial=180/200: TPR=0.4 E2=0.05483 lambda=0.05964 seconds=3.59
RD noise=0.2 trial=40/200: TPR=1 E2=0.02816 lambda=0.02812 seconds=14.3
SG noise=0.475 trial=160/200: TPR=1 E2=0.1056 lambda=0.007543 seconds=4.29
NS noise=0.725 trial=200/200: TPR=0.4 E2=0.0705 lambda=0.05964 seconds=3.7
NS noise=0.75 trial=1/200: TPR=0.4 E2=0.06976 lambda=0.05964 seconds=3.56
NS noise=0.75 trial=20/200: TPR=0.4 E2=0.07096 lambda=0.04095 seconds=3.57
SG noise=0.475 trial=180/200: TPR=1 E2=0.1012 lambda=0.007543 seconds=4.72
NS noise=0.75 trial=40/200: TPR=0.4 E2=0.05518 lambda=0.05964 seconds=3.75
SG noise=0.475 trial=200/200: TPR=1 E2=0.1033 lambda=0.007543 seconds=4.35
NS noise=0.75 trial=60/200: TPR=0.4 E2=0.05508 lambda=0.05964 seconds=3.95
RD noise=0.2 trial=60/200: TPR=1 E2=0.02717 lambda=0.0233 seconds=14.4
SG noise=0.5 trial=40/200: TPR=1 E2=0.1231 lambda=0.006251 seconds=4.79
NS noise=0.75 trial=80/200: TPR=0.4 E2=0.07217 lambda=0.05964 seconds=3.88
SG noise=0.5 trial=60/200: TPR=1 E2=0.1142 lambda=0.006251 seconds=4.3
NS noise=0.75 trial=100/200: TPR=0.4 E2=0.06931 lambda=0.05964 seconds=3.71
SG noise=0.5 trial=80/200: TPR=1 E2=0.1131 lambda=0.006251 seconds=4.68
NS noise=0.75 trial=120/200: TPR=0.4 E2=0.0576 lambda=0.05964 seconds=3.51
NS noise=0.75 trial=140/200: TPR=0.4 E2=0.06841 lambda=0.05964 seconds=3.85
SG noise=0.5 trial=100/200: TPR=1 E2=0.1157 lambda=0.007543 seconds=4.69
RD noise=0.2 trial=80/200: TPR=1 E2=0.02996 lambda=0.02812 seconds=14.8
NS noise=0.75 trial=160/200: TPR=0.4 E2=0.07214 lambda=0.05964 seconds=3.46
SG noise=0.5 trial=120/200: TPR=1 E2=0.1264 lambda=0.007543 seconds=4.57
NS noise=0.75 trial=180/200: TPR=0.4 E2=0.07399 lambda=0.05964 seconds=3.45
SG noise=0.5 trial=140/200: TPR=1 E2=0.102 lambda=0.007543 seconds=4.4
NS noise=0.75 trial=200/200: TPR=0.5 E2=0.0412 lambda=0.07197 seconds=3.71
NS noise=0.775 trial=1/200: TPR=0.4 E2=0.07117 lambda=0.04095 seconds=3.4
SG noise=0.5 trial=160/200: TPR=1 E2=0.1207 lambda=0.006251 seconds=4.44
NS noise=0.775 trial=20/200: TPR=0.4 E2=0.07061 lambda=0.05964 seconds=3.65
RD noise=0.2 trial=100/200: TPR=1 E2=0.02838 lambda=0.02812 seconds=15
SG noise=0.5 trial=180/200: TPR=0.75 E2=0.1029 lambda=0.002024 seconds=4.32
NS noise=0.775 trial=40/200: TPR=0.5 E2=0.04163 lambda=0.07197 seconds=3.63
NS noise=0.775 trial=60/200: TPR=0.5 E2=0.04165 lambda=0.07197 seconds=3.91
SG noise=0.5 trial=200/200: TPR=1 E2=0.1235 lambda=0.007543 seconds=4.43
SG noise=0.525 trial=1/200: TPR=1 E2=0.1375 lambda=0.006251 seconds=4.46
NS noise=0.775 trial=80/200: TPR=0.4 E2=0.07095 lambda=0.05964 seconds=4.37
SG noise=0.525 trial=20/200: TPR=1 E2=0.1439 lambda=0.007543 seconds=4.25
NS noise=0.775 trial=100/200: TPR=0.4 E2=0.07009 lambda=0.05964 seconds=3.75
RD noise=0.2 trial=120/200: TPR=1 E2=0.02719 lambda=0.02812 seconds=14
SG noise=0.525 trial=40/200: TPR=0.75 E2=0.1132 lambda=0.002947 seconds=4.34
NS noise=0.775 trial=120/200: TPR=0.4 E2=0.07038 lambda=0.05964 seconds=3.65
SG noise=0.525 trial=60/200: TPR=1 E2=0.1338 lambda=0.007543 seconds=4.35
NS noise=0.775 trial=140/200: TPR=0.4 E2=0.07195 lambda=0.05964 seconds=3.64
SG noise=0.525 trial=80/200: TPR=0.75 E2=0.11 lambda=0.002442 seconds=4.41
NS noise=0.775 trial=160/200: TPR=0.4 E2=0.05447 lambda=0.05964 seconds=3.35
NS noise=0.775 trial=180/200: TPR=0.4 E2=0.05331 lambda=0.05964 seconds=3.34
RD noise=0.2 trial=140/200: TPR=1 E2=0.0295 lambda=0.02812 seconds=13.7
SG noise=0.525 trial=100/200: TPR=1 E2=0.1299 lambda=0.006251 seconds=4.42
NS noise=0.775 trial=200/200: TPR=0.4 E2=0.0555 lambda=0.05964 seconds=3.35
NS noise=0.8 trial=1/200: TPR=0.4 E2=0.0703 lambda=0.05964 seconds=3.73
SG noise=0.525 trial=120/200: TPR=1 E2=0.13 lambda=0.007543 seconds=4.49
NS noise=0.8 trial=20/200: TPR=0.4 E2=0.05761 lambda=0.05964 seconds=3.35
SG noise=0.525 trial=140/200: TPR=1 E2=0.1253 lambda=0.006251 seconds=4.37
NS noise=0.8 trial=40/200: TPR=0.5 E2=0.0419 lambda=0.07197 seconds=3.37
SG noise=0.525 trial=160/200: TPR=1 E2=0.1371 lambda=0.006251 seconds=4.29
NS noise=0.8 trial=60/200: TPR=0.5 E2=0.04032 lambda=0.07197 seconds=3.35
RD noise=0.2 trial=160/200: TPR=1 E2=0.02899 lambda=0.0233 seconds=14.6
NS noise=0.8 trial=80/200: TPR=0.4 E2=0.06941 lambda=0.05964 seconds=3.36
SG noise=0.525 trial=180/200: TPR=1 E2=0.1325 lambda=0.007543 seconds=4.28
NS noise=0.8 trial=100/200: TPR=0.4 E2=0.07319 lambda=0.04095 seconds=3.34
SG noise=0.525 trial=200/200: TPR=1 E2=0.1236 lambda=0.006251 seconds=4.35
SG noise=0.55 trial=1/200: TPR=1 E2=0.1387 lambda=0.007543 seconds=4.35
NS noise=0.8 trial=120/200: TPR=0.4 E2=0.07091 lambda=0.05964 seconds=3.35
SG noise=0.55 trial=20/200: TPR=1 E2=0.1323 lambda=0.006251 seconds=4.23
NS noise=0.8 trial=140/200: TPR=0.5 E2=0.03965 lambda=0.07197 seconds=3.37
RD noise=0.2 trial=180/200: TPR=1 E2=0.03003 lambda=0.02812 seconds=14.6
SG noise=0.55 trial=40/200: TPR=1 E2=0.1503 lambda=0.006251 seconds=4.29
NS noise=0.8 trial=160/200: TPR=0.4 E2=0.07039 lambda=0.04095 seconds=3.73
SG noise=0.55 trial=60/200: TPR=1 E2=0.1499 lambda=0.007543 seconds=4.64
NS noise=0.8 trial=180/200: TPR=0.4 E2=0.07172 lambda=0.05964 seconds=3.93
NS noise=0.8 trial=200/200: TPR=0.4 E2=0.07235 lambda=0.04942 seconds=3.62
NS noise=0.825 trial=1/200: TPR=0.4 E2=0.05639 lambda=0.05964 seconds=3.77
SG noise=0.55 trial=80/200: TPR=1 E2=0.1437 lambda=0.006251 seconds=4.42
NS noise=0.825 trial=20/200: TPR=0.5 E2=0.04049 lambda=0.07197 seconds=3.4
RD noise=0.2 trial=200/200: TPR=1 E2=0.03099 lambda=0.02812 seconds=14.2
SG noise=0.55 trial=100/200: TPR=1 E2=0.1609 lambda=0.006251 seconds=4.96
RD noise=0.225 trial=1/200: TPR=1 E2=0.03487 lambda=0.03393 seconds=14.4
NS noise=0.825 trial=40/200: TPR=0.5 E2=0.04097 lambda=0.05964 seconds=3.34
SG noise=0.55 trial=120/200: TPR=1 E2=0.1423 lambda=0.007543 seconds=4.5
NS noise=0.825 trial=60/200: TPR=0.5 E2=0.04307 lambda=0.07197 seconds=3.34
SG noise=0.55 trial=140/200: TPR=1 E2=0.1511 lambda=0.007543 seconds=5.37
NS noise=0.825 trial=80/200: TPR=0.5 E2=0.04042 lambda=0.07197 seconds=3.36
NS noise=0.825 trial=100/200: TPR=0.5 E2=0.04279 lambda=0.07197 seconds=3.39
SG noise=0.55 trial=160/200: TPR=1 E2=0.1383 lambda=0.007543 seconds=4.32
RD noise=0.225 trial=20/200: TPR=1 E2=0.03706 lambda=0.03393 seconds=14.3
NS noise=0.825 trial=120/200: TPR=0.5 E2=0.04266 lambda=0.07197 seconds=3.39
SG noise=0.55 trial=180/200: TPR=1 E2=0.145 lambda=0.007543 seconds=5.02
NS noise=0.825 trial=140/200: TPR=0.5 E2=0.04161 lambda=0.07197 seconds=3.37
SG noise=0.55 trial=200/200: TPR=1 E2=0.1369 lambda=0.007543 seconds=4.54
SG noise=0.575 trial=1/200: TPR=1 E2=0.1598 lambda=0.007543 seconds=4.39
NS noise=0.825 trial=160/200: TPR=0.5 E2=0.04009 lambda=0.07197 seconds=3.41
SG noise=0.575 trial=20/200: TPR=1 E2=0.163 lambda=0.007543 seconds=4.78
NS noise=0.825 trial=180/200: TPR=0.5 E2=0.0421 lambda=0.07197 seconds=3.42
RD noise=0.225 trial=40/200: TPR=1 E2=0.03528 lambda=0.03393 seconds=14.9
SG noise=0.575 trial=40/200: TPR=1 E2=0.138 lambda=0.007543 seconds=4.45
NS noise=0.825 trial=200/200: TPR=0.5 E2=0.04513 lambda=0.07197 seconds=3.44
NS noise=0.85 trial=1/200: TPR=0.4 E2=0.05781 lambda=0.05964 seconds=3.52
NS noise=0.85 trial=20/200: TPR=0.5 E2=0.04262 lambda=0.07197 seconds=3.42
SG noise=0.575 trial=60/200: TPR=1 E2=0.1455 lambda=0.007543 seconds=4.51
NS noise=0.85 trial=40/200: TPR=0.4 E2=0.06994 lambda=0.04095 seconds=3.76
SG noise=0.575 trial=80/200: TPR=1 E2=0.1616 lambda=0.007543 seconds=4.42
NS noise=0.85 trial=60/200: TPR=0.4 E2=0.07177 lambda=0.05964 seconds=3.97
RD noise=0.225 trial=60/200: TPR=1 E2=0.03624 lambda=0.03393 seconds=13.8
SG noise=0.575 trial=100/200: TPR=1 E2=0.1766 lambda=0.006251 seconds=4.45
NS noise=0.85 trial=80/200: TPR=0.5 E2=0.04097 lambda=0.07197 seconds=3.76
SG noise=0.575 trial=120/200: TPR=1 E2=0.1522 lambda=0.006251 seconds=4.39
NS noise=0.85 trial=100/200: TPR=0.4 E2=0.0701 lambda=0.05964 seconds=3.46
NS noise=0.85 trial=120/200: TPR=0.5 E2=0.04013 lambda=0.07197 seconds=3.5
SG noise=0.575 trial=140/200: TPR=1 E2=0.17 lambda=0.009103 seconds=4.4
NS noise=0.85 trial=140/200: TPR=0.4 E2=0.07317 lambda=0.05964 seconds=3.4
SG noise=0.575 trial=160/200: TPR=1 E2=0.1661 lambda=0.006251 seconds=4.42
RD noise=0.225 trial=80/200: TPR=0.875 E2=0.02354 lambda=0.009103 seconds=13.9
NS noise=0.85 trial=160/200: TPR=0.5 E2=0.04022 lambda=0.07197 seconds=3.37
SG noise=0.575 trial=180/200: TPR=1 E2=0.17 lambda=0.006251 seconds=4.36
NS noise=0.85 trial=180/200: TPR=0.5 E2=0.04082 lambda=0.07197 seconds=3.4
SG noise=0.575 trial=200/200: TPR=1 E2=0.1684 lambda=0.007543 seconds=4.31
SG noise=0.6 trial=1/200: TPR=1 E2=0.1849 lambda=0.006251 seconds=4.72
NS noise=0.85 trial=200/200: TPR=0.5 E2=0.04409 lambda=0.07197 seconds=3.38
NS noise=0.875 trial=1/200: TPR=0.5 E2=0.04116 lambda=0.07197 seconds=3.43
SG noise=0.6 trial=20/200: TPR=1 E2=0.1806 lambda=0.007543 seconds=4.5
NS noise=0.875 trial=20/200: TPR=0.5 E2=0.04037 lambda=0.07197 seconds=3.34
RD noise=0.225 trial=100/200: TPR=1 E2=0.0369 lambda=0.03393 seconds=15.5
NS noise=0.875 trial=40/200: TPR=0.5 E2=0.04433 lambda=0.08685 seconds=3.43
SG noise=0.6 trial=40/200: TPR=1 E2=0.1775 lambda=0.006251 seconds=4.39
NS noise=0.875 trial=60/200: TPR=0.5 E2=0.04059 lambda=0.08685 seconds=3.92
SG noise=0.6 trial=60/200: TPR=1 E2=0.1725 lambda=0.007543 seconds=5.2
NS noise=0.875 trial=80/200: TPR=0.4 E2=0.07132 lambda=0.05964 seconds=4.13
SG noise=0.6 trial=80/200: TPR=1 E2=0.1645 lambda=0.007543 seconds=4.84
/opt/homebrew/anaconda3/envs/pde_discovery/lib/python3.11/multiprocessing/resource_tracker.py:254: UserWarning: resource_tracker: There appear to be 5 leaked semaphore objects to clean up at shutdown
  warnings.warn('resource_tracker: There appear to be %d '
