name,noise_ratio,trials,exact_count,exact_rate,exact_ci95_low,exact_ci95_high,subset_support_rate,method,tpr_mean,tpr_sd,tpr_median,tpr_p90,e_inf_mean,e_inf_sd,e_inf_median,e_inf_p90,e2_mean,e2_sd,e2_median,e2_p90,runtime_mean,runtime_sd,runtime_median,runtime_p90,threshold_mean,threshold_sd,threshold_median,threshold_p90,regression,lasso_ratio_min,lasso_ratio_median,lasso_ratio_max,lasso_lambda_min,lasso_lambda_median,lasso_lambda_max
IB,0.0,100,100,1.0,0.9630065017930143,1.0,1.0,wsindy,1.0,0.0,1.0,1.0,4.308458611446131e-05,0.0,4.308458611446131e-05,4.308458611446131e-05,4.308458611446131e-05,0.0,4.308458611446131e-05,4.308458611446131e-05,0.025200275438837707,0.0009718418454613387,0.025344562018290162,0.026162570843007417,0.0003727593720314938,0.0,0.0003727593720314938,0.0003727593720314938,mstls,,,,,,
IB,0.0,100,0,0.0,3.469446951953614e-18,0.03699349820698568,0.0,filtered-wsindy,0.19999999999999996,5.579080615598709e-17,0.2,0.2,0.2582830280442529,5.579080615598709e-17,0.25828302804425296,0.25828302804425296,2.8896144315253984,4.463264492478967e-16,2.889614431525399,2.889614431525399,0.0214686338044703,0.0005643852522230161,0.021483749500475824,0.02220236692810431,0.0035564803062231288,4.358656730936491e-19,0.0035564803062231283,0.0035564803062231283,mstls,,,,,,
IB,0.0,100,100,1.0,0.9630065017930143,1.0,1.0,wsindy,1.0,0.0,1.0,1.0,0.001831657051947655,0.0,0.001831657051947655,0.001831657051947655,0.001831657051947655,0.0,0.001831657051947655,0.001831657051947655,0.03373080287477933,0.0010738331991932315,0.03347914601908997,0.034958674700465056,0.0017886495290574357,6.537985096404737e-19,0.001788649529057435,0.001788649529057435,lasso,0.001788649529057435,0.001788649529057435,0.001788649529057435,"{""u"": 0.0017886494569230261}","{""u"": 0.0017886494569230261}","{""u"": 0.0017886494569230261}"
IB,0.0,100,0,0.0,3.469446951953614e-18,0.03699349820698568,0.0,filtered-wsindy,0.5,0.0,0.5,0.5,0.8901845405542069,1.1158161231197418e-16,0.8901845405542068,0.8901845405542068,870.7041884088992,0.0,870.7041884088992,870.7041884088992,0.02583781670196913,0.0020404026732723547,0.025479333475232124,0.027477896062191576,0.015199110829529345,1.7434626923745965e-18,0.015199110829529346,0.015199110829529346,lasso,0.015199110829529346,0.015199110829529346,0.015199110829529346,"{""u"": 0.015165362696857292}","{""u"": 0.015165362696857292}","{""u"": 0.015165362696857292}"
IB,0.0,100,0,0.0,3.469446951953614e-18,0.03699349820698568,0.0,debiased-wsindy,0.1666666666666667,5.579080615598709e-17,0.16666666666666666,0.16666666666666666,0.012265440248098836,0.0,0.012265440248098836,0.012265440248098836,27.422706670931916,7.141223187966347e-15,27.422706670931923,27.422706670931923,0.02434918072191067,0.001052883591887672,0.024188686511479318,0.025777087057940663,0.0035564803062231288,4.358656730936491e-19,0.0035564803062231283,0.0035564803062231283,mstls,,,,,,
IB,0.0,100,0,0.0,3.469446951953614e-18,0.03699349820698568,0.0,debiased-wsindy,0.5,0.0,0.5,0.5,0.6589645953019846,1.1158161231197418e-16,0.6589645953019847,0.6589645953019847,638.5401579850188,0.0,638.5401579850188,638.5401579850188,0.03621509489952587,0.05888436328632282,0.02412733359960839,0.02565090067218989,0.016681005372000592,0.0,0.016681005372000592,0.016681005372000592,lasso,0.016681005372000592,0.016681005372000592,0.016681005372000592,"{""u"": 0.016600236610826723}","{""u"": 0.016600236610826723}","{""u"": 0.016600236610826723}"
IB,0.2,100,100,1.0,0.9630065017930143,1.0,1.0,wsindy,1.0,0.0,1.0,1.0,0.004082948865904134,0.003181661216827845,0.0034249332464030835,0.00824441112177744,0.004082948865904134,0.003181661216827845,0.0034249332464030835,0.00824441112177744,0.025754280041437597,0.002594913050537274,0.025323270994704217,0.0281429743161425,0.005127567426822657,0.0025557545734376267,0.004291934260128779,0.009102981779915217,mstls,,,,,,
IB,0.2,100,0,0.0,3.469446951953614e-18,0.03699349820698568,0.0,filtered-wsindy,0.17098809523809524,0.032517086002027656,0.16666666666666666,0.2,0.3156889454729938,0.2091940717823647,0.26402951603949004,0.7363327525661887,128.56716353366468,262.8927462021692,19.870510097853888,656.5336671598053,0.02163978386321105,0.0016109616765566095,0.021279542008414865,0.022814483963884413,0.0019344393703288776,0.0013998857866941421,0.0016768329368110067,0.0030079945629189466,mstls,,,,,,
IB,0.2,100,25,0.25,0.17545211362287672,0.34304463548061603,0.25,wsindy,0.625,0.2175970699446223,0.5,1.0,0.07786627061535331,0.06788948863885627,0.06049091053310862,0.15518476790667543,34.69587902188978,44.811708622512384,0.3773412736119669,107.2763131336302,0.03837155503802933,0.003063033802491265,0.037765479588415474,0.039739437529351565,0.013251909443696898,0.009524173261261369,0.009545484566618348,0.024201282647943835,lasso,0.002364489412645407,0.009545484566618348,0.04641588833612782,"{""u"": 0.002362483521735326}","{""u"": 0.009537598772597505}","{""u"": 0.04637313927918095}"
IB,0.2,100,0,0.0,3.469446951953614e-18,0.03699349820698568,0.0,filtered-wsindy,0.5,0.0,0.5,0.5,0.8918914139473867,0.009430827877154479,0.8921667285702849,0.9047864798078671,870.6926681269651,10.708271720177354,871.503181574252,882.9935741261129,0.02440009294077754,0.0012211836117074454,0.023889979056548327,0.026078145462088288,0.017665581553036113,0.007994174297163618,0.016681005372000592,0.02915053062825179,lasso,0.006579332246575682,0.016681005372000592,0.03853528593710531,"{""u"": 0.006561378232227764}","{""u"": 0.016634942663779774}","{""u"": 0.03845538766228645}"
IB,0.2,100,8,0.08,0.041093461484380624,0.14998107700948735,0.08,debiased-wsindy,0.33426190476190487,0.21174348295096904,0.25,0.5,0.05843906460691373,0.09723231494360007,0.05042651932996184,0.07265101894828277,26.03694169076367,100.3991130187839,12.811892241205058,43.193296429252364,0.024775188674684614,0.0010575138437994695,0.024575978924985975,0.026047274796292187,0.011780474705670936,0.010052396478964939,0.008323050921634916,0.023299518105153717,mstls,,,,,,
IB,0.2,100,0,0.0,3.469446951953614e-18,0.03699349820698568,0.0,debiased-wsindy,0.5,0.0,0.5,0.5,0.6621638990565942,0.023963392423557623,0.6629677461665524,0.6929753232395603,639.3991772888976,22.519286097607957,641.5542645301333,667.0656715549735,0.02499414167017676,0.0011484352187562132,0.024954812543001026,0.026090862718410792,0.019803772356575246,0.007031295444968905,0.018307382802953697,0.03199267137797385,lasso,0.010476157527896652,0.018307382802953697,0.04641588833612782,"{""u"": 0.010407165396476882}","{""u"": 0.018200438448226407}","{""u"": 0.0461603243229898}"
IB,0.5,100,99,0.99,0.9455138038212946,0.9982325679358593,0.99,wsindy,0.9911111111111112,0.08888888888888886,1.0,1.0,0.010977549993590352,0.009396871738892691,0.009114016565997196,0.024361944756938484,0.9406506643644553,9.299157028167869,0.009114016565997196,0.024361944756938484,0.024951520852046088,0.0025708056883872957,0.02406820806208998,0.028548582980874926,0.010067976656789825,0.00504223170684558,0.009102981779915217,0.019306977288832496,mstls,,,,,,
IB,0.5,100,0,0.0,3.469446951953614e-18,0.03699349820698568,0.0,filtered-wsindy,0.16820634920634922,0.03874219665624876,0.16666666666666666,0.20500000000000043,0.34018352358359677,0.2778575225459641,0.2580735395766161,0.8589626609697731,135.36841881714642,267.7204397771874,25.437749636395296,725.4752656011644,0.021138573797652497,0.0006577653352298667,0.021086896013002843,0.021963195956777783,0.0014041272785143325,0.0009540115055008518,0.0009540954763499944,0.0029470517025518097,mstls,,,,,,
IB,0.5,100,21,0.21,0.141656540619153,0.29979968834089865,0.21,wsindy,0.5616666666666665,0.2612829866296932,0.5,1.0,0.2621715072540081,0.2783749047721109,0.18972040488813874,0.6799141446338092,40544.01837554372,403127.2067287573,94.8643095806767,343.43962181448995,0.03899931628024206,0.001284916313564529,0.038819874986074865,0.04058397501939908,0.026996000328990702,0.016912716212040834,0.02107181871234047,0.055908101825122285,lasso,0.0054622772176843425,0.02107181871234047,0.08111308307896872,"{""u"": 0.0054094853958385905}","{""u"": 0.02094437300426044}","{""u"": 0.08017795979817818}"
IB,0.5,100,0,0.0,3.469446951953614e-18,0.03699349820698568,0.0,filtered-wsindy,0.49166666666666664,0.0365071522595984,0.5,0.5,0.8994599275492271,0.020765097169706856,0.8988902481584273,0.9241344948792523,871.3114474634064,26.300140791840324,871.6473750079349,906.5020513695717,0.02384309792309068,0.000879961041407628,0.02373085403814912,0.0246614083298482,0.023683669598345256,0.014282184252987093,0.02107181871234047,0.04270477470311831,lasso,0.0037649358067924714,0.02107181871234047,0.055908101825122285,"{""u"": 0.0037548165395423568}","{""u"": 0.020984746293418483}","{""u"": 0.055766784358874305}"
IB,0.5,100,25,0.25,0.17545211362287672,0.34304463548061603,0.25,debiased-wsindy,0.47783333333333333,0.3117692803582229,0.3333333333333333,1.0,0.05107177977792751,0.03218601885283992,0.0469255549451148,0.08907675216517252,15.590844038579794,25.008260314010474,9.754428984248506,41.03437631808284,0.024557328769005835,0.0010207900585737658,0.024451645964290947,0.025716537947300822,0.013880466222257457,0.010334693070300183,0.009102981779915217,0.02811768697974228,mstls,,,,,,
IB,0.5,100,0,0.0,3.469446951953614e-18,0.03699349820698568,0.0,debiased-wsindy,0.4983333333333333,0.01666666666666667,0.5,0.5,0.6849607232690758,0.06161482624170281,0.6780334447272078,0.7435310721671162,651.3985792350588,55.5245824273242,645.1502261433786,719.7224533522976,0.025114690120099113,0.0009770865127623589,0.024793291988316923,0.02632030376698822,0.029006601324581514,0.015421320602216614,0.026560877829466867,0.0509413801481638,lasso,0.0054622772176843425,0.026560877829466867,0.07390722033525783,"{""u"": 0.0054153668439373805}","{""u"": 0.02627323465690055}","{""u"": 0.0730701936619229}"
IB,0.75,100,100,1.0,0.9630065017930143,1.0,1.0,wsindy,1.0,0.0,1.0,1.0,0.018225456870061777,0.012932961209524207,0.015229681783322013,0.034850646594906186,0.018225456870061777,0.012932961209524207,0.015229681783322013,0.034850646594906186,0.023717943734955043,0.0004538961301729039,0.023645228997338563,0.024305358261335643,0.015301043158773873,0.00700179350787949,0.013257113655901081,0.023781334992612615,mstls,,,,,,
IB,0.75,100,0,0.0,3.469446951953614e-18,0.03699349820698568,0.0,filtered-wsindy,0.17305952380952383,0.04150009824209327,0.16666666666666666,0.2,0.38070977949607376,0.33735955189958594,0.2648833163446359,0.8668428214323425,114.61863496943278,259.97453980648606,23.865594911233046,583.765178803782,0.02122737333411351,0.000890675637242216,0.02116085449233651,0.022345662233419716,0.0015076536870422877,0.001698074977380789,0.0011513953993264468,0.0024420530945486497,mstls,,,,,,
IB,0.75,100,21,0.21,0.141656540619153,0.29979968834089865,0.21,wsindy,0.5408333333333334,0.27229307467968866,0.5,1.0,0.34990241779724435,0.2681514752062758,0.32034385973379187,0.753632313072561,61863.40502483342,615603.5312280076,189.25890019223783,499.5662964043146,0.0400188842008356,0.0014305000396967087,0.03973860404221341,0.041615454177372155,0.042425558293885654,0.02210874340264601,0.04041385734050015,0.07390722033525783,lasso,0.008697490026177835,0.04041385734050015,0.09770099572992257,"{""u"": 0.008607083699367588}","{""u"": 0.03953934176322869}","{""u"": 0.09647095922940832}"
IB,0.75,100,0,0.0,3.469446951953614e-18,0.03699349820698568,0.0,filtered-wsindy,0.47416666666666674,0.06233282918105777,0.5,0.5,0.8984334864154078,0.03296911593535222,0.8963523171739465,0.9434582321736069,232530.88209598334,2316707.281134669,863.5163814722998,906.1112943610365,0.02578738076845184,0.003343509680178809,0.02471120801055804,0.029158325272146624,0.027406843764607683,0.0167008781622009,0.024201282647943835,0.0509413801481638,lasso,0.004534878508128582,0.024201282647943835,0.07390722033525783,"{""u"": 0.004515408408233054}","{""u"": 0.024066131797987143}","{""u"": 0.0735140757731446}"
IB,0.75,100,22,0.22,0.150012823846054,0.31070353514985793,0.22,debiased-wsindy,0.4706666666666668,0.2966244815465334,0.3333333333333333,1.0,0.054018931163893426,0.0660671761295261,0.04686729120273836,0.09612710012883323,21.817649253738164,65.48197032902684,1.0187997266598443,50.218138520970605,0.02455107748741284,0.001054184986533107,0.02427912497660145,0.026247008971404286,0.012757586911395589,0.009045374523627107,0.009102981779915217,0.023299518105153717,mstls,,,,,,
IB,0.75,100,0,0.0,3.469446951953614e-18,0.03699349820698568,0.0,debiased-wsindy,0.4733333333333334,0.10249414863810766,0.5,0.5,0.6958071074308755,0.10100652825831627,0.6947970198127187,0.798362924074421,648.5557596142843,92.06412404043563,656.5023150252996,751.8014312035109,0.025484974173596128,0.0010752751947971815,0.02541791694238782,0.02695570444921032,0.03325855315223766,0.020375533256735263,0.02785570422885933,0.061359072734131756,lasso,0.007924828983539177,0.02785570422885933,0.10722672220103242,"{""u"": 0.007796724681056066}","{""u"": 0.027295831344153625}","{""u"": 0.10531504756045698}"
IB,1.0,100,99,0.99,0.9455138038212946,0.9982325679358593,0.99,wsindy,0.995,0.049999999999999996,1.0,1.0,0.021427180981257853,0.015146715525488267,0.018071732349970615,0.04609179921651903,0.021939294942507778,0.015972017277645696,0.018071732349970615,0.04666088301038899,0.02480705746100284,0.0014863908996228961,0.024325666425283998,0.02762000833172351,0.020496743924279942,0.01069248684625494,0.019306977288832496,0.033932217718953266,mstls,,,,,,
IB,1.0,100,0,0.0,3.469446951953614e-18,0.03699349820698568,0.0,filtered-wsindy,0.18080952380952384,0.04231874146251419,0.16666666666666666,0.25,0.4494894462770884,0.4332720920441591,0.2747637870321416,0.9194454678528159,105.43069245909277,237.2435191984576,30.07615525265618,113.84161093703823,0.020255066626705228,0.0010452480499123055,0.02024158404674381,0.021666349389124664,0.0017190962300109172,0.0015972518278961178,0.0011513953993264468,0.0036300257016136997,mstls,,,,,,
IB,1.0,100,5,0.05,0.02154367915436796,0.11175046923191913,0.05,wsindy,0.41666666666666674,0.20274491223908128,0.5,0.5,0.5267738801606175,0.28640350764301437,0.5430734537985084,0.9352338926383514,77815.273259593,772157.3195897298,335.56657516674636,729.1267847261663,0.040988710009260104,0.0016277204971753302,0.04107299994211644,0.042775695782620464,0.04831840059684907,0.022657361134654767,0.04641588833612782,0.08111308307896872,lasso,0.011497569953977368,0.04641588833612782,0.1291549665014884,"{""u"": 0.011155106172206544}","{""u"": 0.04463864748153064}","{""u"": 0.12513432811135466}"
IB,1.0,100,0,0.0,3.469446951953614e-18,0.03699349820698568,0.0,filtered-wsindy,0.4466666666666667,0.1075959102857225,0.5,0.5,0.9057737477616185,0.04156500106539123,0.911601649113922,0.955287025646282,1321484.1261804672,5850435.398952476,870.3919124109564,938.1339820325851,0.03279267958714627,0.010741235101047727,0.028092208027374,0.052294592303223926,0.030004094022381907,0.020243671267473066,0.024201282647943835,0.061359072734131756,lasso,0.004977023564332114,0.024201282647943835,0.08902150854450393,"{""u"": 0.004962711189531104}","{""u"": 0.023922874590176224}","{""u"": 0.08836183031442067}"
IB,1.0,100,24,0.24,0.16691325556948772,0.33232336349814473,0.24,debiased-wsindy,0.4955,0.2966503513843039,0.3333333333333333,1.0,0.059632343040097985,0.07433016409132386,0.046577699143925955,0.1032313820528489,22.942533612570934,68.2762817658622,0.38977754380632146,54.69408291314372,0.024539189094211905,0.0012200056611977174,0.024375623965170234,0.02569752580020577,0.012375671941757394,0.009358442020447753,0.009102981779915217,0.023299518105153717,mstls,,,,,,
IB,1.0,100,0,0.0,3.469446951953614e-18,0.03699349820698568,0.0,debiased-wsindy,0.485,0.0752660824341427,0.5,0.5,0.7092717604683417,0.11325978048790415,0.7129306695702162,0.848920026243322,654.1274936922672,113.02549478484417,648.7886817302335,811.336663084199,0.02566630197223276,0.0011036899891431718,0.025491499924100935,0.027195963414851577,0.04353881669091539,0.02169346304994283,0.03853528593710531,0.07390722033525783,lasso,0.0054622772176843425,0.03853528593710531,0.1176811952434999,"{""u"": 0.0053459582671873404}","{""u"": 0.03736019322529271}","{""u"": 0.11445738123006026}"
KdV,0.0,100,100,1.0,0.9630065017930143,1.0,1.0,wsindy,1.0,0.0,1.0,1.0,3.1351508145149865e-07,0.0,3.1351508145149865e-07,3.1351508145149865e-07,2.843214872372544e-07,1.0641251784512918e-22,2.843214872372543e-07,2.843214872372543e-07,0.07103627753793262,0.005465414521706503,0.06905674998415634,0.07838801697362215,0.0001,0.0,0.0001,0.0001,mstls,,,,,,
KdV,0.0,100,100,1.0,0.9630065017930143,1.0,1.0,filtered-wsindy,1.0,0.0,1.0,1.0,3.1351508145149865e-07,0.0,3.1351508145149865e-07,3.1351508145149865e-07,2.843214872372544e-07,1.0641251784512918e-22,2.843214872372543e-07,2.843214872372543e-07,0.06023256790707819,0.003103033682823653,0.059305666480213404,0.06441032915608957,0.0001,0.0,0.0001,0.0001,mstls,,,,,,
KdV,0.0,100,0,0.0,3.469446951953614e-18,0.03699349820698568,0.0,wsindy,0.5,0.0,0.5,0.5,0.01390330841904463,5.23038807712379e-18,0.013903308419044635,0.013903308419044635,0.012448837239419704,5.23038807712379e-18,0.012448837239419698,0.012448837239419698,0.11020588087500073,0.005625872450934174,0.10872818750794977,0.1172838746686466,0.0001,0.0,0.0001,0.0001,lasso,0.0001,0.0001,0.0001,"{""u"": 9.986882194759846e-05}","{""u"": 9.986882194759846e-05}","{""u"": 9.986882194759846e-05}"
KdV,0.0,100,0,0.0,3.469446951953614e-18,0.03699349820698568,0.0,filtered-wsindy,0.5,0.0,0.5,0.5,0.01390330841904463,5.23038807712379e-18,0.013903308419044635,0.013903308419044635,0.012448837239419704,5.23038807712379e-18,0.012448837239419698,0.012448837239419698,0.06419618707383051,0.002020194446582192,0.06416579196229577,0.06609110478311778,0.0001,0.0,0.0001,0.0001,lasso,0.0001,0.0001,0.0001,"{""u"": 9.986882194759846e-05}","{""u"": 9.986882194759846e-05}","{""u"": 9.986882194759846e-05}"
KdV,0.0,100,100,1.0,0.9630065017930143,1.0,1.0,debiased-wsindy,1.0,0.0,1.0,1.0,0.0013242507787614155,0.0,0.0013242507787614155,0.0013242507787614155,0.0012063550025882186,2.1793283654682456e-19,0.0012063550025882188,0.0012063550025882188,0.08583357928437181,0.00784619469554737,0.0837902085040696,0.09796899652574212,0.00021209508879201905,0.0,0.00021209508879201905,0.00021209508879201905,mstls,,,,,,
KdV,0.0,100,0,0.0,3.469446951953614e-18,0.03699349820698568,0.0,debiased-wsindy,0.5,0.0,0.5,0.5,0.014149746101445482,0.0,0.014149746101445482,0.014149746101445482,0.012681235916662415,1.7434626923745965e-18,0.012681235916662417,0.012681235916662417,0.09832557717338204,0.060068388983823294,0.0847841045469977,0.09878594665788114,0.0001,0.0,0.0001,0.0001,lasso,0.0001,0.0001,0.0001,"{""u"": 9.986848986958588e-05}","{""u"": 9.986848986958588e-05}","{""u"": 9.986848986958588e-05}"
KdV,0.2,100,98,0.98,0.929988209271456,0.9944980324498376,0.99,wsindy,0.9883333333333334,0.08292830865937384,1.0,1.0,0.027798257979387602,0.13970605813217882,0.0067105678796372525,0.01753330232820339,0.25009521845273847,2.3417735937981274,0.006011058587377707,0.015685230393621602,0.07764048122102395,0.008298274905195828,0.07492589601315558,0.09390624512452633,0.0027275566309517994,0.0020170043073871966,0.0020235896477251557,0.00438068830203903,mstls,,,,,,
KdV,0.2,100,0,0.0,3.469446951953614e-18,0.03699349820698568,0.09,filtered-wsindy,0.45730158730158726,0.0954618316853836,0.5,0.5,5.195990073551197,1.6044269585047062,5.834914575550414,5.923133059795814,4.972271930001724,1.7992860553906596,5.26262261862795,5.494203699001306,0.07540483796037734,0.021981749984865982,0.06831514596706256,0.09313682874199006,0.020752395923808894,0.015283119071110622,0.019306977288832496,0.019306977288832496,mstls,,,,,,
KdV,0.2,100,1,0.01,0.0017674320641406505,0.054486196178705315,0.01,wsindy,0.2866666666666667,0.12883837393931435,0.25,0.25,0.9273851384006855,0.24790717524354552,1.0,1.0,0.8304134642620383,0.2220055141968075,0.8954379616978054,0.8955373383886092,0.1169266049878206,0.015340728416764381,0.11373774998355657,0.12223920407705009,0.006926535991015814,0.001866873037091078,0.007220809018385471,0.007924828983539177,lasso,0.0004037017258596554,0.007220809018385471,0.007924828983539177,"{""u"": 0.0004031297700933624}","{""u"": 0.0072109051839226905}","{""u"": 0.007914023247744878}"
KdV,0.2,100,0,0.0,3.469446951953614e-18,0.03699349820698568,0.0,filtered-wsindy,0.3333333333333334,1.1158161231197418e-16,0.3333333333333333,0.3333333333333333,1.0,0.0,1.0,1.0,385.2120766896356,0.8172106005460259,385.2021994160688,386.3209364431607,0.0685753524780739,0.0017443756650736908,0.06808822898892686,0.07054069201694801,0.03199267137797385,0.0,0.03199267137797385,0.03199267137797385,lasso,0.03199267137797385,0.03199267137797385,0.03199267137797385,"{""u"": 0.030026650760504387}","{""u"": 0.03004265284139003}","{""u"": 0.030057810502952576}"
KdV,0.2,100,0,0.0,3.469446951953614e-18,0.03699349820698568,1.0,debiased-wsindy,0.5,0.0,0.5,0.5,1.0,0.0,1.0,1.0,0.9409503804694184,0.0002790212065313373,0.9409638893856365,0.9413352341265965,0.08604369827429764,0.003650207954027708,0.08620208350475878,0.09037093819351867,0.020687212958587674,0.002702177548152844,0.019306977288832496,0.023299518105153717,mstls,,,,,,
KdV,0.2,100,0,0.0,3.469446951953614e-18,0.03699349820698568,0.0,debiased-wsindy,0.6623333333333334,0.03130351758578491,0.6666666666666666,0.6666666666666666,1.3462013982494785,0.10186590091472589,1.3292654981538488,1.3526225487880752,1.09786484533873,0.11671574448273486,1.0640974065535174,1.1338378849790405,0.08511654118890874,0.0034804941204875633,0.08535233250586316,0.08925269695464522,0.011021079505425772,0.0007862817390070976,0.011497569953977368,0.011497569953977368,lasso,0.0054622772176843425,0.011497569953977368,0.011497569953977368,"{""u"": 0.005120062237974334}","{""u"": 0.01076856463286013}","{""u"": 0.010781970448350655}"
KdV,0.5,100,95,0.95,0.8882495307680808,0.9784563208456319,0.98,wsindy,0.9716666666666667,0.12547329029271492,1.0,1.0,0.07061852654065323,0.21489226080043802,0.018052205433148782,0.05485822273028269,0.06318374903495995,0.19225513124477275,0.016164642065773907,0.04907235915712669,0.07829267255496233,0.006506465917082326,0.07549562497297302,0.09061522444244474,0.005288352383570134,0.004194255523333587,0.0035564803062231283,0.010985411419875584,mstls,,,,,,
KdV,0.5,100,0,0.0,3.469446951953614e-18,0.03699349820698568,0.03,filtered-wsindy,0.44746031746031745,0.10721204542820212,0.5,0.5,5.61902382556181,1.0868327512129061,5.869213897136774,6.097846549093669,5.526921332783108,1.5262920426048991,5.335852068474854,6.817808176673511,0.07021686876541935,0.0034126030828492276,0.07009718753397465,0.07379909940063954,0.017862983569768405,0.013741865676100444,0.019306977288832496,0.019306977288832496,mstls,,,,,,
KdV,0.5,100,0,0.0,3.469446951953614e-18,0.03699349820698568,0.0,wsindy,0.275,0.09945135690664252,0.25,0.25,0.9580358580364381,0.1677451945614123,1.0,1.0,0.8579035405815499,0.1502782454293719,0.8954617289431378,0.8957646598720752,0.11860802122042514,0.015917682887838704,0.11519693752052262,0.12419137053657324,0.007120394435985812,0.0013749275088407612,0.007220809018385471,0.007924828983539177,lasso,0.001484968262254465,0.007220809018385471,0.008697490026177835,"{""u"": 0.0014822337148839208}","{""u"": 0.007207894146642498}","{""u"": 0.008680692242160419}"
KdV,0.5,100,0,0.0,3.469446951953614e-18,0.03699349820698568,0.0,filtered-wsindy,0.3333333333333334,1.1158161231197418e-16,0.3333333333333333,0.3333333333333333,1.0,0.0,1.0,1.0,384.97900049514044,2.3413052398811733,384.9610017763322,387.61255939471704,0.07690522419754416,0.009249806274918393,0.07415358297294006,0.08984339165035636,0.031793721525493306,0.0007288169735215055,0.03199267137797385,0.03199267137797385,lasso,0.02915053062825179,0.03199267137797385,0.03199267137797385,"{""u"": 0.027328725372906443}","{""u"": 0.030033047262431743}","{""u"": 0.03008019605462171}"
KdV,0.5,100,0,0.0,3.469446951953614e-18,0.03699349820698568,1.0,debiased-wsindy,0.5,0.0,0.5,0.5,1.0,0.0,1.0,1.0,0.9410110934595352,0.0007128356200581549,0.9410393441064911,0.9419171836850285,0.08658157967496663,0.0030963128678436172,0.08661172952270135,0.09054507998516784,0.030060870739105013,0.007792416409512455,0.02811768697974228,0.040949150623804234,mstls,,,,,,
KdV,0.5,100,0,0.0,3.469446951953614e-18,0.03699349820698568,0.0,debiased-wsindy,0.6566666666666667,0.03978054276265699,0.6666666666666666,0.6666666666666666,1.3489343197660544,0.04962288750874036,1.339492642502056,1.360525926687115,1.1165997254130877,0.10557847490591515,1.0995286906950188,1.1431130273518453,0.0854929388826713,0.002956530572149774,0.08550949994241819,0.08907204624265433,0.01078048996206023,0.0007510286670304342,0.010476157527896652,0.011497569953977368,lasso,0.007924828983539177,0.010476157527896652,0.011497569953977368,"{""u"": 0.007424332327462155}","{""u"": 0.009822755009575015}","{""u"": 0.01079116819641421}"
KdV,0.75,100,94,0.94,0.8752318455410406,0.9722138760368118,0.99,wsindy,0.9716666666666667,0.11374405671379244,1.0,1.0,0.0813984265665936,0.21311305568391528,0.027891819033950105,0.08092790325789773,0.14602381892542823,0.750647534548436,0.02599794145880187,0.07494035310079548,0.07557761583360843,0.0017445532142687868,0.07545356295304373,0.07783787954831496,0.006527518069616656,0.0050369110392471505,0.005179474679231213,0.013257113655901081,mstls,,,,,,
KdV,0.75,100,0,0.0,3.469446951953614e-18,0.03699349820698568,0.0,filtered-wsindy,0.41743650793650794,0.114273602619671,0.5,0.5,5.754816787723952,0.740959419957577,5.842093976625478,6.246840369437075,7.008881844904083,11.090754153502107,5.406361696241584,8.513813220709082,0.07074841748573818,0.002349870251111985,0.0706463124952279,0.07346870417241007,0.013767101127946997,0.006925841866869588,0.019306977288832496,0.019306977288832496,mstls,,,,,,
KdV,0.75,100,0,0.0,3.469446951953614e-18,0.03699349820698568,0.0,wsindy,0.2658333333333333,0.04982432662997254,0.25,0.3333333333333333,0.9953863978947368,0.046136021052631426,1.0,1.0,0.8919075699130264,0.04142509270191088,0.8956923494263247,0.8977628156283747,0.11997638753266074,0.008800958382096572,0.1168087080004625,0.1343015046324581,0.0104500492260223,0.00692705285322614,0.007924828983539177,0.026560877829466867,lasso,0.0041320124001153384,0.007924828983539177,0.02915053062825179,"{""u"": 0.0041208099427422085}","{""u"": 0.007904336371251451}","{""u"": 0.02907839804340639}"
KdV,0.75,100,0,0.0,3.469446951953614e-18,0.03699349820698568,0.0,filtered-wsindy,0.3333333333333334,1.1158161231197418e-16,0.3333333333333333,0.3333333333333333,1.0,0.0,1.0,1.0,384.76508850175975,3.6544899220791343,385.0136952882905,388.3727579943052,0.07883981666411273,0.022334117583800515,0.07225462497444823,0.08390871675219393,0.03172508361586897,0.0013501293463178833,0.03199267137797385,0.03199267137797385,lasso,0.02915053062825179,0.03199267137797385,0.03511191734215135,"{""u"": 0.02733585634634303}","{""u"": 0.030017433841327233}","{""u"": 0.03301199996675949}"
KdV,0.75,100,18,0.18,0.1170022549894635,0.2666735838630073,1.0,debiased-wsindy,0.59,0.19306145983268455,0.5,1.0,0.9616189779563052,0.08249449865879187,1.0,1.0,0.8520856294966481,0.19058980027740774,0.9404427831681663,0.9419404479900132,0.08787589088315144,0.0040675564842135685,0.08727445750264451,0.09162705503404141,0.03994593881794519,0.01900242726402149,0.040949150623804234,0.05963623316594643,mstls,,,,,,
KdV,0.75,100,0,0.0,3.469446951953614e-18,0.03699349820698568,0.0,debiased-wsindy,0.6323333333333333,0.06970436207319756,0.6666666666666666,0.6666666666666666,1.3845942391967414,0.12930306255561713,1.3427688051254876,1.5434265264729723,1.1849179078760117,0.19427379058082336,1.1085535449680806,1.5201663094364375,0.0867297328193672,0.0038163942405696227,0.08657241647597402,0.0901249410235323,0.010338939244374186,0.0010928155295894634,0.010476157527896652,0.011497569953977368,lasso,0.0054622772176843425,0.010476157527896652,0.011497569953977368,"{""u"": 0.005112107882046682}","{""u"": 0.009809596346192436}","{""u"": 0.010780796508649314}"
KdV,1.0,100,99,0.99,0.9455138038212946,0.9982325679358593,1.0,wsindy,0.995,0.049999999999999996,1.0,1.0,0.05202218827882671,0.10253660628553239,0.0306424351633377,0.09511557110938791,0.046566067557186966,0.09174105038887899,0.027468914217897225,0.08514188841101882,0.07589729753672145,0.0022253652490808818,0.07567495852708817,0.07834969516843557,0.0074948055309973175,0.004581525421845156,0.0062505519252739694,0.013257113655901081,mstls,,,,,,
KdV,1.0,100,1,0.01,0.0017674320641406505,0.054486196178705315,0.03,filtered-wsindy,0.39780158730158727,0.1422637389138167,0.4,0.5,5.661933608323119,1.243904191593872,5.871764096684999,6.428107610598872,10.529352723333854,22.034051470670324,5.6107534596226625,7.928380827310008,0.0707921316102147,0.004162458000851,0.0705054794671014,0.07589246220886707,0.012273667361642489,0.007100820877827782,0.013257113655901081,0.019306977288832496,mstls,,,,,,
KdV,1.0,100,0,0.0,3.469446951953614e-18,0.03699349820698568,0.0,wsindy,0.2975,0.05587659764034339,0.3333333333333333,0.3333333333333333,0.9945910929869913,0.05408907013008747,1.0,1.0,0.892453120529791,0.04867530548439891,0.897003434984319,0.8994731707028351,0.12622197956545278,0.03652814613388482,0.11644518753746524,0.14127477497095242,0.017846512123163093,0.00983275492793391,0.02538108023870535,0.02681984310934538,lasso,0.004534878508128582,0.02538108023870535,0.03511191734215135,"{""u"": 0.004520223770967694}","{""u"": 0.02528838839682851}","{""u"": 0.03497284698122439}"
KdV,1.0,100,0,0.0,3.469446951953614e-18,0.03699349820698568,0.0,filtered-wsindy,0.3333333333333334,1.1158161231197418e-16,0.3333333333333333,0.3333333333333333,1.0,0.0,1.0,1.0,383.72673929379545,4.356477464294466,383.5666933632465,389.419426051345,0.08109045165241696,0.023890550540185854,0.07433483295608312,0.10206497920444238,0.03191500942586417,0.0016305322017265687,0.03199267137797385,0.03511191734215135,lasso,0.02915053062825179,0.03199267137797385,0.03511191734215135,"{""u"": 0.0272715257629155}","{""u"": 0.02999019473670994}","{""u"": 0.03306631966347712}"
KdV,1.0,100,58,0.58,0.4820648670304296,0.6720161732564526,0.99,debiased-wsindy,0.789,0.24940130332660673,1.0,1.0,0.9303306199265684,0.5618169162583663,0.8047414483394105,1.0,4.2230908027488105,35.64217133853606,0.5236834834829445,0.9419335044741912,0.08766023664968088,0.0037741341840396695,0.08737191697582603,0.092010246461723,0.03704211168125866,0.03189554965217136,0.023299518105153717,0.10481131341546852,mstls,,,,,,
KdV,1.0,100,0,0.0,3.469446951953614e-18,0.03699349820698568,0.0,debiased-wsindy,0.6180952380952381,0.09678399038948654,0.6666666666666666,0.6666666666666666,1.3735490848118785,0.14488598560635504,1.346568824063266,1.4757879178833666,4.702320606819554,17.874384554672005,1.1175564559364306,1.5929963012888022,0.08674593589617871,0.003515370502150292,0.08652941696345806,0.09067912524333224,0.01037638952393245,0.0012183667191213192,0.010476157527896652,0.011497569953977368,lasso,0.0041320124001153384,0.010476157527896652,0.013848863713938732,"{""u"": 0.0038657506828728852}","{""u"": 0.009794544317082028}","{""u"": 0.012940768531414161}"
KS,0.0,100,100,1.0,0.9630065017930143,1.0,1.0,wsindy,1.0,0.0,1.0,1.0,8.183157038654798e-07,0.0,8.183157038654798e-07,8.183157038654798e-07,5.546250562965566e-07,0.0,5.546250562965566e-07,5.546250562965566e-07,0.01775799912167713,0.0008553698237054258,0.01764683297369629,0.018468983320053665,0.0001,0.0,0.0001,0.0001,mstls,,,,,,
KS,0.0,100,100,1.0,0.9630065017930143,1.0,1.0,filtered-wsindy,1.0,0.0,1.0,1.0,8.183157038654798e-07,0.0,8.183157038654798e-07,8.183157038654798e-07,5.546250562965566e-07,0.0,5.546250562965566e-07,5.546250562965566e-07,0.018247103309258817,0.0007291044106177256,0.018201728991698474,0.019264570833183826,0.0001,0.0,0.0001,0.0001,mstls,,,,,,
KS,0.0,100,0,0.0,3.469446951953614e-18,0.03699349820698568,0.0,wsindy,0.27272727272727265,5.579080615598709e-17,0.2727272727272727,0.2727272727272727,0.009202259223579423,0.0,0.009202259223579423,0.009202259223579423,0.0075901205243494065,2.615194038561895e-18,0.007590120524349409,0.007590120524349409,0.052013980908086524,0.006862380512441614,0.05158339597983286,0.059991321468260146,0.0001,0.0,0.0001,0.0001,lasso,0.0001,0.0001,0.0001,"{""u"": 5.794384067917793e-05}","{""u"": 5.794384067917793e-05}","{""u"": 5.794384067917793e-05}"
KS,0.0,100,0,0.0,3.469446951953614e-18,0.03699349820698568,0.0,filtered-wsindy,0.27272727272727265,5.579080615598709e-17,0.2727272727272727,0.2727272727272727,0.009202259223579423,0.0,0.009202259223579423,0.009202259223579423,0.0075901205243494065,2.615194038561895e-18,0.007590120524349409,0.007590120524349409,0.025687120432266966,0.0014596973753725495,0.02558681246591732,0.02686914614168927,0.0001,0.0,0.0001,0.0001,lasso,0.0001,0.0001,0.0001,"{""u"": 5.794384067917793e-05}","{""u"": 5.794384067917793e-05}","{""u"": 5.794384067917793e-05}"
KS,0.0,100,100,1.0,0.9630065017930143,1.0,1.0,debiased-wsindy,1.0,0.0,1.0,1.0,0.00204524711669285,0.0,0.00204524711669285,0.00204524711669285,0.0017051225199299475,4.358656730936491e-19,0.001705122519929948,0.001705122519929948,0.0328007869340945,0.0012788872812462217,0.03271879145177081,0.034395946119911966,0.0016768329368110067,0.0,0.0016768329368110067,0.0016768329368110067,mstls,,,,,,
KS,0.0,100,0,0.0,3.469446951953614e-18,0.03699349820698568,0.0,debiased-wsindy,0.3333333333333334,1.1158161231197418e-16,0.3333333333333333,0.3333333333333333,0.0319086858267582,6.973850769498386e-18,0.03190868582675821,0.03190868582675821,0.026140450940364462,0.0,0.026140450940364462,0.026140450940364462,0.03810271818540059,0.05399393041091784,0.02720583346672356,0.028759504901245236,0.0002535364493970112,5.448320913670614e-20,0.00025353644939701115,0.00025353644939701115,lasso,0.00025353644939701115,0.00025353644939701115,0.00025353644939701115,"{""u"": 0.00014815948486916717}","{""u"": 0.00014815948486916717}","{""u"": 0.00014815948486916717}"
KS,0.2,100,100,1.0,0.9630065017930143,1.0,1.0,wsindy,1.0,0.0,1.0,1.0,0.012297213881049394,0.005506362356291298,0.011233253939951282,0.018737353648464208,0.010437690667541275,0.00560442501632892,0.009383747443948234,0.0169494393315904,0.04278559246915393,0.0056254270473218146,0.04285079147666693,0.04756351193645969,0.015147700440595116,0.007420251196772256,0.013257113655901081,0.023299518105153717,mstls,,,,,,
KS,0.2,100,0,0.0,3.469446951953614e-18,0.03699349820698568,0.0,filtered-wsindy,0.07235747667365315,0.019584669574655534,0.06666666666666667,0.09090909090909091,2.263883424876911,0.3391564856146313,2.3922187029912894,2.560385974544616,6.694908633219502,1.4662677740388608,7.39860096895497,7.980987028000448,0.03795837537734769,0.002750371213152231,0.037621353927534074,0.04165907435817644,0.10074785441580363,0.03616338478873702,0.10481131341546852,0.12648552168552957,mstls,,,,,,
KS,0.2,100,0,0.0,3.469446951953614e-18,0.03699349820698568,0.0,wsindy,0.28505375180375175,0.025130821886647232,0.2857142857142857,0.3333333333333333,0.8667451568615187,0.25685822962300975,1.0,1.0,0.7111721006255795,0.21061115212920614,0.8199175699158414,0.822122435048036,0.054686744689242915,0.0076316777927213746,0.0537004999932833,0.06493785778293387,0.018016392747850864,0.008529938138456029,0.022051307399030457,0.026560877829466867,lasso,0.002595024211399737,0.022051307399030457,0.03853528593710531,"{""u"": 0.0014783387805476355}","{""u"": 0.01266942342269444}","{""u"": 0.022354732459917384}"
KS,0.2,100,0,0.0,3.469446951953614e-18,0.03699349820698568,0.0,filtered-wsindy,0.3916190476190476,0.02771789050407228,0.4,0.4,1.0,0.0,1.0,1.0,0.977836630669693,0.0017529787277886764,0.97789493073676,0.9798699365157412,0.03425858077825979,0.010618692293694582,0.02993293752660975,0.046762533334549564,0.16743414026534986,0.020801064468391348,0.1707352647470692,0.1873817422860385,lasso,0.09770099572992257,0.1707352647470692,0.20565123083486536,"{""u"": 0.017261638484216482}","{""u"": 0.03060447624894596}","{""u"": 0.03718664016117044}"
KS,0.2,100,0,0.0,3.469446951953614e-18,0.03699349820698568,0.0,debiased-wsindy,0.1428571428571428,5.579080615598709e-17,0.14285714285714285,0.14285714285714285,1.6064482381065515,0.03244221821282376,1.603664331967364,1.6512224081634788,2.5624466781476376,0.09091530874111428,2.5721557699372184,2.6774759040410205,0.04721505538909696,0.003199139666556729,0.04718364588916302,0.051421234325971454,0.11264342771617324,0.01815428643793337,0.10481131341546852,0.12648552168552957,mstls,,,,,,
KS,0.2,100,0,0.0,3.469446951953614e-18,0.03699349820698568,0.0,debiased-wsindy,0.43709523809523804,0.0724878801837962,0.5,0.5,1.0,0.0,1.0,1.0,0.8836723365878114,0.0043756744902740865,0.8859154095224475,0.8883987456024997,0.02905112945707515,0.0012135643110190626,0.028921708872076124,0.03046756611438468,0.04152241863449813,0.009484971201975908,0.04641588833612782,0.0509413801481638,lasso,0.024201282647943835,0.04641588833612782,0.055908101825122285,"{""u"": 0.017290414895473772}","{""u"": 0.03323465416007761}","{""u"": 0.04004147758717988}"
KS,0.5,100,100,1.0,0.9630065017930143,1.0,1.0,wsindy,1.0,0.0,1.0,1.0,0.07222285126876163,0.016805740891738922,0.07187171911089557,0.09268644014566499,0.06700091109520061,0.01730901679159967,0.06757458772160176,0.08640001485617928,0.04544612794881687,0.004376651605871945,0.0459315205225721,0.05069029099540785,0.04062791668001088,0.017807564387363698,0.040949150623804234,0.05963623316594643,mstls,,,,,,
KS,0.5,100,0,0.0,3.469446951953614e-18,0.03699349820698568,0.0,filtered-wsindy,0.09929142678836875,0.02721323181583515,0.1111111111111111,0.125,2.1014275188957576,0.40697350789538767,1.8846921217541661,2.573728901965372,3.508228497210114,2.148208821119994,1.547017678200186,6.142726785127077,0.037446840407792475,0.0030208635385981573,0.03712527104653418,0.04103842538315803,0.1271958583292856,0.07990914006550977,0.18420699693267145,0.22229964825261933,mstls,,,,,,
KS,0.5,100,0,0.0,3.469446951953614e-18,0.03699349820698568,0.0,wsindy,0.2629170274170274,0.03328578375040896,0.25,0.3,0.903212750899226,0.20289304041202008,1.0,1.0,0.7370548145601366,0.16578918314768298,0.8154832225636046,0.8189749877476248,0.05674010624177754,0.02779888123160659,0.04775568697368726,0.07929392947116867,0.02063464704425967,0.008350541450388355,0.022051307399030457,0.02915053062825179,lasso,0.0041320124001153384,0.022051307399030457,0.04229242874389499,"{""u"": 0.002196655112812824}","{""u"": 0.012132909121880706}","{""u"": 0.02294058709624541}"
KS,0.5,100,0,0.0,3.469446951953614e-18,0.03699349820698568,0.0,filtered-wsindy,0.006666666666666666,0.03282439759448873,0.0,0.0,1.0,0.0,1.0,1.0,0.9996410990686693,0.001977915868318523,1.0000353096607237,1.0000386828352799,0.02956749946111813,0.001157242046049874,0.029420312494039536,0.03114910055883229,0.229111951954798,0.026073199662585846,0.22570197196339215,0.24770763559917114,lasso,0.1291549665014884,0.22570197196339215,0.2718588242732943,"{""u"": 0.034068850419294146}","{""u"": 0.058972838344340285}","{""u"": 0.07351693222992733}"
KS,0.5,100,0,0.0,3.469446951953614e-18,0.03699349820698568,0.0,debiased-wsindy,0.014746890364537421,0.045484684541860054,0.0,0.07692307692307693,1.1081685124622163,0.3096826835455746,1.0,1.8669483121654193,1.6813380445240456,0.9897448244643007,1.3724622075458646,3.1088405395382077,0.04224286127835512,0.003091967284142374,0.04192570800660178,0.04643920069793239,0.25782687430810464,0.06367521954489555,0.2682695795279725,0.32374575428176433,mstls,,,,,,
KS,0.5,100,0,0.0,3.469446951953614e-18,0.03699349820698568,0.0,debiased-wsindy,0.1623809523809524,0.009193402849175454,0.16666666666666666,0.16666666666666666,1.0,0.0,1.0,1.0,1.0437673734603867,0.0057796450962542545,1.042599349876494,1.0513115352923332,0.02946989705902524,0.0014452044394326772,0.029299520945642143,0.031485142058227215,0.11358538281336679,0.013781183670628737,0.1176811952434999,0.1291549665014884,lasso,0.08111308307896872,0.1176811952434999,0.1291549665014884,"{""u"": 0.039121003991783365}","{""u"": 0.057755157752501854}","{""u"": 0.06333965176731211}"
KS,0.75,100,98,0.98,0.929988209271456,0.9944980324498376,0.98,wsindy,0.995,0.035176323534072414,1.0,1.0,0.16442375449790883,0.027434746969293128,0.15863656242825425,0.19109525549606482,0.15788969553993626,0.024583293490315884,0.15261515407646437,0.18603008360735956,0.050492043328704314,0.0035177836033681085,0.05041431251447648,0.0555908705224283,0.06900324887581809,0.025993142113324572,0.06580240023303079,0.10481131341546852,mstls,,,,,,
KS,0.75,100,0,0.0,3.469446951953614e-18,0.03699349820698568,0.0,filtered-wsindy,0.0895440575953232,0.029702229325624278,0.10172413793103449,0.12050000000000004,2.208143822101081,0.4226465483300533,2.291470239997837,2.7782197356274985,4.020270562363722,2.0545466331719697,4.7825961072654355,6.37512301918167,0.03694854701519944,0.002962089284708602,0.037147562485188246,0.04078551657730714,0.10611285851187507,0.07391717380753723,0.05963623316594643,0.22229964825261933,mstls,,,,,,
KS,0.75,100,0,0.0,3.469446951953614e-18,0.03699349820698568,0.0,wsindy,0.2694404761904762,0.044718616768994045,0.25,0.3333333333333333,0.9561660824171463,0.15967584942828114,1.0,1.0,0.7804717951747108,0.12575468956798103,0.8144566234491604,0.8203316437895645,0.047002279999433086,0.0019103119523574234,0.047165083058644086,0.0490221664425917,0.03019360795481053,0.011867710734234775,0.02915053062825179,0.04270477470311831,lasso,0.0037649358067924714,0.02915053062825179,0.07390722033525783,"{""u"": 0.0019958905919259845}","{""u"": 0.014945759534752266}","{""u"": 0.036909357588965734}"
KS,0.75,100,0,0.0,3.469446951953614e-18,0.03699349820698568,0.0,filtered-wsindy,0.031714285714285716,0.073220179688223,0.0,0.16666666666666666,1.0007086148483086,0.005020773935865278,1.0,1.0,0.9980435578480398,0.004511735880184785,1.000034560937995,1.0000397226593263,0.028813998366240413,0.0013246767160694844,0.02875197952380404,0.03039169997209683,0.21651710301420857,0.048007873808272,0.22570197196339215,0.2718588242732943,lasso,0.08111308307896872,0.22570197196339215,0.3274549162877732,"{""u"": 0.020788464884345957}","{""u"": 0.05765911299937766}","{""u"": 0.08205764094032952}"
KS,0.75,100,0,0.0,3.469446951953614e-18,0.03699349820698568,0.0,debiased-wsindy,0.010868298368298368,0.038767427795885816,0.0,0.0,1.0851967307747337,0.27262762669733376,1.0,1.0,1.5645119204329512,0.8871326477882484,1.35369866978619,1.5472660214795941,0.042302902078954506,0.0030751742183825997,0.04205545911099762,0.04591371655697003,0.27779783031056193,0.05888851106487336,0.2682695795279725,0.32374575428176433,mstls,,,,,,
KS,0.75,100,0,0.0,3.469446951953614e-18,0.03699349820698568,0.0,debiased-wsindy,0.16436879786879788,0.02141248395038988,0.16666666666666666,0.16666666666666666,1.0,0.0,1.0,1.0,1.0391836999843642,0.01448816939883498,1.0366490673339661,1.047002676309762,0.029241215374786408,0.00144250794342916,0.028889000066556036,0.031030428782105445,0.11743847061757234,0.026049226089186577,0.1176811952434999,0.1291549665014884,lasso,0.02915053062825179,0.1176811952434999,0.22570197196339215,"{""u"": 0.013421556528694296}","{""u"": 0.05611155684346491}","{""u"": 0.11056098203791724}"
KS,1.0,100,87,0.87,0.7901964855992357,0.9224283257275948,0.87,wsindy,0.9433571428571429,0.15833294274599485,1.0,1.0,0.3263881407114049,0.22159560319298494,0.27914091523921797,0.33003774254331425,0.3096746143960194,0.1724893400841382,0.27305142884455696,0.3205313461384141,0.04937710037454963,0.0059541662811454866,0.05011227051727474,0.05605170445051045,0.09331965115637382,0.03603871003354477,0.08685113737513521,0.15264179671752318,mstls,,,,,,
KS,1.0,100,0,0.0,3.469446951953614e-18,0.03699349820698568,0.0,filtered-wsindy,0.09052898732967489,0.03508839784400488,0.1,0.125,2.208008109968877,0.4220235688898794,2.2486592162514234,2.7325324432284956,4.034278894002622,2.0268071268490826,4.734568367279549,6.394688551702395,0.03753458409802988,0.003300631236841782,0.03774760401574895,0.04162054969929159,0.10649020527264447,0.07694698997131169,0.07196856730011514,0.22229964825261933,mstls,,,,,,
KS,1.0,100,0,0.0,3.469446951953614e-18,0.03699349820698568,0.0,wsindy,0.28909626484626477,0.050816091053611595,0.2857142857142857,0.3333333333333333,0.9796251821043106,0.10426496791948586,1.0,1.0,0.8166842482205403,0.07985439078746491,0.8301824922508096,0.8470294447600442,0.04708579748985357,0.0026972520348900347,0.046370542026124895,0.04964952524751425,0.04395405880591542,0.01396289223722996,0.04641588833612782,0.05645319891602328,lasso,0.007924828983539177,0.04641588833612782,0.08111308307896872,"{""u"": 0.003799528663911652}","{""u"": 0.021062496127173584}","{""u"": 0.037705468237472464}"
KS,1.0,100,0,0.0,3.469446951953614e-18,0.03699349820698568,0.0,filtered-wsindy,0.024809523809523806,0.06647069733399741,0.0,0.14523809523809544,1.0014718854547593,0.008709600893856272,1.0,1.0,0.9985979945377547,0.0038661617014560863,1.000035708860719,1.000045591858234,0.028935637983959168,0.0011500660584412529,0.028861541475635022,0.030385366757400334,0.21813468059031668,0.04606503720545343,0.22570197196339215,0.2718588242732943,lasso,0.08111308307896872,0.22570197196339215,0.298364724028334,"{""u"": 0.01940977305007795}","{""u"": 0.05508481703316692}","{""u"": 0.07404560289634873}"
KS,1.0,100,0,0.0,3.469446951953614e-18,0.03699349820698568,0.0,debiased-wsindy,0.009076340326340327,0.027661837011571627,0.0,0.0076923076923083485,1.0907102049198159,0.2768294164096904,1.0,1.0551463105897176,1.5221848124856956,0.8442271493384134,1.3301914290011072,1.6468458305384892,0.04312885008985177,0.0030224992670862703,0.043007749947719276,0.04731867862865329,0.2831615052898257,0.05977322956379824,0.2682695795279725,0.32374575428176433,mstls,,,,,,
KS,1.0,100,0,0.0,3.469446951953614e-18,0.03699349820698568,0.0,debiased-wsindy,0.17108333333333334,0.02544767130146309,0.16666666666666666,0.2,1.0,0.0,1.0,1.0,1.0322001580907858,0.008047860085041424,1.0319884282165712,1.0434451285724167,0.029425430349074303,0.0014068310949902957,0.02920641639502719,0.031460145732853564,0.1274116153867203,0.030778629610763483,0.1176811952434999,0.15708437942844955,lasso,0.08111308307896872,0.1176811952434999,0.22570197196339215,"{""u"": 0.03619256460416538}","{""u"": 0.055179669438405604}","{""u"": 0.10686572688213716}"
NLS,0.0,100,100,1.0,0.9630065017930143,1.0,1.0,wsindy,1.0,0.0,1.0,1.0,9.286156166243842e-08,0.0,9.286156166243842e-08,9.286156166243842e-08,5.604885112307056e-08,6.650782365320574e-24,5.6048851123070555e-08,5.6048851123070555e-08,0.0795471771073062,0.004340452264003167,0.08036231307778507,0.08294587946729735,0.0001,0.0,0.0001,0.0001,mstls,,,,,,
NLS,0.0,100,100,1.0,0.9630065017930143,1.0,1.0,filtered-wsindy,1.0,0.0,1.0,1.0,9.286156166243842e-08,0.0,9.286156166243842e-08,9.286156166243842e-08,5.604885112307056e-08,6.650782365320574e-24,5.6048851123070555e-08,5.6048851123070555e-08,0.08413936530007049,0.00588236106370651,0.08629806246608496,0.0888010666007176,0.0001,0.0,0.0001,0.0001,mstls,,,,,,
NLS,0.0,100,0,0.0,3.469446951953614e-18,0.03699349820698568,0.0,wsindy,0.5,0.0,0.5,0.5,0.0008490598205960209,0.0,0.0008490598205960209,0.0008490598205960209,0.0006189164444773662,1.0896641827341228e-19,0.0006189164444773661,0.0006189164444773661,0.20786509455996566,0.056408960208124775,0.18478589551523328,0.2809517250279896,0.0001,0.0,0.0001,0.0001,lasso,0.0001,0.0001,0.0001,"{""u"": 9.082888163190834e-05, ""v"": 9.086529157085609e-05}","{""u"": 9.082888163190834e-05, ""v"": 9.086529157085609e-05}","{""u"": 9.082888163190834e-05, ""v"": 9.086529157085609e-05}"
NLS,0.0,100,0,0.0,3.469446951953614e-18,0.03699349820698568,0.0,filtered-wsindy,0.5,0.0,0.5,0.5,0.0008490598205960209,0.0,0.0008490598205960209,0.0008490598205960209,0.0006189164444773662,1.0896641827341228e-19,0.0006189164444773661,0.0006189164444773661,0.10672844707034529,0.005493728836906927,0.10693075048038736,0.11411614172393456,0.0001,0.0,0.0001,0.0001,lasso,0.0001,0.0001,0.0001,"{""u"": 9.082888163190834e-05, ""v"": 9.086529157085609e-05}","{""u"": 9.082888163190834e-05, ""v"": 9.086529157085609e-05}","{""u"": 9.082888163190834e-05, ""v"": 9.086529157085609e-05}"
NLS,0.0,100,100,1.0,0.9630065017930143,1.0,1.0,debiased-wsindy,1.0,0.0,1.0,1.0,0.00018429186201285308,0.0,0.00018429186201285308,0.00018429186201285308,0.0001334575017628082,5.448320913670614e-20,0.00013345750176280813,0.00013345750176280813,0.11090940245892852,0.0055108790856367475,0.11080199992284179,0.11888813772238792,0.0001,0.0,0.0001,0.0001,mstls,,,,,,
NLS,0.0,100,0,0.0,3.469446951953614e-18,0.03699349820698568,0.0,debiased-wsindy,0.6,0.0,0.6,0.6,0.00103542172625537,0.0,0.00103542172625537,0.00103542172625537,0.00043905570022511714,1.0896641827341228e-19,0.00043905570022511725,0.00043905570022511725,0.13414785414352082,0.0550038377449607,0.12277718709083274,0.13152779246447607,0.00012045035402587822,1.3620802284176535e-20,0.00012045035402587823,0.00012045035402587823,lasso,0.00012045035402587823,0.00012045035402587823,0.00012045035402587823,"{""u"": 0.00010940581048459202, ""v"": 0.000109449649215062}","{""u"": 0.00010940581048459202, ""v"": 0.000109449649215062}","{""u"": 0.00010940581048459202, ""v"": 0.000109449649215062}"
NLS,0.2,100,100,1.0,0.9630065017930143,1.0,1.0,wsindy,1.0,0.0,1.0,1.0,0.031010982274469655,0.003575869529716374,0.030844325430438024,0.03497936415802664,0.020044448345185147,0.0026746888397602433,0.019809002761017137,0.02333661240450825,0.5682550438214093,0.06779211731224033,0.5857393330079503,0.6393090377794579,0.011273182039046474,0.0023211635472566742,0.010985411419875584,0.015998587196060572,mstls,,,,,,
NLS,0.2,100,0,0.0,3.469446951953614e-18,0.03699349820698568,0.0,filtered-wsindy,0.6624686979686979,0.09532560765249128,0.6666666666666666,0.75,0.13477676288577697,0.03707289923131735,0.12611455676962202,0.1712510987353407,0.14922734048030362,0.03584334773380754,0.14266050130490193,0.16414952728693055,0.5477322066691704,0.051831970233343516,0.5514747705310583,0.5982352415216156,0.03184566637248311,0.011588488647738551,0.02811768697974228,0.04941713361323833,mstls,,,,,,
NLS,0.2,100,0,0.0,3.469446951953614e-18,0.03699349820698568,0.0,wsindy,0.3597772003538259,0.032553219216935124,0.35294117647058826,0.4,0.12632404299921662,0.01032066838902536,0.12490654828465164,0.14015547610456172,0.05933714988896988,0.007813074913326806,0.0581157902223253,0.06719905390838407,0.2008971378847491,0.01516980644552715,0.19850814598612487,0.21133585408097133,0.00754991309549328,0.001640138363009646,0.007220809018385471,0.009545484566618348,lasso,0.004977023564332114,0.007220809018385471,0.015199110829529346,"{""u"": 0.004520136878056965, ""v"": 0.0045241650793307955}","{""u"": 0.006564368589637697, ""v"": 0.006566470284084809}","{""u"": 0.013802303357598246, ""v"": 0.013820273441229788}"
NLS,0.2,100,0,0.0,3.469446951953614e-18,0.03699349820698568,0.0,filtered-wsindy,0.2742687690751606,0.030058482191606208,0.2727272727272727,0.3157894736842105,0.1287239602304573,0.013298095760812438,0.12892149176409573,0.14713506840243826,0.10538769559059996,0.009345309049664647,0.1042331192088456,0.11761812312163193,0.1256116221100092,0.020276144802321917,0.12107189546804875,0.132295707706362,0.0078620795702234,0.00224734710595016,0.008311159504858506,0.010476157527896652,lasso,0.002848035868435802,0.008311159504858506,0.011497569953977368,"{""u"": 0.002599778402894533, ""v"": 0.0026017507398594644}","{""u"": 0.0075921715424515455, ""v"": 0.007591960802062944}","{""u"": 0.010511340102130461, ""v"": 0.01051279360169173}"
NLS,0.2,100,100,1.0,0.9630065017930143,1.0,1.0,debiased-wsindy,1.0,0.0,1.0,1.0,0.031860342080708495,0.0032300829322154277,0.031549230694757624,0.03637224961984823,0.012035553136714673,0.0021079279464541758,0.011564303832042683,0.014979199649627717,0.577305975840427,0.02673880027726973,0.579591958434321,0.6103787836036645,0.010715586270002636,0.002768020168991473,0.010985411419875584,0.013257113655901081,mstls,,,,,,
NLS,0.2,100,0,0.0,3.469446951953614e-18,0.03699349820698568,0.0,debiased-wsindy,0.33423057566788217,0.03550230374223253,0.3333333333333333,0.375,0.1263824745011584,0.011893673844666141,0.12481938789270297,0.1416148737688394,0.05453147615999569,0.01092819325189685,0.05171611039772797,0.0669043055762579,0.1385130991577171,0.0043694442765992905,0.1385892909602262,0.1445348964072764,0.0076341939042645305,0.0019361866240541427,0.007220809018385471,0.010476157527896652,lasso,0.0041320124001153384,0.007220809018385471,0.015199110829529346,"{""u"": 0.0037565817579298024, ""v"": 0.003757065536319823}","{""u"": 0.006564353941899485, ""v"": 0.0065639832299224515}","{""u"": 0.013810791304772465, ""v"": 0.013820484075599737}"
NLS,0.5,100,74,0.74,0.6462901055081282,0.8159530153525186,0.74,wsindy,0.9402066544566545,0.12392646949258715,1.0,1.0,0.1921923098231916,0.1659684347527456,0.1586745123632457,0.17141026755601937,0.1363701423156095,0.07989588316164209,0.11153509741260156,0.15875061815249414,0.7887831133324653,0.10360485953674822,0.8106766249984503,0.8881751710898244,0.04443785654539557,0.008504178445831446,0.040949150623804234,0.05963623316594643,mstls,,,,,,
NLS,0.5,100,0,0.0,3.469446951953614e-18,0.03699349820698568,0.0,filtered-wsindy,0.12944827682866042,0.05842839738835636,0.12,0.16666666666666666,2.4177676270107367,0.7976518848462056,2.288099887747487,3.5951830812750196,5.358430759793021,1.9012272239599173,5.22613020991936,8.159581848657218,0.9648577066708822,0.07036447037388661,0.9578579374938272,1.0417718868819066,0.04331056555150567,0.02283507926484927,0.040949150623804234,0.07196856730011514,mstls,,,,,,
NLS,0.5,100,0,0.0,3.469446951953614e-18,0.03699349820698568,0.0,wsindy,0.24501888829977286,0.022240093202778435,0.245,0.2608695652173913,0.2435216674317837,0.019839887209636226,0.244020757828176,0.26404371675665916,0.1547014719297016,0.010444237747146532,0.15531487589581133,0.16603348285615868,0.25956720544723794,0.08612706392692401,0.22149320848984644,0.399124212760944,0.008649621173215442,0.0015261283861313494,0.008697490026177835,0.010476157527896652,lasso,0.004977023564332114,0.008697490026177835,0.016681005372000592,"{""u"": 0.004538013932417484, ""v"": 0.004545298396118515}","{""u"": 0.007937436279555742, ""v"": 0.00793942935604236}","{""u"": 0.01523895318598888, ""v"": 0.015248477107248842}"
NLS,0.5,100,0,0.0,3.469446951953614e-18,0.03699349820698568,0.0,filtered-wsindy,0.12030396169703728,0.02744628207486031,0.1111111111111111,0.16216216216216217,0.9837035853046746,0.06072469891147293,1.0,1.0,1.0524454759442166,0.08626188875003633,1.0547955805135305,1.14281832095892,0.13736303956480697,0.004420993734334588,0.1380619380506687,0.1425157419871539,0.014262415694662148,0.002429746347799706,0.013848863713938732,0.016681005372000592,lasso,0.008697490026177835,0.013848863713938732,0.024201282647943835,"{""u"": 0.00782415296785913, ""v"": 0.007820479444372893}","{""u"": 0.01246426959213093, ""v"": 0.012473676829012091}","{""u"": 0.021747797674310086, ""v"": 0.021804499666190965}"
NLS,0.5,100,0,0.0,3.469446951953614e-18,0.03699349820698568,0.0,debiased-wsindy,0.43930022027811994,0.19277480305611303,0.4,0.75,0.548821506823892,0.34831915354091986,0.30772638947062947,1.0,0.7324707148820748,0.3607065791081612,0.6583733202224763,1.2116514482699683,1.0026199762965553,0.04838863184260535,1.011799542058725,1.0536560756503603,0.08433431002688847,0.0235891242880154,0.08685113737513521,0.10481131341546852,mstls,,,,,,
NLS,0.5,100,0,0.0,3.469446951953614e-18,0.03699349820698568,0.0,debiased-wsindy,0.1743289709575588,0.012487027778381937,0.17142857142857143,0.1875,0.48548945829502677,0.08954223393122906,0.4817008625369556,0.5932456902473233,0.3771169992969976,0.05476317209495458,0.380880668676168,0.44345580188217126,0.16653579827630893,0.012746559664910857,0.16437183204106987,0.17401389895239847,0.009144548630334948,0.0017170285278283173,0.008697490026177835,0.010578298770504733,lasso,0.006579332246575682,0.008697490026177835,0.018307382802953697,"{""u"": 0.006014599701919767, ""v"": 0.0060178407636839746}","{""u"": 0.007982060069043673, ""v"": 0.007991045060246681}","{""u"": 0.0167146680615073, ""v"": 0.016786843988630538}"
NLS,0.75,100,3,0.03,0.010254524024038925,0.0845193642905276,0.03,wsindy,0.636592093235282,0.16278174763014885,0.6,0.8571428571428571,0.32678939961157966,0.1425312510773735,0.2995391785726546,0.34195130197619356,0.39351756469213955,0.12365148241488765,0.3658658029604046,0.5136783992949877,0.8914872700057458,0.05953206750855023,0.8873642915277742,0.9674373705172912,0.05965100155885831,0.01416391635674571,0.05963623316594643,0.07196856730011514,mstls,,,,,,
NLS,0.75,100,0,0.0,3.469446951953614e-18,0.03699349820698568,0.0,filtered-wsindy,0.13114219930337037,0.04160209552308006,0.12220009955201593,0.1681818181818183,2.5752854100680893,0.7672663724654637,2.5162700886541263,3.499170275251504,4.975858170348971,2.050305459555398,4.944334963340722,7.820737584502198,1.0432966482976918,0.085361027477104,1.0377278334926814,1.140941528917756,0.04896996743504424,0.027228140139700586,0.040949150623804234,0.08685113737513521,mstls,,,,,,
NLS,0.75,100,0,0.0,3.469446951953614e-18,0.03699349820698568,0.0,wsindy,0.2324131792244393,0.018591985896589665,0.23076923076923078,0.25,0.3783349149589909,0.026382850945325075,0.3776459813808813,0.4099932984977801,0.2855319085246864,0.019228586656135374,0.28630662759483133,0.3130481516590091,0.23768188372952864,0.027651483601034362,0.23105995799414814,0.2525902749854141,0.011957574689482229,0.0017174850371391038,0.012618568830660211,0.013848863713938732,lasso,0.007924828983539177,0.012618568830660211,0.016681005372000592,"{""u"": 0.00724774961163066, ""v"": 0.007255688709637426}","{""u"": 0.011469354974892397, ""v"": 0.011498903964006983}","{""u"": 0.015300401083861614, ""v"": 0.015305288373570753}"
NLS,0.75,100,0,0.0,3.469446951953614e-18,0.03699349820698568,0.0,filtered-wsindy,0.13183833988845037,0.03660479248767579,0.1388888888888889,0.17700534759358294,0.947129431061515,0.09881093604593906,1.0,1.0,0.9870596364737966,0.12221896103095721,0.9729656556068054,1.1402670515850868,0.1574987987393979,0.0322293358020275,0.14650256250752136,0.18180577014572918,0.014923007772931849,0.0034509131771962983,0.015199110829529346,0.02009233002565048,lasso,0.009545484566618348,0.015199110829529346,0.024201282647943835,"{""u"": 0.008546610239603564, ""v"": 0.008544541301015505}","{""u"": 0.013624491485824095, ""v"": 0.013629521834352003}","{""u"": 0.02178406445083876, ""v"": 0.021749266268519744}"
NLS,0.75,100,2,0.02,0.00550196755016235,0.07001179072854388,0.02,debiased-wsindy,0.35524989659327183,0.21430142461010054,0.2620137299771167,0.7142857142857143,0.8218438424969928,0.3332519408331946,1.0,1.1553406484650453,1.338383065719239,0.6669184612925452,1.4222261073407267,2.126881665189299,1.1507306775997859,0.11997299687936808,1.1186858954024501,1.2488616968737916,0.09409930213565072,0.026021266924229187,0.08685113737513521,0.12648552168552957,mstls,,,,,,
NLS,0.75,100,0,0.0,3.469446951953614e-18,0.03699349820698568,0.0,debiased-wsindy,0.17681014356301053,0.015632409488984474,0.17647058823529413,0.1935483870967742,0.48352288973253144,0.058943951310339464,0.47158345961771886,0.5376727845202209,0.3183892196512076,0.06173859583768151,0.3133393343688753,0.4134962912231134,0.18299461757647806,0.020722704297759624,0.17712537542684004,0.2078402875340544,0.012639325020874212,0.0023303308929843473,0.012618568830660211,0.016681005372000592,lasso,0.007220809018385471,0.012618568830660211,0.018307382802953697,"{""u"": 0.006617693360641415, ""v"": 0.006594389288787655}","{""u"": 0.011509197829340878, ""v"": 0.011526066458849214}","{""u"": 0.016751566589801647, ""v"": 0.016752320944833553}"
NLS,1.0,100,0,0.0,3.469446951953614e-18,0.03699349820698568,0.0,wsindy,0.3679842818871733,0.1902203409284421,0.3333333333333333,0.6666666666666666,0.5875664087167448,0.22762463073392145,0.4891802908704455,1.0,1.0197323643775251,0.5102572389342894,0.8992563650993848,1.7847671968087326,0.8475789616955445,0.10211121361773473,0.8618445625179447,0.9576171253109351,0.04912951587010897,0.020911999295306672,0.04941713361323833,0.07196856730011514,mstls,,,,,,
NLS,1.0,100,0,0.0,3.469446951953614e-18,0.03699349820698568,0.0,filtered-wsindy,0.12303917659440483,0.03717932547810771,0.11627906976744186,0.16137750653879687,2.429342502655793,0.9064565330426633,2.204489004902946,3.606175421939057,4.837713803403422,1.6723182122074574,4.8579783657548745,6.929917665704887,1.0861621541448403,0.0867454171292471,1.0882213125005364,1.1869439872330987,0.04419367607164225,0.021709298293388427,0.040949150623804234,0.07196856730011514,mstls,,,,,,
NLS,1.0,100,0,0.0,3.469446951953614e-18,0.03699349820698568,0.0,wsindy,0.22486106669899597,0.021333065739554454,0.2222222222222222,0.25,0.5382020916527235,0.04753336499777909,0.5313427232128792,0.5911830332442118,0.4482546431874678,0.03277239581802665,0.4422905239760061,0.4846466331883787,0.24942304961034098,0.03700618880259402,0.23974112496944144,0.2670279039302841,0.015497633792733547,0.002307844552442936,0.015199110829529346,0.018307382802953697,lasso,0.010476157527896652,0.015199110829529346,0.02009233002565048,"{""u"": 0.009532835912350877, ""v"": 0.009553482747634411}","{""u"": 0.013891902828739047, ""v"": 0.013909913788141732}","{""u"": 0.0184461172506333, ""v"": 0.01839956347554622}"
NLS,1.0,100,0,0.0,3.469446951953614e-18,0.03699349820698568,0.0,filtered-wsindy,0.1390038446251647,0.0348692001749535,0.13513513513513514,0.18181818181818182,0.9183988817079891,0.12679067602134114,1.0,1.0,0.950743094899761,0.12453456110192931,0.9670797891812766,1.0875002537930136,0.14179323915275746,0.005395896919941175,0.1409641454811208,0.14973457088926806,0.0157167325773805,0.0043497679145015405,0.015199110829529346,0.022051307399030457,lasso,0.007220809018385471,0.015199110829529346,0.02915053062825179,"{""u"": 0.006484684930379265, ""v"": 0.006495043708436696}","{""u"": 0.013613170712619341, ""v"": 0.013595553068271102}","{""u"": 0.02610185485272654, ""v"": 0.02619560620970345}"
NLS,1.0,100,2,0.02,0.00550196755016235,0.07001179072854388,0.02,debiased-wsindy,0.24513327632653606,0.1820771394179903,0.18518518518518517,0.46538461538461573,1.2090577344308018,0.4980797960675878,1.0406339885871898,1.8661557833173428,2.138490315544761,0.8901455262409408,2.226288184337564,3.104635005335385,1.2027229928912129,0.0814797902277031,1.2056629164726473,1.2741084860055707,0.07832515875308121,0.03393720100630909,0.08685113737513521,0.12648552168552957,mstls,,,,,,
NLS,1.0,100,0,0.0,3.469446951953614e-18,0.03699349820698568,0.0,debiased-wsindy,0.17936742623961627,0.02426672927342403,0.17647058823529413,0.21428571428571427,0.5957465725023777,0.05035643286100297,0.5934971767696781,0.6446270603502874,0.3189890289587121,0.06001543097299707,0.30719217829216305,0.3979895984162274,0.19095437954296357,0.013150310006010293,0.18819618743145838,0.20327294209273536,0.015977148548351628,0.003337407442602771,0.015199110829529346,0.02009233002565048,lasso,0.008697490026177835,0.015199110829529346,0.024201282647943835,"{""u"": 0.007916726963585103, ""v"": 0.007880528804053861}","{""u"": 0.013886949227813628, ""v"": 0.013902674396874672}","{""u"": 0.022080894824929302, ""v"": 0.022039900145023886}"
RD,0.0,100,100,1.0,0.9630065017930143,1.0,1.0,wsindy,1.0,0.0,1.0,1.0,4.454429880507149e-10,0.0,4.454429880507149e-10,4.454429880507149e-10,1.7909864106716763e-10,2.597961861453349e-26,1.790986410671676e-10,1.790986410671676e-10,10.777260959994747,0.8996854575818787,11.092633125022985,11.593950007983949,0.0001,0.0,0.0001,0.0001,mstls,,,,,,
RD,0.0,100,100,1.0,0.9630065017930143,1.0,1.0,filtered-wsindy,1.0,0.0,1.0,1.0,4.454429880507149e-10,0.0,4.454429880507149e-10,4.454429880507149e-10,1.7909864106716763e-10,2.597961861453349e-26,1.790986410671676e-10,1.790986410671676e-10,11.518074557909276,0.870339317432113,11.822936791460961,12.287564791890327,0.0001,0.0,0.0001,0.0001,mstls,,,,,,
RD,0.0,100,0,0.0,3.469446951953614e-18,0.03699349820698568,0.0,wsindy,0.3500000000000001,1.1158161231197418e-16,0.35,0.35,0.015392263648029259,0.0,0.015392263648029259,0.015392263648029259,0.013415818992557529,1.7434626923745965e-18,0.01341581899255753,0.01341581899255753,15.329167416640557,1.6446867685667195,15.257274458010215,17.67540442983154,0.0001,0.0,0.0001,0.0001,lasso,0.0001,0.0001,0.0001,"{""u"": 8.46132285679941e-05, ""v"": 8.463110052365167e-05}","{""u"": 8.46132285679941e-05, ""v"": 8.463110052365167e-05}","{""u"": 8.46132285679941e-05, ""v"": 8.463110052365167e-05}"
RD,0.0,100,0,0.0,3.469446951953614e-18,0.03699349820698568,0.0,filtered-wsindy,0.3500000000000001,1.1158161231197418e-16,0.35,0.35,0.015392263648029259,0.0,0.015392263648029259,0.015392263648029259,0.013415818992557529,1.7434626923745965e-18,0.01341581899255753,0.01341581899255753,15.747861025708263,1.7005196759272374,15.557470666477457,18.071270687889776,0.0001,0.0,0.0001,0.0001,lasso,0.0001,0.0001,0.0001,"{""u"": 8.46132285679941e-05, ""v"": 8.463110052365167e-05}","{""u"": 8.46132285679941e-05, ""v"": 8.463110052365167e-05}","{""u"": 8.46132285679941e-05, ""v"": 8.463110052365167e-05}"
RD,0.0,100,100,1.0,0.9630065017930143,1.0,1.0,debiased-wsindy,1.0,0.0,1.0,1.0,0.000441218854380504,0.0,0.000441218854380504,0.000441218854380504,0.00025130733011970695,0.0,0.00025130733011970695,0.00025130733011970695,23.91744938711752,2.7581583701470804,23.154824520053808,28.66642824995797,0.0003088843596477481,5.448320913670614e-20,0.00030888435964774815,0.00030888435964774815,mstls,,,,,,
RD,0.0,100,0,0.0,3.469446951953614e-18,0.03699349820698568,0.0,debiased-wsindy,0.368421052631579,5.579080615598709e-17,0.3684210526315789,0.3684210526315789,0.03812311364774445,6.973850769498386e-18,0.038123113647744455,0.038123113647744455,0.032910414060318124,1.3947701538996772e-17,0.03291041406031811,0.03291041406031811,23.959912907049294,2.759388504664578,23.216926978551783,28.690673641732428,0.0002535364493970112,5.448320913670614e-20,0.00025353644939701115,0.00025353644939701115,lasso,0.00025353644939701115,0.00025353644939701115,0.00025353644939701115,"{""u"": 0.0002145180577567975, ""v"": 0.0002145631917269778}","{""u"": 0.0002145180577567975, ""v"": 0.0002145631917269778}","{""u"": 0.0002145180577567975, ""v"": 0.0002145631917269778}"
RD,0.2,100,97,0.97,0.9154806357094724,0.9897454759759611,0.97,wsindy,0.998,0.011429773866517683,1.0,1.0,0.044457590036213517,0.0037136584546869065,0.04345968598996869,0.04927587594106777,0.028301901537112997,0.0016054390826243567,0.028408230169114132,0.029960303582858252,13.886382102069911,1.0126496888073977,14.12098208302632,14.84350922446465,0.027904439862355093,0.0036992044704826765,0.02811768697974228,0.02811768697974228,mstls,,,,,,
RD,0.2,100,100,1.0,0.9630065017930143,1.0,1.0,filtered-wsindy,1.0,0.0,1.0,1.0,0.01350127922019439,0.0029175069206328237,0.012742208302750302,0.019003584251037788,0.007719472582355525,0.0013485046373736616,0.007566667557802085,0.009575068528700513,11.28338278711075,1.4247357613763516,11.523500271025114,13.227202691440471,0.026761637190726554,0.007268776759928298,0.02811768697974228,0.033932217718953266,mstls,,,,,,
RD,0.2,100,0,0.0,3.469446951953614e-18,0.03699349820698568,0.0,wsindy,0.28599370893389275,0.014879197982843232,0.2857142857142857,0.30303030303030304,1.0,0.0,1.0,1.0,0.9111458959805951,0.014294665952293398,0.9120731795959834,0.9272255806502421,16.00397536497796,1.2074238931975214,15.761078082956374,17.254945532989225,0.010189452720503344,0.0011133736380961672,0.009545484566618348,0.011497569953977368,lasso,0.008697490026177835,0.009545484566618348,0.013848863713938732,"{""u"": 0.007353834063638304, ""v"": 0.007356033144976106}","{""u"": 0.008091987348602753, ""v"": 0.008094565959602498}","{""u"": 0.011716901905422978, ""v"": 0.011726810046357566}"
RD,0.2,100,0,0.0,3.469446951953614e-18,0.03699349820698568,0.0,filtered-wsindy,0.31511440869680074,0.02102119714004791,0.3111111111111111,0.341602787456446,0.7152560401529193,0.20108086854765825,0.6484349153946927,1.0,0.5843117266066695,0.22288798706089222,0.4843816389141461,0.928839893269118,16.66070356664015,1.1305215199821768,16.48935350048123,18.06539994516643,0.006176195688142848,0.0026748750565320045,0.004977023564332114,0.010476157527896652,lasso,0.0031257158496882354,0.004977023564332114,0.011497569953977368,"{""u"": 0.0026390157127650043, ""v"": 0.00263893113995394}","{""u"": 0.0041991738463067795, ""v"": 0.004201253704289638}","{""u"": 0.009710185707192735, ""v"": 0.009704862612527574}"
RD,0.2,100,100,1.0,0.9630065017930143,1.0,1.0,debiased-wsindy,1.0,0.0,1.0,1.0,0.02026168474977551,0.00400451045134867,0.019854801501317132,0.025679355761838198,0.011909720259622563,0.0021651833423644204,0.011851562350156306,0.015012673958048204,25.14118441575207,1.8136761178731367,24.46743279194925,27.944170507765378,0.011840455801646917,0.0044371834997336,0.010985411419875584,0.015998587196060572,mstls,,,,,,
RD,0.2,100,0,0.0,3.469446951953614e-18,0.03699349820698568,0.0,debiased-wsindy,0.29987434138580654,0.015903547577033973,0.29411764705882354,0.3235294117647059,0.9724185852969974,0.07764994690348873,1.0,1.0,0.890435385308075,0.11217318640255745,0.930185292737957,0.9439462963961499,22.577158109138253,1.8032331640048045,21.954411771905143,25.48785245777108,0.00967623406056619,0.0017559950855060473,0.010476157527896652,0.011497569953977368,lasso,0.0041320124001153384,0.010476157527896652,0.011497569953977368,"{""u"": 0.0034839920005727107, ""v"": 0.0034868201457647755}","{""u"": 0.008828991370449391, ""v"": 0.008830579568806025}","{""u"": 0.009706518162128896, ""v"": 0.009707762557126586}"
RD,0.5,100,0,0.0,3.469446951953614e-18,0.03699349820698568,0.0,wsindy,0.8708823529411766,0.014033966694191444,0.875,0.875,0.10634160092497966,0.022053278567710194,0.10186313856129664,0.12339751091095556,0.09322067511423099,0.008245889661243738,0.0913100551553193,0.09511533322614309,11.406324317508842,1.2624596984178629,10.82520460447995,13.362476029165554,0.05209585244081492,0.01886325581061775,0.04941713361323833,0.07345682430761727,mstls,,,,,,
RD,0.5,100,74,0.74,0.6462901055081282,0.8159530153525186,0.74,filtered-wsindy,0.9590359477124183,0.07529213624277686,1.0,1.0,0.09997852259930733,0.0902358282114103,0.048669175792632746,0.2555949794680789,0.0682040296406504,0.07309457942427268,0.02789756081687334,0.20494000996291442,11.465234047054546,2.270592953600283,10.402244916534983,15.954128679074348,0.06740972198441261,0.018441609552263507,0.07196856730011514,0.08685113737513521,mstls,,,,,,
RD,0.5,100,0,0.0,3.469446951953614e-18,0.03699349820698568,0.0,wsindy,0.17716975242509236,0.012301853025493557,0.17857142857142858,0.19230769230769232,1.0,0.0,1.0,1.0,0.9507792496103032,0.02401323898288316,0.949148982971386,0.983115941522928,16.8093009899382,1.4029268539513287,16.343565417046193,18.59609644592274,0.010845813561241053,0.0014309390815928538,0.010476157527896652,0.012618568830660211,lasso,0.007924828983539177,0.010476157527896652,0.015199110829529346,"{""u"": 0.0066519490566961555, ""v"": 0.006667644109599595}","{""u"": 0.008820097181964023, ""v"": 0.008823774908907856}","{""u"": 0.012774889483066735, ""v"": 0.01279891399401515}"
RD,0.5,100,0,0.0,3.469446951953614e-18,0.03699349820698568,0.0,filtered-wsindy,0.2902879885174859,0.018844249741775385,0.2857142857142857,0.31879606879606887,0.932402066854711,0.13227525482815075,1.0,1.0,0.7794524874035069,0.1772054843814854,0.8820907077277971,0.9013211854676614,17.658500265405745,1.8540254316842546,17.157088749518152,19.696431191649758,0.010887262460942466,0.002641366216283689,0.01205806939231879,0.013848863713938732,lasso,0.0054622772176843425,0.01205806939231879,0.015199110829529346,"{""u"": 0.004567906388982385, ""v"": 0.0045644331216996145}","{""u"": 0.010070755568236764, ""v"": 0.010075700456598682}","{""u"": 0.012705729672584624, ""v"": 0.012685677652268518}"
RD,0.5,100,100,1.0,0.9630065017930143,1.0,1.0,debiased-wsindy,1.0,0.0,1.0,1.0,0.08990712311209062,0.012006299716970129,0.08909526827898051,0.10560181779970965,0.05831350876162207,0.0054771986078682375,0.058925299900948816,0.06493585941059875,25.07155222782865,1.7375907341669379,24.314200207940303,27.830692851135975,0.042584318193448975,0.013749616611480903,0.040949150623804234,0.05963623316594643,mstls,,,,,,
RD,0.5,100,0,0.0,3.469446951953614e-18,0.03699349820698568,0.0,debiased-wsindy,0.2080792284042306,0.012842222627167338,0.20833333333333334,0.22641509433962265,1.0,0.0,1.0,1.0,0.877272367497089,0.04561258291372315,0.8885647780079207,0.9191686234261277,21.860426731980407,1.679299632378872,21.057778686925303,24.739843892853244,0.01188556806882365,0.0015526655055830788,0.012618568830660211,0.013848863713938732,lasso,0.008697490026177835,0.012618568830660211,0.015199110829529346,"{""u"": 0.007181785611609023, ""v"": 0.007195749076732647}","{""u"": 0.010422612315083419, ""v"": 0.01042969808334579}","{""u"": 0.012579068598365684, ""v"": 0.012604429026590681}"
RD,0.75,100,0,0.0,3.469446951953614e-18,0.03699349820698568,0.0,wsindy,0.7654287378428244,0.04690485637679541,0.7777777777777778,0.8235294117647058,0.3040188921080006,0.11939623808687881,0.2699305946221523,0.4315616265522438,0.26072364885381855,0.04778227536825596,0.24775879106875864,0.3137731507362031,10.44089062042185,0.12527026975107494,10.449167791521177,10.577627645619215,0.06305073223000564,0.011078944907834927,0.07196856730011514,0.07196856730011514,mstls,,,,,,
RD,0.75,100,4,0.04,0.01566330399154762,0.0983707143588792,0.04,filtered-wsindy,0.7517967761475297,0.10041648399235954,0.7368421052631579,0.875,0.4262264676874042,0.12583823057008414,0.42188933062181544,0.4505041974639641,0.4022134560130596,0.1456926725387863,0.38704810575109827,0.5784028107518923,10.47493752462673,0.14150003539923683,10.482731833064463,10.65165227081161,0.04426758772969685,0.016512606352050273,0.040949150623804234,0.07196856730011514,mstls,,,,,,
RD,0.75,100,0,0.0,3.469446951953614e-18,0.03699349820698568,0.0,wsindy,0.1493771591870895,0.017345589325355956,0.14925373134328357,0.1694915254237288,1.0,0.0,1.0,1.0,1.0410661072033247,0.02888306311111089,1.0445136334350855,1.0770170380501907,18.95937953663757,3.1022268514546014,18.527021395449992,22.535011633322576,0.012700361417672052,0.001823424657146708,0.012618568830660211,0.015199110829529346,lasso,0.008697490026177835,0.012618568830660211,0.016681005372000592,"{""u"": 0.007122799762799465, ""v"": 0.007157701337506624}","{""u"": 0.010347471468636812, ""v"": 0.01035413807861642}","{""u"": 0.013779715973552728, ""v"": 0.013700097287303136}"
RD,0.75,100,0,0.0,3.469446951953614e-18,0.03699349820698568,0.0,filtered-wsindy,0.2958908513908304,0.021103135219880276,0.3,0.3181818181818182,0.7664219628453154,0.18149629418870072,0.758765117531587,1.0,0.5487573356751654,0.19917966311592597,0.48491522350481214,0.8795162837472436,19.660786647113273,3.974501054824417,19.121191458485555,23.0520703962422,0.00924510401579984,0.0025522582492119683,0.008697490026177835,0.013848863713938732,lasso,0.005994842503189409,0.008697490026177835,0.015199110829529346,"{""u"": 0.00498182579425791, ""v"": 0.004971078557686025}","{""u"": 0.007221258107556397, ""v"": 0.007218987546416573}","{""u"": 0.012638265042176555, ""v"": 0.01266130996554991}"
RD,0.75,100,60,0.6,0.5020025867910618,0.6905987135675411,0.6,debiased-wsindy,0.9686666666666668,0.04132214467876727,1.0,1.0,0.20112747408318807,0.03797251150244178,0.18929787306037804,0.2496678847140222,0.14799992293177072,0.044585284286887815,0.12968633278537733,0.1903389861580694,24.726024518614867,1.3850384465245673,24.424802291439846,25.780010165809657,0.056532989383187744,0.015351728234125396,0.05963623316594643,0.07196856730011514,mstls,,,,,,
RD,0.75,100,0,0.0,3.469446951953614e-18,0.03699349820698568,0.0,debiased-wsindy,0.19678141461395957,0.014551603084903412,0.19607843137254902,0.21739130434782608,1.0,0.0,1.0,1.0,0.8454874161912798,0.03317841549874009,0.8450495918704697,0.8894485126851722,21.385225327693625,1.3212610390498774,21.05369354150025,22.478410742164122,0.015190507914654337,0.0018946100694246478,0.015199110829529346,0.018307382802953697,lasso,0.011497569953977368,0.015199110829529346,0.02009233002565048,"{""u"": 0.009255415112355387, ""v"": 0.0092450341067563}","{""u"": 0.012265899493090874, ""v"": 0.012274320078030511}","{""u"": 0.016360389315963085, ""v"": 0.016286049865993475}"
RD,1.0,100,0,0.0,3.469446951953614e-18,0.03699349820698568,0.0,wsindy,0.6622975244435199,0.05102116113510091,0.6666666666666666,0.7368421052631579,0.5543801424977947,0.18781609365013846,0.5177140370500298,0.7893247373415291,0.47152991314425496,0.07186985562534555,0.46098622772222486,0.5667956838522832,11.207528662538389,1.4754936022008764,10.533564271056093,14.11309389944654,0.06286274504031186,0.010856112036043787,0.07196856730011514,0.07196856730011514,mstls,,,,,,
RD,1.0,100,0,0.0,3.469446951953614e-18,0.03699349820698568,0.0,filtered-wsindy,0.6186254848541802,0.1103109038433298,0.6086956521739131,0.7409356725146202,0.5985985654339175,0.0527231879466513,0.6004867710326613,0.6343442897161001,0.6556203904222285,0.15094264911815827,0.6962481084001112,0.8240347133759157,11.910945930873277,2.1758419518547196,10.802997041551862,15.88541494162055,0.04551710329769443,0.011541609294610358,0.040949150623804234,0.05963623316594643,mstls,,,,,,
RD,1.0,100,0,0.0,3.469446951953614e-18,0.03699349820698568,0.0,wsindy,0.09332036330085795,0.03773200917078947,0.07894736842105263,0.17142857142857143,1.0,0.0,1.0,1.0,1.0222946365172214,0.023276564681241823,1.016291680426974,1.0590592579064104,18.08429178577615,2.3623372527800197,17.271976312506013,21.089579775056343,0.01575284017103401,0.009016063472794381,0.012618568830660211,0.03199267137797385,lasso,0.007924828983539177,0.012618568830660211,0.04641588833612782,"{""u"": 0.006250316973292373, ""v"": 0.006251529362577364}","{""u"": 0.009949141918156835, ""v"": 0.009946910148469185}","{""u"": 0.03674193542996486, ""v"": 0.036799060578756745}"
RD,1.0,100,0,0.0,3.469446951953614e-18,0.03699349820698568,0.0,filtered-wsindy,0.29633072583605874,0.023060577158334393,0.2978723404255319,0.32558139534883723,0.703450109008821,0.20914301087026108,0.7131264630547743,1.0,0.4816688682663682,0.19084372621493637,0.45883940772382714,0.7583697270260484,18.304741307867225,2.4283825604128095,17.33884504152229,21.153857961832557,0.009653165475665307,0.0024816395616747864,0.009121487296398091,0.012618568830660211,lasso,0.005994842503189409,0.009121487296398091,0.018307382802953697,"{""u"": 0.004959699454858883, ""v"": 0.004953624316618953}","{""u"": 0.007539677701739034, ""v"": 0.0075454709951318566}","{""u"": 0.015150630905111453, ""v"": 0.01514584392002241}"
RD,1.0,100,24,0.24,0.16691325556948772,0.33232336349814473,0.24,debiased-wsindy,0.9271281512605043,0.06710062275920312,0.9333333333333333,1.0,0.3830923787661717,0.1434008125666384,0.34035137586170594,0.5603735522735649,0.31990194940882377,0.11544427688532398,0.28882532411264594,0.4783206216698841,24.862304078431336,0.8508501199079265,24.62700631195912,26.226725930371323,0.05697561045348223,0.0111100458065222,0.05963623316594643,0.07196856730011514,mstls,,,,,,
RD,1.0,100,0,0.0,3.469446951953614e-18,0.03699349820698568,0.0,debiased-wsindy,0.1872612541345809,0.016518755506597455,0.1863425925925926,0.20833333333333334,1.0,0.0,1.0,1.0,0.8103585172122856,0.03398862689323133,0.8104303611438115,0.8485673014601186,21.419925528478345,0.8317724455132725,21.0703327494557,22.881714762339833,0.018054283443870885,0.0024539440101562864,0.018307382802953697,0.022051307399030457,lasso,0.012618568830660211,0.018307382802953697,0.024201282647943835,"{""u"": 0.0098727587078234, ""v"": 0.009800181469934326}","{""u"": 0.014225141180674597, ""v"": 0.014235235607369504}","{""u"": 0.018733863202858067, ""v"": 0.01886167068488572}"
NS,0.0,100,100,1.0,0.9630065017930143,1.0,1.0,wsindy,1.0,0.0,1.0,1.0,0.005379523570391012,2.615194038561895e-18,0.005379523570391009,0.005379523570391009,0.0007894962302152732,2.1793283654682456e-19,0.0007894962302152729,0.0007894962302152729,3.159092794196913,0.12401249002956209,3.1129256039857864,3.278242170787417,0.0007906043210907703,1.0896641827341228e-19,0.0007906043210907702,0.0007906043210907702,mstls,,,,,,
NS,0.0,100,100,1.0,0.9630065017930143,1.0,1.0,filtered-wsindy,1.0,0.0,1.0,1.0,0.005379523570391012,2.615194038561895e-18,0.005379523570391009,0.005379523570391009,0.0007894962302152732,2.1793283654682456e-19,0.0007894962302152729,0.0007894962302152729,3.661255819979124,0.37344551860293906,3.649281541525852,4.046194345469121,0.0007906043210907703,1.0896641827341228e-19,0.0007906043210907702,0.0007906043210907702,mstls,,,,,,
NS,0.0,100,0,0.0,3.469446951953614e-18,0.03699349820698568,0.0,wsindy,0.5714285714285712,2.2316322462394835e-16,0.5714285714285714,0.5714285714285714,0.6068353328828369,1.1158161231197418e-16,0.6068353328828368,0.6068353328828368,0.042538735286175584,6.973850769498386e-18,0.04253873528617559,0.04253873528617559,4.404184436195064,0.2793271018387281,4.310214020486455,4.633780816302169,0.006579332246575683,8.717313461872983e-19,0.006579332246575682,0.006579332246575682,lasso,0.006579332246575682,0.006579332246575682,0.006579332246575682,"{""omega"": 0.006020383780572093}","{""omega"": 0.006020383780572093}","{""omega"": 0.006020383780572093}"
NS,0.0,100,0,0.0,3.469446951953614e-18,0.03699349820698568,0.0,filtered-wsindy,0.5714285714285712,2.2316322462394835e-16,0.5714285714285714,0.5714285714285714,0.6068353328828369,1.1158161231197418e-16,0.6068353328828368,0.6068353328828368,0.042538735286175584,6.973850769498386e-18,0.04253873528617559,0.04253873528617559,4.773540257500717,0.3669789119956024,4.645091041515116,5.181670142209623,0.006579332246575683,8.717313461872983e-19,0.006579332246575682,0.006579332246575682,lasso,0.006579332246575682,0.006579332246575682,0.006579332246575682,"{""omega"": 0.006020383780572093}","{""omega"": 0.006020383780572093}","{""omega"": 0.006020383780572093}"
NS,0.0,100,100,1.0,0.9630065017930143,1.0,1.0,debiased-wsindy,1.0,0.0,1.0,1.0,0.00435014101797665,0.0,0.00435014101797665,0.00435014101797665,0.0005992185231619073,1.0896641827341228e-19,0.0005992185231619072,0.0005992185231619072,9.72557991084992,1.5662601425764864,9.593976542004384,10.592178383399734,0.0007906043210907703,1.0896641827341228e-19,0.0007906043210907702,0.0007906043210907702,mstls,,,,,,
NS,0.0,100,0,0.0,3.469446951953614e-18,0.03699349820698568,0.0,debiased-wsindy,0.5714285714285712,2.2316322462394835e-16,0.5714285714285714,0.5714285714285714,0.09765395401591208,0.0,0.09765395401591208,0.09765395401591208,0.006603744324650026,8.717313461872983e-19,0.006603744324650027,0.006603744324650027,9.734797561260638,1.5753588887904562,9.58347435441101,10.897211208741647,0.0010235310218990271,2.1793283654682456e-19,0.001023531021899027,0.001023531021899027,lasso,0.001023531021899027,0.001023531021899027,0.001023531021899027,"{""omega"": 0.0009365767424741952}","{""omega"": 0.0009365767424741952}","{""omega"": 0.0009365767424741952}"
NS,0.2,100,100,1.0,0.9630065017930143,1.0,1.0,wsindy,1.0,0.0,1.0,1.0,0.0128688014373801,0.009141889491371178,0.010740993670176318,0.025573706377384556,0.0013158919696185268,0.0005086290168670785,0.0013300445699865183,0.0019793477744409977,3.4726086341019253,0.21749235826064187,3.4240870624780655,3.7379065914661624,0.0031701702776762647,0.0006694119045781114,0.0029470517025518097,0.004291934260128779,mstls,,,,,,
NS,0.2,100,0,0.0,3.469446951953614e-18,0.03699349820698568,0.01,filtered-wsindy,0.6063333333333333,0.22486783747839756,0.8,0.8,0.5420676886508651,0.38403593499518013,0.24179661146841125,1.0,0.07043645615847705,0.019564833116286404,0.057478459309988794,0.095801562261347,4.016463097559754,0.3875797701262798,4.129122229467612,4.306661288044415,0.01695389148242717,0.009642394892935953,0.010985411419875584,0.02811768697974228,mstls,,,,,,
NS,0.2,100,0,0.0,3.469446951953614e-18,0.03699349820698568,0.0,wsindy,0.4367857142857142,0.06924977869353285,0.375,0.5,0.6247284284185121,0.41031379033292686,1.0,1.0,0.04889244277769499,0.029078594985565625,0.07281355053714186,0.07715309044117578,4.422449379162863,0.3703107279266367,4.281397020502482,4.961948812496848,0.006740504162824765,0.004859681766036459,0.010476157527896652,0.011497569953977368,lasso,0.0006428073117284319,0.010476157527896652,0.011497569953977368,"{""omega"": 0.0005881051207196218}","{""omega"": 0.00958537685747414}","{""omega"": 0.010521668283259998}"
NS,0.2,100,0,0.0,3.469446951953614e-18,0.03699349820698568,0.0,filtered-wsindy,0.5,0.0,0.5,0.5,1.0,0.0,1.0,1.0,0.09013350163413496,0.004841970869407853,0.08976667108924194,0.0965787260311972,4.897304040481104,0.23752075671176648,4.78700547904009,5.252017974387854,0.02222807192617087,0.00154600394891413,0.022051307399030457,0.024201282647943835,lasso,0.018307382802953697,0.022051307399030457,0.026560877829466867,"{""omega"": 0.016672384944911498}","{""omega"": 0.020081276308440872}","{""omega"": 0.024188785376678325}"
NS,0.2,100,100,1.0,0.9630065017930143,1.0,1.0,debiased-wsindy,1.0,0.0,1.0,1.0,0.012184450748635278,0.009273588995827314,0.010202675109733956,0.02320212421611345,0.00114293510961739,0.00047275271145031576,0.0011187818435996896,0.0017788231802864961,11.967252709141468,4.243598719055054,10.142376479459926,17.74562877056888,0.0028409286589860185,0.0005923366452536729,0.0029470517025518097,0.0035564803062231283,mstls,,,,,,
NS,0.2,100,0,0.0,3.469446951953614e-18,0.03699349820698568,0.0,debiased-wsindy,0.4508928571428571,0.07269684818287923,0.5,0.5714285714285714,0.5617451353500877,0.40865649137473314,0.2689740244228506,1.0,0.04360347023779621,0.029235884712688516,0.0224516114388969,0.07633900998613054,11.867375540895155,4.230862575406077,10.046803083503619,17.641552300041084,0.00611559112821382,0.0048782339309991225,0.002364489412645407,0.011497569953977368,lasso,0.0006428073117284319,0.002364489412645407,0.011497569953977368,"{""omega"": 0.0005881667925179965}","{""omega"": 0.002163538206211682}","{""omega"": 0.010521668283259998}"
NS,0.5,100,0,0.0,3.469446951953614e-18,0.03699349820698568,0.04,wsindy,0.3986666666666666,0.027593326996305255,0.4,0.4,1.0,0.0,1.0,1.0,0.06977827505333108,0.0097099404618109,0.06940491825285058,0.07144424404366759,3.460316236264771,0.1868768288430355,3.4051227290183306,3.744415837491397,0.04420942343878456,0.011066289938151987,0.040949150623804234,0.05963623316594643,mstls,,,,,,
NS,0.5,100,0,0.0,3.469446951953614e-18,0.03699349820698568,0.0,filtered-wsindy,0.3138095238095238,0.023538622401129063,0.3333333333333333,0.3333333333333333,1.0,0.0,1.0,1.0,0.24477296477027585,0.07264483872190781,0.1879724034488019,0.3258310468956139,3.86925100622233,0.25648859187216544,3.959564146003686,4.0989010044955645,0.06057685735122915,0.024541432527976935,0.07196856730011514,0.08685113737513521,mstls,,,,,,
NS,0.5,100,0,0.0,3.469446951953614e-18,0.03699349820698568,0.0,wsindy,0.40708333333333335,0.0292695567178075,0.42857142857142855,0.42857142857142855,1.0,0.0,1.0,1.0,0.1318491870704971,0.016422775156287903,0.13042668961876314,0.15490358653189057,4.375031295443186,0.23496961493698845,4.268447229464073,4.757005858444609,0.019095593841161985,0.005090123001474637,0.018307382802953697,0.026560877829466867,lasso,0.008697490026177835,0.018307382802953697,0.03199267137797385,"{""omega"": 0.007955766461218435}","{""omega"": 0.016745534184809292}","{""omega"": 0.029263818719841225}"
NS,0.5,100,0,0.0,3.469446951953614e-18,0.03699349820698568,0.0,filtered-wsindy,0.375,0.0,0.375,0.375,1.0,0.0,1.0,1.0,0.1303153817542809,0.010966783638694095,0.1273895054285593,0.15392163277134283,4.8620590029121376,0.2042686376876664,4.784594499506056,5.17666916664457,0.01670816701703357,0.002522757199169798,0.016681005372000592,0.022051307399030457,lasso,0.013848863713938732,0.016681005372000592,0.024201282647943835,"{""omega"": 0.012486540569608554}","{""omega"": 0.015041388598825053}","{""omega"": 0.02172042968862937}"
NS,0.5,100,0,0.0,3.469446951953614e-18,0.03699349820698568,0.0,debiased-wsindy,0.3906666666666666,0.0656624705969352,0.4,0.4,0.9820762814201416,0.1261419543498715,1.0,1.0,0.07144977450531714,0.018695381560474664,0.06990209646524476,0.09918385732928585,11.478661960945464,1.737568642574864,11.101850165927317,13.439645582810044,0.04939210522652576,0.015057188959540118,0.05963623316594643,0.05963623316594643,mstls,,,,,,
NS,0.5,100,0,0.0,3.469446951953614e-18,0.03699349820698568,0.0,debiased-wsindy,0.4285714285714286,5.579080615598709e-17,0.42857142857142855,0.42857142857142855,1.0,0.0,1.0,1.0,0.09895382458109518,0.009936637049027528,0.09870090942871146,0.11224648478686797,11.36796638129279,1.7347624476772108,11.0143368949648,13.341731828975027,0.015397223551520978,0.0027576071460022103,0.015199110829529346,0.02009233002565048,lasso,0.009545484566618348,0.015199110829529346,0.024201282647943835,"{""omega"": 0.008730811006548544}","{""omega"": 0.013901726804028465}","{""omega"": 0.02213525211705895}"
NS,0.75,100,0,0.0,3.469446951953614e-18,0.03699349820698568,0.09,wsindy,0.409,0.02876234912646613,0.4,0.4,1.0,0.0,1.0,1.0,0.06531394559125257,0.010054418677563704,0.07016338340443833,0.07217594044613881,3.517236290506553,0.1856943442145874,3.4314087295206264,3.8457032413105483,0.05533143428060616,0.00930579142885258,0.05963623316594643,0.05963623316594643,mstls,,,,,,
NS,0.75,100,0,0.0,3.469446951953614e-18,0.03699349820698568,0.2,filtered-wsindy,0.3090079365079365,0.10158939185109031,0.26785714285714285,0.5,1.0,0.0,1.0,1.0,0.37032461353857216,0.1979946280444477,0.496804001329191,0.5387680378049883,3.8298208146274555,0.07939750335646305,3.820187146018725,3.9039853993570435,0.07658938095735981,0.05274380105393254,0.05963623316594643,0.18420699693267145,mstls,,,,,,
NS,0.75,100,0,0.0,3.469446951953614e-18,0.03699349820698568,0.0,wsindy,0.3364325396825399,0.024073327124239277,0.3333333333333333,0.375,0.9975632991224377,0.02436700877562304,1.0,1.0,0.17763062765106757,0.015062949423285382,0.17489131451223505,0.19002857543788018,4.37099790207576,0.2153594016308835,4.270947917015292,4.7408877163194125,0.009218899954378803,0.005988850695011209,0.007924828983539177,0.015199110829529346,lasso,0.002848035868435802,0.007924828983539177,0.04229242874389499,"{""omega"": 0.002602925889220316}","{""omega"": 0.007246339807806933}","{""omega"": 0.03868552854250891}"
NS,0.75,100,0,0.0,3.469446951953614e-18,0.03699349820698568,0.0,filtered-wsindy,0.3203484848484848,0.027927433072642335,0.3333333333333333,0.3333333333333333,1.0,0.0,1.0,1.0,0.259175299077782,0.020623906113702815,0.26628352168232505,0.27791466973043955,5.2832202492258515,0.8304894058617942,5.000351271475665,6.845236108347309,0.03594273010013669,0.011010602224570128,0.03853528593710531,0.04229242874389499,lasso,0.007220809018385471,0.03853528593710531,0.04229242874389499,"{""omega"": 0.006400662785428717}","{""omega"": 0.03417745285880233}","{""omega"": 0.03751935124887548}"
NS,0.75,100,0,0.0,3.469446951953614e-18,0.03699349820698568,0.01,debiased-wsindy,0.3716666666666667,0.03557291243018251,0.4,0.4,1.0,0.0,1.0,1.0,0.08605816553445501,0.029333347938325406,0.061600725395088374,0.12073813024352446,9.517699839124688,0.40738930149353114,9.524856708012521,10.033889329235535,0.05946856852730636,0.015859806192345737,0.07196856730011514,0.07196856730011514,mstls,,,,,,
NS,0.75,100,0,0.0,3.469446951953614e-18,0.03699349820698568,0.0,debiased-wsindy,0.3981547619047619,0.027413283189689164,0.375,0.42857142857142855,1.0,0.0,1.0,1.0,0.11161210077768197,0.013895056907027317,0.10982395846731927,0.12451794246835393,9.42759711412713,0.4061263060044121,9.433158416009974,9.956915583845694,0.01716789655061289,0.005290788747055898,0.016681005372000592,0.024201282647943835,lasso,0.009545484566618348,0.016681005372000592,0.03511191734215135,"{""omega"": 0.00872355589254188}","{""omega"": 0.015245009659257302}","{""omega"": 0.0320985311174224}"
NS,1.0,100,0,0.0,3.469446951953614e-18,0.03699349820698568,1.0,wsindy,0.5,0.0,0.5,0.5,1.0,0.0,1.0,1.0,0.04689414392849749,0.002457263064595634,0.0468546306384925,0.05047710115458085,3.138957822114462,0.15426118199923203,3.1041781039675698,3.329855474678334,0.0796659562250078,0.014473840723476052,0.07196856730011514,0.10481131341546852,mstls,,,,,,
NS,1.0,100,0,0.0,3.469446951953614e-18,0.03699349820698568,0.0,filtered-wsindy,0.30866955266955265,0.05397857364157528,0.3333333333333333,0.4,1.0,0.0,1.0,1.0,0.32270670013921804,0.12357920194603642,0.35260951068406854,0.3691332310134329,3.7458097253832965,0.16232042003770805,3.7973373954882845,3.875311125267763,0.07425284874519705,0.018272695437421438,0.07196856730011514,0.10481131341546852,mstls,,,,,,
NS,1.0,100,0,0.0,3.469446951953614e-18,0.03699349820698568,0.0,wsindy,0.33375000000000016,0.0041666666666666675,0.3333333333333333,0.3333333333333333,1.0,0.0,1.0,1.0,0.29813860630161126,0.00901845539309009,0.29795001346614775,0.30974843008408603,5.402374871716602,0.9071918713926114,5.106487000535708,6.680057783261874,0.013388286301072506,0.0017975974449953342,0.013848863713938732,0.013983888425497805,lasso,0.005994842503189409,0.013848863713938732,0.026560877829466867,"{""omega"": 0.0054775929537702875}","{""omega"": 0.01264603767125141}","{""omega"": 0.024261826063914624}"
NS,1.0,100,0,0.0,3.469446951953614e-18,0.03699349820698568,0.0,filtered-wsindy,0.23192307692307693,0.004590062626460421,0.23076923076923078,0.23076923076923078,1.0,0.0,1.0,1.0,0.404131653859857,0.013255157021178587,0.4038130025113686,0.41993324095781015,5.3402767271501945,0.9577639008407125,5.364532709005289,6.524065099784639,0.005897962397664729,0.002231743785485694,0.0054622772176843425,0.006579332246575682,lasso,0.0041320124001153384,0.0054622772176843425,0.015199110829529346,"{""omega"": 0.0036349381191823804}","{""omega"": 0.004805104366153325}","{""omega"": 0.013378559543591639}"
NS,1.0,100,0,0.0,3.469446951953614e-18,0.03699349820698568,0.0,debiased-wsindy,0.37,0.03333333333333335,0.4,0.4,1.0,0.0,1.0,1.0,0.08926904175762593,0.02899650473084301,0.0769284245365601,0.12340660243253809,9.823757701158756,1.6680115884057165,9.282483499555383,10.874367515998893,0.05255750475758274,0.01646299020725112,0.045183142118521286,0.07196856730011514,mstls,,,,,,
NS,1.0,100,0,0.0,3.469446951953614e-18,0.03699349820698568,0.0,debiased-wsindy,0.3539880952380953,0.023269104377576552,0.3333333333333333,0.375,1.0,0.0,1.0,1.0,0.15307084579047214,0.020199100242754377,0.14826978256509585,0.18079186548770368,9.726147834557342,1.65777237232458,9.194324207492173,10.774802507890854,0.016029934128973935,0.0076255266293641134,0.013848863713938732,0.026560877829466867,lasso,0.005994842503189409,0.013848863713938732,0.04229242874389499,"{""omega"": 0.005476617164407917}","{""omega"": 0.01265423567499149}","{""omega"": 0.03862005964105987}"
HKS,0.0,100,100,1.0,0.9630065017930143,1.0,1.0,wsindy,1.0,0.0,1.0,1.0,1.664384057104007e-06,0.0,1.664384057104007e-06,1.664384057104007e-06,5.10995659442237e-07,2.1282503569025836e-22,5.109956594422373e-07,5.109956594422373e-07,0.026795375439105554,0.0020440672817034094,0.026736854517366737,0.028319029172416778,0.0001,0.0,0.0001,0.0001,mstls,,,,,,
HKS,0.0,100,100,1.0,0.9630065017930143,1.0,1.0,filtered-wsindy,1.0,0.0,1.0,1.0,1.664384057104007e-06,0.0,1.664384057104007e-06,1.664384057104007e-06,5.10995659442237e-07,2.1282503569025836e-22,5.109956594422373e-07,5.109956594422373e-07,0.028189730735030026,0.001219153956909141,0.028412728919647634,0.029622775362804533,0.0001,0.0,0.0001,0.0001,mstls,,,,,,
HKS,0.0,100,0,0.0,3.469446951953614e-18,0.03699349820698568,0.0,wsindy,0.375,0.0,0.375,0.375,1.0,0.0,1.0,1.0,0.7561394905349327,1.1158161231197418e-16,0.7561394905349326,0.7561394905349326,0.05876665830030106,0.05134641838733929,0.049535041966009885,0.07044829134829346,0.007220809018385471,0.0,0.007220809018385471,0.007220809018385471,lasso,0.007220809018385471,0.007220809018385471,0.007220809018385471,"{""u"": 0.006203486995493624}","{""u"": 0.006203486995493624}","{""u"": 0.006203486995493624}"
HKS,0.0,100,0,0.0,3.469446951953614e-18,0.03699349820698568,0.0,filtered-wsindy,0.375,0.0,0.375,0.375,1.0,0.0,1.0,1.0,0.7561394905349327,1.1158161231197418e-16,0.7561394905349326,0.7561394905349326,0.06025704457075335,0.0569358087087296,0.04831056244438514,0.0717647580895573,0.007220809018385471,0.0,0.007220809018385471,0.007220809018385471,lasso,0.007220809018385471,0.007220809018385471,0.007220809018385471,"{""u"": 0.006203486995493624}","{""u"": 0.006203486995493624}","{""u"": 0.006203486995493624}"
HKS,0.0,100,100,1.0,0.9630065017930143,1.0,1.0,debiased-wsindy,1.0,0.0,1.0,1.0,0.018733789015281114,3.486925384749193e-18,0.01873378901528111,0.01873378901528111,0.004195409833530444,8.717313461872983e-19,0.004195409833530445,0.004195409833530445,0.04838226579129696,0.0013421112437168557,0.04820489545818418,0.049965382309164856,0.0008497534359086447,0.0,0.0008497534359086447,0.0008497534359086447,mstls,,,,,,
HKS,0.0,100,0,0.0,3.469446951953614e-18,0.03699349820698568,0.0,debiased-wsindy,0.375,0.0,0.375,0.375,1.0,0.0,1.0,1.0,0.7594713907272238,1.1158161231197418e-16,0.7594713907272237,0.7594713907272237,0.04921931953635067,0.06743541142492711,0.03534093644702807,0.037556254770606756,0.007924828983539177,0.0,0.007924828983539177,0.007924828983539177,lasso,0.007924828983539177,0.007924828983539177,0.007924828983539177,"{""u"": 0.006814940882637325}","{""u"": 0.006814940882637325}","{""u"": 0.006814940882637325}"
HKS,0.2,100,75,0.75,0.656955364519384,0.8245478863771232,0.97,wsindy,0.9330000000000002,0.11917646706892389,1.0,1.0,0.3112732554637101,0.4023459713096605,0.08936952153288442,1.0,0.04073098857568871,0.03491279045827064,0.022967188973271845,0.10064549651207283,0.11257425707182847,0.015419536776230073,0.11141316697467119,0.12634300022618847,0.042119300515948706,0.023492068297788233,0.03511191734215135,0.07390722033525783,mstls,,,,,,
HKS,0.2,100,0,0.0,3.469446951953614e-18,0.03699349820698568,0.0,filtered-wsindy,0.05284843408934628,0.016236612573028147,0.06060606060606061,0.06380952380952383,103.48902641174787,43.8066880074712,119.87016010751682,137.73908508734013,99.46484132937121,31.734810976853336,111.82132135311227,123.91278468779576,0.08561485250480473,0.008808987783940151,0.08554041694151238,0.09658632493810729,0.2331283417509818,0.35943475843526396,0.055908101825122285,1.0,mstls,,,,,,
HKS,0.2,100,0,0.0,3.469446951953614e-18,0.03699349820698568,0.0,wsindy,0.3452976190476191,0.045613440476615356,0.3333333333333333,0.4,1.0,0.0,1.0,1.0,0.8690247319252903,0.03388085776745067,0.8795158515269478,0.8932867744274285,0.050671909586526453,0.011415379406248982,0.0487598535255529,0.06768127887044102,0.031039449390471822,0.010504949575997166,0.03199267137797385,0.04229242874389499,lasso,0.005994842503189409,0.03199267137797385,0.055908101825122285,"{""u"": 0.005136352971524464}","{""u"": 0.027156253025652097}","{""u"": 0.04777800767388268}"
HKS,0.2,100,0,0.0,3.469446951953614e-18,0.03699349820698568,0.0,filtered-wsindy,0.0,0.0,0.0,0.0,1.0,0.0,1.0,1.0,1.0002438656435912,5.077365972053795e-05,1.0002266484043987,1.0003277122949432,0.058337316664401444,0.00895096748022689,0.057643832988105714,0.06975769967539237,0.10692468960672383,0.016536285414298996,0.10722672220103242,0.1291549665014884,lasso,0.08111308307896872,0.10722672220103242,0.1707352647470692,"{""u"": 0.0385559982604991}","{""u"": 0.05077116089989374}","{""u"": 0.0826516936225688}"
HKS,0.2,100,0,0.0,3.469446951953614e-18,0.03699349820698568,0.09,debiased-wsindy,0.15489832080544155,0.06148072200258843,0.13333333333333333,0.25,47.559004029752124,14.310011061325907,52.80044486967773,55.57923487132442,8.222414020980471,3.156559541294476,8.492834109033716,10.796332085293644,0.11130884837708437,0.009658698866500781,0.11007856309879571,0.12298561604693532,0.574042998702528,0.14276174302937156,0.572236765935022,0.6959814221469367,mstls,,,,,,
HKS,0.2,100,0,0.0,3.469446951953614e-18,0.03699349820698568,0.0,debiased-wsindy,0.3317142857142858,0.01957214303720426,0.3333333333333333,0.3333333333333333,7.9958098743949355,0.1309433798976923,8.003923111933297,8.14248266914926,1.236801480519844,0.009782248264549206,1.23950519004942,1.2465230014093363,0.042659182152710855,0.0016194217628895022,0.04255725006805733,0.04458013329422102,0.08277448743699362,0.015545578611107612,0.07390722033525783,0.09770099572992257,lasso,0.06734150657750829,0.07390722033525783,0.14174741629268062,"{""u"": 0.0385344823483055}","{""u"": 0.04299442686019919}","{""u"": 0.0827933079874796}"
HKS,0.5,100,4,0.04,0.01566330399154762,0.0983707143588792,0.93,wsindy,0.7346904761904761,0.11582964605744343,0.75,0.75,0.9862777304321223,0.17670918919926248,1.0,1.0,0.16804911570411452,0.1793968243764551,0.1314105783514948,0.18487359964175723,0.12163530627614819,0.011106675668363698,0.12185924994992092,0.13522243743063883,0.0955193491654428,0.03122386989347739,0.09770099572992257,0.14174741629268062,mstls,,,,,,
HKS,0.5,100,0,0.0,3.469446951953614e-18,0.03699349820698568,0.0,filtered-wsindy,0.06187679242278911,0.016408491481748978,0.06349206349206349,0.08130630630630632,64.43316068548748,16.087558712275197,65.84470821234922,83.67349845286131,93.6061257577948,36.18973823039425,101.89014423440341,137.4238286801318,0.09072445874800905,0.010856663843529119,0.09036327054491267,0.10521793722873554,0.28644855069148073,0.30655204715273904,0.1291549665014884,0.8302175681319752,mstls,,,,,,
HKS,0.5,100,0,0.0,3.469446951953614e-18,0.03699349820698568,0.0,wsindy,0.3428769841269842,0.04931291941819881,0.3333333333333333,0.4,1.0,0.0,1.0,1.0,0.870665350871506,0.02322131253958124,0.8696620646372839,0.9041573565971969,0.05509328787913546,0.009477883500613422,0.0534628335153684,0.06847486674087122,0.04475068486661,0.010824934608680725,0.04229242874389499,0.061359072734131756,lasso,0.024201282647943835,0.04229242874389499,0.07390722033525783,"{""u"": 0.019910483887600396}","{""u"": 0.034989397506327874}","{""u"": 0.060075801106006466}"
HKS,0.5,100,0,0.0,3.469446951953614e-18,0.03699349820698568,0.0,filtered-wsindy,0.14660714285714282,0.028636177534382325,0.14285714285714285,0.16666666666666666,1.0,0.0,1.0,1.0,0.9551925466139319,0.012346774936821193,0.9525331113387654,0.9665946339684721,0.06095793044893071,0.009274873849977746,0.06152262451360002,0.07265026671811939,0.08711061976290158,0.01588417576976455,0.08111308307896872,0.09770099572992257,lasso,0.06734150657750829,0.08111308307896872,0.1707352647470692,"{""u"": 0.03492775231648208}","{""u"": 0.04509234065539543}","{""u"": 0.08946555657466611}"
HKS,0.5,100,0,0.0,3.469446951953614e-18,0.03699349820698568,0.39,debiased-wsindy,0.14348586023648843,0.10909946109348613,0.12701612903225806,0.25,12.675424102675217,14.682592315044761,9.046183656858648,41.694939957488195,7.684243214001044,10.210343328948326,3.2778153199601823,17.009261731362344,0.10866360537009313,0.009852067421926876,0.10805670765694231,0.1222134092473425,0.7726394093052714,0.1615670930481421,0.7564633275546291,1.0,mstls,,,,,,
HKS,0.5,100,0,0.0,3.469446951953614e-18,0.03699349820698568,0.0,debiased-wsindy,0.4099685274420568,0.13621944677074693,0.375,0.6,12.938045566009896,4.033958658903013,12.04572032918321,16.06480677004177,1.5118146344231365,0.32545536757519183,1.4358218157052205,1.7300021074174647,0.042820151587948205,0.0017158142706611803,0.042508251091931015,0.04518004978308454,0.07185079076008657,0.024579551276347863,0.07390722033525783,0.09770099572992257,lasso,0.010476157527896652,0.07390722033525783,0.1176811952434999,"{""u"": 0.005422037069584965}","{""u"": 0.039210701187820884}","{""u"": 0.06112328195382821}"
HKS,0.75,100,0,0.0,3.469446951953614e-18,0.03699349820698568,0.66,wsindy,0.6280531135531137,0.19341979139679907,0.75,0.75,1.199073302702179,0.7714681015653845,1.0,1.1136352122561328,0.3432213923098271,0.28413418330929785,0.21857612549248812,0.9481474580791401,0.12160270420950837,0.009405060793300356,0.1209815624752082,0.13362157497322186,0.09968484029456585,0.04432878052259185,0.09770099572992257,0.15556761439304723,mstls,,,,,,
HKS,0.75,100,0,0.0,3.469446951953614e-18,0.03699349820698568,0.0,filtered-wsindy,0.06224966514571492,0.020839020333909383,0.06451612903225806,0.08596638655462187,59.52084885054102,21.973170159742192,59.05583354155438,88.85187856295485,82.70568936146401,39.446851038527726,90.90517748242105,130.1488764002172,0.0966007608291693,0.011767752915419663,0.09649145847652107,0.11023922055028379,0.34721428633753537,0.3478405053836565,0.1291549665014884,0.9111627561154896,mstls,,,,,,
HKS,0.75,100,0,0.0,3.469446951953614e-18,0.03699349820698568,0.0,wsindy,0.32475000000000004,0.059488516472991686,0.3333333333333333,0.4,1.0,0.0,1.0,1.0,0.8654303975044699,0.03190994268178802,0.8616222007695373,0.9035641243067101,0.06029624211485498,0.010536457715287897,0.05964466655859724,0.0734653284191154,0.05759082484673132,0.012940729977350294,0.055908101825122285,0.07390722033525783,lasso,0.03511191734215135,0.055908101825122285,0.08902150854450393,"{""u"": 0.026837446698444005}","{""u"": 0.043049629213994176}","{""u"": 0.06899557635823132}"
HKS,0.75,100,0,0.0,3.469446951953614e-18,0.03699349820698568,0.0,filtered-wsindy,0.13226190476190472,0.06004211570745228,0.14285714285714285,0.16666666666666666,1.0,0.0,1.0,1.0,0.9654351507222734,0.019724531202363636,0.9591430959717593,1.0023363670670449,0.061116175398929044,0.008788761298607948,0.06050668749958277,0.07316111287800596,0.09346583373638766,0.01906987824442417,0.08902150854450393,0.1176811952434999,lasso,0.061359072734131756,0.08902150854450393,0.15556761439304723,"{""u"": 0.03198428315516817}","{""u"": 0.04667662324791011}","{""u"": 0.0857293773541317}"
HKS,0.75,100,0,0.0,3.469446951953614e-18,0.03699349820698568,0.33,debiased-wsindy,0.11900969535942311,0.10197920660638916,0.09523809523809523,0.25,14.320775565681872,17.399644772756535,8.709906697537983,47.6267737349223,8.096734477644087,8.92151544014375,5.601534627504378,17.63106418625657,0.1088954771636054,0.010245669617744785,0.10756818752270192,0.12202875019283965,0.7187267618851252,0.1867309980099171,0.7564633275546291,0.9111627561154896,mstls,,,,,,
HKS,0.75,100,0,0.0,3.469446951953614e-18,0.03699349820698568,0.0,debiased-wsindy,0.42167159853639924,0.13359231562138202,0.42857142857142855,0.6,11.729600565676016,3.860927672805148,10.773341885708282,14.168011165195253,1.434333721244757,0.31188126260224047,1.3579164199993716,1.581533652719226,0.043493773862719534,0.002957474191787548,0.042976625030860305,0.04580580818001181,0.08106513991629431,0.024313203544247458,0.08111308307896872,0.10722672220103242,lasso,0.009545484566618348,0.08111308307896872,0.14174741629268062,"{""u"": 0.0048001593106847765}","{""u"": 0.040931007821732736}","{""u"": 0.07305377034622153}"
HKS,1.0,100,0,0.0,3.469446951953614e-18,0.03699349820698568,0.69,wsindy,0.60627398989899,0.20939819001774218,0.75,0.75,1.613232342628715,2.659549778250399,1.0,1.1152366749069016,0.48315695838041883,0.36562922960985567,0.3499197735604388,0.9485184988325606,0.10386114794062451,0.009702762410608003,0.10400975053198636,0.11478310839738698,0.11947428866007977,0.05959011153991708,0.1176811952434999,0.1873817422860385,mstls,,,,,,
HKS,1.0,100,0,0.0,3.469446951953614e-18,0.03699349820698568,0.0,filtered-wsindy,0.06034779740119751,0.02181968813426222,0.05798319327731093,0.08871409028727775,55.30376120321043,24.29465743590081,55.58519249016082,84.96770800321582,79.68504142297961,38.04616978748274,86.90271149961465,125.57021481384051,0.0960706582898274,0.014028829260030623,0.09493241651216522,0.1138408996863291,0.37307652067029295,0.38933564206733773,0.11245395872226616,1.0,mstls,,,,,,
HKS,1.0,100,0,0.0,3.469446951953614e-18,0.03699349820698568,0.02,wsindy,0.3135158730158729,0.06511430204858568,0.3333333333333333,0.4,1.0,0.0,1.0,1.0,0.8477476490205446,0.03405512045060531,0.8458743340883352,0.892276638497757,0.058869809590978546,0.00930845926929107,0.058143750473391265,0.06957384130218998,0.07165127440175004,0.017998072712085852,0.06734150657750829,0.09770099572992257,lasso,0.03511191734215135,0.06734150657750829,0.1291549665014884,"{""u"": 0.02376195097125843}","{""u"": 0.04772539966504041}","{""u"": 0.08828139598284293}"
HKS,1.0,100,0,0.0,3.469446951953614e-18,0.03699349820698568,0.0,filtered-wsindy,0.11940476190476187,0.06618287288946303,0.14285714285714285,0.16666666666666666,1.0,0.0,1.0,1.0,0.9692432996939868,0.02064286053742794,0.9627196088012091,1.0002809547953573,0.06297627122839913,0.010453905477884162,0.0621062500285916,0.07663733303779736,0.1005945653221853,0.029344276331350148,0.09770099572992257,0.15556761439304723,lasso,0.055908101825122285,0.09770099572992257,0.1707352647470692,"{""u"": 0.02750423967794881}","{""u"": 0.048712917270547745}","{""u"": 0.09046777135400054}"
HKS,1.0,100,0,0.0,3.469446951953614e-18,0.03699349820698568,0.3,debiased-wsindy,0.11911458202431432,0.10224801124993897,0.10818713450292397,0.25,15.607263662994514,18.798953826648034,8.480899604865996,47.05477469834526,6.93293566097535,6.604304639846399,5.54856517071265,14.108704732370885,0.1269717420951929,0.021347874133942093,0.12247585441218689,0.14089192027458924,0.7171396158393969,0.20357095369520106,0.7564633275546291,1.0,mstls,,,,,,
HKS,1.0,100,0,0.0,3.469446951953614e-18,0.03699349820698568,0.0,debiased-wsindy,0.38482369487304885,0.1410292728870581,0.375,0.6,12.589221201628863,6.102865444758802,10.849444919642538,16.787884815981112,1.5210792308562637,0.5367927538479552,1.356631543969053,1.786506186570161,0.04824062456609681,0.007689016787747316,0.046423459018114954,0.05180517869303004,0.07901044983981982,0.0328049267174645,0.08111308307896872,0.1176811952434999,lasso,0.006579332246575682,0.08111308307896872,0.1707352647470692,"{""u"": 0.0031819910227918503}","{""u"": 0.039176291432416466}","{""u"": 0.07954376032472141}"
VBG,0.0,100,100,1.0,0.9630065017930143,1.0,1.0,wsindy,1.0,0.0,1.0,1.0,2.187468955971994e-11,0.0,2.187468955971994e-11,2.187468955971994e-11,1.1719171967058482e-12,2.029657704260429e-28,1.1719171967058484e-12,1.1719171967058484e-12,0.05441905378946103,0.0034278215299554087,0.05407629196997732,0.057549029483925554,0.0001,0.0,0.0001,0.0001,mstls,,,,,,
VBG,0.0,100,100,1.0,0.9630065017930143,1.0,1.0,filtered-wsindy,1.0,0.0,1.0,1.0,2.187468955971994e-11,0.0,2.187468955971994e-11,2.187468955971994e-11,1.1719171967058482e-12,2.029657704260429e-28,1.1719171967058484e-12,1.1719171967058484e-12,0.05767495327629149,0.001961913541059268,0.057469541497994214,0.060361270466819404,0.0001,0.0,0.0001,0.0001,mstls,,,,,,
VBG,0.0,100,0,0.0,3.469446951953614e-18,0.03699349820698568,0.0,wsindy,0.22222222222222224,2.7895403077993544e-17,0.2222222222222222,0.2222222222222222,1.0,0.0,1.0,1.0,0.9369325388965773,3.3474483693592255e-16,0.9369325388965777,0.9369325388965777,0.10285715671954676,0.012310080099949872,0.1021718125557527,0.11903350419597701,0.007220809018385471,0.0,0.007220809018385471,0.007220809018385471,lasso,0.007220809018385471,0.007220809018385471,0.007220809018385471,"{""u"": 0.006523899203580781}","{""u"": 0.006523899203580781}","{""u"": 0.006523899203580781}"
VBG,0.0,100,0,0.0,3.469446951953614e-18,0.03699349820698568,0.0,filtered-wsindy,0.22222222222222224,2.7895403077993544e-17,0.2222222222222222,0.2222222222222222,1.0,0.0,1.0,1.0,0.9369325388965773,3.3474483693592255e-16,0.9369325388965777,0.9369325388965777,0.10971648164559156,0.013140625987832659,0.10989343805704266,0.12621127902530135,0.007220809018385471,0.0,0.007220809018385471,0.007220809018385471,lasso,0.007220809018385471,0.007220809018385471,0.007220809018385471,"{""u"": 0.006523899203580781}","{""u"": 0.006523899203580781}","{""u"": 0.006523899203580781}"
VBG,0.0,100,100,1.0,0.9630065017930143,1.0,1.0,debiased-wsindy,1.0,0.0,1.0,1.0,0.0006601101256104369,3.2689925482023687e-19,0.0006601101256104372,0.0006601101256104372,1.4905581266585089e-05,0.0,1.4905581266585089e-05,1.4905581266585089e-05,0.08104251614655368,0.0028236488617068498,0.08100589498644695,0.0836210658075288,0.0001,0.0,0.0001,0.0001,mstls,,,,,,
VBG,0.0,100,0,0.0,3.469446951953614e-18,0.03699349820698568,0.0,debiased-wsindy,0.22222222222222224,2.7895403077993544e-17,0.2222222222222222,0.2222222222222222,1.0,0.0,1.0,1.0,0.9369314676187865,1.1158161231197418e-16,0.9369314676187864,0.9369314676187864,0.09381686539622024,0.06049225567098442,0.08142202097224072,0.08517209592973814,0.007220809018385471,0.0,0.007220809018385471,0.007220809018385471,lasso,0.007220809018385471,0.007220809018385471,0.007220809018385471,"{""u"": 0.006523711522117558}","{""u"": 0.006523711522117558}","{""u"": 0.006523711522117558}"
VBG,0.2,100,0,0.0,3.469446951953614e-18,0.03699349820698568,0.92,wsindy,0.7993333333333332,0.03141982474816477,0.8,0.8,0.9351034782860462,0.2377385162499218,1.0,1.0,0.041267661753232654,0.05313921802564105,0.03399985651561527,0.04022700758405297,0.060074271725025025,0.006160124963160993,0.05937733355676755,0.061876974685583265,0.06213566863788069,0.022728882291562242,0.06734150657750829,0.08111308307896872,mstls,,,,,,
VBG,0.2,100,9,0.09,0.04807254000256516,0.1622621285271631,0.42,filtered-wsindy,0.7657460317460317,0.10965830947832111,0.8,0.8333333333333334,0.8083404889493647,0.15372142975023362,0.7265763403342316,1.0,0.09205762810270877,0.10202378549671542,0.06313650768799187,0.1357375710737566,0.067006306219846,0.007475855103597655,0.06524408346740529,0.06936169611290098,0.046135882439083196,0.04903622019395093,0.015199110829529346,0.1291549665014884,mstls,,,,,,
VBG,0.2,100,0,0.0,3.469446951953614e-18,0.03699349820698568,0.0,wsindy,0.22222222222222224,2.7895403077993544e-17,0.2222222222222222,0.2222222222222222,1.0,0.0,1.0,1.0,0.9356298396430115,0.0019823650295225474,0.9356766423008862,0.9380845841052594,0.10689311130321584,0.009626699083059912,0.1064064585370943,0.1185910164145753,0.009561799465253713,0.0012347276998296538,0.009545484566618348,0.011497569953977368,lasso,0.006579332246575682,0.009545484566618348,0.013848863713938732,"{""u"": 0.005929535502790209}","{""u"": 0.008613500672525774}","{""u"": 0.012491309662734946}"
VBG,0.2,100,0,0.0,3.469446951953614e-18,0.03699349820698568,0.0,filtered-wsindy,0.32966666666666666,0.010482201257840669,0.3333333333333333,0.3333333333333333,1.0,0.0,1.0,1.0,0.928663454939435,0.0036298168869939042,0.9286585384664936,0.9307788303234393,0.11418173077399843,0.011246444502160939,0.11338289553532377,0.1279913122067228,0.015149572881722697,0.002926002714525005,0.015199110829529346,0.016681005372000592,lasso,0.007924828983539177,0.015199110829529346,0.026560877829466867,"{""u"": 0.006965563743739159}","{""u"": 0.01336804093314186}","{""u"": 0.023398103646421472}"
VBG,0.2,100,20,0.2,0.1333669333310325,0.2888291655931589,0.93,debiased-wsindy,0.8342380952380951,0.09013935679907674,0.8,1.0,0.7739516761764088,0.38348502558971703,1.0,1.0,0.06476640433559072,0.06075039083491254,0.07384905103196363,0.08237640445260011,0.10332794959889725,0.03500714497375343,0.09667589538730681,0.10783687478397043,0.060227734447930684,0.03577044269803325,0.06734150657750829,0.09865356837703364,mstls,,,,,,
VBG,0.2,100,0,0.0,3.469446951953614e-18,0.03699349820698568,0.0,debiased-wsindy,0.22911111111111113,0.03153708695880317,0.2222222222222222,0.2222222222222222,1.0,0.0,1.0,1.0,0.9257597565419909,0.006412425991700291,0.9256614727468894,0.9319352670116703,0.09699309790274128,0.03179032331679904,0.09150477155344561,0.09954687136923895,0.01636926573730233,0.005005828574503014,0.016681005372000592,0.022051307399030457,lasso,0.0054622772176843425,0.016681005372000592,0.026560877829466867,"{""u"": 0.004906703508067451}","{""u"": 0.014978595191661162}","{""u"": 0.02387834187809151}"
VBG,0.5,100,0,0.0,3.469446951953614e-18,0.03699349820698568,0.3,wsindy,0.6696547619047618,0.10841734304012343,0.6666666666666666,0.8,1.0028909193711388,0.10610906862947474,1.0,1.0,0.28873742526564206,0.1634433657712565,0.2753313507104197,0.48405111938656503,0.06425074294791557,0.011162550351177114,0.061105728964321315,0.07518150418763983,0.14741422505227816,0.09596877904818947,0.12341808087249415,0.2745094142487985,mstls,,,,,,
VBG,0.5,100,1,0.01,0.0017674320641406505,0.054486196178705315,0.01,filtered-wsindy,0.6543073593073594,0.13330876156635504,0.6904761904761905,0.8333333333333334,2.477928663947586,0.4726179814391836,2.5820959979881772,2.734189087229854,0.23323593746270774,0.2198253470244316,0.140246016599553,0.580503745393737,0.06722901833592915,0.0024240681187539036,0.06716831249650568,0.07026244523003698,0.03193151869422557,0.030028730466009224,0.02538108023870535,0.03511191734215135,mstls,,,,,,
VBG,0.5,100,0,0.0,3.469446951953614e-18,0.03699349820698568,0.0,wsindy,0.21249494949494951,0.013082684084522903,0.2222222222222222,0.2222222222222222,1.0,0.0,1.0,1.0,0.9326253690136044,0.0089074539717313,0.9308322237961953,0.9461861457556444,0.115349805818405,0.013154641288212431,0.11496866651577875,0.1294728912995197,0.017363313496001634,0.005454190516488457,0.018307382802953697,0.022266304923921815,lasso,0.005994842503189409,0.018307382802953697,0.03199267137797385,"{""u"": 0.005383267606335287}","{""u"": 0.016428767006688934}","{""u"": 0.028700845301071764}"
VBG,0.5,100,0,0.0,3.469446951953614e-18,0.03699349820698568,0.0,filtered-wsindy,0.309,0.014873201444615788,0.3,0.3333333333333333,1.2792941839911007,0.10990274876964082,1.2680656262170376,1.4284547539966528,0.9270852126327783,0.004527510157213026,0.9260515196319234,0.9351641460799935,0.11922974545392208,0.01425033038904687,0.118399478495121,0.13411263391608372,0.024314575161954566,0.0051859984023400274,0.026560877829466867,0.02681984310934538,lasso,0.011497569953977368,0.026560877829466867,0.03853528593710531,"{""u"": 0.009450967891229603}","{""u"": 0.021725006041643145}","{""u"": 0.03161163471745313}"
VBG,0.5,100,0,0.0,3.469446951953614e-18,0.03699349820698568,0.74,debiased-wsindy,0.7147738095238094,0.14678893652445332,0.8,0.8,1.0006177503401628,0.05793358805861802,1.0,1.0,0.3289016971682037,0.30085634141281514,0.17382415497099007,0.6412535925738215,0.10242365957819857,0.011521359339918604,0.09822260402143002,0.11439530967036263,0.1490492821999663,0.057104388749917884,0.14174741629268062,0.22570197196339215,mstls,,,,,,
VBG,0.5,100,0,0.0,3.469446951953614e-18,0.03699349820698568,0.0,debiased-wsindy,0.31549494949494944,0.024852030774192173,0.3333333333333333,0.3333333333333333,1.0,0.0,1.0,1.0,0.9239457953731441,0.007287450077390403,0.9230221473932343,0.9347511417472602,0.09754894041921944,0.010487616294395251,0.09379366639768705,0.10782114092726261,0.023992193690433473,0.00940397456811366,0.024201282647943835,0.02915053062825179,lasso,0.009545484566618348,0.024201282647943835,0.07390722033525783,"{""u"": 0.008364789829778962}","{""u"": 0.021216168093666245}","{""u"": 0.06503965135059074}"
VBG,0.75,100,0,0.0,3.469446951953614e-18,0.03699349820698568,0.0,wsindy,0.49085317460317457,0.061495260451166,0.5,0.5,1.0048229310796735,0.034592276566993124,1.0,1.0,0.716361275942146,0.0988604703309853,0.7263074178006537,0.7536192002401033,0.06476798458606936,0.0030399787584218514,0.06412885402096435,0.068982212850824,0.1771009980640993,0.06835757001105836,0.1707352647470692,0.2718588242732943,mstls,,,,,,
VBG,0.75,100,1,0.01,0.0017674320641406505,0.054486196178705315,0.01,filtered-wsindy,0.6192222222222222,0.14761191777844584,0.6458333333333333,0.7142857142857143,3.854893536031558,0.9081419750993731,4.1065736700461635,4.293873503810001,0.3267482407791011,0.2565949831214506,0.22370062630767323,0.6285199373523593,0.06847758585703559,0.0064292090566149054,0.06724622950423509,0.06998773334780709,0.03991881506058401,0.044610743345470355,0.02915053062825179,0.06323278829275952,mstls,,,,,,
VBG,0.75,100,0,0.0,3.469446951953614e-18,0.03699349820698568,0.0,wsindy,0.20695454545454545,0.0186213101456903,0.2,0.2222222222222222,1.0,0.0,1.0,1.0,0.9330572481409508,0.014170319854385343,0.9321055031687475,0.9516681482409035,0.11229467416880652,0.011714796751488376,0.11046339554013684,0.1289869285305031,0.02456885688655026,0.011076380497414617,0.024201282647943835,0.03511191734215135,lasso,0.009545484566618348,0.024201282647943835,0.061359072734131756,"{""u"": 0.008505975269131277}","{""u"": 0.02143544182684666}","{""u"": 0.05456933524668032}"
VBG,0.75,100,0,0.0,3.469446951953614e-18,0.03699349820698568,0.0,filtered-wsindy,0.3326666666666667,0.004690176471209656,0.3333333333333333,0.3333333333333333,2.6528165438542852,0.12092880356024195,2.646317777938921,2.813091086275984,0.9249613744529883,0.0028577681452491978,0.9249480557507138,0.9284656620244999,0.12206682999967597,0.012096025928514824,0.12130804156186059,0.13758965904125944,0.0323128669621341,0.0030897966135286304,0.03199267137797385,0.03511191734215135,lasso,0.016681005372000592,0.03199267137797385,0.03853528593710531,"{""u"": 0.012907124473358095}","{""u"": 0.024628330336074908}","{""u"": 0.02983099437474772}"
VBG,0.75,100,0,0.0,3.469446951953614e-18,0.03699349820698568,0.42,debiased-wsindy,0.58246645021645,0.21423590766374734,0.6666666666666666,0.8,1.0390715012783052,0.20600666705254483,1.0,1.0,0.6907783948929496,0.4951391328569917,0.5570807540364673,1.5576392854129617,0.09456027887295931,0.0036915022003228227,0.0944846459897235,0.09853620479116217,0.16740608038203375,0.08056516765758634,0.15556761439304723,0.2718588242732943,mstls,,,,,,
VBG,0.75,100,0,0.0,3.469446951953614e-18,0.03699349820698568,0.0,debiased-wsindy,0.2954343434343434,0.028943761953398553,0.3,0.3333333333333333,1.0,0.0,1.0,1.0,0.9332110571427263,0.014982802553637785,0.9331218063158084,0.9489888694908916,0.09044813962187619,0.0032283508313481163,0.0904957500169985,0.09407989665633068,0.02264720522391295,0.016828949016346614,0.024201282647943835,0.03511191734215135,lasso,0.0041320124001153384,0.024201282647943835,0.1291549665014884,"{""u"": 0.00356244145035883}","{""u"": 0.020927471705788264}","{""u"": 0.11226599474423245}"
VBG,1.0,100,0,0.0,3.469446951953614e-18,0.03699349820698568,0.0,wsindy,0.4905357142857143,0.07879982236999622,0.5,0.5714285714285714,1.0451204318690872,0.13862781442587901,1.0,1.147638653012276,1.0518473492048601,0.31750589413639996,1.0053739734603175,1.1405716097088363,0.06353185453917831,0.007043314135776044,0.06200241605984047,0.06795001671416685,0.22020167698089668,0.1214128507620004,0.24770763559917114,0.334151485253373,mstls,,,,,,
VBG,1.0,100,0,0.0,3.469446951953614e-18,0.03699349820698568,0.0,filtered-wsindy,0.5936547619047619,0.1384875381890347,0.5555555555555556,0.7142857142857143,4.026657244079136,1.1404798468927042,4.439014135644024,4.7235589274132845,0.41376082512833506,0.3021701772744475,0.2764289235362686,0.8056839704271209,0.06908789922250434,0.003749504462417869,0.06862156244460493,0.07243417465360835,0.04677581518817744,0.05491346165326107,0.02915053062825179,0.12008781734841818,mstls,,,,,,
VBG,1.0,100,0,0.0,3.469446951953614e-18,0.03699349820698568,0.0,wsindy,0.22508369408369405,0.03422849334623243,0.2222222222222222,0.2857142857142857,1.0,0.0,1.0,1.0,0.9250978562984846,0.024103153265738732,0.9165635967614465,0.9596321029821849,0.11764132337411866,0.012655188282204008,0.11604316649027169,0.1367047122097574,0.038499039212404274,0.020926619217396903,0.03853528593710531,0.06734150657750829,lasso,0.005994842503189409,0.03853528593710531,0.08902150854450393,"{""u"": 0.0052474527465141895}","{""u"": 0.03362798908766641}","{""u"": 0.07792732948774667}"
VBG,1.0,100,0,0.0,3.469446951953614e-18,0.03699349820698568,0.0,filtered-wsindy,0.3326666666666667,0.004690176471209656,0.3333333333333333,0.3333333333333333,3.0132551988508958,0.1618921465735968,2.996479276079845,3.2273325141957625,0.9261156943974639,0.003954798038954684,0.9256753094601193,0.9315789751659725,0.11683395417407155,0.01097561194202342,0.1169478960800916,0.13088060871232302,0.03379012544603271,0.0037682102972301534,0.03511191734215135,0.03853528593710531,lasso,0.016681005372000592,0.03511191734215135,0.04229242874389499,"{""u"": 0.012543677474606725}","{""u"": 0.02642265226213868}","{""u"": 0.03205424347339184}"
VBG,1.0,100,0,0.0,3.469446951953614e-18,0.03699349820698568,0.23,debiased-wsindy,0.5088502886002886,0.19996930827363427,0.5,0.8,1.0804312214626577,0.21089702504840044,1.0,1.2964631666044515,0.8222071992418724,0.43733351635478723,0.7035353690761301,1.565016179744527,0.0971022528980393,0.012872499253130052,0.093842999485787,0.10684768002247438,0.1479056024925586,0.0654268463281118,0.14174741629268062,0.22570197196339215,mstls,,,,,,
VBG,1.0,100,0,0.0,3.469446951953614e-18,0.03699349820698568,0.0,debiased-wsindy,0.2994816017316017,0.03771306099848115,0.3,0.3333333333333333,1.0,0.0,1.0,1.0,0.9287072997577718,0.014927976007310962,0.9285423817242339,0.9485242083315665,0.09237632713397033,0.011967661199139293,0.08940095786238089,0.09990177168510855,0.03626492283350489,0.021061337785264433,0.0335522943600626,0.07390722033525783,lasso,0.005994842503189409,0.0335522943600626,0.10722672220103242,"{""u"": 0.005164992437541145}","{""u"": 0.028779048113392998}","{""u"": 0.09255171852742877}"
