problem,grid,noise,sigma,seed,method,coefficient_error,support_valid,support_exact,tp,fp,fn,precision,recall,f1,optimizer_success,status,iterations,fit_seconds,total_seconds,w
burgers,256,0.0,0.0,0,WSINDy,4.859905623844085e-05,True,True,1,0,0,1.0,1.0,1.0,True,MSTLS support stable,5,0.003029291983693838,0.1845602499670349,"[0.0, 0.0, 0.0, 0.0, 0.0, 0.0, -0.4999757004718808, 0.0, 0.0, 0.0, 0.0, 0.0]"
burgers,256,0.0,0.0,0,WENDy HT,0.009805182104276389,True,True,1,0,0,1.0,1.0,1.0,True,IRLS step tolerance,1,0.00015787500888109207,0.18168883299222216,"[0.0, 0.0, 0.0, 0.0, 0.0, 0.0, -0.4950974089478618, 0.0, 0.0, 0.0, 0.0, 0.0]"
burgers,256,0.0,0.0,0,WENDy L1=1e-06,0.008618827539883482,True,False,1,8,0,0.1111111111111111,1.0,0.2,True,IRLS step tolerance,14,0.023014250007690862,0.20454520799103193,"[1.613572998706762e-06, 0.0003216220531477252, 0.0, -0.00032008340381657987, 0.0, -0.0012495156512179809, -0.4965258153046865, -0.002172378429368968, 0.0, -9.139153580562592e-05, 5.1577072642368694e-05, 6.050619025900845e-05]"
burgers,256,0.0,0.0,0,WENDy L1=0.0001,0.0006261013249475759,True,False,1,3,0,0.25,1.0,0.4,True,IRLS step tolerance,2,0.0021775420173071325,0.1837085000006482,"[4.639451998911916e-06, 0.0, 0.0, 0.0, 0.0, -0.00017422381563135858, -0.4997401301839182, 0.0, 0.0, 0.0, 0.0, 9.64020315651037e-06]"
burgers,256,0.0,0.0,0,WENDy L1=0.01,0.018211413897390435,True,False,1,2,0,0.3333333333333333,1.0,0.5,True,IRLS step tolerance,2,0.00083833301323466,0.18236929099657573,"[0.00018675101985958975, 0.0, 0.0, 0.0, 0.0, 0.0, -0.49126783139732244, -0.0025745396843921482, 0.0, 0.0, 0.0, 0.0]"
burgers,256,0.0,0.0,0,WENDy-MLE HT,0.009805182104276389,True,True,1,0,0,1.0,1.0,1.0,True,IRLS step tolerance,1,8.479200187139213e-05,0.18161574998521246,"[0.0, 0.0, 0.0, 0.0, 0.0, 0.0, -0.4950974089478618, 0.0, 0.0, 0.0, 0.0, 0.0]"
burgers,256,0.0,0.0,0,WENDy-MLE L1=1e-06,0.008618827539883482,True,False,1,8,0,0.1111111111111111,1.0,0.2,True,IRLS step tolerance,14,0.022345292003592476,0.20387624998693354,"[1.613572998706762e-06, 0.0003216220531477252, 0.0, -0.00032008340381657987, 0.0, -0.0012495156512179809, -0.4965258153046865, -0.002172378429368968, 0.0, -9.139153580562592e-05, 5.1577072642368694e-05, 6.050619025900845e-05]"
burgers,256,0.0,0.0,0,WENDy-MLE L1=0.0001,0.0006261013249475759,True,False,1,3,0,0.25,1.0,0.4,True,IRLS step tolerance,2,0.002211125014582649,0.18374208299792372,"[4.639451998911916e-06, 0.0, 0.0, 0.0, 0.0, -0.00017422381563135858, -0.4997401301839182, 0.0, 0.0, 0.0, 0.0, 9.64020315651037e-06]"
burgers,256,0.0,0.0,0,WENDy-MLE L1=0.01,0.018211413897390435,True,False,1,2,0,0.3333333333333333,1.0,0.5,True,IRLS step tolerance,2,0.0008406669949181378,0.1823716249782592,"[0.00018675101985958975, 0.0, 0.0, 0.0, 0.0, 0.0, -0.49126783139732244, -0.0025745396843921482, 0.0, 0.0, 0.0, 0.0]"
burgers,256,0.01,0.00699701718041512,0,WSINDy,0.0001456361979466081,True,True,1,0,0,1.0,1.0,1.0,True,MSTLS support stable,3,0.0026283749903086573,0.18204729197896086,"[0.0, 0.0, 0.0, 0.0, 0.0, 0.0, -0.5000728180989733, 0.0, 0.0, 0.0, 0.0, 0.0]"
burgers,256,0.01,0.00699701718041512,0,WENDy HT,0.01926415272522186,True,True,1,0,0,1.0,1.0,1.0,True,IRLS step tolerance,4,0.9478011250030249,1.1272200419916771,"[0.0, 0.0, 0.0, 0.0, 0.0, 0.0, -0.49036792363738907, 0.0, 0.0, 0.0, 0.0, 0.0]"
burgers,256,0.01,0.00699701718041512,0,WENDy L1=1e-06,0.03485012097545118,True,False,1,8,0,0.1111111111111111,1.0,0.2,True,IRLS step tolerance,14,0.9175754169991706,1.0969943339878228,"[8.872940335654636e-06, 0.00028767865415393895, 0.0, -0.0003611470336674334, 0.0, -0.006425368980054594, -0.4864788038614, -0.007054117082214683, 0.0, 0.0012555577660606785, -0.00435055225631733, 0.0030078328555702733]"
burgers,256,0.01,0.00699701718041512,0,WENDy L1=0.0001,0.015245917146003546,True,False,1,4,0,0.2,1.0,0.3333333333333333,True,IRLS step tolerance,4,0.8949992079869844,1.0744181249756366,"[0.0, 0.0, 0.0, -2.4344664731044693e-05, 0.0, -0.0025427231618870435, -0.49377439259678435, -0.0035895942007254347, 0.0, -9.465735488335493e-06, 0.0, 0.0]"
burgers,256,0.01,0.00699701718041512,0,WENDy L1=0.01,0.027367459788386287,True,False,1,2,0,0.3333333333333333,1.0,0.5,True,IRLS step tolerance,4,0.9023462499899324,1.0817651669785846,"[0.0002610126440703667, 0.0, 0.0, 0.0, 0.0, 0.0, -0.48777236180214995, -0.006136872193499616, 0.0, 0.0, 0.0, 0.0]"
burgers,256,0.01,0.00699701718041512,0,WENDy-MLE HT,0.01936418276042673,True,True,1,0,0,1.0,1.0,1.0,False,A bad approximation caused failure to predict improvement.,3,0.9350315000046976,1.1144504169933498,"[0.0, 0.0, 0.0, 0.0, 0.0, 0.0, -0.49031790861978664, 0.0, 0.0, 0.0, 0.0, 0.0]"
burgers,256,0.01,0.00699701718041512,0,WENDy-MLE L1=1e-06,0.05918064515966343,True,False,1,9,0,0.1,1.0,0.18181818181818182,True,CONVERGENCE: RELATIVE REDUCTION OF F <= FACTR*EPSMCH,38,1.023055709025357,1.2024746260140091,"[4.3660491216640974e-07, -0.005986376559006827, 0.02204056852745636, -0.016121042021074436, 0.0, -0.004139857210771814, -0.49632084034521085, 0.0005522272821579567, 0.0, 0.0023014667664916916, -0.006444231357825411, 0.0040337790581894345]"
burgers,256,0.01,0.00699701718041512,0,WENDy-MLE L1=0.0001,0.02024719840845994,True,False,1,5,0,0.16666666666666666,1.0,0.2857142857142857,True,CONVERGENCE: RELATIVE REDUCTION OF F <= FACTR*EPSMCH,65,1.0852326669846661,1.2646515839733183,"[0.0, 0.0, -2.4450275134777262e-06, -2.3676741619650434e-05, 0.0, -0.003246905250621283, -0.49175871004436594, -0.00490156529726102, 0.0, -9.903482824155177e-06, 0.0, 0.0]"
burgers,256,0.01,0.00699701718041512,0,WENDy-MLE L1=0.01,0.03380828342332052,True,False,1,3,0,0.25,1.0,0.4,True,CONVERGENCE: RELATIVE REDUCTION OF F <= FACTR*EPSMCH,26,1.0287206250068266,1.2081395419954788,"[0.0003801851007858685, 0.0, 0.0, 0.0, 0.0, -0.0009000486008991486, -0.48505074801412845, -0.00783040509015771, 0.0, 0.0, 0.0, 0.0]"
burgers,256,0.01,0.00699701718041512,1,WSINDy,0.00024391035236681624,True,True,1,0,0,1.0,1.0,1.0,True,MSTLS support stable,6,0.002612832991871983,0.18205933296121657,"[0.0, 0.0, 0.0, 0.0, 0.0, 0.0, -0.5001219551761834, 0.0, 0.0, 0.0, 0.0, 0.0]"
burgers,256,0.01,0.00699701718041512,1,WENDy HT,0.01981822268581146,True,True,1,0,0,1.0,1.0,1.0,True,IRLS step tolerance,5,0.9242826669942588,1.1037291669636033,"[0.0, 0.0, 0.0, 0.0, 0.0, 0.0, -0.49009088865709427, 0.0, 0.0, 0.0, 0.0, 0.0]"
burgers,256,0.01,0.00699701718041512,1,WENDy L1=1e-06,0.03176359853974981,True,False,1,8,0,0.1111111111111111,1.0,0.2,True,IRLS step tolerance,12,0.9476774590148125,1.127123958984157,"[-5.666766486595998e-05, 0.001374402584114466, 0.0, -0.0013460013228187586, 0.0, -0.004876470364798336, -0.48744909589914076, -0.007751774395388835, 0.0, 0.0003899865743728049, -0.002054611415521668, 0.0016610099212216697]"
burgers,256,0.01,0.00699701718041512,1,WENDy L1=0.0001,0.0004238130005743674,True,False,1,3,0,0.25,1.0,0.4,True,IRLS step tolerance,7,0.927179124992108,1.1066256249614526,"[-2.7953320045103813e-05, 0.0, 0.0, 0.0, 0.0, -0.00018906523294016226, -0.49990847413019046, 0.0, 0.0, 0.0, 0.0, 5.741178517562583e-07]"
burgers,256,0.01,0.00699701718041512,1,WENDy L1=0.01,0.02785458739466748,True,False,1,2,0,0.3333333333333333,1.0,0.5,True,IRLS step tolerance,4,0.9266485839907546,1.1060950839600991,"[0.00022840620899955113, 0.0, 0.0, 0.0, 0.0, 0.0, -0.48766542710797567, -0.0064634086909943315, 0.0, 0.0, 0.0, 0.0]"
burgers,256,0.01,0.00699701718041512,1,WENDy-MLE HT,0.0198996346688054,True,True,1,0,0,1.0,1.0,1.0,True,Optimization terminated successfully.,3,0.9442162910127081,1.1236627909820527,"[0.0, 0.0, 0.0, 0.0, 0.0, 0.0, -0.4900501826655973, 0.0, 0.0, 0.0, 0.0, 0.0]"
burgers,256,0.01,0.00699701718041512,1,WENDy-MLE L1=1e-06,0.0960829081530226,True,False,1,9,0,0.1,1.0,0.18181818181818182,True,CONVERGENCE: RELATIVE REDUCTION OF F <= FACTR*EPSMCH,90,1.1888177919900045,1.368264291959349,"[-6.206153269601383e-05, -0.010907406184447401, 0.03804750655377407, -0.02710451079091562, 0.0, -0.001758374624725337, -0.4983025998736448, -2.5610460634695566e-07, 0.0, 0.00025999795191968607, -0.0007084021290832841, 0.00044295283939710606]"
burgers,256,0.01,0.00699701718041512,1,WENDy-MLE L1=0.0001,0.08431534464904335,True,False,1,9,0,0.1,1.0,0.18181818181818182,True,CONVERGENCE: RELATIVE REDUCTION OF F <= FACTR*EPSMCH,20,0.9915893329889514,1.171035832958296,"[8.800629664291968e-05, -0.006140285022037992, 0.031122435331682602, -0.025361497485616544, 0.0, -0.005469173581663925, -0.4907606895385712, -0.003482320719870917, 0.0, 8.54093020999075e-05, -0.0004331385182694878, 0.0003857150294627602]"
burgers,256,0.01,0.00699701718041512,1,WENDy-MLE L1=0.01,0.03500943015877783,True,False,1,2,0,0.3333333333333333,1.0,0.5,True,CONVERGENCE: NORM OF PROJECTED GRADIENT <= PGTOL,29,1.001255957991816,1.1807024579611607,"[0.00022614487347159378, 0.0, 0.0, 0.0, 0.0, 0.0, -0.4850414816881674, -0.009088819418458993, 0.0, 0.0, 0.0, 0.0]"
burgers,256,0.01,0.00699701718041512,2,WSINDy,5.642876056999313e-05,True,True,1,0,0,1.0,1.0,1.0,True,MSTLS support stable,4,0.002762041985988617,0.1832207089755684,"[0.0, 0.0, 0.0, 0.0, 0.0, 0.0, -0.499971785619715, 0.0, 0.0, 0.0, 0.0, 0.0]"
burgers,256,0.01,0.00699701718041512,2,WENDy HT,0.0063186543488971125,True,True,1,0,0,1.0,1.0,1.0,True,IRLS step tolerance,4,0.925309832993662,1.1057684999832418,"[0.0, 0.0, 0.0, 0.0, 0.0, 0.0, -0.5031593271744486, 0.0, 0.0, 0.0, 0.0, 0.0]"
burgers,256,0.01,0.00699701718041512,2,WENDy L1=1e-06,0.007781541467437308,True,False,1,7,0,0.125,1.0,0.2222222222222222,True,IRLS step tolerance,26,0.9859121250046883,1.166370791994268,"[-6.928130343184592e-05, -0.0024464213884373095, 0.0, 0.0025461468638806003, 0.0, -0.0008256528396585218, -0.4992892174390813, 0.0, 0.0, -4.778135535610768e-05, -0.0008171507806890048, 0.0008991788611067082]"
burgers,256,0.01,0.00699701718041512,2,WENDy L1=0.0001,0.0005748814951751555,True,False,1,4,0,0.2,1.0,0.3333333333333333,True,IRLS step tolerance,21,0.9793110000027809,1.1597696669923607,"[-2.2262346053163424e-05, 0.0, 0.0, 2.9590329733419272e-05, 0.0, -0.00014966334275128587, -0.49975873463365345, 0.0, 0.0, 0.0, 0.0, 2.5355286359183216e-05]"
burgers,256,0.01,0.00699701718041512,2,WENDy L1=0.01,0.026684756807748195,True,False,1,2,0,0.3333333333333333,1.0,0.5,True,IRLS step tolerance,5,0.9304236249881797,1.1108822919777595,"[0.00024473091929003046, 0.0, 0.0, 0.0, 0.0, 0.0, -0.48804153395567784, -0.0059122126243990325, 0.0, 0.0, 0.0, 0.0]"
burgers,256,0.01,0.00699701718041512,2,WENDy-MLE HT,0.006424004006610584,True,True,1,0,0,1.0,1.0,1.0,True,Optimization terminated successfully.,3,0.9604042499850038,1.1408629169745836,"[0.0, 0.0, 0.0, 0.0, 0.0, 0.0, -0.5032120020033053, 0.0, 0.0, 0.0, 0.0, 0.0]"
burgers,256,0.01,0.00699701718041512,2,WENDy-MLE L1=1e-06,0.28233007812564564,True,False,1,9,0,0.1,1.0,0.18181818181818182,True,CONVERGENCE: RELATIVE REDUCTION OF F <= FACTR*EPSMCH,70,1.1466387080145068,1.3270973750040866,"[-7.552342239184215e-05, 0.032848270348603714, -0.11174379716834157, 0.07898993231700316, 0.0, 0.005213291541279174, -0.5090666969816314, 0.0035978704890524678, 0.0, -0.00023698719448892174, 2.6608843654230145e-05, 0.0002883158230227772]"
burgers,256,0.01,0.00699701718041512,2,WENDy-MLE L1=0.0001,0.16038044291901515,True,False,1,9,0,0.1,1.0,0.18181818181818182,True,CONVERGENCE: RELATIVE REDUCTION OF F <= FACTR*EPSMCH,120,1.3249620830174536,1.5054207500070333,"[-2.0582294255894018e-05, -0.00010942230969973062, 5.120712012075969e-07, 0.00010880719014488031, 0.0, -0.0298657372928447, -0.43484303397751856, -0.03536070793078082, 0.0, -0.00019015154192368152, -0.004718331863396453, 0.004514024560997642]"
burgers,256,0.01,0.00699701718041512,2,WENDy-MLE L1=0.01,0.03399644689562404,True,False,1,2,0,0.3333333333333333,1.0,0.5,True,CONVERGENCE: NORM OF PROJECTED GRADIENT <= PGTOL,39,1.0263286670087837,1.2067873339983635,"[0.00024250363063960491, 0.0, 0.0, 0.0, 0.0, 0.0, -0.4853454075961235, -0.00860951298547821, 0.0, 0.0, 0.0, 0.0]"
burgers,256,0.01,0.00699701718041512,3,WSINDy,0.00025654642988659493,True,True,1,0,0,1.0,1.0,1.0,True,MSTLS support stable,4,0.003052415995625779,0.18345849897013977,"[0.0, 0.0, 0.0, 0.0, 0.0, 0.0, -0.4998717267850567, 0.0, 0.0, 0.0, 0.0, 0.0]"
burgers,256,0.01,0.00699701718041512,3,WENDy HT,0.003406308400721203,True,True,1,0,0,1.0,1.0,1.0,True,IRLS step tolerance,5,0.9376315419794992,1.1180376249540132,"[0.0, 0.0, 0.0, 0.0, 0.0, 0.0, -0.5017031542003606, 0.0, 0.0, 0.0, 0.0, 0.0]"
burgers,256,0.01,0.00699701718041512,3,WENDy L1=1e-06,0.017717728070857128,True,False,1,8,0,0.1111111111111111,1.0,0.2,True,IRLS step tolerance,14,0.9663628750131465,1.1467689579876605,"[4.485023637481223e-05, 0.00013892675785849587, 0.0, -0.00018274720750905942, 0.0, -0.0010321789791480588, -0.4944362867819618, -0.004346867079130763, 0.0, -0.001550549704738599, 0.004243397990826746, -0.002664316188440991]"
burgers,256,0.01,0.00699701718041512,3,WENDy L1=0.0001,0.0028601692505116163,True,False,1,3,0,0.25,1.0,0.4,True,IRLS step tolerance,6,0.9611639159847982,1.1415699989593122,"[2.5511014549370654e-05, 0.0, 0.0, 0.0, 0.0, -0.0007382990983667837, -0.49879811158346127, -0.0002342432476519228, 0.0, 0.0, 0.0, 0.0]"
burgers,256,0.01,0.00699701718041512,3,WENDy L1=0.01,0.028001795157692185,True,False,1,2,0,0.3333333333333333,1.0,0.5,True,IRLS step tolerance,5,0.9567504159931559,1.13715649896767,"[0.0003027958285747504, 0.0, 0.0, 0.0, 0.0, 0.0, -0.4874919367956845, -0.006283454668920927, 0.0, 0.0, 0.0, 0.0]"
burgers,256,0.01,0.00699701718041512,3,WENDy-MLE HT,0.0027633821050407903,True,True,1,0,0,1.0,1.0,1.0,True,Optimization terminated successfully.,3,0.9645010409876704,1.1449071239621844,"[0.0, 0.0, 0.0, 0.0, 0.0, 0.0, -0.5013816910525204, 0.0, 0.0, 0.0, 0.0, 0.0]"
burgers,256,0.01,0.00699701718041512,3,WENDy-MLE L1=1e-06,0.757951002371628,True,False,1,9,0,0.1,1.0,0.18181818181818182,True,CONVERGENCE: RELATIVE REDUCTION OF F <= FACTR*EPSMCH,30,1.0028009170200676,1.1832069999945816,"[5.194386181620004e-05, -0.10149491507052744, 0.3034775452892421, -0.2020331598283278, 0.0, -0.008678913999237302, -0.4877389445188102, -0.0034328791888242525, 0.0, -0.0036321446320704076, 0.010414969227421423, -0.0067886745994703195]"
burgers,256,0.01,0.00699701718041512,3,WENDy-MLE L1=0.0001,0.7358160425376068,True,False,1,9,0,0.1,1.0,0.18181818181818182,True,CONVERGENCE: RELATIVE REDUCTION OF F <= FACTR*EPSMCH,14,0.9866470000124536,1.1670530829869676,"[-0.0002711836568382015, -0.0967011678797489, 0.29464600056889484, -0.1973359568308441, 0.0, -0.007660895282120033, -0.48774567217035253, -0.004117655885852829, 0.0, -5.3247072485934966e-05, 0.003332222970148733, -0.0032338355253951614]"
burgers,256,0.01,0.00699701718041512,3,WENDy-MLE L1=0.01,0.03500607987885893,True,False,1,2,0,0.3333333333333333,1.0,0.5,True,CONVERGENCE: NORM OF PROJECTED GRADIENT <= PGTOL,39,1.0212574159959331,1.201663498970447,"[0.00030068079595082045, 0.0, 0.0, 0.0, 0.0, 0.0, -0.4849110585360413, -0.008865091295493602, 0.0, 0.0, 0.0, 0.0]"
burgers,256,0.01,0.00699701718041512,4,WSINDy,0.0002638957427136823,True,True,1,0,0,1.0,1.0,1.0,True,MSTLS support stable,4,0.002808999997796491,0.18217120799818076,"[0.0, 0.0, 0.0, 0.0, 0.0, 0.0, -0.5001319478713568, 0.0, 0.0, 0.0, 0.0, 0.0]"
burgers,256,0.01,0.00699701718041512,4,WENDy HT,0.04188971042881173,True,True,1,0,0,1.0,1.0,1.0,True,IRLS step tolerance,4,0.9465340419847053,1.1258962499850895,"[0.0, 0.0, 0.0, 0.0, 0.0, 0.0, -0.47905514478559413, 0.0, 0.0, 0.0, 0.0, 0.0]"
burgers,256,0.01,0.00699701718041512,4,WENDy L1=1e-06,0.03993280773620993,True,False,1,7,0,0.125,1.0,0.2222222222222222,True,IRLS step tolerance,20,0.9839047499990556,1.16326695799944,"[2.0947140821489514e-05, -0.0012505837724609019, 0.0, 0.0012126296113295165, 0.0, -0.005537671420093345, -0.48410403595029544, -0.010437575970243617, 0.0, 0.0, -0.0012613838539546113, 0.0013194146836039635]"
burgers,256,0.01,0.00699701718041512,4,WENDy L1=0.0001,0.009266899109921038,True,False,1,4,0,0.2,1.0,0.3333333333333333,True,IRLS step tolerance,4,0.9423992079973686,1.121761415997753,"[2.1583512685739874e-06, 0.0, 0.0, 0.0, 0.0, -0.001038999605869793, -0.496315166457568, -0.0026091075294885245, 0.0, 0.0, 0.0, 6.236668197419872e-05]"
burgers,256,0.01,0.00699701718041512,4,WENDy L1=0.01,0.02875490179613193,True,False,1,2,0,0.3333333333333333,1.0,0.5,True,IRLS step tolerance,13,0.9476174580049701,1.1269796660053544,"[0.00028013029080530943, 0.0, 0.0, 0.0, 0.0, 0.0, -0.4872758742243114, -0.006687992568097556, 0.0, 0.0, 0.0, 0.0]"
burgers,256,0.01,0.00699701718041512,4,WENDy-MLE HT,0.04138283306780921,True,True,1,0,0,1.0,1.0,1.0,True,Optimization terminated successfully.,3,0.9776134169951547,1.156975624995539,"[0.0, 0.0, 0.0, 0.0, 0.0, 0.0, -0.4793085834660954, 0.0, 0.0, 0.0, 0.0, 0.0]"
burgers,256,0.01,0.00699701718041512,4,WENDy-MLE L1=1e-06,0.25951979044773893,True,False,1,9,0,0.1,1.0,0.18181818181818182,True,CONVERGENCE: RELATIVE REDUCTION OF F <= FACTR*EPSMCH,134,1.3279022079950664,1.5072644159954507,"[2.8905252933096758e-05, 0.0283866180218172, -0.095274071962472, 0.06685990511062047, 0.0, -0.011743695822727938, -0.4606613561571338, -0.027761978615686796, 0.0, 5.921350390688426e-05, -0.003748141208114027, 0.0037697445778748454]"
burgers,256,0.01,0.00699701718041512,4,WENDy-MLE L1=0.0001,0.009313737472659771,True,False,1,4,0,0.2,1.0,0.3333333333333333,True,CONVERGENCE: NORM OF PROJECTED GRADIENT <= PGTOL,87,1.1888642919948325,1.3682264999952167,"[2.146626834204563e-06, 0.0, 0.0, 0.0, 0.0, -0.0010475669964562485, -0.496295800171494, -0.002619933758568977, 0.0, 0.0, 0.0, 6.225703608661019e-05]"
burgers,256,0.01,0.00699701718041512,4,WENDy-MLE L1=0.01,0.03637644116094741,True,False,1,2,0,0.3333333333333333,1.0,0.5,True,CONVERGENCE: NORM OF PROJECTED GRADIENT <= PGTOL,41,1.0489654999983031,1.2283277079986874,"[0.00027780956374306266, 0.0, 0.0, 0.0, 0.0, 0.0, -0.4844820753803825, -0.009483048308963193, 0.0, 0.0, 0.0, 0.0]"
burgers,256,0.01,0.00699701718041512,5,WSINDy,0.0002756322474172235,True,True,1,0,0,1.0,1.0,1.0,True,MSTLS support stable,5,0.0027919580170419067,0.1821199170080945,"[0.0, 0.0, 0.0, 0.0, 0.0, 0.0, -0.4998621838762914, 0.0, 0.0, 0.0, 0.0, 0.0]"
burgers,256,0.01,0.00699701718041512,5,WENDy HT,0.004900141556475779,True,True,1,0,0,1.0,1.0,1.0,True,IRLS step tolerance,4,0.9579960420087446,1.1373240009997971,"[0.0, 0.0, 0.0, 0.0, 0.0, 0.0, -0.5024500707782379, 0.0, 0.0, 0.0, 0.0, 0.0]"
burgers,256,0.01,0.00699701718041512,5,WENDy L1=1e-06,0.0035170324677031278,True,False,1,6,0,0.14285714285714285,1.0,0.25,True,IRLS step tolerance,24,0.9948222080129199,1.1741501670039725,"[4.667109256342716e-05, -0.0010989191878482813, 0.0, 0.0009559716606094285, 0.0, -0.000714815756196569, -0.49933796296981936, 0.0, 0.0, -0.00013345617160392595, 0.0, 4.0383315273756025e-05]"
burgers,256,0.01,0.00699701718041512,5,WENDy L1=0.0001,0.0010477968383437394,True,False,1,5,0,0.16666666666666666,1.0,0.2857142857142857,True,IRLS step tolerance,14,0.9530492920021061,1.1323772509931587,"[1.3599324615667134e-05, -5.773254227614935e-05, 0.0, 0.0, 0.0, -0.00032837071613526467, -0.49959767512109626, 0.0, 0.0, -3.355821875898044e-05, 0.0, -1.1522851068449792e-05]"
burgers,256,0.01,0.00699701718041512,5,WENDy L1=0.01,0.029876975034806026,True,False,1,2,0,0.3333333333333333,1.0,0.5,True,IRLS step tolerance,5,0.9510796669928823,1.1304076259839348,"[0.00026644716840234215, 0.0, 0.0, 0.0, 0.0, 0.0, -0.48684672028395787, -0.007076626874833139, 0.0, 0.0, 0.0, 0.0]"
burgers,256,0.01,0.00699701718041512,5,WENDy-MLE HT,0.005562720834965784,True,True,1,0,0,1.0,1.0,1.0,True,Optimization terminated successfully.,3,0.9932417499949224,1.172569708985975,"[0.0, 0.0, 0.0, 0.0, 0.0, 0.0, -0.5027813604174829, 0.0, 0.0, 0.0, 0.0, 0.0]"
burgers,256,0.01,0.00699701718041512,5,WENDy-MLE L1=1e-06,0.08150127976560324,True,False,1,9,0,0.1,1.0,0.18181818181818182,True,CONVERGENCE: RELATIVE REDUCTION OF F <= FACTR*EPSMCH,38,1.0515722499985714,1.230900208989624,"[4.294622727886464e-05, 0.008958378256009772, -0.031766381309259545, 0.0226594520603424, 0.0, 0.0020095018506049948, -0.5061231891394248, 0.0040209540956530915, 0.0, 0.00011576855368682455, -0.00029429272508339934, 8.30121147959308e-05]"
burgers,256,0.01,0.00699701718041512,5,WENDy-MLE L1=0.0001,0.0010659516653667594,True,False,1,5,0,0.16666666666666666,1.0,0.2857142857142857,True,CONVERGENCE: NORM OF PROJECTED GRADIENT <= PGTOL,112,1.2952430830046069,1.4745710419956595,"[1.3629090279387787e-05, -5.777572141001206e-05, 0.0, 0.0, 0.0, -0.0003348317219980027, -0.49959115469201804, 0.0, 0.0, -3.3723649481305165e-05, 0.0, -1.1636137198313062e-05]"
burgers,256,0.01,0.00699701718041512,5,WENDy-MLE L1=0.01,0.03667024528281155,True,False,1,2,0,0.3333333333333333,1.0,0.5,True,CONVERGENCE: NORM OF PROJECTED GRADIENT <= PGTOL,36,1.0354025840060785,1.2147305429971311,"[0.0002643630191689015, 0.0, 0.0, 0.0, 0.0, 0.0, -0.4843597066907861, -0.009564939083509385, 0.0, 0.0, 0.0, 0.0]"
burgers,256,0.01,0.00699701718041512,6,WSINDy,8.380045416034321e-05,True,True,1,0,0,1.0,1.0,1.0,True,MSTLS support stable,4,0.0024744999827817082,0.18221108298166655,"[0.0, 0.0, 0.0, 0.0, 0.0, 0.0, -0.5000419002270802, 0.0, 0.0, 0.0, 0.0, 0.0]"
burgers,256,0.01,0.00699701718041512,6,WENDy HT,0.002329441875045024,True,True,1,0,0,1.0,1.0,1.0,True,IRLS step tolerance,4,0.9662820420053322,1.146018625004217,"[0.0, 0.0, 0.0, 0.0, 0.0, 0.0, -0.5011647209375225, 0.0, 0.0, 0.0, 0.0, 0.0]"
burgers,256,0.01,0.00699701718041512,6,WENDy L1=1e-06,0.0031472775186732376,True,False,1,7,0,0.125,1.0,0.2222222222222222,False,IRLS iteration limit,300,1.2417627499962691,1.421499332995154,"[3.739851166857498e-05, 0.0005698518764172639, 0.0, -0.0006184521181279693, 0.0, -0.000287470331116367, -0.49965868156449544, 0.0, 0.0, -0.0002678106316873881, 0.0010201294253631735, -0.0006754273225996947]"
burgers,256,0.01,0.00699701718041512,6,WENDy L1=0.0001,0.0026426750864573076,True,False,1,4,0,0.2,1.0,0.3333333333333333,True,IRLS step tolerance,4,0.9502719579904806,1.1300085409893654,"[2.004231470315409e-05, 0.0, 0.0, 0.0, 0.0, -0.0008898466814904254, -0.499024762247066, 0.0, 0.0, 0.0, 4.397075863744925e-06, 5.095177311361859e-05]"
burgers,256,0.01,0.00699701718041512,6,WENDy L1=0.01,0.023588957388413805,True,False,1,2,0,0.3333333333333333,1.0,0.5,True,IRLS step tolerance,4,0.9580144580104388,1.1377510410093237,"[0.00029565365754823894, 0.0, 0.0, 0.0, 0.0, 0.0, -0.48919825788259824, -0.004727016375265472, 0.0, 0.0, 0.0, 0.0]"
burgers,256,0.01,0.00699701718041512,6,WENDy-MLE HT,0.0019834332125023835,True,True,1,0,0,1.0,1.0,1.0,True,Optimization terminated successfully.,3,0.9897347920050379,1.1694713750039227,"[0.0, 0.0, 0.0, 0.0, 0.0, 0.0, -0.5009917166062512, 0.0, 0.0, 0.0, 0.0, 0.0]"
burgers,256,0.01,0.00699701718041512,6,WENDy-MLE L1=1e-06,0.02137828315125912,True,False,1,9,0,0.1,1.0,0.18181818181818182,True,CONVERGENCE: RELATIVE REDUCTION OF F <= FACTR*EPSMCH,27,1.013806500006467,1.193543083005352,"[4.040824064267407e-05, 0.004350082442969366, -0.008116310314991736, 0.003713622403197648, 0.0, 7.698546009859384e-05, -0.4987154628428997, -0.0012395435229097136, 0.0, -0.0008391755035838621, 0.0028455292770689766, -0.001916697693388355]"
burgers,256,0.01,0.00699701718041512,6,WENDy-MLE L1=0.0001,0.005100594182210358,True,False,1,5,0,0.16666666666666666,1.0,0.2857142857142857,True,CONVERGENCE: RELATIVE REDUCTION OF F <= FACTR*EPSMCH,46,1.0839673339796718,1.2637039169785567,"[1.713541704187653e-05, 0.0, 0.0, 0.0, 0.0, -0.0012302591779535094, -0.4979077444477373, -0.0007805369236264461, 0.0, 0.0, 8.245151170333624e-07, 5.841335891632169e-05]"
burgers,256,0.01,0.00699701718041512,6,WENDy-MLE L1=0.01,0.03019436276898248,True,False,1,2,0,0.3333333333333333,1.0,0.5,True,CONVERGENCE: NORM OF PROJECTED GRADIENT <= PGTOL,29,1.0335889580019284,1.2133255410008132,"[0.0002936308040770774, 0.0, 0.0, 0.0, 0.0, 0.0, -0.4867310076201909, -0.00719531152429787, 0.0, 0.0, 0.0, 0.0]"
burgers,256,0.01,0.00699701718041512,7,WSINDy,0.000422471849369499,True,True,1,0,0,1.0,1.0,1.0,True,MSTLS support stable,5,0.0026457500061951578,0.1828602080058772,"[0.0, 0.0, 0.0, 0.0, 0.0, 0.0, -0.5002112359246847, 0.0, 0.0, 0.0, 0.0, 0.0]"
burgers,256,0.01,0.00699701718041512,7,WENDy HT,0.006104938231725976,True,True,1,0,0,1.0,1.0,1.0,True,IRLS step tolerance,4,0.9522432500089053,1.1324577080085874,"[0.0, 0.0, 0.0, 0.0, 0.0, 0.0, -0.503052469115863, 0.0, 0.0, 0.0, 0.0, 0.0]"
burgers,256,0.01,0.00699701718041512,7,WENDy L1=1e-06,0.003108404858704057,True,False,1,7,0,0.125,1.0,0.2222222222222222,True,IRLS step tolerance,34,1.025106416986091,1.2053208749857731,"[-7.970582007298497e-05, 4.512618027245151e-06, 4.6460625197932716e-05, 3.563684211211968e-05, 0.0, 0.0, -0.49903455369911465, -0.0011808790509480515, 0.0, -0.00011660615194628552, 0.0002560944126418438, 0.0]"
burgers,256,0.01,0.00699701718041512,7,WENDy L1=0.0001,0.001413802093845247,True,False,1,4,0,0.2,1.0,0.3333333333333333,True,IRLS step tolerance,6,0.9587701669952367,1.1389846249949187,"[-2.757931857343955e-05, 1.512386560129365e-05, 0.0, 0.0, 0.0, 0.0, -0.4995800708290671, -0.000559299998695118, 0.0, 0.0, 0.0, 9.778927791854937e-05]"
burgers,256,0.01,0.00699701718041512,7,WENDy L1=0.01,0.02634544172773691,True,False,1,2,0,0.3333333333333333,1.0,0.5,True,IRLS step tolerance,4,0.963168875023257,1.143383333022939,"[0.00023318134334938213, 0.0, 0.0, 0.0, 0.0, 0.0, -0.4882425852801828, -0.005935436001233122, 0.0, 0.0, 0.0, 0.0]"
burgers,256,0.01,0.00699701718041512,7,WENDy-MLE HT,0.008113290509810023,True,True,1,0,0,1.0,1.0,1.0,True,Optimization terminated successfully.,3,0.9934147500025574,1.1736292080022395,"[0.0, 0.0, 0.0, 0.0, 0.0, 0.0, -0.504056645254905, 0.0, 0.0, 0.0, 0.0, 0.0]"
burgers,256,0.01,0.00699701718041512,7,WENDy-MLE L1=1e-06,0.2807178269710245,True,False,1,9,0,0.1,1.0,0.18181818181818182,True,CONVERGENCE: RELATIVE REDUCTION OF F <= FACTR*EPSMCH,52,1.1204046659986489,1.300619123998331,"[-8.14144880569799e-05, -0.03696789750903349, 0.11228328774360347, -0.07522806823710135, 0.0, 5.53492104486585e-06, -0.5056705252144102, 0.005478602157984014, 0.0, -0.00042226498550568676, 0.001801707880284138, -0.0012645693438752862]"
burgers,256,0.01,0.00699701718041512,7,WENDy-MLE L1=0.0001,0.27438532299442775,True,False,1,9,0,0.1,1.0,0.18181818181818182,True,CONVERGENCE: RELATIVE REDUCTION OF F <= FACTR*EPSMCH,18,1.0178738749818876,1.1980883329815697,"[-7.60813840489824e-05, -0.03533112022949815, 0.10974864940411143, -0.07432226959470109, 0.0, -0.0008640117611989627, -0.4981963440807202, -0.0008772090951651085, 0.0, 0.00010010844514214364, -0.00025763976305280946, 0.00034804189874029984]"
burgers,256,0.01,0.00699701718041512,7,WENDy-MLE L1=0.01,0.014188514628891653,True,False,1,2,0,0.3333333333333333,1.0,0.5,True,CONVERGENCE: RELATIVE REDUCTION OF F <= FACTR*EPSMCH,34,1.0514982079912443,1.2317126659909263,"[0.000254353955416355, 0.0, 0.0, 0.0, 0.0, -0.0012325858725786727, -0.4930182722069926, 0.0, 0.0, 0.0, 0.0, 0.0]"
burgers,256,0.01,0.00699701718041512,8,WSINDy,0.00018225337927268992,True,True,1,0,0,1.0,1.0,1.0,True,MSTLS support stable,4,0.0027261249779257923,0.18236145796254277,"[0.0, 0.0, 0.0, 0.0, 0.0, 0.0, -0.49990887331036366, 0.0, 0.0, 0.0, 0.0, 0.0]"
burgers,256,0.01,0.00699701718041512,8,WENDy HT,0.03569041865515166,True,True,1,0,0,1.0,1.0,1.0,True,IRLS step tolerance,4,0.9497625830117613,1.1293979159963783,"[0.0, 0.0, 0.0, 0.0, 0.0, 0.0, -0.48215479067242417, 0.0, 0.0, 0.0, 0.0, 0.0]"
burgers,256,0.01,0.00699701718041512,8,WENDy L1=1e-06,0.039910172675135296,True,False,1,8,0,0.1111111111111111,1.0,0.2,True,IRLS step tolerance,9,0.969712125021033,1.14934745800565,"[-1.671578679404759e-05, 0.0031476387556703287, 0.0, -0.0030121148533387918, 0.0, -0.007028012989236274, -0.4845261756173356, -0.008045220504657846, 0.0, 0.0010241641688244207, -0.004021956331947616, 0.002905494819229691]"
burgers,256,0.01,0.00699701718041512,8,WENDy L1=0.0001,0.0038586589222093,True,False,1,3,0,0.25,1.0,0.4,True,IRLS step tolerance,67,1.0278246669913642,1.2074599999759812,"[0.0, 9.833529798167246e-05, 0.0, 0.0, 0.0, -0.0012259360388817875, -0.4985141301490905, 0.0, 0.0, -4.374875296827224e-05, 0.0, 0.0]"
burgers,256,0.01,0.00699701718041512,8,WENDy L1=0.01,0.02650850368178777,True,False,1,2,0,0.3333333333333333,1.0,0.5,True,IRLS step tolerance,5,0.9754416669893544,1.1550769999739714,"[0.0003127342071397878, 0.0, 0.0, 0.0, 0.0, 0.0, -0.4880468877247115, -0.0057184347606553075, 0.0, 0.0, 0.0, 0.0]"
burgers,256,0.01,0.00699701718041512,8,WENDy-MLE HT,0.03348681288116595,True,True,1,0,0,1.0,1.0,1.0,True,Optimization terminated successfully.,3,0.9841026250214782,1.1637379580060951,"[0.0, 0.0, 0.0, 0.0, 0.0, 0.0, -0.483256593559417, 0.0, 0.0, 0.0, 0.0, 0.0]"
burgers,256,0.01,0.00699701718041512,8,WENDy-MLE L1=1e-06,0.20465136348489552,True,False,1,9,0,0.1,1.0,0.18181818181818182,True,CONVERGENCE: RELATIVE REDUCTION OF F <= FACTR*EPSMCH,79,1.188947166025173,1.36858249900979,"[-1.4124190182207555e-05, 0.030305014485455167, -0.08122457784478979, 0.05105379510344958, 0.0, -0.005033617334070765, -0.48581748789066065, -0.00873345091345021, 0.0, 0.001436062447715174, -0.005355451872774396, 0.0038381952660829994]"
burgers,256,0.01,0.00699701718041512,8,WENDy-MLE L1=0.0001,0.04204652396553743,True,False,1,9,0,0.1,1.0,0.18181818181818182,True,CONVERGENCE: RELATIVE REDUCTION OF F <= FACTR*EPSMCH,28,1.0546411249961238,1.2342764579807408,"[-1.8444836264614025e-06, -0.008195210366281234, 0.00016123857845675127, 0.008156399344093028, 0.0, -0.004752869331909412, -0.48620357918522344, -0.00922147975283202, 0.0, -0.0013969614396758133, 0.0026060110760204635, -0.0012464918363643736]"
burgers,256,0.01,0.00699701718041512,8,WENDy-MLE L1=0.01,0.03335991959237886,True,False,1,2,0,0.3333333333333333,1.0,0.5,True,CONVERGENCE: NORM OF PROJECTED GRADIENT <= PGTOL,39,1.078943958011223,1.25857929099584,"[0.0003106073294819043, 0.0, 0.0, 0.0, 0.0, 0.0, -0.4855100547848255, -0.008256274556397073, 0.0, 0.0, 0.0, 0.0]"
burgers,256,0.01,0.00699701718041512,9,WSINDy,0.00011201368860158656,True,True,1,0,0,1.0,1.0,1.0,True,MSTLS support stable,5,0.0029051250021439046,0.18326949997572228,"[0.0, 0.0, 0.0, 0.0, 0.0, 0.0, -0.4999439931556992, 0.0, 0.0, 0.0, 0.0, 0.0]"
burgers,256,0.01,0.00699701718041512,9,WENDy HT,0.03108713398212304,True,True,1,0,0,1.0,1.0,1.0,True,IRLS step tolerance,5,0.965926374978153,1.1462907499517314,"[0.0, 0.0, 0.0, 0.0, 0.0, 0.0, -0.5155435669910615, 0.0, 0.0, 0.0, 0.0, 0.0]"
burgers,256,0.01,0.00699701718041512,9,WENDy L1=1e-06,0.0014225887019524341,True,False,1,8,0,0.1111111111111111,1.0,0.2,True,IRLS step tolerance,25,1.0228223750018515,1.2031867499754298,"[1.9575738988506017e-05, 0.0001714692851472003, 0.0, -0.0002972942521209226, 0.0, 8.714417915870688e-05, -0.4998995053284298, -0.0001408483382246672, 0.0, 0.00012710266142200574, 0.0003631768557855976, -0.0004496518648976506]"
burgers,256,0.01,0.00699701718041512,9,WENDy L1=0.0001,0.01201319457871698,True,False,1,5,0,0.16666666666666666,1.0,0.2857142857142857,True,IRLS step tolerance,5,0.9713462909858208,1.1517106659593992,"[7.594981523902747e-07, 0.0, 0.0, -6.30997778398001e-05, 0.0, -0.0016278458414804122, -0.49513335554930177, -0.0031209174063911364, 0.0, 3.151328411540201e-05, 0.0, 0.0]"
burgers,256,0.01,0.00699701718041512,9,WENDy L1=0.01,0.02931601033409279,True,False,1,2,0,0.3333333333333333,1.0,0.5,True,IRLS step tolerance,4,0.9668845419946592,1.1472489169682376,"[0.00025446146900033134, 0.0, 0.0, 0.0, 0.0, 0.0, -0.48703635497309417, -0.006836393234325588, 0.0, 0.0, 0.0, 0.0]"
burgers,256,0.01,0.00699701718041512,9,WENDy-MLE HT,0.03303615729124387,True,True,1,0,0,1.0,1.0,1.0,True,Optimization terminated successfully.,3,0.9876183749875054,1.1679827499610838,"[0.0, 0.0, 0.0, 0.0, 0.0, 0.0, -0.5165180786456219, 0.0, 0.0, 0.0, 0.0, 0.0]"
burgers,256,0.01,0.00699701718041512,9,WENDy-MLE L1=1e-06,0.2631438838080768,True,False,1,9,0,0.1,1.0,0.18181818181818182,True,CONVERGENCE: RELATIVE REDUCTION OF F <= FACTR*EPSMCH,72,1.205262000003131,1.3856263749767095,"[1.1192803267539753e-05, -0.031093192741297532, 0.09847251237294523, -0.0675060967888636, 0.0, 0.010426377948215725, -0.5361412569713042, 0.025804590895017986, 0.0, 0.0006910163242390165, 0.0017893257416810766, -0.002454470523702171]"
burgers,256,0.01,0.00699701718041512,9,WENDy-MLE L1=0.0001,0.22168363426677953,True,False,1,9,0,0.1,1.0,0.18181818181818182,True,CONVERGENCE: RELATIVE REDUCTION OF F <= FACTR*EPSMCH,28,1.0693136670161039,1.2496780419896822,"[1.6487676986793796e-05, -0.02505026435139771, 0.08760519352079374, -0.06272211698896608, 0.0, -4.455828931941832e-05, -0.5045700511269524, 0.0049316919391513905, 0.0, 0.0017301269383892901, -0.0008763066590713981, -0.0008296549943673639]"
burgers,256,0.01,0.00699701718041512,9,WENDy-MLE L1=0.01,0.2121103788177046,True,False,1,6,0,0.14285714285714285,1.0,0.25,True,CONVERGENCE: RELATIVE REDUCTION OF F <= FACTR*EPSMCH,7,0.977289959002519,1.1576543339760974,"[-0.00032078468545939726, -0.02117186870793587, 0.08523295198428257, -0.05869654274729629, 0.0, -9.094039728364864e-05, -0.49134146009447205, 0.0037991387517907686, 0.0, 0.0, 0.0, 0.0]"
burgers,256,0.1,0.0699701718041512,0,WSINDy,0.0017731893699148848,True,True,1,0,0,1.0,1.0,1.0,True,MSTLS support stable,3,0.0026602499710861593,0.18301708297803998,"[0.0, 0.0, 0.0, 0.0, 0.0, 0.0, -0.5008865946849574, 0.0, 0.0, 0.0, 0.0, 0.0]"
burgers,256,0.1,0.0699701718041512,0,WENDy HT,0.09023503739691385,True,True,1,0,0,1.0,1.0,1.0,True,IRLS step tolerance,8,0.9520369170058984,1.1323937500128523,"[0.0, 0.0, 0.0, 0.0, 0.0, 0.0, -0.5451175186984569, 0.0, 0.0, 0.0, 0.0, 0.0]"
burgers,256,0.1,0.0699701718041512,0,WENDy L1=1e-06,0.18354752322809784,True,False,1,8,0,0.1111111111111111,1.0,0.2,True,IRLS step tolerance,10,1.0000391250068787,1.1803959580138326,"[-2.6030473346586512e-05, 0.01067729127253131, 0.0, -0.011283889255186854, 0.0, -0.009519533759195672, -0.537969311010153, 0.046843009253264664, 0.0, 0.02133682361429325, -0.054708609063267424, 0.031721323624660167]"
burgers,256,0.1,0.0699701718041512,0,WENDy L1=0.0001,0.10852925404248986,True,False,1,5,0,0.16666666666666666,1.0,0.2857142857142857,True,IRLS step tolerance,8,0.9887787500047125,1.1691355830116663,"[0.00012718818459899308, 0.0, 0.0, -0.0008506303984766919, 0.0, -0.020777751547236597, -0.4556398654467022, -0.023319561168225224, 0.0, 0.0, -0.0007560203844714789, 0.0]"
burgers,256,0.1,0.0699701718041512,0,WENDy L1=0.01,0.6379585982546316,True,False,1,2,0,0.3333333333333333,1.0,0.5,True,IRLS step tolerance,5,0.9620696250058245,1.1424264580127783,"[0.0, 0.0, 0.0, 0.0, 0.0, -0.0793935793304889, -0.24204356928093543, -0.17000862532097424, 0.0, 0.0, 0.0, 0.0]"
burgers,256,0.1,0.0699701718041512,0,WENDy-MLE HT,0.09756127470129727,True,True,1,0,0,1.0,1.0,1.0,True,Optimization terminated successfully.,5,1.0012659170024563,1.18162275000941,"[0.0, 0.0, 0.0, 0.0, 0.0, 0.0, -0.5487806373506486, 0.0, 0.0, 0.0, 0.0, 0.0]"
burgers,256,0.1,0.0699701718041512,0,WENDy-MLE L1=1e-06,0.21352409650999,True,False,1,9,0,0.1,1.0,0.18181818181818182,True,CONVERGENCE: RELATIVE REDUCTION OF F <= FACTR*EPSMCH,92,1.1888387920043897,1.3691956250113435,"[-7.951014544117e-05, 0.010111616887746573, 0.005243477171273912, -0.0158646242345021, 0.0, 0.0006639373089364786, -0.56115143908255, 0.059712574433044625, 0.0, 0.020337495545410676, -0.05002163488495061, 0.028202746906013206]"
burgers,256,0.1,0.0699701718041512,0,WENDy-MLE L1=0.0001,0.1420882363753892,True,False,1,9,0,0.1,1.0,0.18181818181818182,True,CONVERGENCE: RELATIVE REDUCTION OF F <= FACTR*EPSMCH,67,1.188356250000652,1.3687130830076057,"[0.00014227657410273786, 0.0003564928211600131, 0.014383680668394691, -0.015556207325642744, 0.0, -0.021236416640978063, -0.44486058487596924, -0.03322541383584296, 0.0, 0.0011504635608694661, -0.0011081333106139595, -0.0006429626831330862]"
burgers,256,0.1,0.0699701718041512,0,WENDy-MLE L1=0.01,0.18141456101744952,True,False,1,7,0,0.125,1.0,0.2222222222222222,True,CONVERGENCE: RELATIVE REDUCTION OF F <= FACTR*EPSMCH,17,1.0114565409894567,1.1918133739964105,"[0.0019674937933147948, 0.0, 0.0, -0.00043210141874747333, 0.0, -0.01591612315695769, -0.543478702619233, 0.07039863114651544, 0.0, 0.012580208128358285, -0.02815520445651853, 0.013156291049616147]"
burgers,256,0.1,0.0699701718041512,1,WSINDy,0.00285069183342479,True,True,1,0,0,1.0,1.0,1.0,True,MSTLS support stable,3,0.002461208001477644,0.18280545799643733,"[0.0, 0.0, 0.0, 0.0, 0.0, 0.0, -0.5014253459167124, 0.0, 0.0, 0.0, 0.0, 0.0]"
burgers,256,0.1,0.0699701718041512,1,WENDy HT,0.13952080754583673,True,True,1,0,0,1.0,1.0,1.0,True,IRLS step tolerance,12,0.9698946670105215,1.1502389170054812,"[0.0, 0.0, 0.0, 0.0, 0.0, 0.0, -0.43023959622708163, 0.0, 0.0, 0.0, 0.0, 0.0]"
burgers,256,0.1,0.0699701718041512,1,WENDy L1=1e-06,0.19533701717485813,True,False,1,8,0,0.1111111111111111,1.0,0.2,True,IRLS step tolerance,50,1.0490621670032851,1.2294064169982448,"[-0.0005466207282576733, 0.015940424586626697, 0.0, -0.015574141521465917, 0.0, -0.03161271935140804, -0.4297735454447656, -0.039139728491574266, 0.0, 0.009109135457896135, -0.031795116747009876, 0.02202826972346748]"
burgers,256,0.1,0.0699701718041512,1,WENDy L1=0.0001,0.10753865970936496,True,False,1,6,0,0.14285714285714285,1.0,0.25,True,IRLS step tolerance,7,0.9720879580127075,1.1524322080076672,"[-0.0005348013738241067, 9.329328863110026e-05, 0.0, 0.0, 0.0, -0.014415653111198341, -0.4575742423802247, -0.029634861696751474, 0.0, -0.0015843758821347136, 0.0, 0.0015345611485698778]"
burgers,256,0.1,0.0699701718041512,1,WENDy L1=0.01,0.43815809269327044,True,False,1,2,0,0.3333333333333333,1.0,0.5,True,IRLS step tolerance,6,0.9636896250012796,1.1440338749962393,"[0.0, 0.0, 0.0, 0.0, 0.0, -0.050056387388008404, -0.3238496744114982, -0.12025410356772688, 0.0, 0.0, 0.0, 0.0]"
burgers,256,0.1,0.0699701718041512,1,WENDy-MLE HT,0.1341651610261546,True,True,1,0,0,1.0,1.0,1.0,True,Optimization terminated successfully.,6,1.017939541983651,1.1982837919786107,"[0.0, 0.0, 0.0, 0.0, 0.0, 0.0, -0.4329174194869227, 0.0, 0.0, 0.0, 0.0, 0.0]"
burgers,256,0.1,0.0699701718041512,1,WENDy-MLE L1=1e-06,0.6959118548825187,True,False,1,9,0,0.1,1.0,0.18181818181818182,True,CONVERGENCE: RELATIVE REDUCTION OF F <= FACTR*EPSMCH,66,1.1731409580097534,1.353485208004713,"[-0.0018028712534569557, -0.07057297725175245, 0.2666369757330146, -0.19322013288683898, 0.0, -0.03476167281780349, -0.4328331929402746, -0.03290229339210871, 0.0, 0.006526277203718519, -0.023427115925465865, 0.016324783760966834]"
burgers,256,0.1,0.0699701718041512,1,WENDy-MLE L1=0.0001,0.10671388485515318,True,False,1,6,0,0.14285714285714285,1.0,0.25,True,CONVERGENCE: RELATIVE REDUCTION OF F <= FACTR*EPSMCH,270,1.9295616659801453,2.109905915975105,"[-0.0005323890588078433, 8.9942499737315e-05, 0.0, 0.0, 0.0, -0.014658141564082969, -0.45783369305669547, -0.029136749871590078, 0.0, -0.0015941547225142088, 0.0, 0.0015237124886073065]"
burgers,256,0.1,0.0699701718041512,1,WENDy-MLE L1=0.01,0.4617568434472731,True,False,1,9,0,0.1,1.0,0.18181818181818182,True,CONVERGENCE: RELATIVE REDUCTION OF F <= FACTR*EPSMCH,16,1.016335041000275,1.1966792909952346,"[0.0005736493389581304, -0.008215845434430621, 0.16500440491279325, -0.1556664777848713, 0.0, -0.015611827037917539, -0.46372185971726293, -0.011563217514350254, 0.0, 0.006036694377052862, 0.0001075280410800538, 0.006965388349289908]"
burgers,256,0.1,0.0699701718041512,2,WSINDy,0.00043604505295535834,True,True,1,0,0,1.0,1.0,1.0,True,MSTLS support stable,5,0.0028834579861722887,0.18246545796864666,"[0.0, 0.0, 0.0, 0.0, 0.0, 0.0, -0.4997819774735223, 0.0, 0.0, 0.0, 0.0, 0.0]"
burgers,256,0.1,0.0699701718041512,2,WENDy HT,0.19820949317982017,True,True,1,0,0,1.0,1.0,1.0,True,IRLS step tolerance,12,0.9570631250098813,1.1366451249923557,"[0.0, 0.0, 0.0, 0.0, 0.0, 0.0, -0.5991047465899101, 0.0, 0.0, 0.0, 0.0, 0.0]"
burgers,256,0.1,0.0699701718041512,2,WENDy L1=1e-06,0.2280142629961026,True,False,1,8,0,0.1111111111111111,1.0,0.2,False,IRLS iteration limit,300,1.3087179159920197,1.488299915974494,"[-0.0006570546745749734, -0.028596625253823966, 0.0, 0.029035484071585415, 0.0, 0.016678674042556636, -0.5813340426450928, 0.06210213799089143, 0.0, 0.004764683138035782, -0.01916224886796851, 0.01401405756568945]"
burgers,256,0.1,0.0699701718041512,2,WENDy L1=0.0001,0.004628310697905679,True,False,1,5,0,0.16666666666666666,1.0,0.2857142857142857,True,IRLS step tolerance,7,0.958863540989114,1.1384455409715883,"[-0.0006442524214653548, 0.0, 0.0, 0.0008302361572739781, 0.0, -0.0010001551357087849, -0.49894801006044176, 0.0, 0.0, -0.0009723905890736753, 0.0, 0.0010947260541078515]"
burgers,256,0.1,0.0699701718041512,2,WENDy L1=0.01,0.3053248127933879,True,False,1,2,0,0.3333333333333333,1.0,0.5,True,IRLS step tolerance,6,0.9825844589795452,1.1621664589620195,"[0.0, 0.0, 0.0, 0.0, 0.0, -0.033655160207645037, -0.37632102941142015, -0.08292558563179574, 0.0, 0.0, 0.0, 0.0]"
burgers,256,0.1,0.0699701718041512,2,WENDy-MLE HT,0.1772427327009416,True,True,1,0,0,1.0,1.0,1.0,True,Optimization terminated successfully.,6,1.0385780000069644,1.2181599999894388,"[0.0, 0.0, 0.0, 0.0, 0.0, 0.0, -0.5886213663504708, 0.0, 0.0, 0.0, 0.0, 0.0]"
burgers,256,0.1,0.0699701718041512,2,WENDy-MLE L1=1e-06,0.5836269537346817,True,False,1,9,0,0.1,1.0,0.18181818181818182,True,CONVERGENCE: RELATIVE REDUCTION OF F <= FACTR*EPSMCH,84,1.2045707080105785,1.384152707993053,"[0.000356127582973571, 0.04253985866813485, -0.1994045771201047, 0.15542770886600968, 0.0, 0.028905772878445098, -0.6090444621068172, 0.07764218613084004, 0.0, 0.006007538566852045, -0.020750892853982947, 0.014287870952311885]"
burgers,256,0.1,0.0699701718041512,2,WENDy-MLE L1=0.0001,0.273081588401052,True,False,1,9,0,0.1,1.0,0.18181818181818182,True,CONVERGENCE: RELATIVE REDUCTION OF F <= FACTR*EPSMCH,64,1.1921091249969322,1.3716911249794066,"[4.001089822449767e-06, 0.011705656659669541, -0.09381570383301979, 0.08171679276488975, 0.0, 0.009975403829955235, -0.5405111583412017, 0.02957603468968121, 0.0, -0.012419272634418608, 0.01565807170188619, -0.0035394292946098146]"
burgers,256,0.1,0.0699701718041512,2,WENDy-MLE L1=0.01,0.16591586638055497,True,False,1,6,0,0.14285714285714285,1.0,0.25,True,CONVERGENCE: RELATIVE REDUCTION OF F <= FACTR*EPSMCH,14,1.0324111249938142,1.2119931249762885,"[-0.003513287637214565, 0.00018285887943844415, -0.05338160578001648, 0.047416605553256864, 0.0, -0.013954967044521304, -0.46609173934602743, -0.02066882890183405, 0.0, 0.0, 0.0, 0.0]"
burgers,256,0.1,0.0699701718041512,3,WSINDy,0.0024635738462343015,True,True,1,0,0,1.0,1.0,1.0,True,MSTLS support stable,5,0.0027502080192789435,0.18347008299315348,"[0.0, 0.0, 0.0, 0.0, 0.0, 0.0, -0.49876821307688285, 0.0, 0.0, 0.0, 0.0, 0.0]"
burgers,256,0.1,0.0699701718041512,3,WENDy HT,4.208518935316278,True,False,0,1,1,0.0,0.0,0.0,True,IRLS step tolerance,10,0.9693313330062665,1.150051207980141,"[0.0, 0.0, 2.0439931279798658, 0.0, 0.0, 0.0, 0.0, 0.0, 0.0, 0.0, 0.0, 0.0]"
burgers,256,0.1,0.0699701718041512,3,WENDy L1=1e-06,3.366638629757934,True,False,1,9,0,0.1,1.0,0.18181818181818182,True,IRLS step tolerance,28,1.0808363749820273,1.2615562499559019,"[-0.005866777265055104, -0.42991703349953075, 1.3389849878786646, -0.8966641798951871, 0.0, 0.03749049426651548, -0.6673035345541138, 0.12905605685217234, 0.0, -0.013960860772854109, 0.0594827056320857, -0.04504240509602642]"
burgers,256,0.1,0.0699701718041512,3,WENDy L1=0.0001,0.01567656064464497,True,False,1,4,0,0.2,1.0,0.3333333333333333,True,IRLS step tolerance,144,1.1216971250250936,1.302416999998968,"[0.0003500628012129932, 0.0, 0.0, -0.0003371411008641839, 0.0, -0.004732262933674625, -0.493776748219002, 0.0, 0.0, 0.0, 0.0, -0.0002815228614120936]"
burgers,256,0.1,0.0699701718041512,3,WENDy L1=0.01,0.4980300734712133,True,False,1,3,0,0.25,1.0,0.4,True,IRLS step tolerance,6,0.9707183330028784,1.151438207976753,"[0.0003958559682399692, 0.0, 0.0, 0.0, 0.0, -0.0595716484853169, -0.29813197900792004, -0.13307461296570036, 0.0, 0.0, 0.0, 0.0]"
burgers,256,0.1,0.0699701718041512,3,WENDy-MLE HT,3.4733702331014307,True,False,0,1,1,0.0,0.0,0.0,True,Optimization terminated successfully.,7,1.030016542004887,1.2107364169787616,"[0.0, 0.0, 1.6631521860758178, 0.0, 0.0, 0.0, 0.0, 0.0, 0.0, 0.0, 0.0, 0.0]"
burgers,256,0.1,0.0699701718041512,3,WENDy-MLE L1=1e-06,5.73022279167072,True,False,1,9,0,0.1,1.0,0.18181818181818182,True,CONVERGENCE: RELATIVE REDUCTION OF F <= FACTR*EPSMCH,129,1.3139349999837577,1.4946548749576323,"[-0.010256905662579124, -0.7437188693726272, 2.2963048597866322, -1.531074647807786, 0.0, 0.005622990850554987, -0.6243922124343356, 0.11776503988606876, 0.0, -0.0197059687054874, 0.07514764338469979, -0.055005680278127904]"
burgers,256,0.1,0.0699701718041512,3,WENDy-MLE L1=0.0001,5.726554449507446,True,False,1,9,0,0.1,1.0,0.18181818181818182,True,CONVERGENCE: RELATIVE REDUCTION OF F <= FACTR*EPSMCH,66,1.163385791995097,1.3441056669689715,"[-0.01096872214137082, -0.7012403695299715, 2.290928377555207, -1.5665099457637668, 0.0, -0.04387279667161969, -0.48888151462263735, 0.03502198980887303, 0.0, -0.0021195181211985745, 0.022455232299081952, -0.020202554669703547]"
burgers,256,0.1,0.0699701718041512,3,WENDy-MLE L1=0.01,5.718316911662406,True,False,1,8,0,0.1111111111111111,1.0,0.2,True,CONVERGENCE: RELATIVE REDUCTION OF F <= FACTR*EPSMCH,14,1.0356497089960612,1.2163695839699358,"[3.97275195860843e-05, -0.7317714679535493, 2.2874928025741177, -1.5509702328035502, 0.0, -0.00919972129090274, -0.5067051285462808, 0.032187121574834, 0.0, 0.0, -5.653865012422386e-05, -1.3351644696803893e-05]"
burgers,256,0.1,0.0699701718041512,4,WSINDy,0.0027657432840588747,True,True,1,0,0,1.0,1.0,1.0,True,MSTLS support stable,5,0.0027672500000335276,0.18247870900086127,"[0.0, 0.0, 0.0, 0.0, 0.0, 0.0, -0.5013828716420294, 0.0, 0.0, 0.0, 0.0, 0.0]"
burgers,256,0.1,0.0699701718041512,4,WENDy HT,1.5707097476178173,True,False,0,1,1,0.0,0.0,0.0,True,IRLS step tolerance,8,0.9707617910171393,1.150473250017967,"[0.0, 0.0, -0.6056255260599629, 0.0, 0.0, 0.0, 0.0, 0.0, 0.0, 0.0, 0.0, 0.0]"
burgers,256,0.1,0.0699701718041512,4,WENDy L1=1e-06,0.2098490724698333,True,False,1,9,0,0.1,1.0,0.18181818181818182,True,IRLS step tolerance,21,1.02234908301034,1.2020605420111679,"[0.0004453634510638929, -0.0013499149846953804, -0.04629663287615987, 0.04653927661052811, 0.0, -0.024369539531185615, -0.4374367500344812, -0.03899139639060591, 0.0, 0.004659446924040462, -0.02017713739181547, 0.015513355126348428]"
burgers,256,0.1,0.0699701718041512,4,WENDy L1=0.0001,0.08647402647475218,True,False,1,5,0,0.16666666666666666,1.0,0.2857142857142857,True,IRLS step tolerance,101,1.08110479201423,1.2608162510150578,"[0.00019955862297236083, -0.0004418453171369274, 0.0, 0.0, 0.0, -0.00928586770302794, -0.4658972538571801, -0.02489675230671253, 0.0, 0.0, 0.0, 0.0003624277296331638]"
burgers,256,0.1,0.0699701718041512,4,WENDy L1=0.01,0.5759504841154907,True,False,1,3,0,0.25,1.0,0.4,True,IRLS step tolerance,7,0.9743585829855874,1.1540700419864152,"[0.0002240080865441897, 0.0, 0.0, 0.0, 0.0, -0.06827954453897896, -0.26782613297531194, -0.15608615930615452, 0.0, 0.0, 0.0, 0.0]"
burgers,256,0.1,0.0699701718041512,4,WENDy-MLE HT,0.14834074579126577,True,True,1,0,0,1.0,1.0,1.0,False,A bad approximation caused failure to predict improvement.,4,1.02786520801601,1.2075766670168377,"[0.0, 0.0, 0.0, 0.0, 0.0, 0.0, -0.4258296271043671, 0.0, 0.0, 0.0, 0.0, 0.0]"
burgers,256,0.1,0.0699701718041512,4,WENDy-MLE L1=1e-06,1.244385111403908,True,False,1,9,0,0.1,1.0,0.18181818181818182,True,CONVERGENCE: RELATIVE REDUCTION OF F <= FACTR*EPSMCH,85,1.208585291984491,1.3882967509853188,"[0.00259502274790463, 0.14215726881420804, -0.4889121272885145, 0.3414936558014699, 0.0, -0.021040048822904955, -0.42072830880271, -0.05881956438278385, 0.0, 0.005844896870460168, -0.025463819351534276, 0.019651291036354584]"
burgers,256,0.1,0.0699701718041512,4,WENDy-MLE L1=0.0001,1.1764719102115762,True,False,1,9,0,0.1,1.0,0.18181818181818182,True,CONVERGENCE: RELATIVE REDUCTION OF F <= FACTR*EPSMCH,36,1.0657895840122364,1.2455010430130642,"[0.0028179427953468773, 0.13727536749168656, -0.46292823729392574, 0.32059608033967446, 0.0, 0.043240554602395447, -0.5822540641844632, 0.03802003310185222, 0.0, -0.00035921284345646117, 0.0017924942139212084, -0.0005747354128191748]"
burgers,256,0.1,0.0699701718041512,4,WENDy-MLE L1=0.01,1.2286791640578456,True,False,1,7,0,0.125,1.0,0.2222222222222222,True,CONVERGENCE: RELATIVE REDUCTION OF F <= FACTR*EPSMCH,16,1.0447494170221034,1.2244608760229312,"[0.0002176858384296757, 0.1084862881256263, -0.4659053482336861, 0.3302006209103603, 0.0, 0.01685378940788943, -0.6522902782457779, 0.1261582484724134, 0.0, 0.0, -0.012299335897597881, 0.0]"
burgers,256,0.1,0.0699701718041512,5,WSINDy,0.002492641164122733,True,True,1,0,0,1.0,1.0,1.0,True,MSTLS support stable,4,0.002615917008370161,0.18226954198325984,"[0.0, 0.0, 0.0, 0.0, 0.0, 0.0, -0.49875367941793863, 0.0, 0.0, 0.0, 0.0, 0.0]"
burgers,256,0.1,0.0699701718041512,5,WENDy HT,0.05209051410936927,True,True,1,0,0,1.0,1.0,1.0,True,IRLS step tolerance,9,0.9689168339828029,1.1485704589576926,"[0.0, 0.0, 0.0, 0.0, 0.0, 0.0, -0.47395474294531537, 0.0, 0.0, 0.0, 0.0, 0.0]"
burgers,256,0.1,0.0699701718041512,5,WENDy L1=1e-06,0.12190532406597127,True,False,1,9,0,0.1,1.0,0.18181818181818182,True,IRLS step tolerance,12,0.9882296250143554,1.167883249989245,"[0.0004521371775257719, -0.0287774609206338, 0.027191533484916926, 4.4594130538106493e-07, 0.0, -0.01456027449067201, -0.4643837043073074, -0.021833006343047332, 0.0, -0.0066821666473535915, 0.010865310587162131, -0.005252830383152067]"
burgers,256,0.1,0.0699701718041512,5,WENDy L1=0.0001,0.05234573116408103,True,False,1,5,0,0.16666666666666666,1.0,0.2857142857142857,True,IRLS step tolerance,13,0.9688427500077523,1.148496374982642,"[0.0005265254145271838, -0.0014688092969791877, 0.0, 0.0, 0.0, -0.010853205214188321, -0.4786363353312968, -0.010344034084486193, 0.0, -0.0011777055546404944, 0.0, 0.0]"
burgers,256,0.1,0.0699701718041512,5,WENDy L1=0.01,0.5805848343077796,True,False,1,3,0,0.25,1.0,0.4,True,IRLS step tolerance,9,0.9811277090047952,1.1607813339796849,"[3.731668447628974e-05, 0.0, 0.0, 0.0, 0.0, -0.06682977049099134, -0.266298834457301, -0.15870486150278593, 0.0, 0.0, 0.0, 0.0]"
burgers,256,0.1,0.0699701718041512,5,WENDy-MLE HT,0.018214804147649866,True,True,1,0,0,1.0,1.0,1.0,True,Optimization terminated successfully.,5,1.0096955839835573,1.189349208958447,"[0.0, 0.0, 0.0, 0.0, 0.0, 0.0, -0.49089259792617507, 0.0, 0.0, 0.0, 0.0, 0.0]"
burgers,256,0.1,0.0699701718041512,5,WENDy-MLE L1=1e-06,0.4546161968133596,True,False,1,9,0,0.1,1.0,0.18181818181818182,True,CONVERGENCE: RELATIVE REDUCTION OF F <= FACTR*EPSMCH,80,1.1799807499919552,1.359634374966845,"[-0.0002795024827257995, -0.07978082445843025, 0.18328809214781402, -0.10357848730478586, 0.0, -0.014494794324871227, -0.4782103978505934, -0.00826937217443736, 0.0, -0.006641134123106893, 0.011933849082089934, -0.006410617439729218]"
burgers,256,0.1,0.0699701718041512,5,WENDy-MLE L1=0.0001,0.8856777678602538,True,False,1,9,0,0.1,1.0,0.18181818181818182,True,CONVERGENCE: RELATIVE REDUCTION OF F <= FACTR*EPSMCH,27,1.048405665991595,1.2280592909664847,"[-1.9585821701302713e-07, -0.07294179435984322, 0.18398982833097982, -0.11147124406547357, 0.0, 0.07879723941848445, -0.8008545119720343, 0.2184712510133105, 0.0, 0.005035605541252028, -0.0020715843669151155, -0.005089003346283031]"
burgers,256,0.1,0.0699701718041512,5,WENDy-MLE L1=0.01,0.6957235163261517,True,False,1,8,0,0.1111111111111111,1.0,0.2,True,CONVERGENCE: RELATIVE REDUCTION OF F <= FACTR*EPSMCH,10,0.9970826250209939,1.1767362499958836,"[-0.0002933295645476994, -0.06201820568639715, 0.16149465725514212, -0.09632884328174392, 0.0, 0.04905415030378813, -0.7185158790696223, 0.17788700778933267, 0.0, 0.0015232243274195488, -4.229336569296872e-19, -0.00028587299238120635]"
burgers,256,0.1,0.0699701718041512,6,WSINDy,0.0007543931012730098,True,True,1,0,0,1.0,1.0,1.0,True,MSTLS support stable,3,0.0035082499962300062,0.19531924999319017,"[0.0, 0.0, 0.0, 0.0, 0.0, 0.0, -0.5003771965506365, 0.0, 0.0, 0.0, 0.0, 0.0]"
burgers,256,0.1,0.0699701718041512,6,WENDy HT,0.396576920519111,True,True,1,0,0,1.0,1.0,1.0,True,IRLS step tolerance,11,0.9951467080099974,1.1869577080069575,"[0.0, 0.0, 0.0, 0.0, 0.0, 0.0, -0.6982884602595555, 0.0, 0.0, 0.0, 0.0, 0.0]"
burgers,256,0.1,0.0699701718041512,6,WENDy L1=1e-06,0.4335547845700581,True,False,1,8,0,0.1111111111111111,1.0,0.2,True,IRLS step tolerance,19,1.0231900830112863,1.2150010830082465,"[0.00034241791301966256, 0.012686429175752441, 0.0, -0.013100987037577796, 0.0, 0.05406578975622487, -0.6724458572239188, 0.11722974003451235, 0.0, 0.002073167872966422, 0.010485753916298015, -0.011916161497795416]"
burgers,256,0.1,0.0699701718041512,6,WENDy L1=0.0001,0.020834727944833417,True,False,1,4,0,0.2,1.0,0.3333333333333333,True,IRLS step tolerance,5,0.9963115830032621,1.1881225830002222,"[0.00035134564521825006, 0.0, 0.0, -0.0004429920979034357, 0.0, -0.007283724981200192, -0.4925823013356907, 0.0, 0.0, 0.0, 0.00035620681679489477, 0.0]"
burgers,256,0.1,0.0699701718041512,6,WENDy L1=0.01,0.50688907685922,True,False,1,3,0,0.25,1.0,0.4,False,IRLS iteration limit,300,1.3105621249997057,1.5023731249966659,"[0.00032753161244635203, 0.0, 0.0, 0.0, 0.0, -0.06676349882167662, -0.2938915447840515, -0.1315141311662904, 0.0, 0.0, 0.0, 0.0]"
burgers,256,0.1,0.0699701718041512,6,WENDy-MLE HT,0.35361159430629074,True,True,1,0,0,1.0,1.0,1.0,True,Optimization terminated successfully.,5,1.024166666000383,1.2159776659973431,"[0.0, 0.0, 0.0, 0.0, 0.0, 0.0, -0.6768057971531454, 0.0, 0.0, 0.0, 0.0, 0.0]"
burgers,256,0.1,0.0699701718041512,6,WENDy-MLE L1=1e-06,0.9910669466669118,True,False,1,9,0,0.1,1.0,0.18181818181818182,True,CONVERGENCE: RELATIVE REDUCTION OF F <= FACTR*EPSMCH,32,1.0721704169991426,1.2639814169961028,"[6.640253339555023e-05, 0.001394318093397799, 0.05856665172015512, -0.05991697080342392, 0.0, 0.11702079909255994, -0.8897931543721023, 0.26950906589518964, 0.0, 0.01323599772963361, -0.004696042796034325, -0.008150270459008046]"
burgers,256,0.1,0.0699701718041512,6,WENDy-MLE L1=0.0001,1.036994568422897,True,False,1,9,0,0.1,1.0,0.18181818181818182,True,CONVERGENCE: RELATIVE REDUCTION OF F <= FACTR*EPSMCH,16,1.0238134170067497,1.2156244170037098,"[3.525765705443505e-07, -0.0038346284650315793, 0.06054620293366951, -0.056864950180231404, 0.0, 0.12288539029902452, -0.9086845094013422, 0.28181248823627214, 0.0, 0.015444433718367838, -0.011513185556485483, -0.0034719211332785603]"
burgers,256,0.1,0.0699701718041512,6,WENDy-MLE L1=0.01,0.802509972721603,True,False,1,7,0,0.125,1.0,0.2222222222222222,True,CONVERGENCE: RELATIVE REDUCTION OF F <= FACTR*EPSMCH,11,1.0216834159800783,1.2134944159770384,"[-6.012395878272301e-05, 0.0, 0.04287276811669906, -0.03962485171402067, 0.0, 0.08918614041942968, -0.8091752302038218, 0.23241408163250213, 0.0, 0.00557039390870559, -0.0025557975843656503, 0.0]"
burgers,256,0.1,0.0699701718041512,7,WSINDy,0.004625003116041526,True,True,1,0,0,1.0,1.0,1.0,True,MSTLS support stable,3,0.0024172079865820706,0.18230337396380492,"[0.0, 0.0, 0.0, 0.0, 0.0, 0.0, -0.5023125015580208, 0.0, 0.0, 0.0, 0.0, 0.0]"
burgers,256,0.1,0.0699701718041512,7,WENDy HT,0.11994223229022727,True,True,1,0,0,1.0,1.0,1.0,True,IRLS step tolerance,13,0.961909250007011,1.1417954159842338,"[0.0, 0.0, 0.0, 0.0, 0.0, 0.0, -0.5599711161451136, 0.0, 0.0, 0.0, 0.0, 0.0]"
burgers,256,0.1,0.0699701718041512,7,WENDy L1=1e-06,0.060203035045888274,True,False,1,8,0,0.1111111111111111,1.0,0.2,True,IRLS step tolerance,24,1.0452981660200749,1.2251843319972977,"[-0.0007865423779124012, -2.522908734775507e-05, -0.007938881992581078, 0.0086379405653003, 0.0, 0.012519690074716315, -0.5153526798331094, 0.0, 0.0, -0.00468626755602509, 0.015999763063782202, -0.009871234367316335]"
burgers,256,0.1,0.0699701718041512,7,WENDy L1=0.0001,0.02663041369991667,True,False,1,6,0,0.14285714285714285,1.0,0.25,True,IRLS step tolerance,6,1.019805666001048,1.1996918319782708,"[-0.0007707134856802283, 9.942992279014741e-05, 0.0, 0.0006302534751021803, 0.0, 0.0, -0.4918989608235447, -0.010478821306009557, 0.0, 0.0, 0.0009098978397846447, 0.00018216104730409144]"
burgers,256,0.1,0.0699701718041512,7,WENDy L1=0.01,0.4525998013486024,True,False,1,2,0,0.3333333333333333,1.0,0.5,True,IRLS step tolerance,6,0.996738291985821,1.1766244579630438,"[0.0, 0.0, 0.0, 0.0, 0.0, -0.05403857172712016, -0.3176807642135331, -0.1226832265353751, 0.0, 0.0, 0.0, 0.0]"
burgers,256,0.1,0.0699701718041512,7,WENDy-MLE HT,0.2618460579524442,True,True,1,0,0,1.0,1.0,1.0,True,Optimization terminated successfully.,4,1.0084580410039052,1.188344206981128,"[0.0, 0.0, 0.0, 0.0, 0.0, 0.0, -0.6309230289762221, 0.0, 0.0, 0.0, 0.0, 0.0]"
burgers,256,0.1,0.0699701718041512,7,WENDy-MLE L1=1e-06,0.34974687113185104,True,False,1,9,0,0.1,1.0,0.18181818181818182,True,CONVERGENCE: RELATIVE REDUCTION OF F <= FACTR*EPSMCH,221,1.6821054589818232,1.861991624959046,"[-0.0014730020491943308, -0.04554496932775405, 0.12997042274981627, -0.08244801388368175, 0.0, 0.021732711915072915, -0.5551107125044085, 0.030065216598931892, 0.0, -0.003699172341669805, 0.01621471465165139, -0.011144470426248002]"
burgers,256,0.1,0.0699701718041512,7,WENDy-MLE L1=0.0001,0.8454208372264613,True,False,1,9,0,0.1,1.0,0.18181818181818182,True,CONVERGENCE: RELATIVE REDUCTION OF F <= FACTR*EPSMCH,23,1.0330524160235655,1.2129385820007883,"[-0.001871281535668553, -0.05577000689102155, 0.2011347208994637, -0.1424735521848662, 0.0, 0.08265059124988834, -0.7719174098067431, 0.18425033426076742, 0.0, 0.007345430742432129, -0.00014723607844812657, -0.0066372374569465]"
burgers,256,0.1,0.0699701718041512,7,WENDy-MLE L1=0.01,0.4537914937188165,True,False,1,9,0,0.1,1.0,0.18181818181818182,True,CONVERGENCE: RELATIVE REDUCTION OF F <= FACTR*EPSMCH,10,0.9960058340220712,1.175891999999294,"[-0.00031719382925248434, -0.03266717996416953, 0.14970447488357858, -0.11611587143394954, 0.0, 0.0015256683470341247, -0.5838543089561948, 0.08645442038932986, 0.0, -0.0023183050619727543, -0.0025373252071575767, 0.00023901520886552023]"
burgers,256,0.1,0.0699701718041512,8,WSINDy,0.0013340543013509176,True,True,1,0,0,1.0,1.0,1.0,True,MSTLS support stable,4,0.0025933329889085144,0.18233912496361881,"[0.0, 0.0, 0.0, 0.0, 0.0, 0.0, -0.49933297284932454, 0.0, 0.0, 0.0, 0.0, 0.0]"
burgers,256,0.1,0.0699701718041512,8,WENDy HT,2.1702614971956096,True,False,0,1,1,0.0,0.0,0.0,True,IRLS step tolerance,8,0.9669179159973282,1.1466637079720385,"[0.0, 0.0, -0.9630725525901112, 0.0, 0.0, 0.0, 0.0, 0.0, 0.0, 0.0, 0.0, 0.0]"
burgers,256,0.1,0.0699701718041512,8,WENDy L1=1e-06,0.6259670318770715,True,False,1,9,0,0.1,1.0,0.18181818181818182,True,IRLS step tolerance,12,1.0272107500059064,1.2069565419806167,"[0.000912283009795415, 0.10649446569548017, -0.23503621375090744, 0.1279754810129145, 0.0, -0.04226809073089855, -0.4059078850687017, -0.04773628181574341, 0.0, 0.009499518370075741, -0.0365088220961296, 0.02559740460203646]"
burgers,256,0.1,0.0699701718041512,8,WENDy L1=0.0001,0.19149847783381388,True,False,1,6,0,0.14285714285714285,1.0,0.25,True,IRLS step tolerance,21,0.9849247499951161,1.1646705419698264,"[-9.935801652517719e-05, 0.0011342637973521873, 0.0, 0.0, 0.0, -0.034417197788441226, -0.42124614573108116, -0.04188206296452987, 0.0, -0.003992301973988058, 0.0, 0.00314031650544188]"
burgers,256,0.1,0.0699701718041512,8,WENDy L1=0.01,0.4023483295451658,True,False,1,3,0,0.25,1.0,0.4,True,IRLS step tolerance,42,1.0083435410051607,1.188089332979871,"[0.0004532049102414883, 0.0, 0.0, 0.0, 0.0, -0.04861794429611785, -0.33629552323083517, -0.10633898135401346, 0.0, 0.0, 0.0, 0.0]"
burgers,256,0.1,0.0699701718041512,8,WENDy-MLE HT,1.5156901542050902,True,False,0,1,1,0.0,0.0,0.0,False,A bad approximation caused failure to predict improvement.,5,1.0095836249820422,1.1893294169567525,"[0.0, 0.0, -0.5694990437995155, 0.0, 0.0, 0.0, 0.0, 0.0, 0.0, 0.0, 0.0, 0.0]"
burgers,256,0.1,0.0699701718041512,8,WENDy-MLE L1=1e-06,0.15594899591975886,True,False,1,9,0,0.1,1.0,0.18181818181818182,True,CONVERGENCE: RELATIVE REDUCTION OF F <= FACTR*EPSMCH,82,1.1865719580091536,1.366317749983864,"[-0.00012631134510931568, 0.03460611401218568, -0.009134799656256186, -0.023940150414037065, 0.0, -0.029217091817487044, -0.46557101014651703, -0.001839661220788671, 0.0, 0.011982167901249051, -0.037951853709030925, 0.02448579560342899]"
burgers,256,0.1,0.0699701718041512,8,WENDy-MLE L1=0.0001,0.0632584298140206,True,False,1,7,0,0.125,1.0,0.2222222222222222,True,CONVERGENCE: RELATIVE REDUCTION OF F <= FACTR*EPSMCH,164,1.551816958002746,1.7315627499774564,"[5.5660338596251086e-05, 0.003280584462956436, 0.00015154714838840888, -0.002392256867921529, 0.0, -0.019545424736495783, -0.47841407186018337, 0.0, 0.0, 0.0, -0.008790744274964813, 0.0076578676527138245]"
burgers,256,0.1,0.0699701718041512,8,WENDy-MLE L1=0.01,0.37359475532867104,True,False,1,3,0,0.25,1.0,0.4,True,CONVERGENCE: NORM OF PROJECTED GRADIENT <= PGTOL,42,1.0963042079820298,1.27604999995674,"[0.00046927634944005146, 0.0, 0.0, 0.0, 0.0, -0.043846431007640456, -0.348050060221985, -0.09940697345423048, 0.0, 0.0, 0.0, 0.0]"
burgers,256,0.1,0.0699701718041512,9,WSINDy,0.0007807047694448066,True,True,1,0,0,1.0,1.0,1.0,True,MSTLS support stable,5,0.0030012920033186674,0.18457254199893214,"[0.0, 0.0, 0.0, 0.0, 0.0, 0.0, -0.4996096476152776, 0.0, 0.0, 0.0, 0.0, 0.0]"
burgers,256,0.1,0.0699701718041512,9,WENDy HT,0.34091998914337474,True,True,1,0,0,1.0,1.0,1.0,True,IRLS step tolerance,10,0.97791158297332,1.1594828329689335,"[0.0, 0.0, 0.0, 0.0, 0.0, 0.0, -0.6704599945716874, 0.0, 0.0, 0.0, 0.0, 0.0]"
burgers,256,0.1,0.0699701718041512,9,WENDy L1=1e-06,0.30792100177616133,True,False,1,9,0,0.1,1.0,0.18181818181818182,True,IRLS step tolerance,33,1.066237542021554,1.2478087920171674,"[8.839447607958447e-05, 0.00032034221013147997, 0.016211993600951227, -0.01758893371516772, 0.0, 0.04572506528035781, -0.6218194242892443, 0.07518030568982288, 0.0, 0.0007378423739212616, 0.016481579859697563, -0.016628502534154488]"
burgers,256,0.1,0.0699701718041512,9,WENDy L1=0.0001,0.007392530914809918,True,False,1,5,0,0.16666666666666666,1.0,0.2857142857142857,True,IRLS step tolerance,12,0.998916292010108,1.1804875420057215,"[0.00015335133724452089, 0.0, 0.0, -0.0011659482682770295, 0.0, 0.0, -0.49859314612028954, -0.0012478225761117354, 0.0, 0.00216588755091116, 0.0, -0.0020129725361191023]"
burgers,256,0.1,0.0699701718041512,9,WENDy L1=0.01,0.6306980954363686,True,False,1,2,0,0.3333333333333333,1.0,0.5,True,IRLS step tolerance,6,0.9708229580137413,1.1523942080093548,"[0.0, 0.0, 0.0, 0.0, 0.0, -0.07588068848948198, -0.2453488908075322, -0.16982330699339737, 0.0, 0.0, 0.0, 0.0]"
burgers,256,0.1,0.0699701718041512,9,WENDy-MLE HT,2.026036563488271,True,False,0,1,1,0.0,0.0,0.0,False,A bad approximation caused failure to predict improvement.,4,1.0173850000137463,1.1989562500093598,"[0.0, 0.0, 0.8810255610070804, 0.0, 0.0, 0.0, 0.0, 0.0, 0.0, 0.0, 0.0, 0.0]"
burgers,256,0.1,0.0699701718041512,9,WENDy-MLE L1=1e-06,2.0047926559389593,True,False,1,9,0,0.1,1.0,0.18181818181818182,True,CONVERGENCE: RELATIVE REDUCTION OF F <= FACTR*EPSMCH,101,1.2421329579956364,1.4237042079912499,"[-0.0035582812422087257, -0.23435220990989072, 0.7590362923346611, -0.5183346710341303, 0.0, 0.07472326047997069, -0.7564930307869526, 0.17935294730030402, 0.0, 0.001575566933600632, 0.02706078044253372, -0.02798867522370696]"
burgers,256,0.1,0.0699701718041512,9,WENDy-MLE L1=0.0001,2.0302127394401897,True,False,1,9,0,0.1,1.0,0.18181818181818182,True,CONVERGENCE: RELATIVE REDUCTION OF F <= FACTR*EPSMCH,27,1.037729041010607,1.2193002910062205,"[-0.0032808030229926604, -0.22007535052865165, 0.7469523139763757, -0.5208300150207189, 0.0, 0.07176048312980306, -0.8060914017922355, 0.23142297228839642, 0.0, 0.01390204809329573, -0.0003145784640912346, -0.014278766495309476]"
burgers,256,0.1,0.0699701718041512,9,WENDy-MLE L1=0.01,0.6371111750546279,True,False,1,2,0,0.3333333333333333,1.0,0.5,True,CONVERGENCE: NORM OF PROJECTED GRADIENT <= PGTOL,68,1.1645363330026157,1.3461075829982292,"[0.0, 0.0, 0.0, 0.0, 0.0, -0.07586830977489271, -0.24295615488791225, -0.17219211249870336, 0.0, 0.0, 0.0, 0.0]"
burgers,256,0.5,0.34985085902075597,0,WSINDy,0.005482069713734328,True,True,1,0,0,1.0,1.0,1.0,True,MSTLS support stable,3,0.0024395410146098584,0.18207991600502282,"[0.0, 0.0, 0.0, 0.0, 0.0, 0.0, -0.5027410348568672, 0.0, 0.0, 0.0, 0.0, 0.0]"
burgers,256,0.5,0.34985085902075597,0,WENDy HT,0.028380662486781727,True,True,1,0,0,1.0,1.0,1.0,True,IRLS step tolerance,20,0.9626271660090424,1.1422675409994554,"[0.0, 0.0, 0.0, 0.0, 0.0, 0.0, -0.5141903312433909, 0.0, 0.0, 0.0, 0.0, 0.0]"
burgers,256,0.5,0.34985085902075597,0,WENDy L1=1e-06,0.5929417723421374,True,False,1,9,0,0.1,1.0,0.18181818181818182,True,IRLS step tolerance,127,1.1147747909999453,1.2944151659903582,"[0.028883515150618506, 0.06277015200571058, -0.22603789984000094, 0.11563981002043924, 0.0, -0.09610350015230532, -0.5114184597087389, 0.07736668558290886, 0.0, 0.01587623362751444, -0.05099979500732282, 0.02121408033424715]"
burgers,256,0.5,0.34985085902075597,0,WENDy L1=0.0001,0.26176980309089753,True,False,1,6,0,0.14285714285714285,1.0,0.25,True,IRLS step tolerance,62,1.030635415983852,1.210275790974265,"[0.0008036625889746428, 0.0, 0.0, -0.0038101439082093547, 0.0, -0.09276486035540928, -0.410195401631165, 0.0, 0.0, 0.007335360877129366, -0.01929872895562432, 0.004388703562205714]"
burgers,256,0.5,0.34985085902075597,0,WENDy L1=0.01,1.2313310732732428,True,False,0,1,1,0.0,0.0,0.0,True,IRLS step tolerance,6,0.97023504198296,1.149875416973373,"[0.0, 0.0, 0.0, 0.0, 0.0, 0.0, 0.0, -0.35922702153660285, 0.0, 0.0, 0.0, 0.0]"
burgers,256,0.5,0.34985085902075597,0,WENDy-MLE HT,0.012538189737926753,True,True,1,0,0,1.0,1.0,1.0,True,Optimization terminated successfully.,5,1.0335272910015192,1.2131676659919322,"[0.0, 0.0, 0.0, 0.0, 0.0, 0.0, -0.4937309051310366, 0.0, 0.0, 0.0, 0.0, 0.0]"
burgers,256,0.5,0.34985085902075597,0,WENDy-MLE L1=1e-06,0.26893184028480344,True,False,1,9,0,0.1,1.0,0.18181818181818182,True,CONVERGENCE: RELATIVE REDUCTION OF F <= FACTR*EPSMCH,74,1.1568149999948218,1.3364553749852348,"[0.005580146762468974, 0.050994828602825275, -0.03716984255600748, -0.013904009084140375, 0.0, -0.09333069689901749, -0.4949104283452066, 0.06386462292208692, 0.0, 0.013598011102946369, -0.028792224869004398, 0.006741181665051572]"
burgers,256,0.5,0.34985085902075597,0,WENDy-MLE L1=0.0001,2.446087668416841,True,False,1,9,0,0.1,1.0,0.18181818181818182,True,CONVERGENCE: RELATIVE REDUCTION OF F <= FACTR*EPSMCH,74,1.1672866249864455,1.3469269999768585,"[0.12705309388973302, 0.15647972898806498, -1.0139122637301106, 0.6224054287257323, 0.0, -0.10522575141689883, -0.3789999989791144, -0.011980059703054569, 0.0, 0.01771469191295597, -0.10219797931856443, 0.05644476742232276]"
burgers,256,0.5,0.34985085902075597,0,WENDy-MLE L1=0.01,1.2313332437364812,True,False,0,1,1,0.0,0.0,0.0,True,CONVERGENCE: NORM OF PROJECTED GRADIENT <= PGTOL,58,1.1591483340016566,1.3387887089920696,"[0.0, 0.0, 0.0, 0.0, 0.0, 0.0, 0.0, -0.3592288814706457, 0.0, 0.0, 0.0, 0.0]"
burgers,256,0.5,0.34985085902075597,1,WSINDy,0.012847979925281194,True,True,1,0,0,1.0,1.0,1.0,True,MSTLS support stable,3,0.0023227079946082085,0.18202808298519813,"[0.0, 0.0, 0.0, 0.0, 0.0, 0.0, -0.5064239899626406, 0.0, 0.0, 0.0, 0.0, 0.0]"
burgers,256,0.5,0.34985085902075597,1,WENDy HT,1.2764092372800535,True,False,0,1,1,0.0,0.0,0.0,True,IRLS step tolerance,23,0.9708347910200246,1.1505401660106145,"[0.0, 0.0, -0.39661711417116385, 0.0, 0.0, 0.0, 0.0, 0.0, 0.0, 0.0, 0.0, 0.0]"
burgers,256,0.5,0.34985085902075597,1,WENDy L1=1e-06,0.9262102219988742,True,False,1,9,0,0.1,1.0,0.18181818181818182,True,IRLS step tolerance,59,1.0756404159765225,1.2553457909671124,"[0.04204086618853741, 0.12915566164911785, -0.3707831960881926, 0.17654162176723437, 0.0, -0.052719982849279826, -0.3710811044732825, -0.06307683060605736, 0.0, 0.0034531459915971103, -0.052778956364094694, 0.03456724639643841]"
burgers,256,0.5,0.34985085902075597,1,WENDy L1=0.0001,0.3892586402408085,True,False,1,8,0,0.1111111111111111,1.0,0.2,True,IRLS step tolerance,67,1.0610820419969968,1.2407874169875868,"[-0.0022665705659783222, 0.019076453708034184, 0.0, -0.015059145110229334, 0.0, -0.05846097037353492, -0.33896945700078407, -0.0838316886603004, 0.0, -0.005182642751232017, -0.022609641585119352, 0.019246231659856727]"
burgers,256,0.5,0.34985085902075597,1,WENDy L1=0.01,1.241965727410498,True,False,0,3,1,0.0,0.0,0.0,True,IRLS step tolerance,7,0.9715663750248495,1.1512717500154395,"[-7.986025525136689e-05, 0.0, 0.0, 0.0, 0.0, 0.0, 0.0, -0.3682608467476256, 0.0, 0.0, 0.0, 0.0019129533798145832]"
burgers,256,0.5,0.34985085902075597,1,WENDy-MLE HT,0.3555270501111274,True,True,1,0,0,1.0,1.0,1.0,True,Optimization terminated successfully.,6,1.0269326670095325,1.2066380420001224,"[0.0, 0.0, 0.0, 0.0, 0.0, 0.0, -0.3222364749444363, 0.0, 0.0, 0.0, 0.0, 0.0]"
burgers,256,0.5,0.34985085902075597,1,WENDy-MLE L1=1e-06,0.481718403239088,True,False,1,9,0,0.1,1.0,0.18181818181818182,True,CONVERGENCE: RELATIVE REDUCTION OF F <= FACTR*EPSMCH,279,1.767671125009656,1.9473765000002459,"[0.006507619793637352, 0.08577682041500514, -0.07310818156545502, -0.010373097440077536, 0.0, -0.0764518078000415, -0.32221896544151973, -0.08059828516866377, 0.0, -0.0017816091631980533, -0.028304845462524045, 0.020232114620909698]"
burgers,256,0.5,0.34985085902075597,1,WENDy-MLE L1=0.0001,0.4666102803724791,True,False,1,9,0,0.1,1.0,0.18181818181818182,True,CONVERGENCE: RELATIVE REDUCTION OF F <= FACTR*EPSMCH,256,1.7837347500026226,1.9634401249932125,"[-0.002277939086431306, 0.021973373119643567, -1.8209704171895345e-05, -0.01717271539543843, 0.0, -0.07674280886954377, -0.3048553444605249, -0.09529051556988215, 0.0, -0.00636455035753992, -0.017431990537933175, 0.015899948653639095]"
burgers,256,0.5,0.34985085902075597,1,WENDy-MLE L1=0.01,1.2415563593538614,True,False,0,2,1,0.0,0.0,0.0,True,CONVERGENCE: NORM OF PROJECTED GRADIENT <= PGTOL,62,1.1713801659934688,1.3510855409840588,"[0.0, 0.0, 0.0, 0.0, 0.0, 0.0, 0.0, -0.36791563842259456, 0.0, 0.0, 0.0, 0.001905614624812671]"
burgers,256,0.5,0.34985085902075597,2,WSINDy,0.009139150745312241,True,True,1,0,0,1.0,1.0,1.0,True,MSTLS support stable,4,0.002502957999240607,0.18229270799201913,"[0.0, 0.0, 0.0, 0.0, 0.0, 0.0, -0.4954304246273439, 0.0, 0.0, 0.0, 0.0, 0.0]"
burgers,256,0.5,0.34985085902075597,2,WENDy HT,0.6826287919704841,True,True,1,0,0,1.0,1.0,1.0,True,IRLS step tolerance,13,0.9768922080111224,1.156681958003901,"[0.0, 0.0, 0.0, 0.0, 0.0, 0.0, -0.841314395985242, 0.0, 0.0, 0.0, 0.0, 0.0]"
burgers,256,0.5,0.34985085902075597,2,WENDy L1=1e-06,1.5706206532480789,True,False,1,9,0,0.1,1.0,0.18181818181818182,True,IRLS step tolerance,15,1.0056444999936502,1.1854342499864288,"[0.05573308993885038, -0.0957251948630534, -0.4761603139089932, 0.4210822691964054, 0.0, -0.04588973596505395, -0.8410511827679145, 0.2809282862890572, 0.0, -0.008096409674203595, -0.04347869181290247, 0.0332485972656406]"
burgers,256,0.5,0.34985085902075597,2,WENDy L1=0.0001,0.6130920916172518,True,False,1,7,0,0.125,1.0,0.2222222222222222,True,IRLS step tolerance,14,0.9997442910098471,1.1795340410026256,"[-0.0021977009131056596, -0.07543266885678233, 0.0, 0.05712420389229303, 0.0, -0.05334256908965866, -0.7112213694030054, 0.1934694010159194, 0.0, -0.01015532702389892, 0.0, 0.004353130417139014]"
burgers,256,0.5,0.34985085902075597,2,WENDy L1=0.01,1.2332087109460408,True,False,0,2,1,0.0,0.0,0.0,True,IRLS step tolerance,6,0.9568029590009246,1.1365927089937031,"[0.0, 0.0, 0.0, 0.00019703664644542176, 0.0, 0.0, 0.0, -0.360833607587845, 0.0, 0.0, 0.0, 0.0]"
burgers,256,0.5,0.34985085902075597,2,WENDy-MLE HT,0.31567869228793777,True,True,1,0,0,1.0,1.0,1.0,False,A bad approximation caused failure to predict improvement.,4,0.9915970420115627,1.1713867920043413,"[0.0, 0.0, 0.0, 0.0, 0.0, 0.0, -0.6578393461439689, 0.0, 0.0, 0.0, 0.0, 0.0]"
burgers,256,0.5,0.34985085902075597,2,WENDy-MLE L1=1e-06,0.7024338229011392,True,False,1,9,0,0.1,1.0,0.18181818181818182,True,CONVERGENCE: RELATIVE REDUCTION OF F <= FACTR*EPSMCH,132,1.3392425420170184,1.519032292009797,"[0.01132077998562033, -0.13857988448630656, -0.11209121588296528, 0.1856373799350079, 0.0, -0.06658960997461223, -0.6599571773652896, 0.16217950239387421, 0.0, -0.01680595869039023, -0.010792581493935515, 0.016538171940323292]"
burgers,256,0.5,0.34985085902075597,2,WENDy-MLE L1=0.0001,1.105643292753455,True,False,1,9,0,0.1,1.0,0.18181818181818182,True,CONVERGENCE: RELATIVE REDUCTION OF F <= FACTR*EPSMCH,69,1.1554847919906024,1.335274541983381,"[0.04847973626862947, -0.03786284492929775, -0.42502156603310615, 0.3416082697466672, 0.0, -0.04997279064777394, -0.46457039648643284, 0.007549862831105, 0.0, -0.01543321726940958, -0.012007827145890488, 0.017217495411359196]"
burgers,256,0.5,0.34985085902075597,2,WENDy-MLE L1=0.01,1.233527388227829,True,False,0,2,1,0.0,0.0,0.0,True,CONVERGENCE: NORM OF PROJECTED GRADIENT <= PGTOL,42,1.0913731660111807,1.2711629160039593,"[0.0, 0.0, 0.0, 0.00011544502375454746, 0.0, 0.0, 0.0, -0.3611058585089542, 0.0, 0.0, 0.0, 0.0]"
burgers,256,0.5,0.34985085902075597,3,WSINDy,0.020006735097653716,True,True,1,0,0,1.0,1.0,1.0,True,MSTLS support stable,4,0.0023442080128006637,0.18204975000116974,"[0.0, 0.0, 0.0, 0.0, 0.0, 0.0, -0.48999663245117314, 0.0, 0.0, 0.0, 0.0, 0.0]"
burgers,256,0.5,0.34985085902075597,3,WENDy HT,2.5543531530242074,True,False,0,1,1,0.0,0.0,0.0,True,IRLS step tolerance,12,0.9841327920148615,1.1638383340032306,"[0.0, 0.0, 1.1752361497125492, 0.0, 0.0, 0.0, 0.0, 0.0, 0.0, 0.0, 0.0, 0.0]"
burgers,256,0.5,0.34985085902075597,3,WENDy L1=1e-06,2.803054832669201,True,False,1,9,0,0.1,1.0,0.18181818181818182,True,IRLS step tolerance,8,0.9917146249790676,1.1714201669674367,"[-0.1358389234031561, -0.10041553570495355, 1.14584967783376, -0.7680485673851667, 0.0, -0.022573236936170648, -0.5926152835066069, 0.08984899933246084, 0.0, -0.005659238277684147, 0.10244408522910202, -0.0720188707146951]"
burgers,256,0.5,0.34985085902075597,3,WENDy L1=0.0001,0.11786209888367383,True,False,1,7,0,0.125,1.0,0.2222222222222222,True,IRLS step tolerance,70,1.0586160419916268,1.238321583979996,"[0.0020231700922877047, 0.0, 0.0, -0.001983966022436537, 0.0, -0.03708457791444265, -0.45470934089884785, -0.0010803660565660575, 0.0, -0.0006613472144440158, 0.0041992775898031225, -0.0043693278403110795]"
burgers,256,0.5,0.34985085902075597,3,WENDy L1=0.01,1.2273229834730268,True,False,0,3,1,0.0,0.0,0.0,True,IRLS step tolerance,6,0.9576279169996269,1.137333458987996,"[0.0017555969373974592, 0.0, 0.0, 0.0, 0.0, 0.0, 0.0, -0.3557762371775963, 0.0, 0.0, 0.0, 0.0007831854358837704]"
burgers,256,0.5,0.34985085902075597,3,WENDy-MLE HT,1.853010588766842,True,False,0,1,1,0.0,0.0,0.0,False,A bad approximation caused failure to predict improvement.,4,1.0135321670095436,1.1932377089979127,"[0.0, 0.0, 0.7800077310645771, 0.0, 0.0, 0.0, 0.0, 0.0, 0.0, 0.0, 0.0, 0.0]"
burgers,256,0.5,0.34985085902075597,3,WENDy-MLE L1=1e-06,1.9210882327398997,True,False,1,9,0,0.1,1.0,0.18181818181818182,True,CONVERGENCE: RELATIVE REDUCTION OF F <= FACTR*EPSMCH,102,1.2763142500189133,1.4560197920072824,"[-0.09219961824733765, -0.0629021084156259, 0.7835984451287813, -0.5301247263343235, 0.0, -0.06766838322725818, -0.42326032654138823, -0.0016287027246549846, 0.0, -0.006439209384893361, 0.05609574874176099, -0.03834017837027699]"
burgers,256,0.5,0.34985085902075597,3,WENDy-MLE L1=0.0001,3.6798333951115865,True,False,1,9,0,0.1,1.0,0.18181818181818182,True,CONVERGENCE: RELATIVE REDUCTION OF F <= FACTR*EPSMCH,67,1.1696492499904707,1.3493547919788398,"[-0.17819821410299114, -0.12674495841929287, 1.5086229594003917, -1.0157682825531886, 0.0, -0.08773724164395152, -0.40033280549173555, -0.0039042130138107764, 0.0, -0.004904672000299517, 0.08942502062221404, -0.06386409199976338]"
burgers,256,0.5,0.34985085902075597,3,WENDy-MLE L1=0.01,3.774112953676845,True,False,1,7,0,0.125,1.0,0.2222222222222222,True,CONVERGENCE: RELATIVE REDUCTION OF F <= FACTR*EPSMCH,10,1.1775351250253152,1.3572406670136843,"[-0.18098849371778614, -0.13296723864587173, 1.5432837678937472, -1.0444806814759728, 0.0, 0.0, -0.5696529077681802, 0.06518758906349638, 0.0, 0.0, 0.1354985215027187, -0.10207617002889699]"
burgers,256,0.5,0.34985085902075597,4,WSINDy,0.006813643169388595,True,True,1,0,0,1.0,1.0,1.0,True,MSTLS support stable,3,0.0024948329955805093,0.1834356659965124,"[0.0, 0.0, 0.0, 0.0, 0.0, 0.0, -0.5034068215846943, 0.0, 0.0, 0.0, 0.0, 0.0]"
burgers,256,0.5,0.34985085902075597,4,WENDy HT,0.10230189502861653,True,True,1,0,0,1.0,1.0,1.0,True,IRLS step tolerance,12,1.0319287500169594,1.2128695830178913,"[0.0, 0.0, 0.0, 0.0, 0.0, 0.0, -0.5511509475143083, 0.0, 0.0, 0.0, 0.0, 0.0]"
burgers,256,0.5,0.34985085902075597,4,WENDy L1=1e-06,0.8771819895176898,True,False,1,9,0,0.1,1.0,0.18181818181818182,True,IRLS step tolerance,22,1.070170541992411,1.251111374993343,"[-0.04310203056590237, -0.11021327672053265, 0.36356548828737884, -0.18785141298766345, 0.0, -0.036669832629093874, -0.5467914495557137, 0.056363069502839154, 0.0, -0.0002961353886719908, 0.05173946092935323, -0.0387468727807749]"
burgers,256,0.5,0.34985085902075597,4,WENDy L1=0.0001,0.11043694856005255,True,False,1,6,0,0.14285714285714285,1.0,0.25,True,IRLS step tolerance,57,1.0231316669960506,1.2040724999969825,"[0.0013981148518888132, -0.0029827163730676703, 0.0, 0.0, 0.0, -0.03711690367282995, -0.4661966455208605, 0.0, 0.0, 0.007957380680152497, 0.013470254669272824, -0.016526633028788866]"
burgers,256,0.5,0.34985085902075597,4,WENDy L1=0.01,1.2351830659383085,True,False,0,3,1,0.0,0.0,0.0,True,IRLS step tolerance,7,0.9750337089935783,1.1559745419945102,"[0.0009494051944915093, 0.0, 0.0, 0.0, 0.0, 0.0, 0.0, -0.36251526953358815, 0.0, 0.0, 0.0, 0.0010390283713742846]"
burgers,256,0.5,0.34985085902075597,4,WENDy-MLE HT,0.14948674231665937,True,True,1,0,0,1.0,1.0,1.0,False,A bad approximation caused failure to predict improvement.,5,1.0290737920149695,1.2100146250159014,"[0.0, 0.0, 0.0, 0.0, 0.0, 0.0, -0.4252566288416703, 0.0, 0.0, 0.0, 0.0, 0.0]"
burgers,256,0.5,0.34985085902075597,4,WENDy-MLE L1=1e-06,0.9753327757251917,True,False,1,9,0,0.1,1.0,0.18181818181818182,True,CONVERGENCE: RELATIVE REDUCTION OF F <= FACTR*EPSMCH,130,1.333933916001115,1.5148747490020469,"[-0.047930656464555334, -0.11478347322277296, 0.40617443060719854, -0.21605933204162414, 0.0, -0.06280849388110828, -0.4254864391302413, -0.012848967243371106, 0.0, 0.00012350711483761858, 0.02513327600909466, -0.01981511600037583]"
burgers,256,0.5,0.34985085902075597,4,WENDy-MLE L1=0.0001,0.3343034940713404,True,False,1,8,0,0.1111111111111111,1.0,0.2,True,CONVERGENCE: RELATIVE REDUCTION OF F <= FACTR*EPSMCH,152,1.4632732499740086,1.6442140829749405,"[0.005201155750850204, -0.03119988310578287, -0.02866153311283927, 0.0418098924165651, 0.0, -0.08473818152373316, -0.3732828529956484, -0.03320937906570246, 0.0, 0.0, -0.005040346816487508, 0.0018996102291884479]"
burgers,256,0.5,0.34985085902075597,4,WENDy-MLE L1=0.01,1.220472605471139,True,False,1,9,0,0.1,1.0,0.18181818181818182,True,CONVERGENCE: RELATIVE REDUCTION OF F <= FACTR*EPSMCH,15,0.9885023749957327,1.1694432079966646,"[0.033408602391723066, 0.0020337384409951347, -0.16208125046625108, 0.09929195477348224, 0.0, -0.14031938437594282, -0.0030980566108748807, -0.2617916807920871, 0.0, -0.0007646637138666177, -0.0013393012521185675, -0.0007188805199720259]"
burgers,256,0.5,0.34985085902075597,5,WSINDy,0.017130709911474584,True,True,1,0,0,1.0,1.0,1.0,True,MSTLS support stable,3,0.002482999989297241,0.18232887497288175,"[0.0, 0.0, 0.0, 0.0, 0.0, 0.0, -0.4914346450442627, 0.0, 0.0, 0.0, 0.0, 0.0]"
burgers,256,0.5,0.34985085902075597,5,WENDy HT,1.612911752874998,True,False,0,1,1,0.0,0.0,0.0,True,IRLS step tolerance,13,0.9726085419824813,1.1524544169660658,"[0.0, 0.0, 0.6327488290313737, 0.0, 0.0, 0.0, 0.0, 0.0, 0.0, 0.0, 0.0, 0.0]"
burgers,256,0.5,0.34985085902075597,5,WENDy L1=1e-06,1.4980635442865784,True,False,1,9,0,0.1,1.0,0.18181818181818182,True,IRLS step tolerance,13,1.0039339590002783,1.1837798339838628,"[-0.07121446853742447, -0.17994343140668254, 0.6143167813460902, -0.3239996507628969, 0.0, -0.08595068637806001, -0.3316850907281685, -0.06389005230346657, 0.0, -0.0204901583053225, 0.029646366452559893, -0.011766627390083962]"
burgers,256,0.5,0.34985085902075597,5,WENDy L1=0.0001,0.6993353309614971,True,False,1,6,0,0.14285714285714285,1.0,0.25,True,IRLS step tolerance,19,1.0181325000012293,1.1979783749848139,"[0.0, -0.027907899639787855, 0.02067001180888748, 0.0, 0.0, -0.08741375226180023, -0.20139116763975046, -0.15490259769084216, 0.0, -0.015088956535437592, 0.0, 0.0055213950713968165]"
burgers,256,0.5,0.34985085902075597,5,WENDy L1=0.01,1.2294394098424697,True,False,0,1,1,0.0,0.0,0.0,True,IRLS step tolerance,5,0.9746467499935534,1.154492624977138,"[0.0, 0.0, 0.0, 0.0, 0.0, 0.0, 0.0, -0.3576035732741635, 0.0, 0.0, 0.0, 0.0]"
burgers,256,0.5,0.34985085902075597,5,WENDy-MLE HT,1.3731170714336056,True,False,0,1,1,0.0,0.0,0.0,True,Optimization terminated successfully.,6,1.0291690840094816,1.209014958993066,"[0.0, 0.0, 0.47049189468640196, 0.0, 0.0, 0.0, 0.0, 0.0, 0.0, 0.0, 0.0, 0.0]"
burgers,256,0.5,0.34985085902075597,5,WENDy-MLE L1=1e-06,1.1445362131800583,True,False,1,9,0,0.1,1.0,0.18181818181818182,True,CONVERGENCE: RELATIVE REDUCTION OF F <= FACTR*EPSMCH,65,1.1587596670142375,1.338605541997822,"[-0.05037829636994947, -0.14334849256326063, 0.44041889134898937, -0.2232168389046868, 0.0, -0.10384945553634105, -0.29292397828801175, -0.07844404022110178, 0.0, -0.019002709899938814, 0.01978209969668274, -0.006194807966885228]"
burgers,256,0.5,0.34985085902075597,5,WENDy-MLE L1=0.0001,1.0447926803457022,True,False,1,9,0,0.1,1.0,0.18181818181818182,True,CONVERGENCE: RELATIVE REDUCTION OF F <= FACTR*EPSMCH,83,1.2683737910119817,1.4482196659955662,"[-0.04361905414924317, -0.11865273043043006, 0.3826278693591828, -0.19882348889823495, 0.0, -0.11985683435751597, -0.27619151712775164, -0.07851931671153178, 0.0, -0.017885472108533515, 0.005855112590500374, 0.002573801445893364]"
burgers,256,0.5,0.34985085902075597,5,WENDy-MLE L1=0.01,0.8154380178565939,True,False,1,8,0,0.1111111111111111,1.0,0.2,True,CONVERGENCE: RELATIVE REDUCTION OF F <= FACTR*EPSMCH,16,1.0057658750156406,1.1856117499992251,"[-0.018225597048763767, -0.09436683871733838, 0.33819559452995557, -0.2059698309327835, 0.0, 0.0, -0.49568052301619087, 0.010040370779359114, 0.0, -0.006442535704975727, -0.005195022778452472, -0.003118450810238898]"
burgers,256,0.5,0.34985085902075597,6,WSINDy,0.007486861419458757,True,True,1,0,0,1.0,1.0,1.0,True,MSTLS support stable,2,0.002286000002641231,0.18343620898667723,"[0.0, 0.0, 0.0, 0.0, 0.0, 0.0, -0.4962565692902706, 0.0, 0.0, 0.0, 0.0, 0.0]"
burgers,256,0.5,0.34985085902075597,6,WENDy HT,0.38375432542300736,True,True,1,0,0,1.0,1.0,1.0,True,IRLS step tolerance,25,0.9905330420006067,1.1716832509846427,"[0.0, 0.0, 0.0, 0.0, 0.0, 0.0, -0.6918771627115037, 0.0, 0.0, 0.0, 0.0, 0.0]"
burgers,256,0.5,0.34985085902075597,6,WENDy L1=1e-06,1.033012635776523,True,False,1,9,0,0.1,1.0,0.18181818181818182,True,IRLS step tolerance,17,1.0234218330006115,1.2045720419846475,"[-0.03786968201519113, 0.04351309535914012, 0.3344226000837726, -0.27982162185492243, 0.0, -0.0385132463434394, -0.6889702925705943, 0.1706779497381972, 0.0, 0.0002175497684004675, 0.06717126692547355, -0.049765731756687165]"
burgers,256,0.5,0.34985085902075597,6,WENDy L1=0.0001,0.24189903686374808,True,False,1,7,0,0.125,1.0,0.2222222222222222,True,IRLS step tolerance,43,1.0344267499749549,1.2155769589589909,"[0.0024927792773010095, 0.027076216741273123, 0.0, -0.022635879402315907, 0.0, -0.06715281898376951, -0.42921556612218914, 0.0, 0.0, -0.00850856103339799, 0.051929723518183486, -0.03298542918679669]"
burgers,256,0.5,0.34985085902075597,6,WENDy L1=0.01,1.2330177286236383,True,False,0,3,1,0.0,0.0,0.0,True,IRLS step tolerance,8,0.9597127909946721,1.140862999978708,"[0.0008192540184488841, 0.0, 0.0, 0.0, 0.0, 0.0, 0.0, -0.36066820488592405, 0.0, 0.0, 0.0, 0.0009770272603150238]"
burgers,256,0.5,0.34985085902075597,6,WENDy-MLE HT,0.22723001569934764,True,True,1,0,0,1.0,1.0,1.0,False,A bad approximation caused failure to predict improvement.,4,1.0222635829995852,1.2034137919836212,"[0.0, 0.0, 0.0, 0.0, 0.0, 0.0, -0.6136150078496738, 0.0, 0.0, 0.0, 0.0, 0.0]"
burgers,256,0.5,0.34985085902075597,6,WENDy-MLE L1=1e-06,0.42107201367486685,True,False,1,9,0,0.1,1.0,0.18181818181818182,True,CONVERGENCE: RELATIVE REDUCTION OF F <= FACTR*EPSMCH,47,1.0705797499977052,1.2517299589817412,"[0.011235710254948076, 0.09711104920306345, -0.06891898698616938, -0.023688402490226038, 0.0, -0.04885233824001122, -0.6059025933880451, 0.1182341098086154, 0.0, 0.0024066809290888558, 0.03365014572217819, -0.02717179701043075]"
burgers,256,0.5,0.34985085902075597,6,WENDy-MLE L1=0.0001,0.2601811265953244,True,False,1,9,0,0.1,1.0,0.18181818181818182,True,CONVERGENCE: RELATIVE REDUCTION OF F <= FACTR*EPSMCH,127,1.38705616700463,1.568206375988666,"[0.007188940969337509, 0.05260133594808341, -0.039589324169899576, -0.012352002632803687, 0.0, -0.06714232590759521, -0.4284913556127658, -7.48866738945675e-05, 0.0, -0.004634763433413259, 0.04329724295060707, -0.02945115699672834]"
burgers,256,0.5,0.34985085902075597,6,WENDy-MLE L1=0.01,1.2327988503473055,True,False,0,3,1,0.0,0.0,0.0,True,CONVERGENCE: NORM OF PROJECTED GRADIENT <= PGTOL,44,1.0808189169911202,1.2619691259751562,"[0.0008655789961646261, 0.0, 0.0, 0.0, 0.0, 0.0, 0.0, -0.36048110561287533, 0.0, 0.0, 0.0, 0.000935213093334132]"
burgers,256,0.5,0.34985085902075597,7,WSINDy,0.021964459064511832,True,True,1,0,0,1.0,1.0,1.0,True,MSTLS support stable,4,0.00265670899534598,0.18420162599068135,"[0.0, 0.0, 0.0, 0.0, 0.0, 0.0, -0.5109822295322559, 0.0, 0.0, 0.0, 0.0, 0.0]"
burgers,256,0.5,0.34985085902075597,7,WENDy HT,2.660526760100632,True,False,0,1,1,0.0,0.0,0.0,True,IRLS step tolerance,23,0.9735205000033602,1.1550654169986956,"[0.0, 0.0, -1.2327208363221949, 0.0, 0.0, 0.0, 0.0, 0.0, 0.0, 0.0, 0.0, 0.0]"
burgers,256,0.5,0.34985085902075597,7,WENDy L1=1e-06,2.890436127496729,True,False,1,9,0,0.1,1.0,0.18181818181818182,True,IRLS step tolerance,18,1.0133937499776948,1.1949386669730302,"[0.13914514585621643, 0.16216365850146366, -1.189451328947844, 0.757718894816735, 0.0, 0.0003787466490654102, -0.6851077699547369, 0.11928975730806184, 0.0, 0.035524715210853014, -0.06166869668027401, 0.022457311643330796]"
burgers,256,0.5,0.34985085902075597,7,WENDy L1=0.0001,0.3342246635996204,True,False,1,6,0,0.14285714285714285,1.0,0.25,False,IRLS iteration limit,300,1.2824356250057463,1.4639805420010816,"[-0.004242581930869485, 0.003186219105550382, 0.0, 0.0, 0.0, -0.02617282679441525, -0.36324350280840706, -0.09198573958431754, 0.0, 0.006594850194972416, 0.0, -0.0024809722788654625]"
burgers,256,0.5,0.34985085902075597,7,WENDy L1=0.01,1.2420576621870527,True,False,0,2,1,0.0,0.0,0.0,True,IRLS step tolerance,5,0.965371459024027,1.1469163760193624,"[0.0, 0.0, 0.0, 0.0, 0.0, 0.0, 0.0, -0.3683418162466313, 0.0, 0.0, 0.0, 0.001056150332352959]"
burgers,256,0.5,0.34985085902075597,7,WENDy-MLE HT,0.24965701560333864,True,True,1,0,0,1.0,1.0,1.0,True,Optimization terminated successfully.,4,0.9877547920041252,1.1692997089994606,"[0.0, 0.0, 0.0, 0.0, 0.0, 0.0, -0.6248285078016693, 0.0, 0.0, 0.0, 0.0, 0.0]"
burgers,256,0.5,0.34985085902075597,7,WENDy-MLE L1=1e-06,1.1770776761567434,True,False,1,9,0,0.1,1.0,0.18181818181818182,True,CONVERGENCE: RELATIVE REDUCTION OF F <= FACTR*EPSMCH,126,1.3332200000004377,1.514764916995773,"[0.05347207403051487, 0.10414733524390417, -0.4813087714538544, 0.28035070629637865, 0.0, -0.04020868066068835, -0.6034480688180363, 0.09428437910357002, 0.0, 0.021794211416800047, -0.02657904324613682, 0.005306930473589321]"
burgers,256,0.5,0.34985085902075597,7,WENDy-MLE L1=0.0001,1.433232011711345,True,False,1,9,0,0.1,1.0,0.18181818181818182,True,CONVERGENCE: RELATIVE REDUCTION OF F <= FACTR*EPSMCH,74,1.1781860000046436,1.359730916999979,"[0.06736939171994873, 0.06529786105656064, -0.5915665300434718, 0.3893961584061473, 0.0, -0.03958283319740239, -0.47697893426869614, -0.0004299963174812099, 0.0, 0.014248242334155356, -0.02704756498022667, 0.011143983622408723]"
burgers,256,0.5,0.34985085902075597,7,WENDy-MLE L1=0.01,1.2415497718722184,True,False,0,2,1,0.0,0.0,0.0,True,CONVERGENCE: NORM OF PROJECTED GRADIENT <= PGTOL,45,1.099516666989075,1.2810615839844104,"[0.0, 0.0, 0.0, 0.0, 0.0, 0.0, 0.0, -0.36791363784492975, 0.0, 0.0, 0.0, 0.001007023683561491]"
burgers,256,0.5,0.34985085902075597,8,WSINDy,0.00598130433927746,True,True,1,0,0,1.0,1.0,1.0,True,MSTLS support stable,2,0.0031137079931795597,0.1837679169839248,"[0.0, 0.0, 0.0, 0.0, 0.0, 0.0, -0.49700934783036127, 0.0, 0.0, 0.0, 0.0, 0.0]"
burgers,256,0.5,0.34985085902075597,8,WENDy HT,0.3642272430758887,True,True,1,0,0,1.0,1.0,1.0,True,IRLS step tolerance,13,0.9812978340196423,1.1619520430103876,"[0.0, 0.0, 0.0, 0.0, 0.0, 0.0, -0.31788637846205564, 0.0, 0.0, 0.0, 0.0, 0.0]"
burgers,256,0.5,0.34985085902075597,8,WENDy L1=1e-06,0.5537912010898347,True,False,1,9,0,0.1,1.0,0.18181818181818182,True,IRLS step tolerance,70,1.0562889580032788,1.236943166994024,"[0.009342080511567532, 0.14945476010026157, -0.0837595024094995, -0.044886986819479405, 0.0, -0.09242055782689254, -0.3182111305977017, -0.05669603734371079, 0.0, -0.018054149265586083, 0.0007451387249934801, 0.009326159504165982]"
burgers,256,0.5,0.34985085902075597,8,WENDy L1=0.0001,0.48791719106894055,True,False,1,8,0,0.1111111111111111,1.0,0.2,True,IRLS step tolerance,124,1.1260288329795003,1.3066830419702455,"[-0.000805520341261045, 0.08421532269568319, 0.0, -0.05840853270527157, 0.0, -0.09650940395370815, -0.3116706710363958, -0.060412974242811154, 0.0, -0.02120968025263023, 0.001442765903850938, 0.011300859989137109]"
burgers,256,0.5,0.34985085902075597,8,WENDy L1=0.01,1.2316139886712507,True,False,0,3,1,0.0,0.0,0.0,True,IRLS step tolerance,6,0.9574991249828599,1.1381533339736052,"[0.0, 0.0, 0.0, 0.001762348307091002, 0.0, 0.0, 0.0, -0.3594650632104562, 0.0, 0.0, 0.0, 0.0001293530984648844]"
burgers,256,0.5,0.34985085902075597,8,WENDy-MLE HT,0.15639195095990832,True,True,1,0,0,1.0,1.0,1.0,True,Optimization terminated successfully.,5,1.0037757919926662,1.1844300009834114,"[0.0, 0.0, 0.0, 0.0, 0.0, 0.0, -0.42180402452004584, 0.0, 0.0, 0.0, 0.0, 0.0]"
burgers,256,0.5,0.34985085902075597,8,WENDy-MLE L1=1e-06,0.4208792339154909,True,False,1,9,0,0.1,1.0,0.18181818181818182,True,CONVERGENCE: RELATIVE REDUCTION OF F <= FACTR*EPSMCH,72,1.1600988340214826,1.3407530430122279,"[0.003399681221842606, 0.13553655663505526, -0.031757792601487374, -0.07306344738763874, 0.0, -0.10942106919484451, -0.4201097014122938, 0.030537470313389072, 0.0, -0.015411780176220448, 0.002410721863971772, 0.004998979887648193]"
burgers,256,0.5,0.34985085902075597,8,WENDy-MLE L1=0.0001,1.1297628456208748,True,False,1,9,0,0.1,1.0,0.18181818181818182,True,CONVERGENCE: RELATIVE REDUCTION OF F <= FACTR*EPSMCH,30,1.0657269999792334,1.2463812089699786,"[-0.02609512466544384, 0.1504447959258486, 0.22572259608711906, -0.2746253408304471, 0.0, -0.041988208738365375, -0.8086192406718495, 0.2689328559980107, 0.0, 0.0006258780571245485, 0.002025876379024296, -0.00827279600275117]"
burgers,256,0.5,0.34985085902075597,8,WENDy-MLE L1=0.01,0.5505807820459283,True,False,1,9,0,0.1,1.0,0.18181818181818182,True,CONVERGENCE: RELATIVE REDUCTION OF F <= FACTR*EPSMCH,25,1.0706955829809885,1.2513497919717338,"[-0.007475776317749686, 0.08478491132951098, 0.15771545016048302, -0.18163119247071977, 0.0, 0.013060463940582273, -0.5746422640277257, 0.06990763650427187, 0.0, -0.004253921975214531, -0.0025933433327871027, -0.004736607462802217]"
burgers,256,0.5,0.34985085902075597,9,WSINDy,0.006182776809110724,True,True,1,0,0,1.0,1.0,1.0,True,MSTLS support stable,4,0.002506249991711229,0.18228708297829144,"[0.0, 0.0, 0.0, 0.0, 0.0, 0.0, -0.49690861159544464, 0.0, 0.0, 0.0, 0.0, 0.0]"
burgers,256,0.5,0.34985085902075597,9,WENDy HT,0.25056854145376906,True,True,1,0,0,1.0,1.0,1.0,True,IRLS step tolerance,16,0.9912631250044797,1.1710439579910599,"[0.0, 0.0, 0.0, 0.0, 0.0, 0.0, -0.37471572927311547, 0.0, 0.0, 0.0, 0.0, 0.0]"
burgers,256,0.5,0.34985085902075597,9,WENDy L1=1e-06,0.8766572490805848,True,False,1,9,0,0.1,1.0,0.18181818181818182,True,IRLS step tolerance,81,1.0949061249848455,1.2746869579714257,"[-0.03816246444315019, -0.002804266568220745, 0.31185667076636264, -0.229745631519735, 0.0, 0.00697096023506797, -0.37094640426149367, -0.09957658207615941, 0.0, 0.0010787909133636148, 0.09519627940826675, -0.07033982672373133]"
burgers,256,0.5,0.34985085902075597,9,WENDy L1=0.0001,0.5728191039946849,True,False,1,7,0,0.125,1.0,0.2222222222222222,True,IRLS step tolerance,20,1.0147037080023438,1.194484540988924,"[0.0003463391608576483, 0.0, 0.0, -0.004397720330341473, 0.0, -0.00975331146450261, -0.2736179892468838, -0.1589687021966624, 0.0, -0.001113658175003028, 0.05949319343341527, -0.04307320658744722]"
burgers,256,0.5,0.34985085902075597,9,WENDy L1=0.01,1.228027041504384,True,False,0,2,1,0.0,0.0,0.0,True,IRLS step tolerance,6,0.9787928329897113,1.1585736659762915,"[0.0, 0.0, 0.0, 0.0, 0.0, 0.0, 0.0, -0.3563879755007323, 0.0, 0.0, 0.0, 0.00046323319388814416]"
burgers,256,0.5,0.34985085902075597,9,WENDy-MLE HT,0.1275421536045832,True,True,1,0,0,1.0,1.0,1.0,True,Optimization terminated successfully.,5,0.9970251249906141,1.1768059579771943,"[0.0, 0.0, 0.0, 0.0, 0.0, 0.0, -0.4362289231977084, 0.0, 0.0, 0.0, 0.0, 0.0]"
burgers,256,0.5,0.34985085902075597,9,WENDy-MLE L1=1e-06,0.8020183409415732,True,False,1,9,0,0.1,1.0,0.18181818181818182,True,CONVERGENCE: RELATIVE REDUCTION OF F <= FACTR*EPSMCH,97,1.2450671669794247,1.4248479999660049,"[-0.03903810711862531, -0.02223254380217098, 0.31894066781138863, -0.2204582731300009, 0.0, -0.04476259656537616, -0.4412218781990109, -0.011040595122148285, 0.0, 0.0052501479425511735, 0.0407512643418307, -0.034589206721994246]"
burgers,256,0.5,0.34985085902075597,9,WENDy-MLE L1=0.0001,1.611938244538883,True,False,1,9,0,0.1,1.0,0.18181818181818182,True,CONVERGENCE: RELATIVE REDUCTION OF F <= FACTR*EPSMCH,24,1.0435002500016708,1.223281082988251,"[-0.07787683103353658, 0.0181244566226639, 0.6332494170580723, -0.4790961938402728, 0.0, -0.04409500392750114, -0.42465543465439554, -0.021632684966637644, 0.0, 0.00978467052308034, 0.049922179420627995, -0.04447282791498302]"
burgers,256,0.5,0.34985085902075597,9,WENDy-MLE L1=0.01,1.2275429837722265,True,False,0,2,1,0.0,0.0,0.0,True,CONVERGENCE: NORM OF PROJECTED GRADIENT <= PGTOL,34,1.0328773330256809,1.212658166012261,"[0.0, 0.0, 0.0, 0.0, 0.0, 0.0, 0.0, -0.35597092879101455, 0.0, 0.0, 0.0, 0.0003769718392647233]"
burgers,256,1.0,0.6997017180415119,0,WSINDy,1.4109038378555332,True,False,0,1,1,0.0,0.0,0.0,True,MSTLS support stable,3,0.002497834007954225,0.18407458398723975,"[0.0, 0.0, 0.0, 0.0, 0.0, -0.49765691989448735, 0.0, 0.0, 0.0, 0.0, 0.0, 0.0]"
burgers,256,1.0,0.6997017180415119,0,WENDy HT,1.188419928722263,True,False,0,1,1,0.0,0.0,0.0,True,IRLS step tolerance,14,1.013791958015645,1.1953687079949304,"[0.0, 0.0, 0.0, 0.0, 0.0, -0.3210692787328883, 0.0, 0.0, 0.0, 0.0, 0.0, 0.0]"
burgers,256,1.0,0.6997017180415119,0,WENDy L1=1e-06,0.8229065449528712,True,False,1,9,0,0.1,1.0,0.18181818181818182,True,IRLS step tolerance,14,0.9999332079896703,1.1815099579689559,"[0.07288634671833516, -0.002224512534168953, -0.14322622095385396, 0.055466582866964244, 0.0, -0.3205981977324156, -0.3159009454388063, 0.05538297320788646, 0.0, -0.00034421204044435266, -0.024878937768234376, 0.0049107256693396075]"
burgers,256,1.0,0.6997017180415119,0,WENDy L1=0.0001,0.7255084932718804,True,False,1,6,0,0.14285714285714285,1.0,0.25,True,IRLS step tolerance,14,0.972354459023336,1.1539312090026215,"[0.0021029325167432164, 0.0, 0.0, -0.0035820007666082384, 0.0, -0.2846021810565324, -0.2767711062335963, 0.02428577522991006, 0.0, 0.0, -0.012394098951816333, -0.0006613290359989988]"
burgers,256,1.0,0.6997017180415119,0,WENDy L1=0.01,1.0758602498858698,True,False,0,3,1,0.0,0.0,0.0,True,IRLS step tolerance,6,0.982902624993585,1.1644793749728706,"[0.0, 0.0, 0.0, -0.0011183327551783709, 0.0, 0.0, 0.0, -0.1983259534181059, 0.0, 0.0, 0.0, -0.005863859971852276]"
burgers,256,1.0,0.6997017180415119,0,WENDy-MLE HT,1.1978659268315246,True,False,0,1,1,0.0,0.0,0.0,True,Optimization terminated successfully.,6,1.0277141249971464,1.209290874976432,"[0.0, 0.0, 0.0, 0.0, 0.0, -0.32972821333029245, 0.0, 0.0, 0.0, 0.0, 0.0, 0.0]"
burgers,256,1.0,0.6997017180415119,0,WENDy-MLE L1=1e-06,0.7883577008724387,True,False,1,9,0,0.1,1.0,0.18181818181818182,True,CONVERGENCE: RELATIVE REDUCTION OF F <= FACTR*EPSMCH,70,1.1452984159986954,1.326875165977981,"[0.033020422202877264, 0.039263035073355365, -0.06264581511400466, 0.006104904901620614, 0.0, -0.3316756869639128, -0.31317661037197525, 0.05906212587785969, 0.0, 0.0035544551856598154, -0.019223735253175833, 0.001001405704150293]"
burgers,256,1.0,0.6997017180415119,0,WENDy-MLE L1=0.0001,1.7068773746492547,True,False,1,8,0,0.1111111111111111,1.0,0.2,True,CONVERGENCE: RELATIVE REDUCTION OF F <= FACTR*EPSMCH,62,1.153661624994129,1.3352383749734145,"[0.32732251951613084, -0.008189332633446402, -0.6531432637965716, 0.26216377816797454, 0.0, -0.24255650548287283, -0.24974712163065543, 0.0, 0.0, -0.0003919524774000997, -0.06297283652672171, 0.019965800602490362]"
burgers,256,1.0,0.6997017180415119,0,WENDy-MLE L1=0.01,1.0749458309270499,True,False,0,3,1,0.0,0.0,0.0,True,CONVERGENCE: NORM OF PROJECTED GRADIENT <= PGTOL,69,1.2009073750232346,1.3824841250025202,"[0.0, 0.0, 0.0, -0.0007344365654366688, 0.0, 0.0, 0.0, -0.19708751728692853, 0.0, 0.0, 0.0, -0.005753780450052303]"
burgers,256,1.0,0.6997017180415119,1,WSINDy,1.4191965097496368,True,False,0,1,1,0.0,0.0,0.0,True,MSTLS support stable,3,0.0021559589949902147,0.18204079297720455,"[0.0, 0.0, 0.0, 0.0, 0.0, -0.5035173118388163, 0.0, 0.0, 0.0, 0.0, 0.0, 0.0]"
burgers,256,1.0,0.6997017180415119,1,WENDy HT,0.3215819162561312,True,True,1,0,0,1.0,1.0,1.0,True,IRLS step tolerance,21,0.976898708002409,1.1567835419846233,"[0.0, 0.0, 0.0, 0.0, 0.0, 0.0, -0.3392090418719344, 0.0, 0.0, 0.0, 0.0, 0.0]"
burgers,256,1.0,0.6997017180415119,1,WENDy L1=1e-06,0.7354617638087113,True,False,1,9,0,0.1,1.0,0.18181818181818182,True,IRLS step tolerance,21,1.0264849159866571,1.2063697499688715,"[0.062332087612856635, 0.14334944891325985, -0.14010671068254843, -0.001347663361395869, 0.0, -0.24991287542904464, -0.33863316619395545, 0.030355677669947425, 0.0, -0.016614214618874242, -0.03412632094844376, 0.017382055342889734]"
burgers,256,1.0,0.6997017180415119,1,WENDy L1=0.0001,0.6128579022281858,True,False,1,7,0,0.125,1.0,0.2222222222222222,True,IRLS step tolerance,27,1.00089954098803,1.1807843749702442,"[0.0, 0.04112508452544789, -0.009302151953792758, -0.013422260706352407, 0.0, -0.22320009588342196, -0.2974104172334835, 0.0, 0.0, -0.020775884158799607, -0.02118312237678451, 0.014126517834465592]"
burgers,256,1.0,0.6997017180415119,1,WENDy L1=0.01,1.083241284836181,True,False,0,2,1,0.0,0.0,0.0,True,IRLS step tolerance,5,0.9648417919815984,1.1447266259638127,"[0.0, 0.0, 0.0, -0.001458488083610565, 0.0, 0.0, 0.0, -0.20820853274036344, 0.0, 0.0, 0.0, 0.0]"
burgers,256,1.0,0.6997017180415119,1,WENDy-MLE HT,0.5322533291711402,True,True,1,0,0,1.0,1.0,1.0,True,Optimization terminated successfully.,6,1.0405352090019733,1.2204200429841876,"[0.0, 0.0, 0.0, 0.0, 0.0, 0.0, -0.2338733354144299, 0.0, 0.0, 0.0, 0.0, 0.0]"
burgers,256,1.0,0.6997017180415119,1,WENDy-MLE L1=1e-06,0.7485223153994285,True,False,1,9,0,0.1,1.0,0.18181818181818182,True,CONVERGENCE: RELATIVE REDUCTION OF F <= FACTR*EPSMCH,78,1.1932798750058282,1.3731647089880425,"[0.016055784375310855, 0.1081979207478955, -0.04256604335912863, -0.027264224949357135, 0.0, -0.23117969213906975, -0.23365191158422724, -0.021337896247399752, 0.0, -0.017458103372494933, -0.01692533688126749, 0.010941545086978833]"
burgers,256,1.0,0.6997017180415119,1,WENDy-MLE L1=0.0001,0.7019763272934111,True,False,1,8,0,0.1111111111111111,1.0,0.2,True,CONVERGENCE: RELATIVE REDUCTION OF F <= FACTR*EPSMCH,197,1.6031080830143765,1.7829929169965908,"[1.3026757679583115e-05, 0.0, -0.009271515567671858, 0.003142350825166973, 0.0, -0.22100656127680857, -0.23026846040547733, -0.029549886581577412, 0.0, -0.02036174312603045, -0.010730456758827915, 0.009742321025361565]"
burgers,256,1.0,0.6997017180415119,1,WENDy-MLE L1=0.01,1.0823206535983227,True,False,0,2,1,0.0,0.0,0.0,True,CONVERGENCE: NORM OF PROJECTED GRADIENT <= PGTOL,39,1.0837851249962114,1.2636699589784257,"[0.0, 0.0, 0.0, -0.0010900806886567323, 0.0, 0.0, 0.0, -0.2070104128430918, 0.0, 0.0, 0.0, 0.0]"
burgers,256,1.0,0.6997017180415119,2,WSINDy,1.379907491854778,True,False,0,1,1,0.0,0.0,0.0,True,MSTLS support stable,2,0.0022965000243857503,0.18327545799547806,"[0.0, 0.0, 0.0, 0.0, 0.0, -0.4754326151193627, 0.0, 0.0, 0.0, 0.0, 0.0, 0.0]"
burgers,256,1.0,0.6997017180415119,2,WENDy HT,0.24300520031927586,True,True,1,0,0,1.0,1.0,1.0,True,IRLS step tolerance,13,0.9894021670043003,1.1703811249753926,"[0.0, 0.0, 0.0, 0.0, 0.0, 0.0, -0.37849739984036207, 0.0, 0.0, 0.0, 0.0, 0.0]"
burgers,256,1.0,0.6997017180415119,2,WENDy L1=1e-06,0.9509287168211743,True,False,1,9,0,0.1,1.0,0.18181818181818182,True,IRLS step tolerance,16,0.9906861249764916,1.1716650829475839,"[0.009493779368585918, -0.2210196276667577, -0.029935828756173583, 0.10399769166124868, 0.0, -0.37329306296178666, -0.37818350084698327, 0.10259746318775402, 0.0, -0.02398356498296023, 0.01123167396061641, -0.0005505277933372588]"
burgers,256,1.0,0.6997017180415119,2,WENDy L1=0.0001,0.8194165791053553,True,False,1,8,0,0.1111111111111111,1.0,0.2,True,IRLS step tolerance,9,1.004459499992663,1.1854384579637554,"[-0.005313299371738376, -0.0466403627842993, 0.0, 0.020943793298547918, 0.0, -0.3661308258911385, -0.34872459570021086, 0.08977773580223303, 0.0, -0.008692327391878448, 0.010529103504072119, -0.006016263286225265]"
burgers,256,1.0,0.6997017180415119,2,WENDy L1=0.01,1.0743403731329932,True,False,0,4,1,0.0,0.0,0.0,True,IRLS step tolerance,6,0.9679474589938764,1.1489264169649687,"[-0.0009576632267218183, 0.0, 0.0, 0.0014387656940700157, 0.0, 0.0, 0.0, -0.19632788996355358, 0.0, 0.0, 0.0, -0.002044943218121825]"
burgers,256,1.0,0.6997017180415119,2,WENDy-MLE HT,1.2247664545615908,True,False,0,1,1,0.0,0.0,0.0,True,Optimization terminated successfully.,8,1.0255438339954708,1.206522791966563,"[0.0, 0.0, 0.0, 0.0, 0.0, -0.3535720818374131, 0.0, 0.0, 0.0, 0.0, 0.0, 0.0]"
burgers,256,1.0,0.6997017180415119,2,WENDy-MLE L1=1e-06,0.8592007313502322,True,False,1,9,0,0.1,1.0,0.18181818181818182,True,CONVERGENCE: RELATIVE REDUCTION OF F <= FACTR*EPSMCH,25,1.0660252919769846,1.247004249948077,"[0.00022557941354691988, -0.19563059008945552, -0.009061324631911602, 0.0852071705122803, 0.0, -0.3054621508985898, -0.29125106282991275, 0.03934719782857943, 0.0, -0.02197021874007165, 0.00511516869809404, 0.0015569753008957646]"
burgers,256,1.0,0.6997017180415119,2,WENDy-MLE L1=0.0001,0.8582006047806036,True,False,1,9,0,0.1,1.0,0.18181818181818182,True,CONVERGENCE: RELATIVE REDUCTION OF F <= FACTR*EPSMCH,73,1.1969227910158224,1.3779017489869148,"[-0.0035307400509084555, -0.16982615524770286, -0.003108865658976291, 0.07201128814275705, 0.0, -0.3392354396644427, -0.326992246104904, 0.06741416646978875, 0.0, -0.022074540734093685, 0.005713171682701433, 0.001194889949885515]"
burgers,256,1.0,0.6997017180415119,2,WENDy-MLE L1=0.01,1.0746339553581388,True,False,0,4,1,0.0,0.0,0.0,True,CONVERGENCE: NORM OF PROJECTED GRADIENT <= PGTOL,33,1.069926583004417,1.2509055409755092,"[-0.0012128293698698933, 0.0, 0.0, 0.0015099832424266652, 0.0, 0.0, 0.0, -0.1967299308708937, 0.0, 0.0, 0.0, -0.0017657285267434523]"
burgers,256,1.0,0.6997017180415119,3,WSINDy,0.06663343153885681,True,True,1,0,0,1.0,1.0,1.0,True,MSTLS support stable,4,0.0023438329808413982,0.1831776239851024,"[0.0, 0.0, 0.0, 0.0, 0.0, 0.0, -0.4666832842305716, 0.0, 0.0, 0.0, 0.0, 0.0]"
burgers,256,1.0,0.6997017180415119,3,WENDy HT,1.4476798535816244,True,False,0,1,1,0.0,0.0,0.0,True,IRLS step tolerance,12,0.9807819580018986,1.1616157490061596,"[0.0, 0.0, 0.5233968280535605, 0.0, 0.0, 0.0, 0.0, 0.0, 0.0, 0.0, 0.0, 0.0]"
burgers,256,1.0,0.6997017180415119,3,WENDy L1=1e-06,1.599051018480764,True,False,1,9,0,0.1,1.0,0.18181818181818182,True,IRLS step tolerance,11,0.9903115829802118,1.1711453739844728,"[-0.24562761526261156, 0.29393817080756973, 0.5191825721897311, -0.33369728423589856, 0.0, -0.18707290128475346, -0.22911928995918532, -0.029017345578224156, 0.0, 0.005910769814610948, 0.042501418182251026, -0.023411577431135127]"
burgers,256,1.0,0.6997017180415119,3,WENDy L1=0.0001,0.8306690683755027,True,False,1,8,0,0.1111111111111111,1.0,0.2,True,IRLS step tolerance,16,0.99040445900755,1.171238250011811,"[-0.08279418851348813, 0.0, 0.18337234757608556, -0.07794293775564068, 0.0, -0.17319166311557577, -0.19505736903322726, -0.050563848903187984, 0.0, -0.01661020657501301, 0.011218546840262642, -0.0018868785208258903]"
burgers,256,1.0,0.6997017180415119,3,WENDy L1=0.01,1.0743002267673392,True,False,0,3,1,0.0,0.0,0.0,True,IRLS step tolerance,6,0.9815211669774726,1.1623549579817336,"[0.0028781007780066194, 0.0, 0.0, 0.0, 0.0, 0.0, 0.0, -0.19626852629249975, 0.0, 0.0, 0.0, -0.0007914739231479004]"
burgers,256,1.0,0.6997017180415119,3,WENDy-MLE HT,1.2154552715336138,True,False,0,1,1,0.0,0.0,0.0,True,Optimization terminated successfully.,6,1.03039341699332,1.211227207997581,"[0.0, 0.0, 0.34544591367493804, 0.0, 0.0, 0.0, 0.0, 0.0, 0.0, 0.0, 0.0, 0.0]"
burgers,256,1.0,0.6997017180415119,3,WENDy-MLE L1=1e-06,1.2130958778848717,True,False,1,9,0,0.1,1.0,0.18181818181818182,True,CONVERGENCE: RELATIVE REDUCTION OF F <= FACTR*EPSMCH,65,1.1738480839994736,1.3546818750037346,"[-0.16053678874845115, 0.10073298260299259, 0.3429556470705395, -0.18342837583442292, 0.0, -0.286234338150011, -0.1871110851376743, -0.008001700238535433, 0.0, -0.010399883791301249, 0.02444130525458871, -0.010841190834220598]"
burgers,256,1.0,0.6997017180415119,3,WENDy-MLE L1=0.0001,1.8098114362395061,True,False,1,9,0,0.1,1.0,0.18181818181818182,True,CONVERGENCE: RELATIVE REDUCTION OF F <= FACTR*EPSMCH,47,1.095134458009852,1.275968249014113,"[-0.2821599821409793, 0.2561944351279319, 0.5967146505721769, -0.34978168766365014, 0.0, -0.29476215275108825, -0.1743201702022877, -0.008513799302650159, 0.0, -0.0029371980105179604, 0.041548470999399616, -0.020723073048470028]"
burgers,256,1.0,0.6997017180415119,3,WENDy-MLE L1=0.01,1.0734203294047495,True,False,0,3,1,0.0,0.0,0.0,True,CONVERGENCE: NORM OF PROJECTED GRADIENT <= PGTOL,43,1.0764943750109524,1.2573281660152134,"[0.0034231829180756935, 0.0, 0.0, 0.0, 0.0, 0.0, 0.0, -0.1950519903440487, 0.0, 0.0, 0.0, -0.0008965357688366765]"
burgers,256,1.0,0.6997017180415119,4,WSINDy,1.4099475998621767,True,False,0,1,1,0.0,0.0,0.0,True,MSTLS support stable,3,0.0022130839934106916,0.18208525099908002,"[0.0, 0.0, 0.0, 0.0, 0.0, -0.49697893173582136, 0.0, 0.0, 0.0, 0.0, 0.0, 0.0]"
burgers,256,1.0,0.6997017180415119,4,WENDy HT,0.3992561211547173,True,True,1,0,0,1.0,1.0,1.0,True,IRLS step tolerance,11,0.9672963329940103,1.1471684999996796,"[0.0, 0.0, 0.0, 0.0, 0.0, 0.0, -0.30037193942264134, 0.0, 0.0, 0.0, 0.0, 0.0]"
burgers,256,1.0,0.6997017180415119,4,WENDy L1=1e-06,0.568169907224471,True,False,1,9,0,0.1,1.0,0.18181818181818182,True,IRLS step tolerance,75,1.0621444999997038,1.2420166670053732,"[-0.03472007612464337, -0.08466436863230462, 0.07357451455239332, 0.0037477156098755927, 0.0, -0.14888391177398408, -0.3001443100685635, -0.02516304748526462, 0.0, 0.05454374702811719, 0.016480919206294166, -0.0302478317132664]"
burgers,256,1.0,0.6997017180415119,4,WENDy L1=0.0001,0.519657925404758,True,False,1,7,0,0.125,1.0,0.2222222222222222,True,IRLS step tolerance,27,0.9911886249901727,1.171060791995842,"[0.001320872251125796, -0.0029678192961515052, 0.0, 0.0, 0.0, -0.13043564279504447, -0.2884085669038026, -0.036377245626392475, 0.0, 0.05923040536937796, 0.00807776640759439, -0.028624299176354766]"
burgers,256,1.0,0.6997017180415119,4,WENDy L1=0.01,1.078279890081302,True,False,0,2,1,0.0,0.0,0.0,True,IRLS step tolerance,5,0.965610209008446,1.1454823760141153,"[0.00024626996976213824, 0.0, 0.0, 0.0, 0.0, 0.0, 0.0, -0.20167255561810618, 0.0, 0.0, 0.0, 0.0]"
burgers,256,1.0,0.6997017180415119,4,WENDy-MLE HT,0.46782782226365893,True,True,1,0,0,1.0,1.0,1.0,True,Optimization terminated successfully.,5,1.0135544579825364,1.1934266249882057,"[0.0, 0.0, 0.0, 0.0, 0.0, 0.0, -0.26608608886817053, 0.0, 0.0, 0.0, 0.0, 0.0]"
burgers,256,1.0,0.6997017180415119,4,WENDy-MLE L1=1e-06,0.7078919366776345,True,False,1,9,0,0.1,1.0,0.18181818181818182,True,CONVERGENCE: RELATIVE REDUCTION OF F <= FACTR*EPSMCH,70,1.1732426660018973,1.3531148330075666,"[-0.05867112311382398, -0.016257203656147745, 0.12670352796718462, -0.04695134023759128, 0.0, -0.2170723692633506, -0.2654831195133101, -0.009262585253266661, 0.0, 0.029621949311790415, 0.0016516637244009466, -0.015112071507084032]"
burgers,256,1.0,0.6997017180415119,4,WENDy-MLE L1=0.0001,0.6990366059860317,True,False,1,9,0,0.1,1.0,0.18181818181818182,True,CONVERGENCE: RELATIVE REDUCTION OF F <= FACTR*EPSMCH,96,1.2872112909972202,1.4670834580028895,"[0.045837227798300455, -0.02806827392541329, -0.08678169957945783, 0.04440912252013655, 0.0, -0.22772108150282205, -0.2611531609363755, -0.005342678659768478, 0.0, 0.024277118651418253, -0.014319415155017425, -0.006577178853148084]"
burgers,256,1.0,0.6997017180415119,4,WENDy-MLE L1=0.01,1.0786973659582435,True,False,0,3,1,0.0,0.0,0.0,True,CONVERGENCE: RELATIVE REDUCTION OF F <= FACTR*EPSMCH,30,1.0711382080044132,1.2510103750100825,"[0.0, 0.0, -0.0023422176594134793, 0.00041811119549546046, 0.0, 0.0, 0.0, -0.20221607510476836, 0.0, 0.0, 0.0, 0.0]"
burgers,256,1.0,0.6997017180415119,5,WSINDy,0.05617857936768211,True,True,1,0,0,1.0,1.0,1.0,True,MSTLS support stable,3,0.002388332999544218,0.18238066698540933,"[0.0, 0.0, 0.0, 0.0, 0.0, 0.0, -0.47191071031615894, 0.0, 0.0, 0.0, 0.0, 0.0]"
burgers,256,1.0,0.6997017180415119,5,WENDy HT,1.1250072339773922,True,False,0,1,1,0.0,0.0,0.0,True,IRLS step tolerance,12,0.9789877920120489,1.158980125997914,"[0.0, 0.0, 0.2577019967430709, 0.0, 0.0, 0.0, 0.0, 0.0, 0.0, 0.0, 0.0, 0.0]"
burgers,256,1.0,0.6997017180415119,5,WENDy L1=1e-06,0.8769145765636801,True,False,1,9,0,0.1,1.0,0.18181818181818182,True,IRLS step tolerance,10,1.0043885839986615,1.1843809179845266,"[-0.11785243748357915, -0.08909330018353373, 0.25470651790681664, -0.0732664165875384, 0.0, -0.17824487685890614, -0.24145795200385065, -0.034517348105342044, 0.0, -0.012433783138484936, 0.013122212865133905, -0.0064138103283650815]"
burgers,256,1.0,0.6997017180415119,5,WENDy L1=0.0001,0.7165030620785144,True,False,1,8,0,0.1111111111111111,1.0,0.2,True,IRLS step tolerance,25,1.0042305839888286,1.1842229179746937,"[-0.018183719789770424, -0.0606932168495284, 0.047416619805618676, 0.0, 0.0, -0.16290783410776247, -0.19644331986207933, -0.0569080214142881, 0.0, -0.012196489929878906, 0.0018462310613365433, -0.002281033576215677]"
burgers,256,1.0,0.6997017180415119,5,WENDy L1=0.01,1.0736121621682018,True,False,0,2,1,0.0,0.0,0.0,True,IRLS step tolerance,5,0.9704969169979449,1.15048925098381,"[0.0, 0.0, 0.0, 0.0, 0.0, 0.0, 0.0, -0.195311726498755, 0.0, 0.0, 0.0, -0.003754754445477691]"
burgers,256,1.0,0.6997017180415119,5,WENDy-MLE HT,1.1149974876893265,True,False,0,1,1,0.0,0.0,0.0,False,A bad approximation caused failure to predict improvement.,5,1.015139541006647,1.1951318749925122,"[0.0, 0.0, 0.0, 0.0, 0.0, -0.24658639335611657, 0.0, 0.0, 0.0, 0.0, 0.0, 0.0]"
burgers,256,1.0,0.6997017180415119,5,WENDy-MLE L1=1e-06,0.8771715844884516,True,False,1,9,0,0.1,1.0,0.18181818181818182,True,CONVERGENCE: RELATIVE REDUCTION OF F <= FACTR*EPSMCH,108,1.2611037919996306,1.4410961259854957,"[-0.06427097404957871, -0.10964114664707077, 0.14104266134328083, -0.01782329755227669, 0.0, -0.24649470992360825, -0.1930305499257815, -0.026106220485677154, 0.0, -0.017115820801472913, 0.005211854814532586, -0.001822350444360456]"
burgers,256,1.0,0.6997017180415119,5,WENDy-MLE L1=0.0001,0.9560775839341326,True,False,1,9,0,0.1,1.0,0.18181818181818182,True,CONVERGENCE: RELATIVE REDUCTION OF F <= FACTR*EPSMCH,22,1.0685643749893643,1.2485567089752294,"[0.07997820855919359, -0.12769651434589102, -0.15956078128795312, 0.11240160160029765, 0.0, -0.25738916231201703, -0.1830182740072902, -0.023606907585379717, 0.0, -0.019212551268794634, -0.007446116392902012, 0.003995208008758488]"
burgers,256,1.0,0.6997017180415119,5,WENDy-MLE L1=0.01,0.8477421330718041,True,False,1,9,0,0.1,1.0,0.18181818181818182,True,CONVERGENCE: RELATIVE REDUCTION OF F <= FACTR*EPSMCH,9,1.020827708998695,1.2008200429845601,"[0.082539228391081, -0.1069862768427704, -0.1632470020670023, 0.1103835313076709, 0.0, -0.23741349024405184, -0.24329175990698726, 0.00723284426460106, 0.0, -0.014640127392394012, -0.0046256603191240295, 0.004632034247605302]"
burgers,256,1.0,0.6997017180415119,6,WSINDy,1.4079143129740326,True,False,0,1,1,0.0,0.0,0.0,True,MSTLS support stable,3,0.00240958301583305,0.18318733302294277,"[0.0, 0.0, 0.0, 0.0, 0.0, -0.4955357486289819, 0.0, 0.0, 0.0, 0.0, 0.0, 0.0]"
burgers,256,1.0,0.6997017180415119,6,WENDy HT,1.3385867844303394,True,False,0,1,1,0.0,0.0,0.0,True,IRLS step tolerance,15,1.0130485829722602,1.19382633297937,"[0.0, 0.44491981846495554, 0.0, 0.0, 0.0, 0.0, 0.0, 0.0, 0.0, 0.0, 0.0, 0.0]"
burgers,256,1.0,0.6997017180415119,6,WENDy L1=1e-06,1.4128952901165799,True,False,1,9,0,0.1,1.0,0.18181818181818182,True,IRLS step tolerance,18,1.0154914169979747,1.1962691670050845,"[-0.08114677509615802, 0.44124725482470023, 0.17694494643773256, -0.25523344964629335, 0.0, -0.14359644769915061, -0.09682735160701385, -0.10624105416758511, 0.0, 0.04556653282159235, 0.05351660773869142, -0.043989615927589605]"
burgers,256,1.0,0.6997017180415119,6,WENDy L1=0.0001,1.0263979970693258,True,False,1,8,0,0.1111111111111111,1.0,0.2,True,IRLS step tolerance,233,1.243557707988657,1.4243354579957668,"[0.004309086998230546, 0.18362636645930808, 0.0, -0.07865821221199325, 0.0, -0.15978298306110972, -0.07206032211713718, -0.10961371222422242, 0.0, 0.020681976301085595, 0.03885586851421702, -0.02886570468748045]"
burgers,256,1.0,0.6997017180415119,6,WENDy L1=0.01,1.077783446015779,True,False,0,2,1,0.0,0.0,0.0,True,IRLS step tolerance,5,0.9630948750127573,1.143872625019867,"[0.0, 0.0, 0.0, 0.0, 0.0, 0.0, 0.0, -0.20099512974920467, 0.0, 0.0, 0.0, -0.0022906207700592596]"
burgers,256,1.0,0.6997017180415119,6,WENDy-MLE HT,1.1377512685797109,True,False,0,1,1,0.0,0.0,0.0,True,Optimization terminated successfully.,4,1.0273367919726297,1.2081145419797394,"[0.0, 0.271329112497508, 0.0, 0.0, 0.0, 0.0, 0.0, 0.0, 0.0, 0.0, 0.0, 0.0]"
burgers,256,1.0,0.6997017180415119,6,WENDy-MLE L1=1e-06,1.0683583836128459,True,False,1,9,0,0.1,1.0,0.18181818181818182,True,CONVERGENCE: RELATIVE REDUCTION OF F <= FACTR*EPSMCH,113,1.3311177499999758,1.5118955000070855,"[-0.02690517288171634, 0.27159762488574435, 0.06647903017493785, -0.14104423179777129, 0.0, -0.24904145531820074, -0.15196486848307542, -0.03843128681091038, 0.0, 0.015648422428097688, 0.033238758992239346, -0.023844553767721405]"
burgers,256,1.0,0.6997017180415119,6,WENDy-MLE L1=0.0001,0.999314192083042,True,False,1,9,0,0.1,1.0,0.18181818181818182,True,CONVERGENCE: RELATIVE REDUCTION OF F <= FACTR*EPSMCH,115,1.3408222500002012,1.5216000000073109,"[-0.000432334236526069, 0.2059282350283131, 0.012159020294289828, -0.09241444344528348, 0.0, -0.24660041201504954, -0.13361331771492074, -0.046889983053149835, 0.0, 0.00878405630691451, 0.029126509576023012, -0.01967662878110441]"
burgers,256,1.0,0.6997017180415119,6,WENDy-MLE L1=0.01,1.0768602728702905,True,False,0,2,1,0.0,0.0,0.0,True,CONVERGENCE: NORM OF PROJECTED GRADIENT <= PGTOL,34,1.0647576250194106,1.2455353750265203,"[0.0, 0.0, 0.0, 0.0, 0.0, 0.0, 0.0, -0.19975340805524547, 0.0, 0.0, 0.0, -0.0023638510705606746]"
burgers,256,1.0,0.6997017180415119,7,WSINDy,0.032012676287662245,True,True,1,0,0,1.0,1.0,1.0,True,MSTLS support stable,4,0.0025490830012131482,0.18233929097186774,"[0.0, 0.0, 0.0, 0.0, 0.0, 0.0, -0.5160063381438311, 0.0, 0.0, 0.0, 0.0, 0.0]"
burgers,256,1.0,0.6997017180415119,7,WENDy HT,1.530714593639524,True,False,0,1,1,0.0,0.0,0.0,True,IRLS step tolerance,14,0.9783351669902913,1.158125374960946,"[0.0, 0.0, -0.579458188133754, 0.0, 0.0, 0.0, 0.0, 0.0, 0.0, 0.0, 0.0, 0.0]"
burgers,256,1.0,0.6997017180415119,7,WENDy L1=1e-06,1.429536616867491,True,False,1,9,0,0.1,1.0,0.18181818181818182,True,IRLS step tolerance,28,1.027869792014826,1.2076599999854807,"[0.271249597610406, 0.05003999061215263, -0.5735039453779281, 0.2159685547013426, 0.0, -0.12501122448993668, -0.30769210729035396, -0.03636508030062889, 0.0, 0.03341457604110545, -0.06368494099800251, 0.012623049514078697]"
burgers,256,1.0,0.6997017180415119,7,WENDy L1=0.0001,0.575216169580224,True,False,1,9,0,0.1,1.0,0.18181818181818182,True,IRLS step tolerance,11,1.0103998339909595,1.190190041961614,"[0.031924045901085094, 0.050337120198381276, -0.08186091384535166, 0.015358495395184994, 0.0, -0.09649764401802842, -0.260671809022751, -0.06745059519674607, 0.0, 0.019154045482057038, -0.0267674214456902, 0.002369401744632323]"
burgers,256,1.0,0.6997017180415119,7,WENDy L1=0.01,1.080400067958449,True,False,0,2,1,0.0,0.0,0.0,True,IRLS step tolerance,5,0.9583027919870801,1.1380929999577347,"[0.0, 0.0, 0.0, 0.0, 0.0, 0.0, 0.0, -0.20448303948304253, 0.0, 0.0, 0.0, -0.0016623101190162675]"
burgers,256,1.0,0.6997017180415119,7,WENDy-MLE HT,1.1459516877966143,True,False,0,1,1,0.0,0.0,0.0,False,A bad approximation caused failure to predict improvement.,6,1.0331600829958916,1.2129502909665462,"[0.0, 0.0, 0.0, 0.0, 0.0, -0.2798237261044481, 0.0, 0.0, 0.0, 0.0, 0.0, 0.0]"
burgers,256,1.0,0.6997017180415119,7,WENDy-MLE L1=1e-06,0.949219960921154,True,False,1,9,0,0.1,1.0,0.18181818181818182,True,CONVERGENCE: RELATIVE REDUCTION OF F <= FACTR*EPSMCH,68,1.1594207079906482,1.3392109159613028,"[0.12248767174724322, 0.062367216542880896, -0.2657269095525089, 0.08577623940054246, 0.0, -0.27942199961455283, -0.280206895578578, 0.01878473821696345, 0.0, 0.012652339476105114, -0.03788316494455142, 0.0077224042422059935]"
burgers,256,1.0,0.6997017180415119,7,WENDy-MLE L1=0.0001,0.7613372248226602,True,False,1,8,0,0.1111111111111111,1.0,0.2,True,CONVERGENCE: RELATIVE REDUCTION OF F <= FACTR*EPSMCH,198,1.6617715829925146,1.8415617909631692,"[0.04342223802088929, 9.325322901914828e-06, -0.10233537761210268, 0.04448452685934504, 0.0, -0.26248015165637445, -0.25312910005430556, 0.0, 0.0, 0.005211636637257738, -0.025945051194178587, 0.005506441781574121]"
burgers,256,1.0,0.6997017180415119,7,WENDy-MLE L1=0.01,1.0788810498133716,True,False,0,3,1,0.0,0.0,0.0,True,CONVERGENCE: NORM OF PROJECTED GRADIENT <= PGTOL,70,1.199251334008295,1.3790415419789497,"[0.0, 0.0, 0.0, 0.0006133854240529482, 0.0, 0.0, 0.0, -0.2024691957769842, 0.0, 0.0, 0.0, -0.0013886797123612309]"
burgers,256,1.0,0.6997017180415119,8,WSINDy,1.4183585795125595,True,False,0,1,1,0.0,0.0,0.0,True,MSTLS support stable,3,0.0023647500202059746,0.1822069590270985,"[0.0, 0.0, 0.0, 0.0, 0.0, -0.5029266994495534, 0.0, 0.0, 0.0, 0.0, 0.0, 0.0]"
burgers,256,1.0,0.6997017180415119,8,WENDy HT,0.48773900659938607,True,True,1,0,0,1.0,1.0,1.0,True,IRLS step tolerance,18,0.9871493749960791,1.1669915840029716,"[0.0, 0.0, 0.0, 0.0, 0.0, 0.0, -0.25613049670030696, 0.0, 0.0, 0.0, 0.0, 0.0]"
burgers,256,1.0,0.6997017180415119,8,WENDy L1=1e-06,0.7851797897057885,True,False,1,9,0,0.1,1.0,0.18181818181818182,True,IRLS step tolerance,25,1.0306086250056978,1.2104508340125903,"[0.05015502809967378, 0.17611446330391445, -0.10968224790678545, -0.023198915780961962, 0.0, -0.21529511791805755, -0.25604895567354047, -0.006300392079420289, 0.0, -0.034974539915809316, 0.029966070394273903, -0.0012769995817865087]"
burgers,256,1.0,0.6997017180415119,8,WENDy L1=0.0001,0.6732752461611318,True,False,1,9,0,0.1,1.0,0.18181818181818182,True,IRLS step tolerance,56,1.0479467080149334,1.227788917021826,"[0.014545231661314637, 0.05732542198890933, -0.03575913863536103, -0.004884011205267527, 0.0, -0.20631188849369703, -0.24891380674184374, -0.015153826205055359, 0.0, -0.04093795863819075, 0.031774161139467856, 0.0007265952856641391]"
burgers,256,1.0,0.6997017180415119,8,WENDy L1=0.01,1.0752131659264288,True,False,0,3,1,0.0,0.0,0.0,True,IRLS step tolerance,6,0.9658652500074822,1.1457074590143748,"[0.0, 0.0, 0.0, 0.003041676866672476, 0.0, 0.0, 0.0, -0.19751350026115355, 0.0, 0.0, 0.0, -5.883714459792155e-05]"
burgers,256,1.0,0.6997017180415119,8,WENDy-MLE HT,1.1637900950255096,True,False,0,1,1,0.0,0.0,0.0,False,A bad approximation caused failure to predict improvement.,5,1.0299690420215484,1.209811251028441,"[0.0, 0.0, 0.0, 0.0, 0.0, -0.29766062272304533, 0.0, 0.0, 0.0, 0.0, 0.0, 0.0]"
burgers,256,1.0,0.6997017180415119,8,WENDy-MLE L1=1e-06,0.9113336228645371,True,False,1,9,0,0.1,1.0,0.18181818181818182,True,CONVERGENCE: RELATIVE REDUCTION OF F <= FACTR*EPSMCH,79,1.1936555409920402,1.3734977499989327,"[0.0688888315012589, 0.12898639966336695, -0.15051953641148902, 0.013216467109479248, 0.0, -0.2966529778098016, -0.22772600268927295, 0.013534193991998202, 0.0, -0.029151504314048386, 0.015740164432490277, 0.001191029221775323]"
burgers,256,1.0,0.6997017180415119,8,WENDy-MLE L1=0.0001,0.8240881339732993,True,False,1,9,0,0.1,1.0,0.18181818181818182,True,CONVERGENCE: RELATIVE REDUCTION OF F <= FACTR*EPSMCH,173,1.4837000829866156,1.6635422919935081,"[0.022562799215446662, 0.0661202993939868, -0.054863495803724675, -7.444017863645635e-05, 0.0, -0.2895417668252407, -0.22345644841123558, 0.007645150412051434, 0.0, -0.03260066375540176, 0.02137945814198768, 0.0004764779069199813]"
burgers,256,1.0,0.6997017180415119,8,WENDy-MLE L1=0.01,1.0742474701453586,True,False,0,3,1,0.0,0.0,0.0,True,CONVERGENCE: NORM OF PROJECTED GRADIENT <= PGTOL,51,1.112968166009523,1.2928103750164155,"[0.0, 0.0, 0.0, 0.0034355837456490966, 0.0, 0.0, 0.0, -0.19618894364389008, 0.0, 0.0, 0.0, -4.3984622268458953e-05]"
burgers,256,1.0,0.6997017180415119,9,WSINDy,0.023855133830702258,True,True,1,0,0,1.0,1.0,1.0,True,MSTLS support stable,4,0.002304875000845641,0.18439499998930842,"[0.0, 0.0, 0.0, 0.0, 0.0, 0.0, -0.48807243308464887, 0.0, 0.0, 0.0, 0.0, 0.0]"
burgers,256,1.0,0.6997017180415119,9,WENDy HT,1.3425907701044208,True,False,0,1,1,0.0,0.0,0.0,True,IRLS step tolerance,15,1.0103013749758247,1.1923914999642875,"[0.0, 0.0, 0.4479257683951611, 0.0, 0.0, 0.0, 0.0, 0.0, 0.0, 0.0, 0.0, 0.0]"
burgers,256,1.0,0.6997017180415119,9,WENDy L1=1e-06,1.3223840852757287,True,False,1,9,0,0.1,1.0,0.18181818181818182,True,IRLS step tolerance,39,1.0473164159920998,1.2294065409805626,"[-0.21774360748800134, 0.20718578367955665, 0.43913833267921537, -0.2627517289556232, 0.0, -0.06521856206055493, -0.23699505885815142, -0.0809682109451442, 0.0, 0.01947275000193476, 0.05870042538057344, -0.03391023991290677]"
burgers,256,1.0,0.6997017180415119,9,WENDy L1=0.0001,0.6792338392773405,True,False,1,6,0,0.14285714285714285,1.0,0.25,True,IRLS step tolerance,131,1.1253444169997238,1.3074345419881865,"[0.0, 0.0, 0.000550429004096971, -0.004073089683799517, 0.0, -0.028032930693895956, -0.1840869952880913, -0.11655654693656889, 0.0, 0.0, 0.03034094508197323, -0.015161983430905742]"
burgers,256,1.0,0.6997017180415119,9,WENDy L1=0.01,1.0741961240750943,True,False,0,3,1,0.0,0.0,0.0,True,IRLS step tolerance,7,0.9950241249753162,1.177114249963779,"[0.0, 0.0, 0.0, -0.000363005427476037, 0.0, 0.0, 0.0, -0.19614142390326827, 0.0, 0.0, 0.0, -0.001654781177955422]"
burgers,256,1.0,0.6997017180415119,9,WENDy-MLE HT,0.4750856496740383,True,True,1,0,0,1.0,1.0,1.0,True,Optimization terminated successfully.,5,1.0336479169782251,1.2157380419666879,"[0.0, 0.0, 0.0, 0.0, 0.0, 0.0, -0.26245717516298084, 0.0, 0.0, 0.0, 0.0, 0.0]"
burgers,256,1.0,0.6997017180415119,9,WENDy-MLE L1=1e-06,0.8306043008838611,True,False,1,9,0,0.1,1.0,0.18181818181818182,True,CONVERGENCE: RELATIVE REDUCTION OF F <= FACTR*EPSMCH,147,1.3539670419995673,1.53605716698803,"[-0.10741165206296538, 0.025861608002467628, 0.2164841222160412, -0.10071673745819955, 0.0, -0.21459263647062135, -0.2623694363195148, -0.011908747849630523, 0.0, -0.0018307750481589386, 0.021660549449776557, -0.011310180407166328]"
burgers,256,1.0,0.6997017180415119,9,WENDy-MLE L1=0.0001,1.1842449744234884,True,False,1,8,0,0.1111111111111111,1.0,0.2,True,CONVERGENCE: RELATIVE REDUCTION OF F <= FACTR*EPSMCH,44,1.0797830410010647,1.2618731659895275,"[-0.2038929051065098, 0.05802708643458991, 0.41102206654353995, -0.19148420130857832, 0.0, -0.20670870835878133, -0.2643981296558899, -0.014918609553387661, 0.0, 0.0, 0.03592819488725527, -0.017723156959037534]"
burgers,256,1.0,0.6997017180415119,9,WENDy-MLE L1=0.01,1.0732791642789443,True,False,0,2,1,0.0,0.0,0.0,True,CONVERGENCE: NORM OF PROJECTED GRADIENT <= PGTOL,35,1.0565490830049384,1.2386392079934012,"[0.0, 0.0, 0.0, 0.0, 0.0, 0.0, 0.0, -0.1948835293081521, 0.0, 0.0, 0.0, -0.001565606344505628]"
kdv,256,0.0,0.0,0,WSINDy,1.1781903961488674e-08,True,True,2,0,0,1.0,1.0,1.0,True,MSTLS support stable,2,0.0020648329809773713,0.2606001669773832,"[0.0, 0.0, 0.0, 0.0, 0.0, 0.0, -0.5000000014841173, 0.0, 0.0, 0.0, 0.0, 0.0, 0.0, -1.0000000130886963, 0.0, 0.0]"
kdv,256,0.0,0.0,0,WENDy HT,3.2594022173216324e-07,True,True,2,0,0,1.0,1.0,1.0,True,IRLS step tolerance,1,8.612498641014099e-05,0.25862145898281597,"[0.0, 0.0, 0.0, 0.0, 0.0, 0.0, -0.5000002278292646, 0.0, 0.0, 0.0, 0.0, 0.0, 0.0, -0.9999997155881307, 0.0, 0.0]"
kdv,256,0.0,0.0,0,WENDy L1=1e-06,0.002253601577942189,True,False,2,6,0,0.25,1.0,0.4,True,IRLS step tolerance,2,0.0025330419884994626,0.2610683759849053,"[-5.4218714398679746e-08, 0.0, 0.0, 4.5169091461261666e-07, 0.0, 0.0, -0.49982900401637975, -2.7056695018012553e-05, 0.0, 0.0, 0.0, 1.1523971339882188e-06, 0.0, -0.9975560870076925, -0.0005862057178330563, 4.559612260648245e-05]"
kdv,256,0.0,0.0,0,WENDy L1=0.0001,0.22531568096311552,True,False,2,5,0,0.2857142857142857,1.0,0.4444444444444444,True,IRLS step tolerance,2,0.002506500022718683,0.2610418340191245,"[0.0, 0.0, 0.0, 4.54450161590958e-05, 0.0, 0.0, -0.48291492033256905, -0.00270291620319694, 0.0, 0.0, 0.0, 0.00011547203438866998, 0.0, -0.7556556160854107, -0.05860688251470624, 0.004558440398163404]"
kdv,256,0.0,0.0,0,WENDy L1=0.01,1.0034557624155682,True,False,0,3,2,0.0,0.0,0.0,True,IRLS step tolerance,2,0.0016951659927144647,0.2602304999891203,"[0.0, 0.0, 0.0, 0.0, 0.0, 0.0, 0.0, -0.08998876580942254, 0.0, 0.0, 0.0, 0.00020865088610014967, 0.0, 0.0, 0.0, -0.02358627565273173]"
kdv,256,0.0,0.0,0,WENDy-MLE HT,3.2594022173216324e-07,True,True,2,0,0,1.0,1.0,1.0,True,IRLS step tolerance,1,0.00010591701720841229,0.25864125101361424,"[0.0, 0.0, 0.0, 0.0, 0.0, 0.0, -0.5000002278292646, 0.0, 0.0, 0.0, 0.0, 0.0, 0.0, -0.9999997155881307, 0.0, 0.0]"
kdv,256,0.0,0.0,0,WENDy-MLE L1=1e-06,0.002253601577942189,True,False,2,6,0,0.25,1.0,0.4,True,IRLS step tolerance,2,0.0024217079917434603,0.2609570419881493,"[-5.4218714398679746e-08, 0.0, 0.0, 4.5169091461261666e-07, 0.0, 0.0, -0.49982900401637975, -2.7056695018012553e-05, 0.0, 0.0, 0.0, 1.1523971339882188e-06, 0.0, -0.9975560870076925, -0.0005862057178330563, 4.559612260648245e-05]"
kdv,256,0.0,0.0,0,WENDy-MLE L1=0.0001,0.22531568096311552,True,False,2,5,0,0.2857142857142857,1.0,0.4444444444444444,True,IRLS step tolerance,2,0.0023524590069428086,0.26088779300334863,"[0.0, 0.0, 0.0, 4.54450161590958e-05, 0.0, 0.0, -0.48291492033256905, -0.00270291620319694, 0.0, 0.0, 0.0, 0.00011547203438866998, 0.0, -0.7556556160854107, -0.05860688251470624, 0.004558440398163404]"
kdv,256,0.0,0.0,0,WENDy-MLE L1=0.01,1.0034557624155682,True,False,0,3,2,0.0,0.0,0.0,True,IRLS step tolerance,2,0.0015485830081161112,0.26008391700452194,"[0.0, 0.0, 0.0, 0.0, 0.0, 0.0, 0.0, -0.08998876580942254, 0.0, 0.0, 0.0, 0.00020865088610014967, 0.0, 0.0, 0.0, -0.02358627565273173]"
kdv,256,0.01,0.021351872156777522,0,WSINDy,0.0004616919063481739,True,True,2,0,0,1.0,1.0,1.0,True,MSTLS support stable,4,0.002710834000026807,0.25775133399292827,"[0.0, 0.0, 0.0, 0.0, 0.0, 0.0, -0.5000374060197447, 0.0, 0.0, 0.0, 0.0, 0.0, 0.0, -1.0005148301274898, 0.0, 0.0]"
kdv,256,0.01,0.021351872156777522,0,WENDy HT,0.003428325554314577,True,True,2,0,0,1.0,1.0,1.0,True,IRLS step tolerance,3,1.9884197089995723,2.243460208992474,"[0.0, 0.0, 0.0, 0.0, 0.0, 0.0, -0.4995064641607008, 0.0, 0.0, 0.0, 0.0, 0.0, 0.0, -1.003801077808765, 0.0, 0.0]"
kdv,256,0.01,0.021351872156777522,0,WENDy L1=1e-06,0.0014852156681964667,True,False,2,6,0,0.25,1.0,0.4,True,IRLS step tolerance,5,1.9807733340130653,2.235813834005967,"[2.0483329232220632e-05, 0.0, 0.0, 9.233897488094015e-07, 0.0, 0.0, -0.5001373740892642, 1.2068034965791188e-05, 0.0, 0.0, 0.0, 6.274691678035798e-06, 0.0, -0.9984600851848118, -0.00060270334695508, 5.7148445328703115e-05]"
kdv,256,0.01,0.021351872156777522,0,WENDy L1=0.0001,0.28631699087288853,True,False,2,7,0,0.2222222222222222,1.0,0.36363636363636365,True,IRLS step tolerance,12,2.009588957997039,2.2646294579899404,"[-0.0016880546619839573, 0.0, -0.00025698573617339215, 0.0001666627176668607, 0.0, 0.0, -0.47124111440054783, -0.00583257548139782, 0.0, 0.0, 0.0, 0.00022906718499242387, 0.0, -0.6909976368567693, -0.07803503187408709, 0.005979899190256901]"
kdv,256,0.01,0.021351872156777522,0,WENDy L1=0.01,1.004303332593485,True,False,0,3,2,0.0,0.0,0.0,True,IRLS step tolerance,7,2.015507250005612,2.2705477499985136,"[0.0, 0.0, 0.0, -0.0004993286470358103, 0.0, 0.0, 0.0, -0.10062699067958808, 0.0, 0.0, 0.0, 0.0, 0.0, 0.0, 0.0, -0.025601547622110588]"
kdv,256,0.01,0.021351872156777522,0,WENDy-MLE HT,0.0033920566154693843,True,True,2,0,0,1.0,1.0,1.0,False,A bad approximation caused failure to predict improvement.,2,2.059626082977047,2.3146665829699486,"[0.0, 0.0, 0.0, 0.0, 0.0, 0.0, -0.4995191397672629, 0.0, 0.0, 0.0, 0.0, 0.0, 0.0, -1.003761825825282, 0.0, 0.0]"
kdv,256,0.01,0.021351872156777522,0,WENDy-MLE L1=1e-06,0.0020409122577337542,True,False,2,10,0,0.16666666666666666,1.0,0.2857142857142857,True,CONVERGENCE: RELATIVE REDUCTION OF F <= FACTR*EPSMCH,30,2.114238624984864,2.3692791249777656,"[0.0, 0.0012392994256556103, -0.0008307764313774326, 0.00011900361619827574, 0.0, -0.00011461865501374782, -0.4996446907815122, -8.9024288527286e-05, 0.0, -0.00013717907287693628, -0.00017624967931671216, 4.0731548660871815e-05, 0.0, -0.9983529285697998, -0.00023352577430073228, -1.4562208500558877e-05]"
kdv,256,0.01,0.021351872156777522,0,WENDy-MLE L1=0.0001,0.2739635345503544,True,False,2,7,0,0.2222222222222222,1.0,0.36363636363636365,True,CONVERGENCE: RELATIVE REDUCTION OF F <= FACTR*EPSMCH,90,2.4197046250046697,2.674745124997571,"[-0.0014743729626680439, 0.0, -0.00023348413271167344, 0.00015442225681861532, 0.0, 0.0, -0.471985933648324, -0.005690360684107987, 0.0, 0.0, 0.0, 0.00021299022086873777, 0.0, -0.7045384350503997, -0.07529371091788499, 0.005820476190906192]"
kdv,256,0.01,0.021351872156777522,0,WENDy-MLE L1=0.01,1.004479165762744,True,False,0,3,2,0.0,0.0,0.0,True,CONVERGENCE: NORM OF PROJECTED GRADIENT <= PGTOL,43,2.2171331249992363,2.4721736249921378,"[0.0, 0.0, 0.0, -0.0004883286879973435, 0.0, 0.0, 0.0, -0.10254676165708751, 0.0, 0.0, 0.0, 0.0, 0.0, 0.0, 0.0, -0.026587897115228923]"
kdv,256,0.01,0.021351872156777522,1,WSINDy,0.00027993606570314827,True,True,2,0,0,1.0,1.0,1.0,True,MSTLS support stable,4,0.0031847080099396408,0.25819091603625566,"[0.0, 0.0, 0.0, 0.0, 0.0, 0.0, -0.5000003267065695, 0.0, 0.0, 0.0, 0.0, 0.0, 0.0, -0.9996870221343856, 0.0, 0.0]"
kdv,256,0.01,0.021351872156777522,1,WENDy HT,0.0006963754936112698,True,True,2,0,0,1.0,1.0,1.0,True,IRLS step tolerance,3,1.9936362080043182,2.248642416030634,"[0.0, 0.0, 0.0, 0.0, 0.0, 0.0, -0.49931365406143685, 0.0, 0.0, 0.0, 0.0, 0.0, 0.0, -0.9996324366887925, 0.0, 0.0]"
kdv,256,0.01,0.021351872156777522,1,WENDy L1=1e-06,0.003867922335989206,True,False,2,8,0,0.2,1.0,0.3333333333333333,True,IRLS step tolerance,5,2.116837791982107,2.371844000008423,"[-6.143804193271338e-05, 0.0, -0.00017306152732091143, 4.400987931852379e-05, 0.0, 0.0, -0.499123445644466, -0.0001776674567602115, 0.0, 0.0, -0.00021341645073784705, 4.2695699262717144e-05, 0.0, -0.9958184001443473, -0.0005764578814705236, -1.8418360237881964e-06]"
kdv,256,0.01,0.021351872156777522,1,WENDy L1=0.0001,0.2879633898735962,True,False,2,7,0,0.2222222222222222,1.0,0.36363636363636365,True,IRLS step tolerance,9,2.0490974170097616,2.3041036250360776,"[-0.0018757512333302975, 0.0, -0.00037035223810328514, 0.00019860028687472377, 0.0, 0.0, -0.4701859211912459, -0.006030535016664752, 0.0, 0.0, 0.0, 0.0002300699163452053, 0.0, -0.6891079723162377, -0.07769280825017857, 0.005884082573682756]"
kdv,256,0.01,0.021351872156777522,1,WENDy L1=0.01,1.0043012318090176,True,False,0,3,2,0.0,0.0,0.0,True,IRLS step tolerance,7,2.0240321670135017,2.2790383750398178,"[0.0, 0.0, 0.0, -0.0004982186312856245, 0.0, 0.0, 0.0, -0.10060413108524846, 0.0, 0.0, 0.0, 0.0, 0.0, 0.0, 0.0, -0.025588392938315864]"
kdv,256,0.01,0.021351872156777522,1,WENDy-MLE HT,0.000699100897046282,True,True,2,0,0,1.0,1.0,1.0,False,A bad approximation caused failure to predict improvement.,2,2.0748168749851175,2.3298230830114335,"[0.0, 0.0, 0.0, 0.0, 0.0, 0.0, -0.4993159202629263, 0.0, 0.0, 0.0, 0.0, 0.0, 0.0, -0.999621896186691, 0.0, 0.0]"
kdv,256,0.01,0.021351872156777522,1,WENDy-MLE L1=1e-06,0.0036716318315165968,True,False,2,8,0,0.2,1.0,0.3333333333333333,True,CONVERGENCE: RELATIVE REDUCTION OF F <= FACTR*EPSMCH,85,2.483074833988212,2.738081042014528,"[-0.00011923476730351713, 0.0, -0.0001399448048480349, 3.7497372288596066e-05, 0.0, 0.0, -0.49902428024706297, -0.00019704410114471712, 0.0, 0.0, -0.00014638748378973851, 3.088424952294701e-05, 0.0, -0.9960473592029305, -0.0004227830786956524, -2.3227205068199963e-05]"
kdv,256,0.01,0.021351872156777522,1,WENDy-MLE L1=0.0001,0.27558519196720555,True,False,2,7,0,0.2222222222222222,1.0,0.36363636363636365,True,CONVERGENCE: NORM OF PROJECTED GRADIENT <= PGTOL,72,2.3694215420109686,2.6244277500372846,"[-0.0016602736201583321, 0.0, -0.0003458065613228746, 0.0001859935948599627, 0.0, 0.0, -0.47093809416277077, -0.005886542333052646, 0.0, 0.0, 0.0, 0.0002135977057170873, 0.0, -0.7026771522209261, -0.07495418394170665, 0.0057262533891461855]"
kdv,256,0.01,0.021351872156777522,1,WENDy-MLE L1=0.01,1.004475955503415,True,False,0,3,2,0.0,0.0,0.0,True,CONVERGENCE: NORM OF PROJECTED GRADIENT <= PGTOL,41,2.2492975420027506,2.5043037500290666,"[0.0, 0.0, 0.0, -0.000487754855565082, 0.0, 0.0, 0.0, -0.10251262138610738, 0.0, 0.0, 0.0, 0.0, 0.0, 0.0, 0.0, -0.02656795122648588]"
kdv,256,0.01,0.021351872156777522,2,WSINDy,0.00011239772394189658,True,True,2,0,0,1.0,1.0,1.0,True,MSTLS support stable,5,0.0029671249794773757,0.2592731249751523,"[0.0, 0.0, 0.0, 0.0, 0.0, 0.0, -0.5000937761108756, 0.0, 0.0, 0.0, 0.0, 0.0, 0.0, -1.0000836516674263, 0.0, 0.0]"
kdv,256,0.01,0.021351872156777522,2,WENDy HT,0.002021503869535878,True,True,2,0,0,1.0,1.0,1.0,True,IRLS step tolerance,3,2.006314083992038,2.262620083987713,"[0.0, 0.0, 0.0, 0.0, 0.0, 0.0, -0.5007632589304307, 0.0, 0.0, 0.0, 0.0, 0.0, 0.0, -0.9978726699425563, 0.0, 0.0]"
kdv,256,0.01,0.021351872156777522,2,WENDy L1=1e-06,0.004002542006834431,True,False,2,8,0,0.2,1.0,0.3333333333333333,True,IRLS step tolerance,7,2.013349750021007,2.269655750016682,"[-0.00017653217283959552, 0.0, -1.4395956775673773e-05, 8.79896853618343e-06, 0.0, 0.0, -0.4998121246739359, -4.9728359476132484e-05, 0.0, 0.0, 0.00021262980028997355, -2.9720956138409316e-05, 0.0, -0.9957064979824681, -0.0012103759052002616, 0.00010462146339008211]"
kdv,256,0.01,0.021351872156777522,2,WENDy L1=0.0001,0.2883955213568178,True,False,2,7,0,0.2222222222222222,1.0,0.36363636363636365,True,IRLS step tolerance,12,2.019162124983268,2.275468124978943,"[-0.001909029699807581, 0.0, -0.00033973577949041284, 0.00019087487468502892, 0.0, 0.0, -0.4708308445413397, -0.005910055891822209, 0.0, 0.0, 0.0, 0.0002343657338946992, 0.0, -0.688734009788783, -0.0784396652943077, 0.006004465301789183]"
kdv,256,0.01,0.021351872156777522,2,WENDy L1=0.01,1.0043022213217196,True,False,0,3,2,0.0,0.0,0.0,True,IRLS step tolerance,7,2.043372374988394,2.299678374984069,"[0.0, 0.0, 0.0, -0.0004985539973934798, 0.0, 0.0, 0.0, -0.100615156786385, 0.0, 0.0, 0.0, 0.0, 0.0, 0.0, 0.0, -0.02559358041459284]"
kdv,256,0.01,0.021351872156777522,2,WENDy-MLE HT,0.002016397040038032,True,True,2,0,0,1.0,1.0,1.0,False,A bad approximation caused failure to predict improvement.,2,2.0651011670124717,2.3214071670081466,"[0.0, 0.0, 0.0, 0.0, 0.0, 0.0, -0.5007579006973557, 0.0, 0.0, 0.0, 0.0, 0.0, 0.0, -0.997876816585457, 0.0, 0.0]"
kdv,256,0.01,0.021351872156777522,2,WENDy-MLE L1=1e-06,0.002339996968963534,True,False,2,9,0,0.18181818181818182,1.0,0.3076923076923077,True,CONVERGENCE: RELATIVE REDUCTION OF F <= FACTR*EPSMCH,26,2.199416999996174,2.455722999991849,"[-0.0002531509207758819, 0.001684028618339215, -0.0009864158093235104, 0.00013347109300104068, 0.0, 0.0, -0.5000805645355837, 3.63140239269718e-06, 0.0, 0.0, 4.811726661019678e-06, 4.009158777352824e-07, 0.0, -0.9983630936363442, -0.0005149031038286621, 4.999016092651263e-05]"
kdv,256,0.01,0.021351872156777522,2,WENDy-MLE L1=0.0001,0.2738820762568359,True,False,2,7,0,0.2222222222222222,1.0,0.36363636363636365,True,CONVERGENCE: RELATIVE REDUCTION OF F <= FACTR*EPSMCH,68,2.3846431660058443,2.640949166001519,"[-0.001686332489449371, 0.0, -0.0009356446348187567, 0.0003188893071215828, 0.0, 0.0, -0.4699620053727442, -0.006094074702313741, 0.0, 0.0, 0.0, 0.0002311673166134639, 0.0, -0.7042643204324746, -0.07302040239367454, 0.005419883658655205]"
kdv,256,0.01,0.021351872156777522,2,WENDy-MLE L1=0.01,1.0044776639963096,True,False,0,3,2,0.0,0.0,0.0,True,CONVERGENCE: NORM OF PROJECTED GRADIENT <= PGTOL,38,2.2606965000159107,2.5170025000115857,"[0.0, 0.0, 0.0, -0.00048766366290817664, 0.0, 0.0, 0.0, -0.10253071495723842, 0.0, 0.0, 0.0, 0.0, 0.0, 0.0, 0.0, -0.026578873355783843]"
kdv,256,0.01,0.021351872156777522,3,WSINDy,0.00011044623444921452,True,True,2,0,0,1.0,1.0,1.0,True,MSTLS support stable,4,0.0029725420172326267,0.258710209018318,"[0.0, 0.0, 0.0, 0.0, 0.0, 0.0, -0.4999704390020028, 0.0, 0.0, 0.0, 0.0, 0.0, 0.0, -0.999880107920289, 0.0, 0.0]"
kdv,256,0.01,0.021351872156777522,3,WENDy HT,0.0027006505438914976,True,True,2,0,0,1.0,1.0,1.0,True,IRLS step tolerance,3,2.075966791016981,2.3317044580180664,"[0.0, 0.0, 0.0, 0.0, 0.0, 0.0, -0.5018228260527395, 0.0, 0.0, 0.0, 0.0, 0.0, 0.0, -0.9975928861926093, 0.0, 0.0]"
kdv,256,0.01,0.021351872156777522,3,WENDy L1=1e-06,0.0028716092476344006,True,False,2,6,0,0.25,1.0,0.4,True,IRLS step tolerance,7,2.0526087500038557,2.308346417004941,"[0.0, 0.0, 0.00011226901069031835, -2.3100051105226715e-05, 0.0, 0.0, -0.4998873283983993, -1.5025421629707543e-05, 0.0, 0.0, -4.806541323658559e-05, 0.0, 0.0, -0.9968884644354139, -0.0007704455961918581, 6.376301690030592e-05]"
kdv,256,0.01,0.021351872156777522,3,WENDy L1=0.0001,0.2875662860023147,True,False,2,7,0,0.2222222222222222,1.0,0.36363636363636365,True,IRLS step tolerance,12,2.067488250002498,2.323225917003583,"[-0.0018022570388438986, 0.0, -0.00011629892561442876, 0.00013775171463242445, 0.0, 0.0, -0.47092956437591094, -0.005869354221508373, 0.0, 0.0, 0.0, 0.00021623634877696848, 0.0, -0.6895964161764084, -0.0780962804836515, 0.005973294285930361]"
kdv,256,0.01,0.021351872156777522,3,WENDy L1=0.01,1.0043001348806893,True,False,0,3,2,0.0,0.0,0.0,True,IRLS step tolerance,7,2.0253466659924015,2.281084332993487,"[0.0, 0.0, 0.0, -0.0004955754117516036, 0.0, 0.0, 0.0, -0.10059189323840097, 0.0, 0.0, 0.0, 0.0, 0.0, 0.0, 0.0, -0.025582739717215232]"
kdv,256,0.01,0.021351872156777522,3,WENDy-MLE HT,0.0026965117643986502,True,True,2,0,0,1.0,1.0,1.0,False,A bad approximation caused failure to predict improvement.,2,2.0323254160175566,2.288063083018642,"[0.0, 0.0, 0.0, 0.0, 0.0, 0.0, -0.5018204218405224, 0.0, 0.0, 0.0, 0.0, 0.0, 0.0, -0.9975968699698156, 0.0, 0.0]"
kdv,256,0.01,0.021351872156777522,3,WENDy-MLE L1=1e-06,0.0025446900067055338,True,False,2,8,0,0.2,1.0,0.3333333333333333,True,CONVERGENCE: RELATIVE REDUCTION OF F <= FACTR*EPSMCH,69,2.462614666990703,2.7183523339917883,"[0.0, 2.316739981522398e-05, 7.958182233844615e-05, -1.695490982615494e-05, 0.0, 0.0, -0.4998412488059298, -2.513373793780854e-05, 0.0, 0.0, -9.778338021819444e-05, 8.954601944578334e-06, 0.0, -0.997224336423966, -0.0005880479917453394, 3.959072232017784e-05]"
kdv,256,0.01,0.021351872156777522,3,WENDy-MLE L1=0.0001,0.26669480452227384,True,False,2,7,0,0.2222222222222222,1.0,0.36363636363636365,True,CONVERGENCE: RELATIVE REDUCTION OF F <= FACTR*EPSMCH,46,2.2672020840109326,2.522939751012018,"[-0.001854464274969554, 0.0, 0.0001227351947612643, 7.24196510458597e-05, 0.0, 0.0, -0.46971292141464754, -0.006107700718114193, 0.0, 0.0, 0.0, 0.00018887318712627302, 0.0, -0.7119417797767216, -0.07032463506541034, 0.005142932725811518]"
kdv,256,0.01,0.021351872156777522,3,WENDy-MLE L1=0.01,1.004475749804739,True,False,0,3,2,0.0,0.0,0.0,True,CONVERGENCE: NORM OF PROJECTED GRADIENT <= PGTOL,49,2.380517207988305,2.6362548749893904,"[0.0, 0.0, 0.0, -0.0004846041015894403, 0.0, 0.0, 0.0, -0.1025104753229784, 0.0, 0.0, 0.0, 0.0, 0.0, 0.0, 0.0, -0.02656656809154777]"
kdv,256,0.01,0.021351872156777522,4,WSINDy,0.00010805309638230814,True,True,2,0,0,1.0,1.0,1.0,True,MSTLS support stable,7,0.0030381660035345703,0.2595887909992598,"[0.0, 0.0, 0.0, 0.0, 0.0, 0.0, -0.5000079997723379, 0.0, 0.0, 0.0, 0.0, 0.0, 0.0, -1.0001205418731802, 0.0, 0.0]"
kdv,256,0.01,0.021351872156777522,4,WENDy HT,0.0018665629272229842,True,True,2,0,0,1.0,1.0,1.0,True,IRLS step tolerance,3,2.054798541998025,2.3113491669937503,"[0.0, 0.0, 0.0, 0.0, 0.0, 0.0, -0.4988219763804255, 0.0, 0.0, 0.0, 0.0, 0.0, 0.0, -1.0017225944976484, 0.0, 0.0]"
kdv,256,0.01,0.021351872156777522,4,WENDy L1=1e-06,0.0030690041211391674,True,False,2,8,0,0.2,1.0,0.3333333333333333,True,IRLS step tolerance,9,2.020470583025599,2.277021208021324,"[-0.000207236672012847, 1.3600496859826598e-05, 2.2884702122289586e-06, 2.985792252099175e-06, 0.0, 0.0, -0.499526874835632, -9.41474037667908e-05, 0.0, 0.0, 0.0, 6.008007017159568e-06, 0.0, -0.996742374854134, -0.0009373939154497422, 8.222232680350024e-05]"
kdv,256,0.01,0.021351872156777522,4,WENDy L1=0.0001,0.28790180981696506,True,False,2,7,0,0.2222222222222222,1.0,0.36363636363636365,True,IRLS step tolerance,12,2.106098624994047,2.362649249989772,"[-0.0019776080730963194, 0.0, -0.00023384501119299818, 0.00016598871142091328, 0.0, 0.0, -0.47056066312868505, -0.005951571035666345, 0.0, 0.0, 0.0, 0.00023067175105188933, 0.0, -0.6892990687326255, -0.07830812573896709, 0.005995143083096621]"
kdv,256,0.01,0.021351872156777522,4,WENDy L1=0.01,1.004301813772602,True,False,0,3,2,0.0,0.0,0.0,True,IRLS step tolerance,7,2.0238029999891296,2.280353624984855,"[0.0, 0.0, 0.0, -0.0005015484865741457, 0.0, 0.0, 0.0, -0.10060927193037157, 0.0, 0.0, 0.0, 0.0, 0.0, 0.0, 0.0, -0.025596665494344858]"
kdv,256,0.01,0.021351872156777522,4,WENDy-MLE HT,0.0018051517653824647,True,True,2,0,0,1.0,1.0,1.0,False,A bad approximation caused failure to predict improvement.,2,2.1135072910110466,2.370057916006772,"[0.0, 0.0, 0.0, 0.0, 0.0, 0.0, -0.4988434646618994, 0.0, 0.0, 0.0, 0.0, 0.0, 0.0, -1.0016539776696811, 0.0, 0.0]"
kdv,256,0.01,0.021351872156777522,4,WENDy-MLE L1=1e-06,0.0023796008308671307,True,False,2,10,0,0.16666666666666666,1.0,0.2857142857142857,True,CONVERGENCE: RELATIVE REDUCTION OF F <= FACTR*EPSMCH,20,2.1383512080064975,2.3949018330022227,"[-0.0001100605038652876, 0.0013456585839012136, -0.0009902323380888147, 0.0001479855057683932, 0.0, 0.0, -0.4995240117052758, -9.33178546516985e-05, 0.0, 2.4967888680628252e-05, -0.00087329644326635, 0.00015521958351921402, 0.0, -0.9982171421027766, -0.0002270123037185613, -1.368115293965007e-06]"
kdv,256,0.01,0.021351872156777522,4,WENDy-MLE L1=0.0001,0.27592200553865603,True,False,2,7,0,0.2222222222222222,1.0,0.36363636363636365,True,CONVERGENCE: RELATIVE REDUCTION OF F <= FACTR*EPSMCH,77,2.4379723749880213,2.6945229999837466,"[-0.0017667627702988463, 0.0, -0.00021126271109332884, 0.00015408442847535602, 0.0, 0.0, -0.47129221054374487, -0.005811692555701433, 0.0, 0.0, 0.0, 0.00021457659593365479, 0.0, -0.7024445081491221, -0.07570692093474589, 0.005850983163710322]"
kdv,256,0.01,0.021351872156777522,4,WENDy-MLE L1=0.01,1.0044767085916468,True,False,0,3,2,0.0,0.0,0.0,True,CONVERGENCE: RELATIVE REDUCTION OF F <= FACTR*EPSMCH,33,2.2364286670053843,2.4929792920011096,"[0.0, 0.0, 0.0, -0.000490891781826216, 0.0, 0.0, 0.0, -0.10251987566441023, 0.0, 0.0, 0.0, 0.0, 0.0, 0.0, 0.0, -0.026575491489298518]"
kdv,256,0.01,0.021351872156777522,5,WSINDy,0.00019793386480007583,True,True,2,0,0,1.0,1.0,1.0,True,MSTLS support stable,5,0.0026910000015050173,0.26030950000858866,"[0.0, 0.0, 0.0, 0.0, 0.0, 0.0, -0.49997616475558077, 0.0, 0.0, 0.0, 0.0, 0.0, 0.0, -0.9997799905691411, 0.0, 0.0]"
kdv,256,0.01,0.021351872156777522,5,WENDy HT,0.001645347550121257,True,True,2,0,0,1.0,1.0,1.0,True,IRLS step tolerance,3,2.071387500007404,2.3290060000144877,"[0.0, 0.0, 0.0, 0.0, 0.0, 0.0, -0.500740881289098, 0.0, 0.0, 0.0, 0.0, 0.0, 0.0, -0.9983162376603787, 0.0, 0.0]"
kdv,256,0.01,0.021351872156777522,5,WENDy L1=1e-06,0.0038313656769628102,True,False,2,8,0,0.2,1.0,0.3333333333333333,True,IRLS step tolerance,14,2.0616914999845903,2.319309999991674,"[-0.00014706575618550025, 0.0, 1.2286662775172928e-05, 2.855486284683489e-06, 0.0, 0.0, -0.4997124651396393, -4.907468072716161e-05, 0.0, 0.0, 0.0001467671244835222, -1.652937923037356e-05, 0.0, -0.9958749576323933, -0.001093190289617544, 9.735636831795003e-05]"
kdv,256,0.01,0.021351872156777522,5,WENDy L1=0.0001,0.2886401696116188,True,False,2,7,0,0.2222222222222222,1.0,0.36363636363636365,True,IRLS step tolerance,9,2.0602653340029065,2.31788383400999,"[-0.0019210834828934187, 0.0, -0.000266533830988955, 0.00017424296274348635, 0.0, 0.0, -0.4706993368121989, -0.005914442502460353, 0.0, 0.0, 0.0, 0.0002328116832097549, 0.0, -0.6884605941241168, -0.07842967454112544, 0.00600528703509144]"
kdv,256,0.01,0.021351872156777522,5,WENDy L1=0.01,1.0043002293562435,True,False,0,3,2,0.0,0.0,0.0,True,IRLS step tolerance,7,2.036472584004514,2.2940910840115976,"[0.0, 0.0, 0.0, -0.0004994170464915627, 0.0, 0.0, 0.0, -0.10059253771064591, 0.0, 0.0, 0.0, 0.0, 0.0, 0.0, 0.0, -0.02558476687015122]"
kdv,256,0.01,0.021351872156777522,5,WENDy-MLE HT,0.0016679973951462205,True,True,2,0,0,1.0,1.0,1.0,False,A bad approximation caused failure to predict improvement.,2,2.074808875011513,2.3324273750185966,"[0.0, 0.0, 0.0, 0.0, 0.0, 0.0, -0.5007493506042482, 0.0, 0.0, 0.0, 0.0, 0.0, 0.0, -0.9982922989694677, 0.0, 0.0]"
kdv,256,0.01,0.021351872156777522,5,WENDy-MLE L1=1e-06,0.0034301916864709916,True,False,2,8,0,0.2,1.0,0.3333333333333333,True,CONVERGENCE: RELATIVE REDUCTION OF F <= FACTR*EPSMCH,99,2.5932413749978878,2.8508598750049714,"[-0.00013799003928406255, 0.0, 1.0018124978527538e-06, 4.9434969146134244e-06, 0.0, 0.0, -0.4997009232316449, -5.051302333563114e-05, 0.0, 0.0, 9.264073696507829e-05, -7.538426138365174e-06, 0.0, -0.9963023232036716, -0.0009530116836175211, 8.378241199463655e-05]"
kdv,256,0.01,0.021351872156777522,5,WENDy-MLE L1=0.0001,0.2788658120584025,True,False,2,6,0,0.25,1.0,0.4,True,CONVERGENCE: RELATIVE REDUCTION OF F <= FACTR*EPSMCH,64,2.433485917019425,2.6911044170265086,"[-0.0015001526867030048, 0.0, 0.0, 0.00010138008275605905, 0.0, 0.0, -0.47355967350671924, -0.0053385850062177154, 0.0, 0.0, 0.0, 0.00019930617009458648, 0.0, -0.6995521232097525, -0.07854397795498522, 0.006300909782357431]"
kdv,256,0.01,0.021351872156777522,5,WENDy-MLE L1=0.01,1.004475556406565,True,False,0,3,2,0.0,0.0,0.0,True,CONVERGENCE: NORM OF PROJECTED GRADIENT <= PGTOL,40,2.290442333003739,2.5480608330108225,"[0.0, 0.0, 0.0, -0.0004884874221976723, 0.0, 0.0, 0.0, -0.10250774423128975, 0.0, 0.0, 0.0, 0.0, 0.0, 0.0, 0.0, -0.026567894638058233]"
kdv,256,0.01,0.021351872156777522,6,WSINDy,0.00023630544556937048,True,True,2,0,0,1.0,1.0,1.0,True,MSTLS support stable,3,0.002863290981622413,0.2587235409882851,"[0.0, 0.0, 0.0, 0.0, 0.0, 0.0, -0.5000255131176106, 0.0, 0.0, 0.0, 0.0, 0.0, 0.0, -1.0002629627546573, 0.0, 0.0]"
kdv,256,0.01,0.021351872156777522,6,WENDy HT,0.0022636311912251476,True,True,2,0,0,1.0,1.0,1.0,True,IRLS step tolerance,3,2.045900041994173,2.3017602920008358,"[0.0, 0.0, 0.0, 0.0, 0.0, 0.0, -0.49770392768474364, 0.0, 0.0, 0.0, 0.0, 0.0, 0.0, -1.001064464482955, 0.0, 0.0]"
kdv,256,0.01,0.021351872156777522,6,WENDy L1=1e-06,0.00622294589627636,True,False,2,7,0,0.2222222222222222,1.0,0.36363636363636365,True,IRLS step tolerance,88,2.1267981250130106,2.3826583750196733,"[-0.00010534527674232853, 0.0, 0.0, 7.522276933878599e-06, 0.0, 0.0, -0.49986603243239475, -3.963756981849743e-05, 0.0, 0.0, 2.884888779791322e-05, 9.907080040438268e-06, 0.0, -0.9933634791556355, -0.0020722526048231452, 0.00019255308993156289]"
kdv,256,0.01,0.021351872156777522,6,WENDy L1=0.0001,0.2902168997302848,True,False,2,7,0,0.2222222222222222,1.0,0.36363636363636365,True,IRLS step tolerance,9,2.0452913749904837,2.3011516249971464,"[-0.0018695570523335142, 0.0, -0.0002722676759535444, 0.0001772802969567908, 0.0, 0.0, -0.4708866375780681, -0.005898146586090941, 0.0, 0.0, 0.0, 0.00023871867413758165, 0.0, -0.6867988666541719, -0.07914798565364997, 0.00607649210902111]"
kdv,256,0.01,0.021351872156777522,6,WENDy L1=0.01,1.004302189699606,True,False,0,3,2,0.0,0.0,0.0,True,IRLS step tolerance,7,2.020559124997817,2.2764193750044797,"[0.0, 0.0, 0.0, -0.0004988804747335581, 0.0, 0.0, 0.0, -0.10061455456205175, 0.0, 0.0, 0.0, 0.0, 0.0, 0.0, 0.0, -0.025594390456337893]"
kdv,256,0.01,0.021351872156777522,6,WENDy-MLE HT,0.0022540940424781246,True,True,2,0,0,1.0,1.0,1.0,False,A bad approximation caused failure to predict improvement.,2,2.0688468330190517,2.3247070830257144,"[0.0, 0.0, 0.0, 0.0, 0.0, 0.0, -0.49770878640863675, 0.0, 0.0, 0.0, 0.0, 0.0, 0.0, -1.0010495309519836, 0.0, 0.0]"
kdv,256,0.01,0.021351872156777522,6,WENDy-MLE L1=1e-06,0.00242339917039876,True,False,2,11,0,0.15384615384615385,1.0,0.26666666666666666,True,CONVERGENCE: RELATIVE REDUCTION OF F <= FACTR*EPSMCH,30,2.1939948750077747,2.4498551250144374,"[-0.00014343450015105952, -1.4279124929393045e-05, -2.59174645640343e-05, 1.6213090939590302e-05, 0.0, -0.00127392871496322, -0.4992796701499395, -0.0001058247983525938, 0.0, 0.00017701138295159188, -7.890026037010474e-05, 2.8803021042884122e-05, 0.0, -0.9978005584773425, -0.0005376227587159726, 3.781542817945083e-05]"
kdv,256,0.01,0.021351872156777522,6,WENDy-MLE L1=0.0001,0.2776046012102346,True,False,2,7,0,0.2222222222222222,1.0,0.36363636363636365,True,CONVERGENCE: NORM OF PROJECTED GRADIENT <= PGTOL,98,2.6238827079941984,2.879742958000861,"[-0.001651654988206355, 0.0, -0.00024337393191309334, 0.00016351358154745714, 0.0, 0.0, -0.4716578613234476, -0.005750448816322114, 0.0, 0.0, 0.0, 0.0002218580359416454, 0.0, -0.7006204179758616, -0.07634191489745099, 0.005912996204036959]"
kdv,256,0.01,0.021351872156777522,6,WENDy-MLE L1=0.01,1.0044777857905662,True,False,0,3,2,0.0,0.0,0.0,True,CONVERGENCE: NORM OF PROJECTED GRADIENT <= PGTOL,33,2.212015415978385,2.467875665985048,"[0.0, 0.0, 0.0, -0.000488362914875431, 0.0, 0.0, 0.0, -0.10253246954140996, 0.0, 0.0, 0.0, 0.0, 0.0, 0.0, 0.0, -0.026577845563587638]"
kdv,256,0.01,0.021351872156777522,7,WSINDy,0.0002386886120079519,True,True,2,0,0,1.0,1.0,1.0,True,MSTLS support stable,5,0.002949375018943101,0.2588157500140369,"[0.0, 0.0, 0.0, 0.0, 0.0, 0.0, -0.5000234928248245, 0.0, 0.0, 0.0, 0.0, 0.0, 0.0, -1.000265825890499, 0.0, 0.0]"
kdv,256,0.01,0.021351872156777522,7,WENDy HT,0.0006039475048861474,True,True,2,0,0,1.0,1.0,1.0,True,IRLS step tolerance,3,2.024010459019337,2.2798768340144306,"[0.0, 0.0, 0.0, 0.0, 0.0, 0.0, -0.500154484840124, 0.0, 0.0, 0.0, 0.0, 0.0, 0.0, -1.0006573242502712, 0.0, 0.0]"
kdv,256,0.01,0.021351872156777522,7,WENDy L1=1e-06,0.003166600051212923,True,False,2,8,0,0.2,1.0,0.3333333333333333,True,IRLS step tolerance,8,2.019949292007368,2.275815667002462,"[0.0, -0.00024535131865055954, 0.0, 2.0997069586422073e-05, 0.0, 0.0, -0.5000056091425836, -6.112762589491879e-06, 0.0, 0.000385490893503975, 0.00010401501091032203, -2.3700028395136784e-05, 0.0, -0.9967308810240917, -0.001268047196651759, 0.00013572496524228588]"
kdv,256,0.01,0.021351872156777522,7,WENDy L1=0.0001,0.2877778625442412,True,False,2,7,0,0.2222222222222222,1.0,0.36363636363636365,True,IRLS step tolerance,9,2.054733083001338,2.3105994579964317,"[-0.0016979743312991054, 0.0, -0.0004794670210316554, 0.00022246355673328046, 0.0, 0.0, -0.4710558528972357, -0.0058610263475772665, 0.0, 0.0, 0.0, 0.00022819439827358886, 0.0, -0.6894651814449387, -0.07858994005983214, 0.006044886269189346]"
kdv,256,0.01,0.021351872156777522,7,WENDy L1=0.01,1.0043021917886408,True,False,0,3,2,0.0,0.0,0.0,True,IRLS step tolerance,7,2.019524207978975,2.275390582974069,"[0.0, 0.0, 0.0, -0.0004959477295429866, 0.0, 0.0, 0.0, -0.10061537357642895, 0.0, 0.0, 0.0, 0.0, 0.0, 0.0, 0.0, -0.02559133007993026]"
kdv,256,0.01,0.021351872156777522,7,WENDy-MLE HT,0.0006048913829669086,True,True,2,0,0,1.0,1.0,1.0,False,A bad approximation caused failure to predict improvement.,2,2.058339707989944,2.314206082985038,"[0.0, 0.0, 0.0, 0.0, 0.0, 0.0, -0.5001528155287236, 0.0, 0.0, 0.0, 0.0, 0.0, 0.0, -1.000658797689481, 0.0, 0.0]"
kdv,256,0.01,0.021351872156777522,7,WENDy-MLE L1=1e-06,0.002007906722218324,True,False,2,11,0,0.15384615384615385,1.0,0.26666666666666666,True,CONVERGENCE: RELATIVE REDUCTION OF F <= FACTR*EPSMCH,35,2.2566024160187226,2.5124687910138164,"[0.00018498868251832414, -0.0013557370353849596, 0.00047160515599927567, -2.632231339909309e-05, 0.0, -4.971727065541353e-06, -0.4997423685057996, -5.811095311243267e-05, 0.0, 0.0002722894271039487, -6.638274688841871e-05, 1.4127396870398011e-05, 0.0, -0.9984374104345313, -0.0005921684382390446, 5.8230281183358515e-05]"
kdv,256,0.01,0.021351872156777522,7,WENDy-MLE L1=0.0001,0.2781286535454375,True,False,2,7,0,0.2222222222222222,1.0,0.36363636363636365,True,CONVERGENCE: RELATIVE REDUCTION OF F <= FACTR*EPSMCH,74,2.4583316659845877,2.7141980409796815,"[-0.001749186629761065, 0.0, -0.001049903798947455, 0.00037067344121754744, 0.0, 0.0, -0.4694256010899139, -0.006206457865474607, 0.0, 0.0, 0.0, 0.0002656891140292457, 0.0, -0.699911084824594, -0.07504309102014058, 0.005650526827759957]"
kdv,256,0.01,0.021351872156777522,7,WENDy-MLE L1=0.01,1.004478319782881,True,False,0,3,2,0.0,0.0,0.0,True,CONVERGENCE: NORM OF PROJECTED GRADIENT <= PGTOL,41,2.26967887498904,2.525545249984134,"[0.0, 0.0, 0.0, -0.00048546398895640044, 0.0, 0.0, 0.0, -0.10253866221080513, 0.0, 0.0, 0.0, 0.0, 0.0, 0.0, 0.0, -0.026579234733795493]"
kdv,256,0.01,0.021351872156777522,8,WSINDy,0.00042180448471706354,True,True,2,0,0,1.0,1.0,1.0,True,MSTLS support stable,3,0.002872916986234486,0.25782716798130423,"[0.0, 0.0, 0.0, 0.0, 0.0, 0.0, -0.4999206740331452, 0.0, 0.0, 0.0, 0.0, 0.0, 0.0, -0.9995351277916009, 0.0, 0.0]"
kdv,256,0.01,0.021351872156777522,8,WENDy HT,0.0010542850437258388,True,True,2,0,0,1.0,1.0,1.0,True,IRLS step tolerance,3,2.0293283330101985,2.2842825840052683,"[0.0, 0.0, 0.0, 0.0, 0.0, 0.0, -0.49882479300142796, 0.0, 0.0, 0.0, 0.0, 0.0, 0.0, -0.9999089796600353, 0.0, 0.0]"
kdv,256,0.01,0.021351872156777522,8,WENDy L1=1e-06,0.00493579233616241,True,False,2,7,0,0.2222222222222222,1.0,0.36363636363636365,True,IRLS step tolerance,5,2.0243855829758104,2.27933983397088,"[0.0, 0.0, -0.00012658928022699762, 2.8229290562993506e-05, 0.0, 0.0, -0.49946125569842437, -9.525787258453092e-05, 0.0, 0.0, 1.7284768961478707e-06, 1.0340401353078826e-05, 0.0, -0.9946861691701605, -0.001373053970905899, 0.00011929397285773656]"
kdv,256,0.01,0.021351872156777522,8,WENDy L1=0.0001,0.2894231736984044,True,False,2,7,0,0.2222222222222222,1.0,0.36363636363636365,True,IRLS step tolerance,26,2.036155250010779,2.291109501005849,"[-0.0017157591530734353, 0.0, -0.0004001033097216319, 0.00019769298003547835, 0.0, 0.0, -0.4704984825115569, -0.005951772234225468, 0.0, 0.0, 0.0, 0.00023433614354931794, 0.0, -0.6876173616138925, -0.07860741077761912, 0.006018140320955465]"
kdv,256,0.01,0.021351872156777522,8,WENDy L1=0.01,1.004299804961897,True,False,0,3,2,0.0,0.0,0.0,True,IRLS step tolerance,7,2.007435167004587,2.262389417999657,"[0.0, 0.0, 0.0, -0.0005030123905867126, 0.0, 0.0, 0.0, -0.10058840539213841, 0.0, 0.0, 0.0, 0.0, 0.0, 0.0, 0.0, -0.02558011898589486]"
kdv,256,0.01,0.021351872156777522,8,WENDy-MLE HT,0.0010511493228986812,True,True,2,0,0,1.0,1.0,1.0,False,A bad approximation caused failure to predict improvement.,2,2.057279250002466,2.312233500997536,"[0.0, 0.0, 0.0, 0.0, 0.0, 0.0, -0.4988306992202705, 0.0, 0.0, 0.0, 0.0, 0.0, 0.0, -0.9998821895152715, 0.0, 0.0]"
kdv,256,0.01,0.021351872156777522,8,WENDy-MLE L1=1e-06,0.00529458624634447,True,False,2,6,0,0.25,1.0,0.4,True,CONVERGENCE: RELATIVE REDUCTION OF F <= FACTR*EPSMCH,81,2.46520945901284,2.7201637100079097,"[0.0, 0.0, -0.0001288495732154213, 2.915324941910971e-05, 0.0, 0.0, -0.4995184561966671, -8.300338624637575e-05, 0.0, 0.0, 0.0, 1.1357068756231265e-05, 0.0, -0.9943106027375309, -0.0015476338610579744, 0.0001415539393807774]"
kdv,256,0.01,0.021351872156777522,8,WENDy-MLE L1=0.0001,0.2769729183071467,True,False,2,7,0,0.2222222222222222,1.0,0.36363636363636365,True,CONVERGENCE: RELATIVE REDUCTION OF F <= FACTR*EPSMCH,76,2.3858074590098113,2.640761710004881,"[-0.0014996082590889735, 0.0, -0.00037546363414710406, 0.00018512685982670262, 0.0, 0.0, -0.47127734586047393, -0.005802524317942417, 0.0, 0.0, 0.0, 0.0002180984493196664, 0.0, -0.7012664174610808, -0.07586341425870699, 0.005861236977635915]"
kdv,256,0.01,0.021351872156777522,8,WENDy-MLE L1=0.01,1.004475112299408,True,False,0,3,2,0.0,0.0,0.0,True,CONVERGENCE: NORM OF PROJECTED GRADIENT <= PGTOL,33,2.270301540993387,2.5252557919884566,"[0.0, 0.0, 0.0, -0.000492308120740571, 0.0, 0.0, 0.0, -0.10250334173906397, 0.0, 0.0, 0.0, 0.0, 0.0, 0.0, 0.0, -0.026563821283359226]"
kdv,256,0.01,0.021351872156777522,9,WSINDy,0.0001456720261620679,True,True,2,0,0,1.0,1.0,1.0,True,MSTLS support stable,7,0.0025702080165501684,0.25772104202769697,"[0.0, 0.0, 0.0, 0.0, 0.0, 0.0, -0.49997337509902506, 0.0, 0.0, 0.0, 0.0, 0.0, 0.0, -1.000160675258381, 0.0, 0.0]"
kdv,256,0.01,0.021351872156777522,9,WENDy HT,0.0024839430549223425,True,True,2,0,0,1.0,1.0,1.0,True,IRLS step tolerance,3,2.007715375017142,2.2628662090282887,"[0.0, 0.0, 0.0, 0.0, 0.0, 0.0, -0.49924430643945333, 0.0, 0.0, 0.0, 0.0, 0.0, 0.0, -1.0026723386046064, 0.0, 0.0]"
kdv,256,0.01,0.021351872156777522,9,WENDy L1=1e-06,0.0027990414594654166,True,False,2,8,0,0.2,1.0,0.3333333333333333,True,IRLS step tolerance,5,2.011107667000033,2.2662585010111798,"[0.00010382331567677488, 0.0, -8.445282023853669e-05, 1.9036258723828367e-05, 0.0, 0.0, -0.5000009041824898, 3.683907094539117e-06, 0.0, 0.0, -0.00029712440846950877, 5.0256734861618796e-05, 0.0, -0.9970710141631566, -0.001045564625100561, 0.00010968576011267573]"
kdv,256,0.01,0.021351872156777522,9,WENDy L1=0.0001,0.28699755515024095,True,False,2,7,0,0.2222222222222222,1.0,0.36363636363636365,True,IRLS step tolerance,12,2.032975499983877,2.2881263339950237,"[-0.0016768674382246955, 0.0, -0.0002759637749151837, 0.0001720185714343455, 0.0, 0.0, -0.4711742835129077, -0.005826607592672212, 0.0, 0.0, 0.0, 0.00022285859276939367, 0.0, -0.6902846548689294, -0.07830604645802973, 0.006018747580627796]"
kdv,256,0.01,0.021351872156777522,9,WENDy L1=0.01,1.0043014901397946,True,False,0,3,2,0.0,0.0,0.0,True,IRLS step tolerance,7,2.0221267910092138,2.2772776250203606,"[0.0, 0.0, 0.0, -0.0004982321801880047, 0.0, 0.0, 0.0, -0.10060645997801268, 0.0, 0.0, 0.0, 0.0, 0.0, 0.0, 0.0, -0.0255919097890766]"
kdv,256,0.01,0.021351872156777522,9,WENDy-MLE HT,0.002515988159952866,True,True,2,0,0,1.0,1.0,1.0,False,A bad approximation caused failure to predict improvement.,2,2.0761121250106953,2.331262959021842,"[0.0, 0.0, 0.0, 0.0, 0.0, 0.0, -0.49923632875296825, 0.0, 0.0, 0.0, 0.0, 0.0, 0.0, -1.0027073144909182, 0.0, 0.0]"
kdv,256,0.01,0.021351872156777522,9,WENDy-MLE L1=1e-06,0.003020469230951073,True,False,2,11,0,0.15384615384615385,1.0,0.26666666666666666,True,CONVERGENCE: RELATIVE REDUCTION OF F <= FACTR*EPSMCH,25,2.1578095000004396,2.4129603340115864,"[0.00017977223452057855, 0.00079120280453202, -0.0006596639590482855, 0.00010316075649898833, 0.0, -0.001140589943309049, -0.49915094106602736, -0.0001295688129996759, 0.0, -0.0005461355621038571, -0.00028765802173653286, 6.528464974013266e-05, 0.0, -0.9972251837084096, -0.000420006337014076, 2.3946499971330997e-06]"
kdv,256,0.01,0.021351872156777522,9,WENDy-MLE L1=0.0001,0.2745685557183383,True,False,2,7,0,0.2222222222222222,1.0,0.36363636363636365,True,CONVERGENCE: NORM OF PROJECTED GRADIENT <= PGTOL,79,2.457799249998061,2.712950084009208,"[-0.0014584359339648372, 0.0, -0.000251675455522283, 0.00015935322964720765, 0.0, 0.0, -0.47191932236681233, -0.005684166555501955, 0.0, 0.0, 0.0, 0.0002061258697711304, 0.0, -0.7039064462731593, -0.07553858069930583, 0.00585683710792343]"
kdv,256,0.01,0.021351872156777522,9,WENDy-MLE L1=0.01,1.0044773003425684,True,False,0,3,2,0.0,0.0,0.0,True,CONVERGENCE: NORM OF PROJECTED GRADIENT <= PGTOL,29,2.2146685830084607,2.4698194170196075,"[0.0, 0.0, 0.0, -0.00048731640198970976, 0.0, 0.0, 0.0, -0.10252632720627751, 0.0, 0.0, 0.0, 0.0, 0.0, 0.0, 0.0, -0.026578626407024013]"
kdv,256,0.1,0.21351872156777524,0,WSINDy,0.003992797389178844,True,True,2,0,0,1.0,1.0,1.0,True,MSTLS support stable,4,0.0029165419982746243,0.25855679201777093,"[0.0, 0.0, 0.0, 0.0, 0.0, 0.0, -0.5002574429207032, 0.0, 0.0, 0.0, 0.0, 0.0, 0.0, -1.0044566536640591, 0.0, 0.0]"
kdv,256,0.1,0.21351872156777524,0,WENDy HT,0.02820935322120727,True,True,2,0,0,1.0,1.0,1.0,True,IRLS step tolerance,4,2.137811499997042,2.3934517500165384,"[0.0, 0.0, 0.0, 0.0, 0.0, 0.0, -0.49704568229886537, 0.0, 0.0, 0.0, 0.0, 0.0, 0.0, -1.0314003426473233, 0.0, 0.0]"
kdv,256,0.1,0.21351872156777524,0,WENDy L1=1e-06,0.014680137274571878,True,False,2,8,0,0.2,1.0,0.3333333333333333,True,IRLS step tolerance,8,1.9875006669899449,2.243140917009441,"[0.0008022465136169804, 0.007505021717989159, -0.0047513939370091894, 0.0006292553869616035, 0.0, 0.0, -0.5046124140425665, 0.0007698835049983272, 0.0, -0.006993755670244619, 0.0, 0.00018422738744092333, 0.0, -1.0108902438319134, 0.0, 0.0001769975207533249]"
kdv,256,0.1,0.21351872156777524,0,WENDy L1=0.0001,0.2785435813892889,True,False,2,7,0,0.2222222222222222,1.0,0.36363636363636365,True,IRLS step tolerance,13,2.023291874997085,2.2789321250165813,"[-0.0009575542335046463, 0.0, -0.0001504618797339878, 0.0001285956046521271, 0.0, 0.0, -0.4747047278298521, -0.005236825790939653, 0.0, 0.0, 0.0, 0.000244781799938807, 0.0, -0.6997459813362633, -0.07826100120904915, 0.006132474225379318]"
kdv,256,0.1,0.21351872156777524,0,WENDy L1=0.01,1.0042642074604178,True,False,0,3,2,0.0,0.0,0.0,True,IRLS step tolerance,7,1.9846491670177784,2.2402894170372747,"[0.0, 0.0, 0.0, -0.00048770927436087724, 0.0, 0.0, 0.0, -0.10016244124336324, 0.0, 0.0, 0.0, 0.0, 0.0, 0.0, 0.0, -0.025504813005782632]"
kdv,256,0.1,0.21351872156777524,0,WENDy-MLE HT,0.02490860118204759,True,True,2,0,0,1.0,1.0,1.0,True,Optimization terminated successfully.,3,2.0566442499984987,2.312284500017995,"[0.0, 0.0, 0.0, 0.0, 0.0, 0.0, -0.4981961055698828, 0.0, 0.0, 0.0, 0.0, 0.0, 0.0, -1.0277901777781804, 0.0, 0.0]"
kdv,256,0.1,0.21351872156777524,0,WENDy-MLE L1=1e-06,0.037043537089631526,True,False,2,11,0,0.15384615384615385,1.0,0.26666666666666666,True,CONVERGENCE: RELATIVE REDUCTION OF F <= FACTR*EPSMCH,34,2.1990967919991817,2.454737042018678,"[0.0010574732039450344, 0.01714929137985254, -0.010559413529850003, 0.0014040233462713678, 0.0, -0.02349309633351507, -0.49347139718885386, -0.0005743666354933744, 0.0, -0.00040526913957955824, -0.0035644459999875514, 0.000630468096217171, 0.0, -1.0258253065229586, 0.00559660182067962, -0.0004207917763809229]"
kdv,256,0.1,0.21351872156777524,0,WENDy-MLE L1=0.0001,0.26639065786659416,True,False,2,7,0,0.2222222222222222,1.0,0.36363636363636365,True,CONVERGENCE: RELATIVE REDUCTION OF F <= FACTR*EPSMCH,78,2.4127217089990154,2.6683619590185117,"[-0.0007382640053818084, 0.0, -0.00014686566181894287, 0.00012154132684577849, 0.0, 0.0, -0.47542791859165145, -0.005101135214450084, 0.0, 0.0, 0.0, 0.00023040734285131905, 0.0, -0.7131124713386874, -0.07572359820821253, 0.006001465898853421]"
kdv,256,0.1,0.21351872156777524,0,WENDy-MLE L1=0.01,1.0045492639583742,True,False,0,3,2,0.0,0.0,0.0,True,CONVERGENCE: RELATIVE REDUCTION OF F <= FACTR*EPSMCH,34,2.1986386250064243,2.4542788750259206,"[0.0, 0.0, 0.0, -0.0006451581513138779, 0.0, 0.0, 0.0, -0.10330551837861138, 0.0, 0.0, 0.0, 0.0, 0.0, 0.0, 0.0, -0.026955209007270855]"
kdv,256,0.1,0.21351872156777524,1,WSINDy,0.002983374231842946,True,True,2,0,0,1.0,1.0,1.0,True,MSTLS support stable,4,0.0030721249931957573,0.25829591701040044,"[0.0, 0.0, 0.0, 0.0, 0.0, 0.0, -0.49993958208217326, 0.0, 0.0, 0.0, 0.0, 0.0, 0.0, -0.9966650334433107, 0.0, 0.0]"
kdv,256,0.1,0.21351872156777524,1,WENDy HT,0.012499374746766012,True,True,2,0,0,1.0,1.0,1.0,True,IRLS step tolerance,5,2.002575207996415,2.2577990000136197,"[0.0, 0.0, 0.0, 0.0, 0.0, 0.0, -0.49676795895148845, 0.0, 0.0, 0.0, 0.0, 0.0, 0.0, -0.9864041597543274, 0.0, 0.0]"
kdv,256,0.1,0.21351872156777524,1,WENDy L1=1e-06,0.018026034304140286,True,False,2,10,0,0.16666666666666666,1.0,0.2857142857142857,True,IRLS step tolerance,6,1.9748110410000663,2.230034833017271,"[-0.0006936607425021133, 0.0077201099903719365, -0.006664396815115938, 0.0011095409761923691, 0.0, 0.00021689804169360477, -0.49362822745586554, -0.001304513428501878, 0.0, 0.0, -0.005068413379454046, 0.000909875814467084, 0.0, -0.9848150616419434, 0.000855250472130641, -0.0005167992362517559]"
kdv,256,0.1,0.21351872156777524,1,WENDy L1=0.0001,0.2947300972845572,True,False,2,7,0,0.2222222222222222,1.0,0.36363636363636365,True,IRLS step tolerance,11,2.004960582999047,2.2601843750162516,"[-0.0028619203864557506, 0.0, -0.0013192537422551775, 0.0004596350836660346, 0.0, 0.0, -0.4640963853832066, -0.007229916733744324, 0.0, 0.0, 0.0, 0.0002649108615752729, 0.0, -0.6812422556548733, -0.07481624406247026, 0.005173408128084841]"
kdv,256,0.1,0.21351872156777524,1,WENDy L1=0.01,1.0042463649786952,True,False,0,3,2,0.0,0.0,0.0,True,IRLS step tolerance,7,2.0031019579910208,2.2583257500082254,"[0.0, 0.0, 0.0, -0.00047469194937053234, 0.0, 0.0, 0.0, -0.09996861156332126, 0.0, 0.0, 0.0, 0.0, 0.0, 0.0, 0.0, -0.02538707024861543]"
kdv,256,0.1,0.21351872156777524,1,WENDy-MLE HT,0.013430179989980971,True,True,2,0,0,1.0,1.0,1.0,True,Optimization terminated successfully.,3,2.0224421249877196,2.2776659170049243,"[0.0, 0.0, 0.0, 0.0, 0.0, 0.0, -0.49701579871418283, 0.0, 0.0, 0.0, 0.0, 0.0, 0.0, -0.9852841340421356, 0.0, 0.0]"
kdv,256,0.1,0.21351872156777524,1,WENDy-MLE L1=1e-06,0.02005230228511167,True,False,2,10,0,0.16666666666666666,1.0,0.2857142857142857,True,CONVERGENCE: RELATIVE REDUCTION OF F <= FACTR*EPSMCH,57,2.2677089589997195,2.522932751016924,"[-0.0002299814641975326, 0.008553533895133738, -0.007378098405616437, 0.0012159099297616033, 0.0, -0.010842063193205522, -0.4875763616898013, -0.0020894078270450056, 0.0, 0.0, -0.005517692370131405, 0.0009851065837927226, 0.0, -0.9932306762353671, 0.004374772395541916, -0.000920563428377588]"
kdv,256,0.1,0.21351872156777524,1,WENDy-MLE L1=0.0001,0.2818530281511513,True,False,2,7,0,0.2222222222222222,1.0,0.36363636363636365,True,CONVERGENCE: NORM OF PROJECTED GRADIENT <= PGTOL,116,2.6904456249903888,2.9456694170075934,"[-0.00262441366631181, 0.0, -0.0013036399219179455, 0.000448317091500872, 0.0, 0.0, -0.46489034624116704, -0.007077160739651745, 0.0, 0.0, 0.0, 0.0002460532993844746, 0.0, -0.6953902642647254, -0.07209274080777607, 0.005033380553615785]"
kdv,256,0.1,0.21351872156777524,1,WENDy-MLE L1=0.01,1.004415290880418,True,False,0,3,2,0.0,0.0,0.0,True,CONVERGENCE: NORM OF PROJECTED GRADIENT <= PGTOL,41,2.196464291017037,2.4516880830342416,"[0.0, 0.0, 0.0, -0.000464578101867403, 0.0, 0.0, 0.0, -0.10183114429688706, 0.0, 0.0, 0.0, 0.0, 0.0, 0.0, 0.0, -0.026321054526124675]"
kdv,256,0.1,0.21351872156777524,2,WSINDy,0.0007583217802266073,True,True,2,0,0,1.0,1.0,1.0,True,MSTLS support stable,4,0.002760292001767084,0.2579775839985814,"[0.0, 0.0, 0.0, 0.0, 0.0, 0.0, -0.5008212773614216, 0.0, 0.0, 0.0, 0.0, 0.0, 0.0, -1.0002105193543929, 0.0, 0.0]"
kdv,256,0.1,0.21351872156777524,2,WENDy HT,0.027895235521199203,True,True,2,0,0,1.0,1.0,1.0,True,IRLS step tolerance,4,1.9484087500022724,2.2036260419990867,"[0.0, 0.0, 0.0, 0.0, 0.0, 0.0, -0.5113171870639027, 0.0, 0.0, 0.0, 0.0, 0.0, 0.0, -0.9709379718027182, 0.0, 0.0]"
kdv,256,0.1,0.21351872156777524,2,WENDy L1=1e-06,0.01936368305731717,True,False,2,10,0,0.16666666666666666,1.0,0.2857142857142857,True,IRLS step tolerance,10,1.9929798750090413,2.2481971670058556,"[-0.0024161071517922747, 0.008869430728417668, -0.004910944451243184, 0.0006689924378564565, 0.0, 0.0027332617557614277, -0.5022767963516592, 0.00023067542234168797, 0.0, 0.0, 0.001802886427415004, -0.00028979805558260283, 0.0, -0.9824933770380463, -0.006059036964378554, 0.0006205513485980277]"
kdv,256,0.1,0.21351872156777524,2,WENDy L1=0.0001,0.2984454014472321,True,False,2,7,0,0.2222222222222222,1.0,0.36363636363636365,True,IRLS step tolerance,19,1.9822874999954365,2.237504791992251,"[-0.003088427231861093, 0.0, -0.000984898905679786, 0.00037558408210073896, 0.0, 0.0, -0.47085811782874454, -0.005962811118712405, 0.0, 0.0, 0.0, 0.00029646937295299785, 0.0, -0.6780355984406213, -0.08209731095215067, 0.0063628562888801725]"
kdv,256,0.1,0.21351872156777524,2,WENDy L1=0.01,1.004254608304473,True,False,0,3,2,0.0,0.0,0.0,True,IRLS step tolerance,7,2.0209272910142317,2.276144583011046,"[0.0, 0.0, 0.0, -0.0004742743097384012, 0.0, 0.0, 0.0, -0.10006267159463225, 0.0, 0.0, 0.0, 0.0, 0.0, 0.0, 0.0, -0.02542409670346566]"
kdv,256,0.1,0.21351872156777524,2,WENDy-MLE HT,0.027395667661116764,True,True,2,0,0,1.0,1.0,1.0,True,Optimization terminated successfully.,3,2.082486458995845,2.3377037509926595,"[0.0, 0.0, 0.0, 0.0, 0.0, 0.0, -0.5108039494520814, 0.0, 0.0, 0.0, 0.0, 0.0, 0.0, -0.9713394359007919, 0.0, 0.0]"
kdv,256,0.1,0.21351872156777524,2,WENDy-MLE L1=1e-06,0.019445625240169382,True,False,2,10,0,0.16666666666666666,1.0,0.2857142857142857,True,CONVERGENCE: RELATIVE REDUCTION OF F <= FACTR*EPSMCH,164,2.762657457991736,3.0178747499885503,"[-0.002473034719770729, 0.00981612138047059, -0.005536211821842769, 0.0007595695946520383, 0.0, 0.0016630034994761357, -0.5015759496809757, 0.00012994936536790496, 0.0, 0.0, 0.0016641825239951844, -0.00026238388005372937, 0.0, -0.9827476015416997, -0.00573510066722927, 0.000570642939972178]"
kdv,256,0.1,0.21351872156777524,2,WENDy-MLE L1=0.0001,0.2885462470336341,True,False,2,7,0,0.2222222222222222,1.0,0.36363636363636365,True,CONVERGENCE: RELATIVE REDUCTION OF F <= FACTR*EPSMCH,98,2.433749708987307,2.688967000984121,"[-0.002691790575064179, 0.0, -0.0015944425248735983, 0.0005089069047802707, 0.0, 0.0, -0.47073642616178557, -0.005982719411204156, 0.0, 0.0, 0.0, 0.0002979636339589591, 0.0, -0.6890967130186426, -0.0804392648357479, 0.006328998814822612]"
kdv,256,0.1,0.21351872156777524,2,WENDy-MLE L1=0.01,1.0044307023584198,True,False,0,3,2,0.0,0.0,0.0,True,CONVERGENCE: NORM OF PROJECTED GRADIENT <= PGTOL,41,2.1543475420039613,2.4095648340007756,"[0.0, 0.0, 0.0, -0.00045971987821855043, 0.0, 0.0, 0.0, -0.10199684488140676, 0.0, 0.0, 0.0, 0.0, 0.0, 0.0, 0.0, -0.026414524265208315]"
kdv,256,0.1,0.21351872156777524,3,WSINDy,0.002084630848404314,True,True,2,0,0,1.0,1.0,1.0,True,MSTLS support stable,4,0.0028139589994680136,0.26030041798367165,"[0.0, 0.0, 0.0, 0.0, 0.0, 0.0, -0.49954990174916614, 0.0, 0.0, 0.0, 0.0, 0.0, 0.0, -0.9977131858881306, 0.0, 0.0]"
kdv,256,0.1,0.21351872156777524,3,WENDy HT,0.036348107759644824,True,True,2,0,0,1.0,1.0,1.0,True,IRLS step tolerance,5,1.9266910410078708,2.1841774999920744,"[0.0, 0.0, 0.0, 0.0, 0.0, 0.0, -0.5211276050301434, 0.0, 0.0, 0.0, 0.0, 0.0, 0.0, -0.9652853708384534, 0.0, 0.0]"
kdv,256,0.1,0.21351872156777524,3,WENDy L1=1e-06,0.04054490535534338,True,False,2,10,0,0.16666666666666666,1.0,0.2857142857142857,True,IRLS step tolerance,6,1.8989077919977717,2.1563942509819753,"[-0.00131826580987037, -0.001263920253892321, 0.002543267649856452, -0.0004732949019772799, 0.0, 0.029997570721446588, -0.5151303704595824, 0.0019748756645910975, 0.0, 0.0, -0.0007058539415563911, 1.0254873532221475e-05, 0.0, -0.9713184590057915, -0.009383046761119049, 0.0009904351010715925]"
kdv,256,0.1,0.21351872156777524,3,WENDy L1=0.0001,0.29475918594663025,True,False,2,6,0,0.25,1.0,0.4,True,IRLS step tolerance,8,1.9023600420041475,2.159846500988351,"[-0.0015683501408833545, 0.0, 0.0, 0.00013098857407368452, 0.0, 0.0, -0.471427868566461, -0.0056436154480054125, 0.0, 0.0, 0.0, 0.00017177907773936095, 0.0, -0.6816795683899007, -0.07992016310637849, 0.006153778945272653]"
kdv,256,0.1,0.21351872156777524,3,WENDy L1=0.01,1.0042330580895615,True,False,0,3,2,0.0,0.0,0.0,True,IRLS step tolerance,7,1.8484762500156648,2.1059627089998685,"[0.0, 0.0, 0.0, -0.00045258046157724, 0.0, 0.0, 0.0, -0.09982036260437191, 0.0, 0.0, 0.0, 0.0, 0.0, 0.0, 0.0, -0.02531272566019442]"
kdv,256,0.1,0.21351872156777524,3,WENDy-MLE HT,0.035878599929319854,True,True,2,0,0,1.0,1.0,1.0,False,A bad approximation caused failure to predict improvement.,3,1.922329416993307,2.1798158759775106,"[0.0, 0.0, 0.0, 0.0, 0.0, 0.0, -0.5208653018455697, 0.0, 0.0, 0.0, 0.0, 0.0, 0.0, -0.9657402335821812, 0.0, 0.0]"
kdv,256,0.1,0.21351872156777524,3,WENDy-MLE L1=1e-06,0.03967804355365146,True,False,2,10,0,0.16666666666666666,1.0,0.2857142857142857,True,CONVERGENCE: NORM OF PROJECTED GRADIENT <= PGTOL,227,2.9891476659977343,3.246634124981938,"[-0.0012979658847097814, -0.0011987935773282135, 0.002509991671945831, -0.00046960599422991503, 0.0, 0.029291130675666976, -0.5147776640349266, 0.0019304882804198928, 0.0, 0.0, -0.000650804692909136, 5.639269207072909e-07, 0.0, -0.9718331267238817, -0.009137657306821536, 0.000960188512592114]"
kdv,256,0.1,0.21351872156777524,3,WENDy-MLE L1=0.0001,0.14759338319356896,True,False,2,9,0,0.18181818181818182,1.0,0.3076923076923077,True,CONVERGENCE: RELATIVE REDUCTION OF F <= FACTR*EPSMCH,30,2.069472666014917,2.326959124999121,"[-0.00030987997490507577, 0.0, -3.370401331999245e-05, 6.199252265666996e-05, 0.0, 0.011443094617889393, -0.48553494695713123, -0.0030983845000599796, 0.0, 0.0, -0.0006560551956606666, 0.00020400124434808388, 0.0, -0.8371869123190174, -0.019260482691585853, -0.0005792662509933058]"
kdv,256,0.1,0.21351872156777524,3,WENDy-MLE L1=0.01,1.0044104194682713,True,False,0,3,2,0.0,0.0,0.0,True,CONVERGENCE: NORM OF PROJECTED GRADIENT <= PGTOL,42,2.1170075830013957,2.3744940419855993,"[0.0, 0.0, 0.0, -0.00043715407890584804, 0.0, 0.0, 0.0, -0.10178002486503118, 0.0, 0.0, 0.0, 0.0, 0.0, 0.0, 0.0, -0.02628685708335498]"
kdv,256,0.1,0.21351872156777524,4,WSINDy,0.00036624425429123564,True,True,2,0,0,1.0,1.0,1.0,True,MSTLS support stable,7,0.0030366659921128303,0.2585652079724241,"[0.0, 0.0, 0.0, 0.0, 0.0, 0.0, -0.5000072283113136, 0.0, 0.0, 0.0, 0.0, 0.0, 0.0, -1.0004094097199228, 0.0, 0.0]"
kdv,256,0.1,0.21351872156777524,4,WENDy HT,0.009719623560622457,True,True,2,0,0,1.0,1.0,1.0,True,IRLS step tolerance,5,1.8526444580056705,2.1081729999859817,"[0.0, 0.0, 0.0, 0.0, 0.0, 0.0, -0.4917160760451549, 0.0, 0.0, 0.0, 0.0, 0.0, 0.0, -1.007033168319513, 0.0, 0.0]"
kdv,256,0.1,0.21351872156777524,4,WENDy L1=1e-06,0.019333147602790056,True,False,2,10,0,0.16666666666666666,1.0,0.2857142857142857,True,IRLS step tolerance,80,1.9667648340109736,2.222293375991285,"[-0.003023374584984222, 0.0112460116158268, -0.006020150525126062, 0.0007840059404526132, 0.0, 0.0, -0.49811913841309624, -0.0003686341258243305, 0.0, 0.013765693502010134, -0.0066216329435706085, 0.0008328554896557717, 0.0, -0.9930235013845812, -0.0028725547260499873, 0.00033492204254811274]"
kdv,256,0.1,0.21351872156777524,4,WENDy L1=0.0001,0.29421525229994905,True,False,2,7,0,0.2222222222222222,1.0,0.36363636363636365,True,IRLS step tolerance,8,1.8463077920023352,2.1018363339826465,"[-0.0038570865367955082, 0.0, -9.011573417289003e-05, 0.0001654362299141402, 0.0, 0.0, -0.46810792665021567, -0.006375445957007731, 0.0, 0.0, 0.0, 0.00028024483290586464, 0.0, -0.6828564466497415, -0.08069338998518599, 0.006250595256823706]"
kdv,256,0.1,0.21351872156777524,4,WENDy L1=0.01,1.0042478180928278,True,False,0,3,2,0.0,0.0,0.0,True,IRLS step tolerance,7,1.8733337919984479,2.128862333978759,"[0.0, 0.0, 0.0, -0.0005108738120244084, 0.0, 0.0, 0.0, -0.09997335079299782, 0.0, 0.0, 0.0, 0.0, 0.0, 0.0, 0.0, -0.025439503128497687]"
kdv,256,0.1,0.21351872156777524,4,WENDy-MLE HT,0.005459980573461801,True,True,2,0,0,1.0,1.0,1.0,True,Optimization terminated successfully.,3,1.8906986249785405,2.1462271669588517,"[0.0, 0.0, 0.0, 0.0, 0.0, 0.0, -0.49389555622113135, 0.0, 0.0, 0.0, 0.0, 0.0, 0.0, -0.9999990106278978, 0.0, 0.0]"
kdv,256,0.1,0.21351872156777524,4,WENDy-MLE L1=1e-06,0.02232461603317898,True,False,2,10,0,0.16666666666666666,1.0,0.2857142857142857,True,CONVERGENCE: RELATIVE REDUCTION OF F <= FACTR*EPSMCH,157,2.604575292003574,2.860103833983885,"[-0.0031691744873380244, 0.013381795534775203, -0.007175055654808063, 0.0009287054640821834, 0.0, 0.0, -0.49807322368768286, -0.00037998391969712463, 0.0, 0.014204925927281911, -0.006846717433957356, 0.0008572000157330796, 0.0, -0.9893952755550136, -0.00395322999576044, 0.0004338782713570281]"
kdv,256,0.1,0.21351872156777524,4,WENDy-MLE L1=0.0001,0.2873567213363658,True,False,2,7,0,0.2222222222222222,1.0,0.36363636363636365,True,CONVERGENCE: NORM OF PROJECTED GRADIENT <= PGTOL,101,2.4658959590015,2.7214245009818114,"[-0.003679334087059072, 0.0, -0.00011101471670511994, 0.00016599096574773601, 0.0, 0.0, -0.46859239343587555, -0.006283868165937108, 0.0, 0.0, 0.0, 0.0002675778981130223, 0.0, -0.6905853491305808, -0.08000348283541948, 0.006308681264962513]"
kdv,256,0.1,0.21351872156777524,4,WENDy-MLE L1=0.01,1.004127292968048,True,False,0,3,2,0.0,0.0,0.0,True,CONVERGENCE: RELATIVE REDUCTION OF F <= FACTR*EPSMCH,30,2.1235971249989234,2.3791256669792347,"[0.0, 0.0, 0.0, -0.00042959238640475456, 0.0, 0.0, 0.0, -0.09851803192798586, 0.0, 0.0, 0.0, 0.0, 0.0, 0.0, 0.0, -0.025170189502529555]"
kdv,256,0.1,0.21351872156777524,5,WSINDy,0.002240621756572903,True,True,2,0,0,1.0,1.0,1.0,True,MSTLS support stable,5,0.002702334022615105,0.2576502510346472,"[0.0, 0.0, 0.0, 0.0, 0.0, 0.0, -0.49968673399849056, 0.0, 0.0, 0.0, 0.0, 0.0, 0.0, -0.9975145731287497, 0.0, 0.0]"
kdv,256,0.1,0.21351872156777524,5,WENDy HT,0.02719809521495426,True,True,2,0,0,1.0,1.0,1.0,True,IRLS step tolerance,5,1.8495208749955054,2.1044687920075376,"[0.0, 0.0, 0.0, 0.0, 0.0, 0.0, -0.510626338364402, 0.0, 0.0, 0.0, 0.0, 0.0, 0.0, -0.9715087484985762, 0.0, 0.0]"
kdv,256,0.1,0.21351872156777524,5,WENDy L1=1e-06,0.018606223259748388,True,False,2,10,0,0.16666666666666666,1.0,0.2857142857142857,True,IRLS step tolerance,7,1.9458968749968335,2.2008447920088656,"[-0.0019154186987977268, -0.002018127525413514, 0.0021579369126929256, -0.00031191592712233947, 0.0, 0.004105773870837508, -0.5020705402053677, 0.00035242008149031053, 0.0, 0.0, 0.004022615231782462, -0.0006321916394106673, 0.0, -0.9813485860841259, -0.005839866770543054, 0.0006439557119971624]"
kdv,256,0.1,0.21351872156777524,5,WENDy L1=0.0001,0.3032308896783794,True,False,2,7,0,0.2222222222222222,1.0,0.36363636363636365,True,IRLS step tolerance,13,1.965837374998955,2.220785292010987,"[-0.003147604931012378, 0.0, -0.00032508728429817804, 0.0002258789945974488, 0.0, 0.0, -0.4697838851562338, -0.005960282896056071, 0.0, 0.0, 0.0, 0.00028993352666472716, 0.0, -0.6727865710641724, -0.08286824126786906, 0.006461836611080728]"
kdv,256,0.1,0.21351872156777524,5,WENDy L1=0.01,1.0042335973720729,True,False,0,3,2,0.0,0.0,0.0,True,IRLS step tolerance,7,1.8513248749950435,2.1062727920070756,"[0.0, 0.0, 0.0, -0.000484683960368632, 0.0, 0.0, 0.0, -0.09982201897162526, 0.0, 0.0, 0.0, 0.0, 0.0, 0.0, 0.0, -0.025332335531005255]"
kdv,256,0.1,0.21351872156777524,5,WENDy-MLE HT,0.029522889076544132,True,True,2,0,0,1.0,1.0,1.0,True,Optimization terminated successfully.,3,1.8870418749866076,2.1419897919986397,"[0.0, 0.0, 0.0, 0.0, 0.0, 0.0, -0.5114804724331455, 0.0, 0.0, 0.0, 0.0, 0.0, 0.0, -0.9690532719501044, 0.0, 0.0]"
kdv,256,0.1,0.21351872156777524,5,WENDy-MLE L1=1e-06,0.054892982134583865,True,False,2,11,0,0.15384615384615385,1.0,0.26666666666666666,True,CONVERGENCE: RELATIVE REDUCTION OF F <= FACTR*EPSMCH,48,2.0544509169994853,2.3093988340115175,"[-0.0026631710511738744, -0.010604938027846195, 0.007446502593756458, -0.0010122245299702371, 0.0, 0.032166190654709756, -0.5159015152541018, 0.0020826543433782783, 0.0, -0.0070942604189364695, 0.008212470836521673, -0.0011704638531111144, 0.0, -0.9559390662812156, -0.015339873272461385, 0.0016843176240902028]"
kdv,256,0.1,0.21351872156777524,5,WENDy-MLE L1=0.0001,0.14380347862748072,True,False,2,9,0,0.18181818181818182,1.0,0.3076923076923077,True,CONVERGENCE: RELATIVE REDUCTION OF F <= FACTR*EPSMCH,26,2.0520747909904458,2.307022708002478,"[-0.0013682732142753344, -0.0002047603882092841, 0.005480422354687823, -0.0012735719256873747, 0.0, 0.0, -0.4875560898259091, -0.0022656195542373313, 0.0, 0.0, 0.00031984410817913607, -0.00015330896944175946, 0.0, -0.8426007832437651, -0.02964638388274051, 0.0014826393985612587]"
kdv,256,0.1,0.21351872156777524,5,WENDy-MLE L1=0.01,1.004408549799286,True,False,0,3,2,0.0,0.0,0.0,True,CONVERGENCE: NORM OF PROJECTED GRADIENT <= PGTOL,43,2.0471909579937346,2.3021388750057667,"[0.0, 0.0, 0.0, -0.0004695440449097685, 0.0, 0.0, 0.0, -0.10175270950164676, 0.0, 0.0, 0.0, 0.0, 0.0, 0.0, 0.0, -0.026302742724757473]"
kdv,256,0.1,0.21351872156777524,6,WSINDy,0.0018347233304973642,True,True,2,0,0,1.0,1.0,1.0,True,MSTLS support stable,3,0.003083457995671779,0.25798104199930094,"[0.0, 0.0, 0.0, 0.0, 0.0, 0.0, -0.5001484587098053, 0.0, 0.0, 0.0, 0.0, 0.0, 0.0, -1.002045903745493, 0.0, 0.0]"
kdv,256,0.1,0.21351872156777524,6,WENDy HT,0.016972704866844403,True,True,2,0,0,1.0,1.0,1.0,True,IRLS step tolerance,5,1.848766415991122,2.103663999994751,"[0.0, 0.0, 0.0, 0.0, 0.0, 0.0, -0.48103951187911237, 0.0, 0.0, 0.0, 0.0, 0.0, 0.0, -1.0007686210632905, 0.0, 0.0]"
kdv,256,0.1,0.21351872156777524,6,WENDy L1=1e-06,0.04472238629379949,True,False,2,11,0,0.15384615384615385,1.0,0.26666666666666666,True,IRLS step tolerance,12,1.8671284159936476,2.122025999997277,"[-0.0017993699515141503, 0.0027756082805361812, -0.00016479808581509967, -1.0358640693982675e-05, 0.0, -0.018423661434830017, -0.4928961667061445, -0.0008581850526554616, 0.0, 0.03745783617635213, -0.010442844823140871, 0.0010002755698829099, 0.0, -0.9773070386517274, -0.008349213374658168, 0.0008310576562576165]"
kdv,256,0.1,0.21351872156777524,6,WENDy L1=0.0001,0.31709946833871194,True,False,2,7,0,0.2222222222222222,1.0,0.36363636363636365,True,IRLS step tolerance,14,1.8685623749915976,2.1234599589952268,"[-0.0027233891433265157, 0.0, -0.00030661299202217664, 0.00023544036374345122, 0.0, 0.0, -0.4712388261899304, -0.0058799997056583585, 0.0, 0.0, 0.0, 0.0003381921178765492, 0.0, -0.658251666441296, -0.08932219366901102, 0.007088940144599397]"
kdv,256,0.1,0.21351872156777524,6,WENDy L1=0.01,1.0042539667740265,True,False,0,3,2,0.0,0.0,0.0,True,IRLS step tolerance,7,1.9047560000035446,2.1596535840071738,"[0.0, 0.0, 0.0, -0.00048135186653662005, 0.0, 0.0, 0.0, -0.10005141132952496, 0.0, 0.0, 0.0, 0.0, 0.0, 0.0, 0.0, -0.025436599970513268]"
kdv,256,0.1,0.21351872156777524,6,WENDy-MLE HT,0.016471552205726794,True,True,2,0,0,1.0,1.0,1.0,True,Optimization terminated successfully.,3,1.8912987500079907,2.14619633401162,"[0.0, 0.0, 0.0, 0.0, 0.0, 0.0, -0.4816066509665512, 0.0, 0.0, 0.0, 0.0, 0.0, 0.0, -0.9990918417449546, 0.0, 0.0]"
kdv,256,0.1,0.21351872156777524,6,WENDy-MLE L1=1e-06,0.04692368214782509,True,False,2,11,0,0.15384615384615385,1.0,0.26666666666666666,True,CONVERGENCE: RELATIVE REDUCTION OF F <= FACTR*EPSMCH,55,2.1445820840017404,2.3994796680053696,"[-0.0019049702641124326, 0.003519792617881159, -0.000566457164646326, 4.186469485639644e-05, 0.0, -0.01803106560854063, -0.4931463716491978, -0.0008242846057529129, 0.0, 0.040039776126554856, -0.011532793972316659, 0.0011264661353688722, 0.0, -0.9765403301743534, -0.00863830723424781, 0.0008625925142104584]"
kdv,256,0.1,0.21351872156777524,6,WENDy-MLE L1=0.0001,0.3015241951135357,True,False,2,7,0,0.2222222222222222,1.0,0.36363636363636365,True,CONVERGENCE: RELATIVE REDUCTION OF F <= FACTR*EPSMCH,98,2.328196457994636,2.5830940419982653,"[-0.0024619390445974063, 0.0, -0.0002407383901055552, 0.00021101254473199506, 0.0, 0.0, -0.47225781291946034, -0.005684071633511743, 0.0, 0.0, 0.0, 0.0003155813200587845, 0.0, -0.6753047423718185, -0.08581076455451395, 0.006881266444381618]"
kdv,256,0.1,0.21351872156777524,6,WENDy-MLE L1=0.01,1.0044310755877364,True,False,0,3,2,0.0,0.0,0.0,True,CONVERGENCE: NORM OF PROJECTED GRADIENT <= PGTOL,34,1.9597656659898348,2.214663249993464,"[0.0, 0.0, 0.0, -0.00047055695962460034, 0.0, 0.0, 0.0, -0.10200350849273944, 0.0, 0.0, 0.0, 0.0, 0.0, 0.0, 0.0, -0.026406340890787004]"
kdv,256,0.1,0.21351872156777524,7,WSINDy,0.0013664691447182076,True,True,2,0,0,1.0,1.0,1.0,True,MSTLS support stable,5,0.002779333997750655,0.25947245900169946,"[0.0, 0.0, 0.0, 0.0, 0.0, 0.0, -0.5000971098521678, 0.0, 0.0, 0.0, 0.0, 0.0, 0.0, -1.0015246694989228, 0.0, 0.0]"
kdv,256,0.1,0.21351872156777524,7,WENDy HT,0.006655660186083477,True,True,2,0,0,1.0,1.0,1.0,True,IRLS step tolerance,4,1.9234705419803504,2.180163666984299,"[0.0, 0.0, 0.0, 0.0, 0.0, 0.0, -0.5053912818185861, 0.0, 0.0, 0.0, 0.0, 0.0, 0.0, -0.994871028758771, 0.0, 0.0]"
kdv,256,0.1,0.21351872156777524,7,WENDy L1=1e-06,0.03994703307823608,True,False,2,10,0,0.16666666666666666,1.0,0.2857142857142857,True,IRLS step tolerance,12,1.9345807089994196,2.1912738340033684,"[-0.001074351773842447, -0.005927181581854078, 0.003521175732003609, -0.00035018469610311294, 0.0, 0.0, -0.5027380522290236, 0.00046937433150215737, 0.0, 0.04240622086156676, -0.008995854617309824, 0.0005374154861464244, 0.0, -0.9951947846633696, -0.005904316332824444, 0.000854237715722061]"
kdv,256,0.1,0.21351872156777524,7,WENDy L1=0.0001,0.2941196940556377,True,False,2,7,0,0.2222222222222222,1.0,0.36363636363636365,True,IRLS step tolerance,11,1.8990588340093382,2.155751959013287,"[-0.0010047409756461015, 0.0, -0.002500014478311324, 0.0007172061092198808, 0.0, 0.0, -0.47278607587058064, -0.0055437707417114665, 0.0, 0.0, 0.0, 0.0002492012433456974, 0.0, -0.6834082773311027, -0.084125301448003, 0.0068147420940812735]"
kdv,256,0.1,0.21351872156777524,7,WENDy L1=0.01,1.0042537528284952,True,False,0,3,2,0.0,0.0,0.0,True,IRLS step tolerance,7,1.8430167080077808,2.0997098330117296,"[0.0, 0.0, 0.0, -0.00045474515163276423, 0.0, 0.0, 0.0, -0.10005902904069029, 0.0, 0.0, 0.0, 0.0, 0.0, 0.0, 0.0, -0.02539653523468777]"
kdv,256,0.1,0.21351872156777524,7,WENDy-MLE HT,0.00649002846172704,True,True,2,0,0,1.0,1.0,1.0,True,Optimization terminated successfully.,3,1.9105762919934932,2.167269416997442,"[0.0, 0.0, 0.0, 0.0, 0.0, 0.0, -0.5052409748803549, 0.0, 0.0, 0.0, 0.0, 0.0, 0.0, -0.9949817563733889, 0.0, 0.0]"
kdv,256,0.1,0.21351872156777524,7,WENDy-MLE L1=1e-06,0.04279112866303782,True,False,2,11,0,0.15384615384615385,1.0,0.26666666666666666,True,CONVERGENCE: RELATIVE REDUCTION OF F <= FACTR*EPSMCH,82,2.3061498329916503,2.562842957995599,"[-0.0015001321724882918, -0.007569446521829939, 0.004718302818984962, -0.0005203072562701006, 0.0, 0.006698420719383296, -0.5057114324604004, 0.0008163199591710129, 0.0, 0.04302014312668176, -0.008708933626055527, 0.0004756636021328737, 0.0, -0.988331408206826, -0.008033013108368882, 0.0010608196861773827]"
kdv,256,0.1,0.21351872156777524,7,WENDy-MLE L1=0.0001,0.2810576462783423,True,False,2,7,0,0.2222222222222222,1.0,0.36363636363636365,True,CONVERGENCE: RELATIVE REDUCTION OF F <= FACTR*EPSMCH,94,2.3653727079799864,2.6220658329839353,"[-0.0007962993963264213, 0.0, -0.0024387228324689956, 0.0006960734640063611, 0.0, 0.0, -0.47356745752023743, -0.005396356342533364, 0.0, 0.0, 0.0, 0.00023188554565133074, 0.0, -0.6977404126023022, -0.08125108283049207, 0.006650888269428663]"
kdv,256,0.1,0.21351872156777524,7,WENDy-MLE L1=0.01,1.0044365959679011,True,False,0,3,2,0.0,0.0,0.0,True,CONVERGENCE: NORM OF PROJECTED GRADIENT <= PGTOL,36,2.1252810420119204,2.381974167015869,"[0.0, 0.0, 0.0, -0.00044464464710499454, 0.0, 0.0, 0.0, -0.10206968685696835, 0.0, 0.0, 0.0, 0.0, 0.0, 0.0, 0.0, -0.026413547007910636]"
kdv,256,0.1,0.21351872156777524,8,WSINDy,0.004532539475550866,True,True,2,0,0,1.0,1.0,1.0,True,MSTLS support stable,4,0.0028150829894002527,0.2578576249652542,"[0.0, 0.0, 0.0, 0.0, 0.0, 0.0, -0.4991337959824501, 0.0, 0.0, 0.0, 0.0, 0.0, 0.0, -0.9950070466433418, 0.0, 0.0]"
kdv,256,0.1,0.21351872156777524,8,WENDy HT,0.012538733152157524,True,True,2,0,0,1.0,1.0,1.0,True,IRLS step tolerance,5,1.8511979170143604,2.1062404589902144,"[0.0, 0.0, 0.0, 0.0, 0.0, 0.0, -0.49083767827433517, 0.0, 0.0, 0.0, 0.0, 0.0, 0.0, -0.9893897857268725, 0.0, 0.0]"
kdv,256,0.1,0.21351872156777524,8,WENDy L1=1e-06,0.024236669745306097,True,False,2,11,0,0.15384615384615385,1.0,0.26666666666666666,True,IRLS step tolerance,28,1.9246240840002429,2.179666625976097,"[0.0005402500752573305, 0.002727959733041174, -0.0029962841742789265, 0.000496022311820846, 0.0, -0.0032124748611346613, -0.49559502721628174, -0.0006277133042758045, 0.0, -0.00938114987309736, 0.00317972554839123, -0.00024615713077509073, 0.0, -0.976520126213583, -0.00611221005914982, 0.0005951465122620035]"
kdv,256,0.1,0.21351872156777524,8,WENDy L1=0.0001,0.31023562255118264,True,False,2,7,0,0.2222222222222222,1.0,0.36363636363636365,True,IRLS step tolerance,8,1.843710374989314,2.098752916965168,"[-0.0012565005728403542, 0.0, -0.0015360211015133967, 0.00043103518005124266, 0.0, 0.0, -0.4671416643978058, -0.006459571193483584, 0.0, 0.0, 0.0, 0.0002997475206323708, 0.0, -0.6652709286609124, -0.08423661664918054, 0.006535137156504537]"
kdv,256,0.1,0.21351872156777524,8,WENDy L1=0.01,1.0042315396327328,True,False,0,3,2,0.0,0.0,0.0,True,IRLS step tolerance,7,1.9496559999824967,2.2046985419583507,"[0.0, 0.0, 0.0, -0.0005229899923667664, 0.0, 0.0, 0.0, -0.09980395147610835, 0.0, 0.0, 0.0, 0.0, 0.0, 0.0, 0.0, -0.025300775534236656]"
kdv,256,0.1,0.21351872156777524,8,WENDy-MLE HT,0.013936915119137678,True,True,2,0,0,1.0,1.0,1.0,True,Optimization terminated successfully.,3,2.0051073750073556,2.2601499169832096,"[0.0, 0.0, 0.0, 0.0, 0.0, 0.0, -0.49131596957238766, 0.0, 0.0, 0.0, 0.0, 0.0, 0.0, -0.987062279206527, 0.0, 0.0]"
kdv,256,0.1,0.21351872156777524,8,WENDy-MLE L1=1e-06,0.023846623335926034,True,False,2,11,0,0.15384615384615385,1.0,0.26666666666666666,True,CONVERGENCE: RELATIVE REDUCTION OF F <= FACTR*EPSMCH,150,2.7192547080048826,2.9742972499807365,"[0.00047946479355217534, 0.003472716920408916, -0.0033811885087240293, 0.0005435379409839601, 0.0, -0.003664010338916411, -0.4954326819955923, -0.0006455531008039465, 0.0, -0.007556590460220449, 0.0024983583789299386, -0.00017427845819923657, 0.0, -0.9765342671793379, -0.006142665611787907, 0.000599998523765264]"
kdv,256,0.1,0.21351872156777524,8,WENDy-MLE L1=0.0001,0.11552472583661688,True,False,2,7,0,0.2222222222222222,1.0,0.36363636363636365,True,CONVERGENCE: RELATIVE REDUCTION OF F <= FACTR*EPSMCH,25,1.9842771249823272,2.239319666958181,"[0.0, 0.00017168750959495606, -0.0037847598217732033, 0.0009790157248782344, 0.0, 0.0, -0.48038379942434234, -0.004042241267399008, 0.0, 0.0, 0.0, 0.00024963267219708197, 0.0, -0.8746267027097075, -0.023384814341658212, 0.0007936769113749411]"
kdv,256,0.1,0.21351872156777524,8,WENDy-MLE L1=0.01,1.0044066833877552,True,False,0,3,2,0.0,0.0,0.0,True,CONVERGENCE: NORM OF PROJECTED GRADIENT <= PGTOL,39,2.093422375008231,2.348464916984085,"[0.0, 0.0, 0.0, -0.0005101634165462493, 0.0, 0.0, 0.0, -0.10173583253238476, 0.0, 0.0, 0.0, 0.0, 0.0, 0.0, 0.0, -0.026278168785504465]"
kdv,256,0.1,0.21351872156777524,9,WSINDy,0.0005447190026450253,True,True,2,0,0,1.0,1.0,1.0,True,MSTLS support stable,5,0.00278395798522979,0.2585039579716977,"[0.0, 0.0, 0.0, 0.0, 0.0, 0.0, -0.49956591102851455, 0.0, 0.0, 0.0, 0.0, 0.0, 0.0, -1.0004271595189598, 0.0, 0.0]"
kdv,256,0.1,0.21351872156777524,9,WENDy HT,0.01109724472842905,True,True,2,0,0,1.0,1.0,1.0,True,IRLS step tolerance,4,1.8670140829926822,2.12273408297915,"[0.0, 0.0, 0.0, 0.0, 0.0, 0.0, -0.49588174757789216, 0.0, 0.0, 0.0, 0.0, 0.0, 0.0, -1.0117036766740675, 0.0, 0.0]"
kdv,256,0.1,0.21351872156777524,9,WENDy L1=1e-06,0.009644504532798028,True,False,2,11,0,0.15384615384615385,1.0,0.26666666666666666,True,IRLS step tolerance,9,1.9152011669939384,2.1709211669804063,"[0.0023715201098862067, 0.0010744472556350106, -0.00246830170984012, 0.00045602456535477577, 0.0, -0.0014685675831847083, -0.502004123119582, 0.0005032023142820091, 0.0, -0.007947241063927536, -0.0028754511992023276, 0.0006553182871546113, 0.0, -0.9968875006525709, -0.0038541973916659997, 0.0006052797964293728]"
kdv,256,0.1,0.21351872156777524,9,WENDy L1=0.0001,0.28909601019455766,True,False,2,7,0,0.2222222222222222,1.0,0.36363636363636365,True,IRLS step tolerance,10,1.861598415998742,2.11731841598521,"[-0.0008225864415668619, 0.0, -0.00042800611286517563, 0.00020461559034175205, 0.0, 0.0, -0.47377685014552773, -0.005227290934490868, 0.0, 0.0, 0.0, 0.0001877414714106576, 0.0, -0.6885564969797271, -0.08194007763268013, 0.006594079248542218]"
kdv,256,0.1,0.21351872156777524,9,WENDy L1=0.01,1.0042445073982347,True,False,0,3,2,0.0,0.0,0.0,True,IRLS step tolerance,7,1.8506329169904348,2.1063529169769026,"[0.0, 0.0, 0.0, -0.00047392575655038103, 0.0, 0.0, 0.0, -0.09994371795491643, 0.0, 0.0, 0.0, 0.0, 0.0, 0.0, 0.0, -0.025393245856511763]"
kdv,256,0.1,0.21351872156777524,9,WENDy-MLE HT,0.01436943526802632,True,True,2,0,0,1.0,1.0,1.0,True,Optimization terminated successfully.,3,1.9741034169855993,2.229823416972067,"[0.0, 0.0, 0.0, 0.0, 0.0, 0.0, -0.4951038691866298, 0.0, 0.0, 0.0, 0.0, 0.0, 0.0, -1.0153012659757572, 0.0, 0.0]"
kdv,256,0.1,0.21351872156777524,9,WENDy-MLE L1=1e-06,0.01582316421321489,True,False,2,11,0,0.15384615384615385,1.0,0.26666666666666666,True,CONVERGENCE: RELATIVE REDUCTION OF F <= FACTR*EPSMCH,66,2.210353041999042,2.46607304198551,"[0.002286461268396287, 0.006721756918625651, -0.005458675220413769, 0.0008207465591661793, 0.0, -0.013246954380976807, -0.49588374867591384, -0.00028452123196732803, 0.0, -4.091326116634747e-05, -0.005510455806648003, 0.0009012116606355997, 0.0, -1.0022555709256231, -0.001781772210659531, 0.0003706834769212778]"
kdv,256,0.1,0.21351872156777524,9,WENDy-MLE L1=0.0001,0.2734931445159603,True,False,2,7,0,0.2222222222222222,1.0,0.36363636363636365,True,CONVERGENCE: NORM OF PROJECTED GRADIENT <= PGTOL,94,2.416755457990803,2.6724754579772707,"[-0.0005284093633826935, 0.0, -0.0004026260597367101, 0.00018875013578702903, 0.0, 0.0, -0.4746442612450519, -0.005061553199407813, 0.0, 0.0, 0.0, 0.00016451511515170401, 0.0, -0.7056083928193777, -0.07824530779350065, 0.006351513741595533]"
kdv,256,0.1,0.21351872156777524,9,WENDy-MLE L1=0.01,1.0044239885625106,True,False,0,3,2,0.0,0.0,0.0,True,CONVERGENCE: NORM OF PROJECTED GRADIENT <= PGTOL,41,2.066825667017838,2.322545667004306,"[0.0, 0.0, 0.0, -0.00045918453309534577, 0.0, 0.0, 0.0, -0.10191866889822455, 0.0, 0.0, 0.0, 0.0, 0.0, 0.0, 0.0, -0.02639716044116933]"
kdv,256,0.5,1.0675936078388761,0,WSINDy,0.004921232838527366,True,True,2,0,0,1.0,1.0,1.0,True,MSTLS support stable,4,0.0027051249926444143,0.25917620898690075,"[0.0, 0.0, 0.0, 0.0, 0.0, 0.0, -0.4984196570531412, 0.0, 0.0, 0.0, 0.0, 0.0, 0.0, -1.0052702639387476, 0.0, 0.0]"
kdv,256,0.5,1.0675936078388761,0,WENDy HT,0.08308669137281244,True,True,2,0,0,1.0,1.0,1.0,True,IRLS step tolerance,13,1.854943500016816,2.1114145840110723,"[0.0, 0.0, 0.0, 0.0, 0.0, 0.0, -0.5472041235151524, 0.0, 0.0, 0.0, 0.0, 0.0, 0.0, -0.919993634145354, 0.0, 0.0]"
kdv,256,0.5,1.0675936078388761,0,WENDy L1=1e-06,0.13325855501010145,True,False,2,10,0,0.16666666666666666,1.0,0.2857142857142857,True,IRLS step tolerance,94,1.9510395840043202,2.2075106679985765,"[0.057287997838401994, 0.06233237089496117, -0.05232496015050841, 0.006934056924219637, 0.0, 0.02225343623712313, -0.5357976590449298, 0.00492579577156771, 0.0, -0.06368960008019883, 0.0, 0.0014538036927178922, 0.0, -0.9336871747516208, -0.044279208393916684, 0.005158708454484723]"
kdv,256,0.5,1.0675936078388761,0,WENDy L1=0.0001,0.3938240672264832,True,False,2,6,0,0.25,1.0,0.4,True,IRLS step tolerance,16,1.8491404580126982,2.1056115420069546,"[0.0, 0.0, -0.0018168423935135988, 0.0004397690900016957, 0.0, 0.0, -0.4598276199510614, -0.007403745095569799, 0.0, 0.0, 0.0, 0.000482875566436652, 0.0, -0.579327997642508, -0.12301926137465738, 0.010035418760537467]"
kdv,256,0.5,1.0675936078388761,0,WENDy L1=0.01,1.0031522492485618,True,False,0,3,2,0.0,0.0,0.0,True,IRLS step tolerance,6,1.8727236250124406,2.129194709006697,"[0.0, 0.0, 0.0, -0.00034787453393297837, 0.0, 0.0, 0.0, -0.08624725885150583, 0.0, 0.0, 0.0, 0.0, 0.0, 0.0, 0.0, -0.021315095342769607]"
kdv,256,0.5,1.0675936078388761,0,WENDy-MLE HT,0.10818502895889087,True,True,2,0,0,1.0,1.0,1.0,True,Optimization terminated successfully.,4,1.8776537500089034,2.1341248340031598,"[0.0, 0.0, 0.0, 0.0, 0.0, 0.0, -0.552396575663867, 0.0, 0.0, 0.0, 0.0, 0.0, 0.0, -0.8909834899098044, 0.0, 0.0]"
kdv,256,0.5,1.0675936078388761,0,WENDy-MLE L1=1e-06,0.2182066660643633,True,False,2,11,0,0.15384615384615385,1.0,0.26666666666666666,True,CONVERGENCE: RELATIVE REDUCTION OF F <= FACTR*EPSMCH,57,2.067418499995256,2.323889583989512,"[0.07061427403359391, 0.08262375660092248, -0.06840119797365635, 0.009084080587758777, 0.0, 0.08255229503558376, -0.5702040988551031, 0.008969325231163932, 0.0, -0.06803798046937948, -0.005956850795417524, 0.002489042072615584, 0.0, -0.8549790551551089, -0.07316485966038143, 0.008026089293043156]"
kdv,256,0.5,1.0675936078388761,0,WENDy-MLE L1=0.0001,0.37141423173924226,True,False,2,6,0,0.25,1.0,0.4,True,CONVERGENCE: NORM OF PROJECTED GRADIENT <= PGTOL,130,2.5882319579832256,2.844703041977482,"[0.0, 0.0, -0.0016896854632029244, 0.00041634027947569504, 0.0, 0.0, -0.45807244937463926, -0.007812047716002827, 0.0, 0.0, 0.0, 0.0004765436330997441, 0.0, -0.6042704635954348, -0.11797406467932606, 0.009680673641032922]"
kdv,256,0.5,1.0675936078388761,0,WENDy-MLE L1=0.01,1.0032722229143212,True,False,0,3,2,0.0,0.0,0.0,True,CONVERGENCE: NORM OF PROJECTED GRADIENT <= PGTOL,40,2.097992124996381,2.354463208990637,"[0.0, 0.0, 0.0, -0.0003084703570857437, 0.0, 0.0, 0.0, -0.08782418946258265, 0.0, 0.0, 0.0, 0.0, 0.0, 0.0, 0.0, -0.021926198498210817]"
kdv,256,0.5,1.0675936078388761,1,WSINDy,0.018176509326167236,True,True,2,0,0,1.0,1.0,1.0,True,MSTLS support stable,3,0.002884499990614131,0.25798333299462683,"[0.0, 0.0, 0.0, 0.0, 0.0, 0.0, -0.49837228930870275, 0.0, 0.0, 0.0, 0.0, 0.0, 0.0, -0.979743336355393, 0.0, 0.0]"
kdv,256,0.5,1.0675936078388761,1,WENDy HT,0.230629548409342,True,True,2,0,0,1.0,1.0,1.0,True,IRLS step tolerance,8,1.870685624977341,2.1257844579813536,"[0.0, 0.0, 0.0, 0.0, 0.0, 0.0, -0.539398435051005, 0.0, 0.0, 0.0, 0.0, 0.0, 0.0, -0.7451760429926122, 0.0, 0.0]"
kdv,256,0.5,1.0675936078388761,1,WENDy L1=1e-06,0.27479664773954343,True,False,2,11,0,0.15384615384615385,1.0,0.26666666666666666,True,IRLS step tolerance,39,1.984389082994312,2.2394879159983248,"[0.03944944164596839, 0.042875823089406996, -0.04890371710346607, 0.007601872400565013, 0.0, 0.13875038863063213, -0.5314156193958037, 0.0006941591551760874, 0.0, -0.052168699905412216, -0.016537397526384827, 0.004081298484959202, 0.0, -0.7518947079454892, -0.06102755465949154, 0.004016574092785337]"
kdv,256,0.5,1.0675936078388761,1,WENDy L1=0.0001,0.4238318990324269,True,False,2,6,0,0.25,1.0,0.4,True,IRLS step tolerance,11,1.8659357910219114,2.121034624025924,"[0.0, 0.0, -0.010528973202010803, 0.0024658193079961374, 0.0, 0.0, -0.3980015129764346, -0.01810189723907865, 0.0, 0.0, 0.0, 0.0006404807448513836, 0.0, -0.5452323976840106, -0.08288577935768933, 0.003082850133023084]"
kdv,256,0.5,1.0675936078388761,1,WENDy L1=0.01,1.0031587918128881,True,False,0,3,2,0.0,0.0,0.0,True,IRLS step tolerance,6,1.9067569579929113,2.161855790996924,"[0.0, 0.0, 0.0, -0.00019318070464190566, 0.0, 0.0, 0.0, -0.08637228880199001, 0.0, 0.0, 0.0, 0.0, 0.0, 0.0, 0.0, -0.021195339055734626]"
kdv,256,0.5,1.0675936078388761,1,WENDy-MLE HT,0.23562288273422097,True,True,2,0,0,1.0,1.0,1.0,False,A bad approximation caused failure to predict improvement.,3,1.9001721249951515,2.1552709579991642,"[0.0, 0.0, 0.0, 0.0, 0.0, 0.0, -0.5364660391923914, 0.0, 0.0, 0.0, 0.0, 0.0, 0.0, -0.7391017313767692, 0.0, 0.0]"
kdv,256,0.5,1.0675936078388761,1,WENDy-MLE L1=1e-06,0.2799005508261262,True,False,2,11,0,0.15384615384615385,1.0,0.26666666666666666,True,CONVERGENCE: RELATIVE REDUCTION OF F <= FACTR*EPSMCH,221,3.0527043339970987,3.3078031670011114,"[0.0372972603996153, 0.04087013447748003, -0.0469500883264534, 0.007323960291512678, 0.0, 0.1386626117183857, -0.5308549857237422, 0.0006156201670148995, 0.0, -0.05496808964780081, -0.01395534120906559, 0.003733786494941954, 0.0, -0.7442867015517777, -0.06161266129291994, 0.0039584823116765675]"
kdv,256,0.5,1.0675936078388761,1,WENDy-MLE L1=0.0001,0.3965474070339196,True,False,2,6,0,0.25,1.0,0.4,True,CONVERGENCE: RELATIVE REDUCTION OF F <= FACTR*EPSMCH,114,2.4781904999981634,2.733289333002176,"[0.0, 0.0, -0.009800392059775008, 0.0022917906715248042, 0.0, 0.0, -0.3971923443390414, -0.018195814490459917, 0.0, 0.0, 0.0, 0.0005802288152177445, 0.0, -0.575323499616975, -0.07215310958641781, 0.0019919711680999415]"
kdv,256,0.5,1.0675936078388761,1,WENDy-MLE L1=0.01,1.003253439493747,True,False,0,3,2,0.0,0.0,0.0,True,CONVERGENCE: NORM OF PROJECTED GRADIENT <= PGTOL,37,2.0546595829946455,2.309758415998658,"[0.0, 0.0, 0.0, -0.00016830629700549928, 0.0, 0.0, 0.0, -0.08762258380079983, 0.0, 0.0, 0.0, 0.0, 0.0, 0.0, 0.0, -0.021658354071896223]"
kdv,256,0.5,1.0675936078388761,2,WSINDy,0.01252456166117441,True,True,2,0,0,1.0,1.0,1.0,True,MSTLS support stable,5,0.0028701249975711107,0.25797595802578144,"[0.0, 0.0, 0.0, 0.0, 0.0, 0.0, -0.5012899439267826, 0.0, 0.0, 0.0, 0.0, 0.0, 0.0, -0.9860566556855446, 0.0, 0.0]"
kdv,256,0.5,1.0675936078388761,2,WENDy HT,0.30325039640303414,True,True,2,0,0,1.0,1.0,1.0,True,IRLS step tolerance,11,1.9183581670222338,2.173464000050444,"[0.0, 0.0, 0.0, 0.0, 0.0, 0.0, -0.6386035714856465, 0.0, 0.0, 0.0, 0.0, 0.0, 0.0, -0.6905811033248455, 0.0, 0.0]"
kdv,256,0.5,1.0675936078388761,2,WENDy L1=1e-06,0.39098146248279986,True,False,2,11,0,0.15384615384615385,1.0,0.26666666666666666,True,IRLS step tolerance,21,1.8959121250081807,2.151017958036391,"[-0.012024900120915146, 0.006993050898538218, -0.006268449735043653, 0.0011530125429440338, 0.0, 0.21670449532062838, -0.6266565743684206, 0.014774122863349639, 0.0, -0.14400756026666212, 0.06466453033922856, -0.006919341697079687, 0.0, -0.7019499955913309, -0.116974220047248, 0.011986484983556015]"
kdv,256,0.5,1.0675936078388761,2,WENDy L1=0.0001,0.43201069472709824,True,False,2,6,0,0.25,1.0,0.4,True,IRLS step tolerance,195,2.1489427920023445,2.404048625030555,"[0.0, 0.0, -0.008901702307525369, 0.00208622896173071, 0.0, 0.0, -0.4487236003416827, -0.00936305660957338, 0.0, 0.0, 0.0, 0.0006021832189579837, 0.0, -0.5364292337870704, -0.12449383632894781, 0.009699928155444586]"
kdv,256,0.5,1.0675936078388761,2,WENDy L1=0.01,1.0031623004656496,True,False,0,3,2,0.0,0.0,0.0,True,IRLS step tolerance,6,1.8667488750070333,2.1218547080352437,"[0.0, 0.0, 0.0, -0.00022347679866652326, 0.0, 0.0, 0.0, -0.08645031302403655, 0.0, 0.0, 0.0, 0.0, 0.0, 0.0, 0.0, -0.021084230613997206]"
kdv,256,0.5,1.0675936078388761,2,WENDy-MLE HT,0.29232540422923275,True,True,2,0,0,1.0,1.0,1.0,False,A bad approximation caused failure to predict improvement.,3,1.9395826670224778,2.194688500050688,"[0.0, 0.0, 0.0, 0.0, 0.0, 0.0, -0.6296992323010903, 0.0, 0.0, 0.0, 0.0, 0.0, 0.0, -0.7000070224359606, 0.0, 0.0]"
kdv,256,0.5,1.0675936078388761,2,WENDy-MLE L1=1e-06,0.3718004517241637,True,False,2,11,0,0.15384615384615385,1.0,0.26666666666666666,True,CONVERGENCE: RELATIVE REDUCTION OF F <= FACTR*EPSMCH,194,2.9031431670009624,3.1582490000291727,"[-0.007420614682751224, 0.011512374923801139, -0.010157130179223164, 0.0016795827678927084, 0.0, 0.20067545828207517, -0.6175243276367463, 0.013697483086315779, 0.0, -0.13847733012264601, 0.0614095067470489, -0.006523253688881839, 0.0, -0.7117669183259786, -0.109727418357141, 0.011071859610718025]"
kdv,256,0.5,1.0675936078388761,2,WENDy-MLE L1=0.0001,0.4069910388277597,True,False,2,6,0,0.25,1.0,0.4,True,CONVERGENCE: NORM OF PROJECTED GRADIENT <= PGTOL,115,2.3920357919996604,2.6471416250278708,"[0.0, 0.0, -0.008944774895460783, 0.0020927551364920494, 0.0, 0.0, -0.44606435128059463, -0.00990896785373241, 0.0, 0.0, 0.0, 0.0005765404685806068, 0.0, -0.5632345164220774, -0.11454930839133888, 0.008633512727745343]"
kdv,256,0.5,1.0675936078388761,2,WENDy-MLE L1=0.01,1.0032804171646519,True,False,0,3,2,0.0,0.0,0.0,True,CONVERGENCE: NORM OF PROJECTED GRADIENT <= PGTOL,37,2.0593329579860438,2.314438791014254,"[0.0, 0.0, 0.0, -0.00018517871128126482, 0.0, 0.0, 0.0, -0.08798909027311136, 0.0, 0.0, 0.0, 0.0, 0.0, 0.0, 0.0, -0.02173430547205532]"
kdv,256,0.5,1.0675936078388761,3,WSINDy,0.03148197523225923,True,True,2,0,0,1.0,1.0,1.0,True,MSTLS support stable,4,0.0028697910020127892,0.2579465419985354,"[0.0, 0.0, 0.0, 0.0, 0.0, 0.0, -0.49437458242169136, 0.0, 0.0, 0.0, 0.0, 0.0, 0.0, -0.9652545235645648, 0.0, 0.0]"
kdv,256,0.5,1.0675936078388761,3,WENDy HT,0.39685641476780475,True,True,2,0,0,1.0,1.0,1.0,True,IRLS step tolerance,10,1.8700961249996908,2.1251728759962134,"[0.0, 0.0, 0.0, 0.0, 0.0, 0.0, -0.677109145580506, 0.0, 0.0, 0.0, 0.0, 0.0, 0.0, -0.5931817138086244, 0.0, 0.0]"
kdv,256,0.5,1.0675936078388761,3,WENDy L1=1e-06,0.48496868046146063,True,False,2,11,0,0.15384615384615385,1.0,0.26666666666666666,True,IRLS step tolerance,23,1.9147159999993164,2.169792750995839,"[-0.0515816497943426, -0.01671232563838643, 0.03066565818323787, -0.0047698688985883, 0.0, 0.2837564898159559, -0.6641497537166541, 0.02022805904821102, 0.0, -0.07656093718755537, 0.03883154310861785, -0.00461558477060313, 0.0, -0.6061393759991226, -0.13965979231957115, 0.014010492315024815]"
kdv,256,0.5,1.0675936078388761,3,WENDy L1=0.0001,0.4866652435474469,True,False,2,7,0,0.2222222222222222,1.0,0.36363636363636365,True,IRLS step tolerance,102,2.032319457997801,2.2873962089943234,"[-0.007240836168950699, 7.827227897077371e-05, 0.0, 0.00034937557783688156, 0.0, 0.0, -0.44544438565680994, -0.008794544170346974, 0.0, 0.0, 0.0, 0.00045803258873569836, 0.0, -0.47434996268590107, -0.12863095585272186, 0.009670202108655287]"
kdv,256,0.5,1.0675936078388761,3,WENDy L1=0.01,1.0030872349783724,True,False,0,3,2,0.0,0.0,0.0,True,IRLS step tolerance,7,1.9364557919907384,2.191532542987261,"[0.0, 0.0, 0.0, -0.00015567766933539614, 0.0, 0.0, 0.0, -0.08547318394859861, 0.0, 0.0, 0.0, 0.0, 0.0, 0.0, 0.0, -0.020598830327172028]"
kdv,256,0.5,1.0675936078388761,3,WENDy-MLE HT,0.3418622536722398,True,True,2,0,0,1.0,1.0,1.0,True,Optimization terminated successfully.,4,1.9532077920157462,2.208284543012269,"[0.0, 0.0, 0.0, 0.0, 0.0, 0.0, -0.6500586591697489, 0.0, 0.0, 0.0, 0.0, 0.0, 0.0, -0.6484752506358824, 0.0, 0.0]"
kdv,256,0.5,1.0675936078388761,3,WENDy-MLE L1=1e-06,0.4337855934035978,True,False,2,11,0,0.15384615384615385,1.0,0.26666666666666666,True,CONVERGENCE: RELATIVE REDUCTION OF F <= FACTR*EPSMCH,49,2.1272439580061473,2.38232070900267,"[-0.04120930499245705, -0.007768466929982759, 0.022567650321303128, -0.0036655409931310766, 0.0, 0.25007955772325796, -0.6459612878834267, 0.01809451359946172, 0.0, -0.07191541464787155, 0.03421202120381856, -0.003997043200963268, 0.0, -0.6438275031824774, -0.12405464039015232, 0.012352096933496926]"
kdv,256,0.5,1.0675936078388761,3,WENDy-MLE L1=0.0001,0.48255371662548846,True,False,2,6,0,0.25,1.0,0.4,True,CONVERGENCE: RELATIVE REDUCTION OF F <= FACTR*EPSMCH,95,2.3669264169875532,2.622003167984076,"[-0.006277723559198257, 0.0, 0.0, 0.00034965264195518426, 0.0, 0.0, -0.44813765738806266, -0.008383237241886917, 0.0, 0.0, 0.0, 0.00044546494883493593, 0.0, -0.47899998680678807, -0.1293616785117489, 0.009871292453779362]"
kdv,256,0.5,1.0675936078388761,3,WENDy-MLE L1=0.01,1.0032003090710435,True,False,0,3,2,0.0,0.0,0.0,True,CONVERGENCE: NORM OF PROJECTED GRADIENT <= PGTOL,37,1.988532707997365,2.2436094589938875,"[0.0, 0.0, 0.0, -0.00011859228645455142, 0.0, 0.0, 0.0, -0.08697752273193372, 0.0, 0.0, 0.0, 0.0, 0.0, 0.0, 0.0, -0.0211771486650606]"
kdv,256,0.5,1.0675936078388761,4,WSINDy,0.014724752440636597,True,True,2,0,0,1.0,1.0,1.0,True,MSTLS support stable,4,0.0028367920021992177,0.2593385420041159,"[0.0, 0.0, 0.0, 0.0, 0.0, 0.0, -0.49824036267009614, 0.0, 0.0, 0.0, 0.0, 0.0, 0.0, -0.9836315365866325, 0.0, 0.0]"
kdv,256,0.5,1.0675936078388761,4,WENDy HT,0.16146500677564893,True,True,2,0,0,1.0,1.0,1.0,True,IRLS step tolerance,9,1.961372959020082,2.2178747090219986,"[0.0, 0.0, 0.0, 0.0, 0.0, 0.0, -0.5247091210083227, 0.0, 0.0, 0.0, 0.0, 0.0, 0.0, -0.8211756592202238, 0.0, 0.0]"
kdv,256,0.5,1.0675936078388761,4,WENDy L1=1e-06,0.20370308768950732,True,False,2,11,0,0.15384615384615385,1.0,0.26666666666666666,True,IRLS step tolerance,14,1.8915348339942284,2.148036583996145,"[0.032231116503533004, 0.06821493818868517, -0.04912988606496838, 0.006503159459553985, 0.0, 0.05691097815646634, -0.5212654633135427, 0.0019511841536598827, 0.0, 0.05731724634656287, -0.03133227463712759, 0.004093987600221982, 0.0, -0.8216427506588143, -0.062384155531582684, 0.006229673471863798]"
kdv,256,0.5,1.0675936078388761,4,WENDy L1=0.0001,0.4101071922109442,True,False,2,7,0,0.2222222222222222,1.0,0.36363636363636365,True,IRLS step tolerance,7,1.9009499160165433,2.15745166601846,"[-0.006279786339113119, 0.0, -0.006411838297377525, 0.0015372827347745373, 0.0, 0.0, -0.4298390630365882, -0.011966573446882737, 0.0, 0.0, 0.0, 0.0008953975993279102, 0.0, -0.5599448699742352, -0.10666491127427256, 0.007713449439881154]"
kdv,256,0.5,1.0675936078388761,4,WENDy L1=0.01,1.003107948846256,True,False,0,3,2,0.0,0.0,0.0,True,IRLS step tolerance,6,1.8667932079988532,2.12329495800077,"[0.0, 0.0, 0.0, -0.0004246233659197021, 0.0, 0.0, 0.0, -0.08569920297846176, 0.0, 0.0, 0.0, 0.0, 0.0, 0.0, 0.0, -0.020914411347974258]"
kdv,256,0.5,1.0675936078388761,4,WENDy-MLE HT,0.2707805728375649,True,True,2,0,0,1.0,1.0,1.0,False,A bad approximation caused failure to predict improvement.,3,1.9798233749752399,2.2363251249771565,"[0.0, 0.0, 0.0, 0.0, 0.0, 0.0, -0.5493632595497495, 0.0, 0.0, 0.0, 0.0, 0.0, 0.0, -0.7013096638834396, 0.0, 0.0]"
kdv,256,0.5,1.0675936078388761,4,WENDy-MLE L1=1e-06,0.3124961794714662,True,False,2,11,0,0.15384615384615385,1.0,0.26666666666666666,True,CONVERGENCE: RELATIVE REDUCTION OF F <= FACTR*EPSMCH,211,3.0526747910189442,3.309176541020861,"[0.029109391740633307, 0.06653259987091079, -0.04827943293806845, 0.00645285987482404, 0.0, 0.10668506745886874, -0.5445388066881593, 0.004461854526930977, 0.0, 0.03785318246232878, -0.02318196519163599, 0.00329943306476684, 0.0, -0.7032000893575349, -0.10420288973878879, 0.01029279882303841]"
kdv,256,0.5,1.0675936078388761,4,WENDy-MLE L1=0.0001,0.46892088447905367,True,False,2,7,0,0.2222222222222222,1.0,0.36363636363636365,True,CONVERGENCE: RELATIVE REDUCTION OF F <= FACTR*EPSMCH,73,2.358196416986175,2.6146981669880915,"[0.0, 0.018364270323484463, -0.019488142374252043, 0.003336685138953758, 0.0, 0.0, -0.40656295609203336, -0.016259395197509345, 0.0, 0.0, 0.0, 0.0010488470548856306, 0.0, -0.5004217200283073, -0.12439569131635995, 0.009035057620190527]"
kdv,256,0.5,1.0675936078388761,4,WENDy-MLE L1=0.01,1.0032016739033216,True,False,0,3,2,0.0,0.0,0.0,True,CONVERGENCE: NORM OF PROJECTED GRADIENT <= PGTOL,43,2.202554666000651,2.459056416002568,"[0.0, 0.0, 0.0, -0.00040080482839353144, 0.0, 0.0, 0.0, -0.08694825412445747, 0.0, 0.0, 0.0, 0.0, 0.0, 0.0, 0.0, -0.021373783315818747]"
kdv,256,0.5,1.0675936078388761,5,WSINDy,0.016806193441218056,True,True,2,0,0,1.0,1.0,1.0,True,MSTLS support stable,4,0.002789666992612183,0.25934762600809336,"[0.0, 0.0, 0.0, 0.0, 0.0, 0.0, -0.4967764344128391, 0.0, 0.0, 0.0, 0.0, 0.0, 0.0, -0.981488684612248, 0.0, 0.0]"
kdv,256,0.5,1.0675936078388761,5,WENDy HT,0.3107971427892855,True,True,2,0,0,1.0,1.0,1.0,True,IRLS step tolerance,10,1.8502952080161776,2.106853167031659,"[0.0, 0.0, 0.0, 0.0, 0.0, 0.0, -0.5902412612138408, 0.0, 0.0, 0.0, 0.0, 0.0, 0.0, -0.6644406241333514, 0.0, 0.0]"
kdv,256,0.5,1.0675936078388761,5,WENDy L1=1e-06,0.3444898550759555,True,False,2,11,0,0.15384615384615385,1.0,0.26666666666666666,True,IRLS step tolerance,42,1.91134933300782,2.167907292023301,"[-0.04972635932208846, -0.03948092711619567, 0.03599796667648635, -0.004625961886013073, 0.0, 0.12409819780186977, -0.5777149044750275, 0.010050617288209095, 0.0, -0.02615186988119824, 0.05075528221294212, -0.006993981320125505, 0.0, -0.6780038989022867, -0.11962520052695289, 0.012299240438498834]"
kdv,256,0.5,1.0675936078388761,5,WENDy L1=0.0001,0.4978414716698889,True,False,2,7,0,0.2222222222222222,1.0,0.36363636363636365,True,IRLS step tolerance,11,1.8512582920084242,2.1078162510239054,"[-0.0026082783354421926, 0.0, -0.006013020364561839, 0.0015312982516410528, 0.0, 0.0, -0.4437316400593234, -0.009233472706651405, 0.0, 0.0, 0.0045481267034079165, 0.0, 0.0, -0.4646842668697503, -0.14071971508484885, 0.011194466644272642]"
kdv,256,0.5,1.0675936078388761,5,WENDy L1=0.01,1.003072106344586,True,False,0,3,2,0.0,0.0,0.0,True,IRLS step tolerance,6,1.838802249985747,2.095360209001228,"[0.0, 0.0, 0.0, -0.0002471444130891043, 0.0, 0.0, 0.0, -0.08523573704134424, 0.0, 0.0, 0.0, 0.0, 0.0, 0.0, 0.0, -0.020660861764777303]"
kdv,256,0.5,1.0675936078388761,5,WENDy-MLE HT,0.318414217911553,True,True,2,0,0,1.0,1.0,1.0,False,A bad approximation caused failure to predict improvement.,3,1.8822181670111604,2.1387761260266416,"[0.0, 0.0, 0.0, 0.0, 0.0, 0.0, -0.5903179489507939, 0.0, 0.0, 0.0, 0.0, 0.0, 0.0, -0.6556496176746652, 0.0, 0.0]"
kdv,256,0.5,1.0675936078388761,5,WENDy-MLE L1=1e-06,0.3534777929536243,True,False,2,11,0,0.15384615384615385,1.0,0.26666666666666666,True,CONVERGENCE: RELATIVE REDUCTION OF F <= FACTR*EPSMCH,240,3.021117541997228,3.277675501012709,"[-0.04704866059833297, -0.03592451167832627, 0.03308815582123566, -0.0042353657499816545, 0.0, 0.12927350348491964, -0.5804830861047885, 0.010375076897823025, 0.0, -0.027077737880568213, 0.04941105040310111, -0.006757245872383698, 0.0, -0.6682173544751587, -0.1217167773887102, 0.012427962521792428]"
kdv,256,0.5,1.0675936078388761,5,WENDy-MLE L1=0.0001,0.4678071770919716,True,False,2,8,0,0.2,1.0,0.3333333333333333,True,CONVERGENCE: RELATIVE REDUCTION OF F <= FACTR*EPSMCH,115,2.5022374170075636,2.758795376023045,"[-0.0030608773273335128, 0.0, -0.005473430349240177, 0.001428650682972322, 0.0, 0.0, -0.44160283909310216, -0.00972243852674765, 0.0, 0.0, 0.004363460975256022, 2.779879465946867e-05, 0.0, -0.49754790499470386, -0.1319941453696318, 0.01042680470976209]"
kdv,256,0.5,1.0675936078388761,5,WENDy-MLE L1=0.01,1.003181424656687,True,False,0,3,2,0.0,0.0,0.0,True,CONVERGENCE: NORM OF PROJECTED GRADIENT <= PGTOL,46,2.1479087499901652,2.4044667090056464,"[0.0, 0.0, 0.0, -0.00021421556374124774, 0.0, 0.0, 0.0, -0.08668906921691506, 0.0, 0.0, 0.0, 0.0, 0.0, 0.0, 0.0, -0.021240830027860154]"
kdv,256,0.5,1.0675936078388761,6,WSINDy,0.0029825804370134565,True,True,2,0,0,1.0,1.0,1.0,True,MSTLS support stable,3,0.003256791998865083,0.2589255009952467,"[0.0, 0.0, 0.0, 0.0, 0.0, 0.0, -0.49838822230278107, 0.0, 0.0, 0.0, 0.0, 0.0, 0.0, -0.9970807697532026, 0.0, 0.0]"
kdv,256,0.5,1.0675936078388761,6,WENDy HT,0.17452243096202436,True,True,2,0,0,1.0,1.0,1.0,True,IRLS step tolerance,10,1.8687704159819987,2.1244391249783803,"[0.0, 0.0, 0.0, 0.0, 0.0, 0.0, -0.49398732972100085, 0.0, 0.0, 0.0, 0.0, 0.0, 0.0, -0.8049706523821755, 0.0, 0.0]"
kdv,256,0.5,1.0675936078388761,6,WENDy L1=1e-06,0.28595999075666356,True,False,2,11,0,0.15384615384615385,1.0,0.26666666666666666,True,IRLS step tolerance,49,1.9647623330238275,2.220431042020209,"[-0.008974713559987463, 0.025446630844986592, -0.005755812440477523, 0.0004316280372643781, 0.0, -0.011406724614413562, -0.5029438572265849, 0.00031848885705022215, 0.0, 0.20901633798326197, -0.0700782839580237, 0.006866914461394881, 0.0, -0.7874123727604676, -0.0860365394825611, 0.008624777585914347]"
kdv,256,0.5,1.0675936078388761,6,WENDy L1=0.0001,0.48953924308803337,True,False,2,7,0,0.2222222222222222,1.0,0.36363636363636365,True,IRLS step tolerance,285,2.233212084014667,2.488880793011049,"[-0.005206090978137634, 0.0, -0.0024841575499295345, 0.0008265855195948096, 0.0, 0.0, -0.4487775755214418, -0.009246539884192545, 0.0, 0.0, 0.0, 0.0007015156009022408, 0.0, -0.4752129991268132, -0.145885336610044, 0.011542329559033069]"
kdv,256,0.5,1.0675936078388761,6,WENDy L1=0.01,1.0031522533210162,True,False,0,3,2,0.0,0.0,0.0,True,IRLS step tolerance,8,1.8543697079876438,2.1100384169840254,"[0.0, 0.0, 0.0, -0.0002456296724303759, 0.0, 0.0, 0.0, -0.08628724050762536, 0.0, 0.0, 0.0, 0.0, 0.0, 0.0, 0.0, -0.02115433691784944]"
kdv,256,0.5,1.0675936078388761,6,WENDy-MLE HT,0.19891000337640838,True,True,2,0,0,1.0,1.0,1.0,True,Optimization terminated successfully.,4,1.915160709002521,2.1708294179989025,"[0.0, 0.0, 0.0, 0.0, 0.0, 0.0, -0.5053729736203937, 0.0, 0.0, 0.0, 0.0, 0.0, 0.0, -0.7776767714374451, 0.0, 0.0]"
kdv,256,0.5,1.0675936078388761,6,WENDy-MLE L1=1e-06,0.30041950528352923,True,False,2,11,0,0.15384615384615385,1.0,0.26666666666666666,True,CONVERGENCE: RELATIVE REDUCTION OF F <= FACTR*EPSMCH,192,2.9866062499932013,3.242274958989583,"[-0.005586740644095149, 0.02955913009206228, -0.0092816662920361, 0.0009051299617160854, 0.0, 3.542566615585199e-09, -0.5086550552716637, 0.0009728735553859963, 0.0, 0.19864421750226544, -0.0677035637808396, 0.006711673649329375, 0.0, -0.7579790218361564, -0.094848436294783, 0.009399257881570247]"
kdv,256,0.5,1.0675936078388761,6,WENDy-MLE L1=0.0001,0.42459422970958305,True,False,2,10,0,0.16666666666666666,1.0,0.2857142857142857,True,CONVERGENCE: RELATIVE REDUCTION OF F <= FACTR*EPSMCH,21,2.0183424999995623,2.274011208995944,"[-0.025450842990637445, -0.005038675080652013, 0.009828790376807006, -0.0011584003817410988, 0.0, 0.04456845756953648, -0.5404775151507195, 0.005121373986496119, 0.0, 0.0, -0.0024416639494632387, 0.0008870870080665138, 0.0, -0.5526187444157954, -0.14355722215242891, 0.012760351495455074]"
kdv,256,0.5,1.0675936078388761,6,WENDy-MLE L1=0.01,1.0032622697146802,True,False,0,3,2,0.0,0.0,0.0,True,CONVERGENCE: NORM OF PROJECTED GRADIENT <= PGTOL,37,2.0314277919824235,2.287096500978805,"[0.0, 0.0, 0.0, -0.0002235475159176198, 0.0, 0.0, 0.0, -0.08773794849627968, 0.0, 0.0, 0.0, 0.0, 0.0, 0.0, 0.0, -0.021702066986509342]"
kdv,256,0.5,1.0675936078388761,7,WSINDy,0.0165859470424498,True,True,2,0,0,1.0,1.0,1.0,True,MSTLS support stable,4,0.0031002089963294566,0.2582870839978568,"[0.0, 0.0, 0.0, 0.0, 0.0, 0.0, -0.497272909463795, 0.0, 0.0, 0.0, 0.0, 0.0, 0.0, -0.9816579710411845, 0.0, 0.0]"
kdv,256,0.5,1.0675936078388761,7,WENDy HT,0.18149966360711922,True,True,2,0,0,1.0,1.0,1.0,True,IRLS step tolerance,11,1.8540459159994498,2.109232791000977,"[0.0, 0.0, 0.0, 0.0, 0.0, 0.0, -0.5754937471256629, 0.0, 0.0, 0.0, 0.0, 0.0, 0.0, -0.8116430144465083, 0.0, 0.0]"
kdv,256,0.5,1.0675936078388761,7,WENDy L1=1e-06,0.32142515263576454,True,False,2,11,0,0.15384615384615385,1.0,0.26666666666666666,True,IRLS step tolerance,278,2.220180750009604,2.475367625011131,"[-0.014267048944160615, 0.0010109815816382024, -0.0005034042993777429, 0.0007073578110816174, 0.0, 0.10161140523375241, -0.5694304498320497, 0.00844388645742646, 0.0, 0.2523547355979543, -0.07698868036188816, 0.006781340978647293, 0.0, -0.8136377526274465, -0.09597742072112171, 0.01103918182298932]"
kdv,256,0.5,1.0675936078388761,7,WENDy L1=0.0001,0.44708006828010827,True,False,2,7,0,0.2222222222222222,1.0,0.36363636363636365,True,IRLS step tolerance,61,1.9429637920111418,2.198150667012669,"[0.0, -0.00770448337396197, -0.007066227452330586, 0.0021831608760615492, 0.0, 0.0, -0.44996165787235765, -0.00892728601629055, 0.0, 0.0, 0.0, 0.0005320448410297471, 0.0, -0.5238878755988624, -0.14253436680523715, 0.012412154456728074]"
kdv,256,0.5,1.0675936078388761,7,WENDy L1=0.01,1.0031347905358574,True,False,0,3,2,0.0,0.0,0.0,True,IRLS step tolerance,6,1.8692878329893574,2.124474707990885,"[0.0, 0.0, 0.0, -0.00022370757898015068, 0.0, 0.0, 0.0, -0.08611857576706573, 0.0, 0.0, 0.0, 0.0, 0.0, 0.0, 0.0, -0.020803866036017214]"
kdv,256,0.5,1.0675936078388761,7,WENDy-MLE HT,0.18941964395249353,True,True,2,0,0,1.0,1.0,1.0,False,A bad approximation caused failure to predict improvement.,3,1.9471881659992505,2.202375041000778,"[0.0, 0.0, 0.0, 0.0, 0.0, 0.0, -0.5722051876227828, 0.0, 0.0, 0.0, 0.0, 0.0, 0.0, -0.8009116709241335, 0.0, 0.0]"
kdv,256,0.5,1.0675936078388761,7,WENDy-MLE L1=1e-06,0.3267746857605653,True,False,2,11,0,0.15384615384615385,1.0,0.26666666666666666,True,CONVERGENCE: RELATIVE REDUCTION OF F <= FACTR*EPSMCH,234,3.1155244580004364,3.370711333001964,"[-0.01092217342532139, 0.005558431377952412, -0.003885274077485579, 0.0011493279553716428, 0.0, 0.09351649795467637, -0.5642655884610112, 0.007807546958278814, 0.0, 0.2598321772038295, -0.08022405662070906, 0.007128252623921859, 0.0, -0.8073277094075819, -0.09557280845588947, 0.010858584249767194]"
kdv,256,0.5,1.0675936078388761,7,WENDy-MLE L1=0.0001,0.4122473912321337,True,False,2,7,0,0.2222222222222222,1.0,0.36363636363636365,True,CONVERGENCE: NORM OF PROJECTED GRADIENT <= PGTOL,121,2.509147542004939,2.7643344170064665,"[0.0, -0.007648861917681811, -0.006506523691430316, 0.0020545690634178257, 0.0, 0.0, -0.44932726674181095, -0.009138337042179383, 0.0, 0.0, 0.0, 0.00048011030974198007, 0.0, -0.5623970460997387, -0.13431771109291663, 0.01186464907907911]"
kdv,256,0.5,1.0675936078388761,7,WENDy-MLE L1=0.01,1.0032608164836108,True,False,0,3,2,0.0,0.0,0.0,True,CONVERGENCE: NORM OF PROJECTED GRADIENT <= PGTOL,34,2.020376333006425,2.275563208007952,"[0.0, 0.0, 0.0, -0.00020344800714408587, 0.0, 0.0, 0.0, -0.08777267625196422, 0.0, 0.0, 0.0, 0.0, 0.0, 0.0, 0.0, -0.02147669147419806]"
kdv,256,0.5,1.0675936078388761,8,WSINDy,0.03032947877486069,True,True,2,0,0,1.0,1.0,1.0,True,MSTLS support stable,4,0.0029843749944120646,0.2583608760032803,"[0.0, 0.0, 0.0, 0.0, 0.0, 0.0, -0.4938738583178127, 0.0, 0.0, 0.0, 0.0, 0.0, 0.0, -0.9666485833654225, 0.0, 0.0]"
kdv,256,0.5,1.0675936078388761,8,WENDy HT,0.2520210236010911,True,True,2,0,0,1.0,1.0,1.0,True,IRLS step tolerance,9,1.8760901659843512,2.1314666669932194,"[0.0, 0.0, 0.0, 0.0, 0.0, 0.0, -0.49835736223232885, 0.0, 0.0, 0.0, 0.0, 0.0, 0.0, -0.7182367178599359, 0.0, 0.0]"
kdv,256,0.5,1.0675936078388761,8,WENDy L1=1e-06,0.28119047023915833,True,False,2,11,0,0.15384615384615385,1.0,0.26666666666666666,True,IRLS step tolerance,12,1.9526187920127995,2.2079952930216677,"[0.03204085305986721, 0.025673021365914497, -0.029956363825393392, 0.00440422186466405, 0.0, 0.031602824964289754, -0.48947328302042586, -0.002390305394399525, 0.0, -0.1083439963214735, 0.03288687141422481, -0.002502128630470436, 0.0, -0.727135874661598, -0.08811556213315794, 0.008480798087869917]"
kdv,256,0.5,1.0675936078388761,8,WENDy L1=0.0001,0.5231798997927366,True,False,2,6,0,0.25,1.0,0.4,True,IRLS step tolerance,11,1.8825939589878544,2.1379704599967226,"[0.0, 0.0, -0.004949571356497509, 0.0010440482823007864, 0.0, 0.0, -0.41098743381465397, -0.014932167452925398, 0.0, 0.0, 0.0, 0.0006061857600248465, 0.0, -0.4399938069281825, -0.14229345444034894, 0.010953705319103613]"
kdv,256,0.5,1.0675936078388761,8,WENDy L1=0.01,1.0030834020463804,True,False,0,3,2,0.0,0.0,0.0,True,IRLS step tolerance,5,1.9201313329976983,2.1755078340065666,"[0.0, 0.0, 0.0, -0.0004663422748760773, 0.0, 0.0, 0.0, -0.08540474103489766, 0.0, 0.0, 0.0, 0.0, 0.0, 0.0, 0.0, -0.020644661775390084]"
kdv,256,0.5,1.0675936078388761,8,WENDy-MLE HT,0.27548804693111006,True,True,2,0,0,1.0,1.0,1.0,False,A bad approximation caused failure to predict improvement.,3,1.934937624988379,2.190314125997247,"[0.0, 0.0, 0.0, 0.0, 0.0, 0.0, -0.5043017697485388, 0.0, 0.0, 0.0, 0.0, 0.0, 0.0, -0.6920250419605071, 0.0, 0.0]"
kdv,256,0.5,1.0675936078388761,8,WENDy-MLE L1=1e-06,0.37256306245988646,True,False,2,11,0,0.15384615384615385,1.0,0.26666666666666666,True,CONVERGENCE: RELATIVE REDUCTION OF F <= FACTR*EPSMCH,43,2.0874495420139283,2.3428260430227965,"[0.04121765661694331, 0.04299898230650279, -0.042537854437180556, 0.006061333250094838, 0.0, 0.08486759159849902, -0.5191709519975124, 0.0010536031815411302, 0.0, -0.09361126803653916, 0.02220163621380059, -0.0011293237329896004, 0.0, -0.6322315563218474, -0.12599068973540797, 0.012423554007417147]"
kdv,256,0.5,1.0675936078388761,8,WENDy-MLE L1=0.0001,0.45365166964666986,True,False,2,10,0,0.16666666666666666,1.0,0.2857142857142857,True,CONVERGENCE: RELATIVE REDUCTION OF F <= FACTR*EPSMCH,24,2.0636432920000516,2.31901979300892,"[0.02305127542504747, 0.04302445484843519, -0.037408686649029736, 0.005373126361591651, 0.0, 0.009868305968640915, -0.48374553908769935, -0.0018752604302075626, 0.0, 0.0, -0.004226091475371134, 0.001169927228609152, 0.0, -0.5176797227439411, -0.14229194789681843, 0.013223726693055255]"
kdv,256,0.5,1.0675936078388761,8,WENDy-MLE L1=0.01,1.0031951307945528,True,False,0,3,2,0.0,0.0,0.0,True,CONVERGENCE: NORM OF PROJECTED GRADIENT <= PGTOL,40,2.082524541998282,2.3379010430071503,"[0.0, 0.0, 0.0, -0.00043689458716100445, 0.0, 0.0, 0.0, -0.08688542620172958, 0.0, 0.0, 0.0, 0.0, 0.0, 0.0, 0.0, -0.02124429097989701]"
kdv,256,0.5,1.0675936078388761,9,WSINDy,0.02282974715247418,True,True,2,0,0,1.0,1.0,1.0,True,MSTLS support stable,3,0.002993582980707288,0.26023812498897314,"[0.0, 0.0, 0.0, 0.0, 0.0, 0.0, -0.4939972356338272, 0.0, 0.0, 0.0, 0.0, 0.0, 0.0, -0.9751914628852972, 0.0, 0.0]"
kdv,256,0.5,1.0675936078388761,9,WENDy HT,0.2422916353918127,True,True,2,0,0,1.0,1.0,1.0,True,IRLS step tolerance,8,1.859274959017057,2.116519501025323,"[0.0, 0.0, 0.0, 0.0, 0.0, 0.0, -0.5418410997428679, 0.0, 0.0, 0.0, 0.0, 0.0, 0.0, -0.7323605632602769, 0.0, 0.0]"
kdv,256,0.5,1.0675936078388761,9,WENDy L1=1e-06,0.26503235037430684,True,False,2,11,0,0.15384615384615385,1.0,0.26666666666666666,True,IRLS step tolerance,12,1.874639624991687,2.131884166999953,"[0.03084071399887688, 0.009993962542367731, -0.023201590993861945, 0.0038975720472217965, 0.0, 0.053644358115182596, -0.5334937310875706, 0.004502126018673713, 0.0, -0.07340910292119425, -0.0066910144828070915, 0.0027346343018355983, 0.0, -0.7417998569536174, -0.09981319670699808, 0.010353786536238578]"
kdv,256,0.5,1.0675936078388761,9,WENDy L1=0.0001,0.48453387206729504,True,False,2,6,0,0.25,1.0,0.4,True,IRLS step tolerance,11,1.9132464999856893,2.170491041993955,"[0.0, 0.0, -0.003913885754879023, 0.0009869072370344357, 0.0, 0.0, -0.44940767795419706, -0.00828238260239742, 0.0, 0.0, 0.0, 0.00029690212182313034, 0.0, -0.48217216630019555, -0.15004376592985644, 0.01276647472820883]"
kdv,256,0.5,1.0675936078388761,9,WENDy L1=0.01,1.0030823280919174,True,False,0,3,2,0.0,0.0,0.0,True,IRLS step tolerance,6,1.8782088329899125,2.1354533749981783,"[0.0, 0.0, 0.0, -0.00024348948805650954, 0.0, 0.0, 0.0, -0.08538967162151272, 0.0, 0.0, 0.0, 0.0, 0.0, 0.0, 0.0, -0.020645601374535215]"
kdv,256,0.5,1.0675936078388761,9,WENDy-MLE HT,0.13089786533673264,True,True,2,0,0,1.0,1.0,1.0,False,A bad approximation caused failure to predict improvement.,3,1.9393077080021612,2.196552250010427,"[0.0, 0.0, 0.0, 0.0, 0.0, 0.0, -0.5176808779097133, 0.0, 0.0, 0.0, 0.0, 0.0, 0.0, -0.8547237098027226, 0.0, 0.0]"
kdv,256,0.5,1.0675936078388761,9,WENDy-MLE L1=1e-06,0.17168819331999297,True,False,2,11,0,0.15384615384615385,1.0,0.26666666666666666,True,CONVERGENCE: RELATIVE REDUCTION OF F <= FACTR*EPSMCH,75,2.1961254580237437,2.4533700000320096,"[0.036669042256246065, 0.01544652090465903, -0.027329081518091308, 0.004393758359027881, 0.0, 0.02750952445347131, -0.5222936577638829, 0.0033623783733491867, 0.0, -0.06272932409913345, -0.01263355315904648, 0.0033652440597893283, 0.0, -0.8412226990810168, -0.06222907500564337, 0.006555286498465304]"
kdv,256,0.5,1.0675936078388761,9,WENDy-MLE L1=0.0001,0.40373273522063324,True,False,2,7,0,0.2222222222222222,1.0,0.36363636363636365,True,CONVERGENCE: RELATIVE REDUCTION OF F <= FACTR*EPSMCH,54,2.086850499996217,2.344095042004483,"[0.0, 0.0, -0.006962923558910419, 0.0016598406532926662, 0.0, 0.0, -0.4511818640686361, -0.00806045343871802, 0.0, 0.0, -0.00042962041536914595, 0.0004860463793424232, 0.0, -0.568457300799652, -0.12214489535307498, 0.010091366174366906]"
kdv,256,0.5,1.0675936078388761,9,WENDy-MLE L1=0.01,1.0031999221650787,True,False,0,3,2,0.0,0.0,0.0,True,CONVERGENCE: NORM OF PROJECTED GRADIENT <= PGTOL,41,2.155398792005144,2.41264333401341,"[0.0, 0.0, 0.0, -0.00020577542217179316, 0.0, 0.0, 0.0, -0.08695050658367821, 0.0, 0.0, 0.0, 0.0, 0.0, 0.0, 0.0, -0.02126433284498569]"
kdv,256,1.0,2.1351872156777523,0,WSINDy,0.03769498824524334,True,True,2,0,0,1.0,1.0,1.0,True,MSTLS support stable,3,0.0027866250020451844,0.2592593750159722,"[0.0, 0.0, 0.0, 0.0, 0.0, 0.0, -0.4878547081456114, 0.0, 0.0, 0.0, 0.0, 0.0, 0.0, -0.9596436862525451, 0.0, 0.0]"
kdv,256,1.0,2.1351872156777523,0,WENDy HT,0.258840754884227,True,True,2,0,0,1.0,1.0,1.0,True,IRLS step tolerance,11,1.8580030000011902,2.1144757500151172,"[0.0, 0.0, 0.0, 0.0, 0.0, 0.0, -0.5557754699013384, 0.0, 0.0, 0.0, 0.0, 0.0, 0.0, -0.7160329817679868, 0.0, 0.0]"
kdv,256,1.0,2.1351872156777523,0,WENDy L1=1e-06,0.5241952928084376,True,False,2,11,0,0.15384615384615385,1.0,0.26666666666666666,True,IRLS step tolerance,27,1.901529541995842,2.158002292009769,"[0.4318871672267198, -0.012602070945983897, -0.09713653227675954, 0.01277264645303946, 0.0, 0.002424163545231527, -0.5479751840621327, 0.005742238765912833, 0.0, -0.1793688687120489, 0.04560765051095326, -0.00217262490435376, 0.0, -0.7141866048131819, -0.1692213539469828, 0.016379763062780214]"
kdv,256,1.0,2.1351872156777523,0,WENDy L1=0.0001,0.7018365947208373,True,False,2,5,0,0.2857142857142857,1.0,0.4444444444444444,True,IRLS step tolerance,46,1.9835102499928325,2.2399830000067595,"[0.0, 0.0, 0.0, -1.1281825731865265e-05, 0.0, 0.0, -0.019835518102273353, -0.06110619621865251, 0.0, 0.0, 0.0, 0.0007455003131099881, 0.0, -0.3825998233321394, -0.013548093751696338, -0.0076990471777027905]"
kdv,256,1.0,2.1351872156777523,0,WENDy L1=0.01,1.0014621876734562,True,False,0,3,2,0.0,0.0,0.0,True,IRLS step tolerance,6,1.9330938330094796,2.1895665830234066,"[0.0, 0.0, 0.0, -0.0002436723512949728, 0.0, 0.0, 0.0, -0.0590351967839372, 0.0, 0.0, 0.0, 0.0, 0.0, 0.0, 0.0, -0.01315020300596496]"
kdv,256,1.0,2.1351872156777523,0,WENDy-MLE HT,0.33272093787560525,True,True,2,0,0,1.0,1.0,1.0,True,Optimization terminated successfully.,5,2.017386040999554,2.273858791013481,"[0.0, 0.0, 0.0, 0.0, 0.0, 0.0, -0.5102952384233134, 0.0, 0.0, 0.0, 0.0, 0.0, 0.0, -0.6281491748135617, 0.0, 0.0]"
kdv,256,1.0,2.1351872156777523,0,WENDy-MLE L1=1e-06,0.5166931200346054,True,False,2,11,0,0.15384615384615385,1.0,0.26666666666666666,True,CONVERGENCE: RELATIVE REDUCTION OF F <= FACTR*EPSMCH,169,3.1833387080114335,3.4398114580253605,"[0.3781597926494234, -0.009851905761633363, -0.08549435549088567, 0.011222141228629492, 0.0, 0.009945382311932684, -0.5060386984930384, 0.00042531178245895906, 0.0, -0.14175791396205512, 0.014834359544285143, 0.0011481856025999798, 0.0, -0.6260845619254778, -0.15083352851454945, 0.012722695777086734]"
kdv,256,1.0,2.1351872156777523,0,WENDy-MLE L1=0.0001,0.7313529848448247,True,False,2,11,0,0.15384615384615385,1.0,0.26666666666666666,True,CONVERGENCE: RELATIVE REDUCTION OF F <= FACTR*EPSMCH,15,2.2431267909996677,2.4995995410135947,"[0.6097120881001387, -0.018230208919382554, -0.14578308536874013, 0.02012130252118045, 0.0, 0.006631168806245508, -0.6097804020784104, 0.012496937135286998, 0.0, -0.004425878687755047, -0.0028260395709329748, 0.001325655056360866, 0.0, -0.531896030050181, -0.20769299631592636, 0.01785546643830572]"
kdv,256,1.0,2.1351872156777523,0,WENDy-MLE L1=0.01,1.0015036281537517,True,False,0,3,2,0.0,0.0,0.0,True,CONVERGENCE: NORM OF PROJECTED GRADIENT <= PGTOL,46,2.1943355000112206,2.4508082500251476,"[0.0, 0.0, 0.0, -0.00020969289536516817, 0.0, 0.0, 0.0, -0.059874522493731416, 0.0, 0.0, 0.0, 0.0, 0.0, 0.0, 0.0, -0.013300153812936422]"
kdv,256,1.0,2.1351872156777523,1,WSINDy,0.04479604205277874,True,True,2,0,0,1.0,1.0,1.0,True,MSTLS support stable,3,0.0030502500012516975,0.25916266700369306,"[0.0, 0.0, 0.0, 0.0, 0.0, 0.0, -0.4928245987160353, 0.0, 0.0, 0.0, 0.0, 0.0, 0.0, -0.9504331729287926, 0.0, 0.0]"
kdv,256,1.0,2.1351872156777523,1,WENDy HT,0.4130603529991921,True,True,2,0,0,1.0,1.0,1.0,True,IRLS step tolerance,11,2.1446905829943717,2.400802999996813,"[0.0, 0.0, 0.0, 0.0, 0.0, 0.0, -0.42372376663886574, 0.0, 0.0, 0.0, 0.0, 0.0, 0.0, -0.5445271629954106, 0.0, 0.0]"
kdv,256,1.0,2.1351872156777523,1,WENDy L1=1e-06,0.5521429792127956,True,False,2,11,0,0.15384615384615385,1.0,0.26666666666666666,True,IRLS step tolerance,104,2.2001035420107655,2.456215959013207,"[0.30492663835013284, -0.054411683564517296, -0.07367411800844141, 0.011689473548975109, 0.0, 0.2011001008151017, -0.41877126687932925, -0.015790490421919576, 0.0, -0.10594008833092922, -0.08114407645966423, 0.013018839122922576, 0.0, -0.5439732677405651, -0.07963600661059468, 0.0019509974886815333]"
kdv,256,1.0,2.1351872156777523,1,WENDy L1=0.0001,0.7377080764366533,True,False,2,7,0,0.2222222222222222,1.0,0.36363636363636365,True,IRLS step tolerance,47,2.0516724170011003,2.3077848340035416,"[0.0, -0.0052652637207566445, -0.0014480428811892959, 0.0007301238962581642, 0.0, 0.0, -0.05407005188189506, -0.05696550737433598, 0.0, 0.0, -0.015051477724401241, 0.002594360639470556, 0.0, -0.30877254647155566, 0.0, -0.010435361969297445]"
kdv,256,1.0,2.1351872156777523,1,WENDy L1=0.01,1.001507342482729,True,False,0,3,2,0.0,0.0,0.0,True,IRLS step tolerance,6,1.96332183299819,2.2194342500006314,"[0.0, 0.0, 0.0, 3.3369487344617974e-06, 0.0, 0.0, 0.0, -0.05997867731300034, 0.0, 0.0, 0.0, 0.0, 0.0, 0.0, 0.0, -0.0131815994921221]"
kdv,256,1.0,2.1351872156777523,1,WENDy-MLE HT,0.46042604727932596,True,True,2,0,0,1.0,1.0,1.0,True,Optimization terminated successfully.,4,1.9789033330162056,2.235015750018647,"[0.0, 0.0, 0.0, 0.0, 0.0, 0.0, -0.41645999136919254, 0.0, 0.0, 0.0, 0.0, 0.0, 0.0, -0.4920519236924458, 0.0, 0.0]"
kdv,256,1.0,2.1351872156777523,1,WENDy-MLE L1=1e-06,0.6230892543984338,True,False,2,11,0,0.15384615384615385,1.0,0.26666666666666666,True,CONVERGENCE: RELATIVE REDUCTION OF F <= FACTR*EPSMCH,46,2.185367708996637,2.441480125999078,"[0.3751183331946667, -0.05619206075072394, -0.08888198256440635, 0.013668877287899495, 0.0, 0.18401378736249926, -0.3657046344199352, -0.022118696630368962, 0.0, -0.13507715399376902, -0.06682112667605059, 0.011653836992648468, 0.0, -0.4965652167371587, -0.06828804179448446, -0.00010534254489738078]"
kdv,256,1.0,2.1351872156777523,1,WENDy-MLE L1=0.0001,0.801655550866495,True,False,1,7,1,0.125,0.5,0.2,True,CONVERGENCE: RELATIVE REDUCTION OF F <= FACTR*EPSMCH,112,2.404547749989433,2.6606601669918746,"[0.0, -0.007618603176147346, -0.0007236419402389665, 0.0007128561052277107, 0.0, 2.5499585670597686e-06, 0.0, -0.06432700550332815, 0.0, 0.0, 0.0, 0.0004627368253821757, 0.0, -0.2590595375361507, 0.0, -0.011158233415264352]"
kdv,256,1.0,2.1351872156777523,1,WENDy-MLE L1=0.01,1.0015378363766168,True,False,0,3,2,0.0,0.0,0.0,True,CONVERGENCE: NORM OF PROJECTED GRADIENT <= PGTOL,38,2.132511957985116,2.3886243749875575,"[0.0, 0.0, 0.0, 3.6363467455972054e-05, 0.0, 0.0, 0.0, -0.06060585314782553, 0.0, 0.0, 0.0, 0.0, 0.0, 0.0, 0.0, -0.013208949972129359]"
kdv,256,1.0,2.1351872156777523,2,WSINDy,0.0647303385918514,True,True,2,0,0,1.0,1.0,1.0,True,MSTLS support stable,4,0.003170791984302923,0.2587490419682581,"[0.0, 0.0, 0.0, 0.0, 0.0, 0.0, -0.4937753466651394, 0.0, 0.0, 0.0, 0.0, 0.0, 0.0, -0.9278974715517516, 0.0, 0.0]"
kdv,256,1.0,2.1351872156777523,2,WENDy HT,0.40319935288854636,True,True,2,0,0,1.0,1.0,1.0,True,IRLS step tolerance,10,1.9390552500262856,2.194633500010241,"[0.0, 0.0, 0.0, 0.0, 0.0, 0.0, -0.6977466035013101, 0.0, 0.0, 0.0, 0.0, 0.0, 0.0, -0.5948970149259897, 0.0, 0.0]"
kdv,256,1.0,2.1351872156777523,2,WENDy L1=1e-06,0.4874503528284978,True,False,2,11,0,0.15384615384615385,1.0,0.26666666666666666,True,IRLS step tolerance,150,2.168162415997358,2.423740665981313,"[-0.12680647933315975, -0.0034689391326805574, 0.020081419390433248, -0.0020694671382116654, 0.0, 0.1177165858212772, -0.6865150551943663, 0.021509154429035646, 0.0, -0.1295360926499286, 0.1081786788913368, -0.011602156064310606, 0.0, -0.5967615653611078, -0.19959004601473782, 0.01866503702627896]"
kdv,256,1.0,2.1351872156777523,2,WENDy L1=0.0001,0.5845931717231486,True,False,2,5,0,0.2857142857142857,1.0,0.4444444444444444,True,IRLS step tolerance,56,2.0259125419834163,2.2814907919673715,"[0.0, 0.0, -0.0029100452880239107, 0.000686276963664011, 0.0, 0.0, -0.22684054498527453, -0.034960650233673216, 0.0, 0.0, 0.001726576018536546, 0.0, 0.0, -0.41144582465838064, -0.0702865412899923, 0.0]"
kdv,256,1.0,2.1351872156777523,2,WENDy L1=0.01,1.0014908897393007,True,False,0,3,2,0.0,0.0,0.0,True,IRLS step tolerance,7,1.8561031670251396,2.1116814170090947,"[0.0, 0.0, 0.0, -6.616587918157585e-05, 0.0, 0.0, 0.0, -0.059727708487072595, 0.0, 0.0, 0.0, 0.0, 0.0, 0.0, 0.0, -0.012751441074651315]"
kdv,256,1.0,2.1351872156777523,2,WENDy-MLE HT,0.4072524541284271,True,True,2,0,0,1.0,1.0,1.0,True,Optimization terminated successfully.,4,1.9488468329946045,2.2044250829785597,"[0.0, 0.0, 0.0, 0.0, 0.0, 0.0, -0.6407337735034503, 0.0, 0.0, 0.0, 0.0, 0.0, 0.0, -0.5669732032108026, 0.0, 0.0]"
kdv,256,1.0,2.1351872156777523,2,WENDy-MLE L1=1e-06,0.4571523278418717,True,False,2,11,0,0.15384615384615385,1.0,0.26666666666666666,True,CONVERGENCE: RELATIVE REDUCTION OF F <= FACTR*EPSMCH,267,3.422287041990785,3.67786529197474,"[-0.02720550085732007, -0.008872151902277782, -0.002099618595645152, 0.0009954269396144917, 0.0, 0.0972470994634724, -0.6330002059720742, 0.015068222901098756, 0.0, -0.10643294019422242, 0.07849777187432141, -0.008087555133309037, 0.0, -0.5678411323205103, -0.1688657678735, 0.014343691348083613]"
kdv,256,1.0,2.1351872156777523,2,WENDy-MLE L1=0.0001,0.6794075239350141,True,False,2,7,0,0.2222222222222222,1.0,0.36363636363636365,True,CONVERGENCE: NORM OF PROJECTED GRADIENT <= PGTOL,167,2.653479500004323,2.9090577499882784,"[0.0, -0.005906480264263213, 0.0, 0.0003811076671497606, 0.0, 0.0, -0.04258861513733264, -0.05939909362599017, 0.0, 0.0, 0.0026549221570157724, -0.00010309059193732375, 0.0, -0.39669066881355486, -0.012550108302477114, -0.007619504070181847]"
kdv,256,1.0,2.1351872156777523,2,WENDy-MLE L1=0.01,1.0015411264124898,True,False,0,3,2,0.0,0.0,0.0,True,CONVERGENCE: NORM OF PROJECTED GRADIENT <= PGTOL,35,2.0719099580019247,2.32748820798588,"[0.0, 0.0, 0.0, -2.5578029146928796e-05, 0.0, 0.0, 0.0, -0.060716700618073265, 0.0, 0.0, 0.0, 0.0, 0.0, 0.0, 0.0, -0.013010245244362137]"
kdv,256,1.0,2.1351872156777523,3,WSINDy,0.11153376721202542,True,True,2,0,0,1.0,1.0,1.0,True,MSTLS support stable,5,0.002827541989972815,0.2580414179828949,"[0.0, 0.0, 0.0, 0.0, 0.0, 0.0, -0.4802985870561038, 0.0, 0.0, 0.0, 0.0, 0.0, 0.0, -0.8768676286931543, 0.0, 0.0]"
kdv,256,1.0,2.1351872156777523,3,WENDy HT,0.5009795897828908,True,True,2,0,0,1.0,1.0,1.0,True,IRLS step tolerance,12,1.8901767499919515,2.1453906259848736,"[0.0, 0.0, 0.0, 0.0, 0.0, 0.0, -0.709527853283853, 0.0, 0.0, 0.0, 0.0, 0.0, 0.0, -0.480554367212456, 0.0, 0.0]"
kdv,256,1.0,2.1351872156777523,3,WENDy L1=1e-06,0.5943221056710027,True,False,2,11,0,0.15384615384615385,1.0,0.26666666666666666,True,IRLS step tolerance,38,1.9974394169985317,2.252653292991454,"[-0.25474865148245573, 0.06396405468753226, 0.04756577083706396, -0.007704407974023667, 0.0, 0.07172210253106612, -0.6940229668259088, 0.025357881291102297, 0.0, -0.07314802235889566, 0.08695946084227321, -0.009596584661772883, 0.0, -0.47970139946631046, -0.20666194807429875, 0.018890651059175916]"
kdv,256,1.0,2.1351872156777523,3,WENDy L1=0.0001,0.799419667905685,True,False,2,6,0,0.25,1.0,0.4,True,IRLS step tolerance,11,1.8960974589863326,2.1513113349792548,"[0.0, 0.0, -0.0015423384746368054, 0.0006017984277206111, 0.0, 0.0, -0.0467148597524625, -0.05672171042135575, 0.0, 0.0, 0.0, 0.0009527802855226272, 0.0, -0.2324068155628346, -0.03015715210041886, -0.006525842007308573]"
kdv,256,1.0,2.1351872156777523,3,WENDy L1=0.01,1.0014494846308009,True,False,0,3,2,0.0,0.0,0.0,True,IRLS step tolerance,7,1.9127783750009257,2.167992250993848,"[0.0, 0.0, 0.0, 7.632268137027692e-06, 0.0, 0.0, 0.0, -0.058978688123836935, 0.0, 0.0, 0.0, 0.0, 0.0, 0.0, 0.0, -0.012159445836916936]"
kdv,256,1.0,2.1351872156777523,3,WENDy-MLE HT,0.5088892749496584,True,True,2,0,0,1.0,1.0,1.0,True,Optimization terminated successfully.,4,1.9522978749882895,2.2075117509812117,"[0.0, 0.0, 0.0, 0.0, 0.0, 0.0, -0.4809998930519079, 0.0, 0.0, 0.0, 0.0, 0.0, 0.0, -0.43136183417356916, 0.0, 0.0]"
kdv,256,1.0,2.1351872156777523,3,WENDy-MLE L1=1e-06,0.5430768476363866,True,False,2,11,0,0.15384615384615385,1.0,0.26666666666666666,True,CONVERGENCE: RELATIVE REDUCTION OF F <= FACTR*EPSMCH,184,2.807324334018631,3.062538210011553,"[-0.13379005299879188, 0.0433460430263229, 0.023453810224301905, -0.0039479582296641546, 0.0, 0.03617616076946888, -0.4675082490324588, -0.003416522519153501, 0.0, -0.04029590399701055, 0.05068980830812402, -0.005253470908039612, 0.0, -0.431269133480128, -0.13485854824949853, 0.009094478948547308]"
kdv,256,1.0,2.1351872156777523,3,WENDy-MLE L1=0.0001,0.8502997457738238,True,False,1,6,1,0.14285714285714285,0.5,0.2222222222222222,True,CONVERGENCE: NORM OF PROJECTED GRADIENT <= PGTOL,145,2.530497458006721,2.785711333999643,"[0.0, 0.0, -0.0012648622272513218, 0.0005764031201896532, 0.0, 0.0, 0.0, -0.0630851604344729, 0.0, 0.0, 0.0, 0.0009852789675557324, 0.0, -0.19400673158688153, -0.007277709689841201, -0.010065681025049344]"
kdv,256,1.0,2.1351872156777523,3,WENDy-MLE L1=0.01,1.0014908796318338,True,False,0,3,2,0.0,0.0,0.0,True,CONVERGENCE: NORM OF PROJECTED GRADIENT <= PGTOL,41,2.029776250012219,2.284990126005141,"[0.0, 0.0, 0.0, 4.3227434529285144e-05, 0.0, 0.0, 0.0, -0.059792114983523055, 0.0, 0.0, 0.0, 0.0, 0.0, 0.0, 0.0, -0.012445023076171905]"
kdv,256,1.0,2.1351872156777523,4,WSINDy,0.07521634154691115,True,True,2,0,0,1.0,1.0,1.0,True,MSTLS support stable,3,0.0029488330183085054,0.25945058302022517,"[0.0, 0.0, 0.0, 0.0, 0.0, 0.0, -0.4904320201349785, 0.0, 0.0, 0.0, 0.0, 0.0, 0.0, -0.9164516528833183, 0.0, 0.0]"
kdv,256,1.0,2.1351872156777523,4,WENDy HT,0.7455655636194154,True,False,1,1,1,0.5,0.5,0.5,True,IRLS step tolerance,9,1.9012133750075009,2.1577151250094175,"[0.566416834934795, 0.0, 0.0, 0.0, 0.0, 0.0, 0.0, 0.0, 0.0, 0.0, 0.0, 0.0, 0.0, -0.6478537503090941, 0.0, 0.0]"
kdv,256,1.0,2.1351872156777523,4,WENDy L1=1e-06,0.5933573284146443,True,False,2,11,0,0.15384615384615385,1.0,0.26666666666666666,True,IRLS step tolerance,62,1.9108358329976909,2.1673375829996075,"[0.525177187794548, 0.00107921661593602, -0.12614490766034483, 0.016680066300229533, 0.0, 0.06037525259906776, -0.45258441788377746, -0.007385698663134314, 0.0, 0.011786368998707311, -0.07797065836923417, 0.011016111976915625, 0.0, -0.645561083341351, -0.10057295984148515, 0.007656603339777246]"
kdv,256,1.0,2.1351872156777523,4,WENDy L1=0.0001,0.6911761314919497,True,False,2,5,0,0.2857142857142857,1.0,0.4444444444444444,True,IRLS step tolerance,9,1.9041667919955216,2.1606685419974383,"[0.0, 0.0, -0.0032441893589554563, 0.0005919934468875409, 0.0, 0.0, -0.06144203394874099, -0.05521657572858731, 0.0, 0.0, 0.0, 0.0013646496517374215, 0.0, -0.36621213517263623, 0.0, -0.008590751775862071]"
kdv,256,1.0,2.1351872156777523,4,WENDy L1=0.01,1.0014487463526844,True,False,0,4,2,0.0,0.0,0.0,True,IRLS step tolerance,7,1.8532987920043524,2.109800542006269,"[0.0, 0.0, 0.0, -0.0002446835561233336, 0.0, 0.0, 0.0, -0.05891524530452495, 0.0, 0.0, 0.0, 0.00012297713492559446, 0.0, 0.0, 0.0, -0.012385812104714617]"
kdv,256,1.0,2.1351872156777523,4,WENDy-MLE HT,0.7400151474332354,True,False,1,1,1,0.5,0.5,0.5,True,Optimization terminated successfully.,4,1.904009457997745,2.1605112079996616,"[0.4221057108801439, 0.0, 0.0, 0.0, 0.0, 0.0, 0.0, 0.0, 0.0, 0.0, 0.0, 0.0, 0.0, -0.4936850862549475, 0.0, 0.0]"
kdv,256,1.0,2.1351872156777523,4,WENDy-MLE L1=1e-06,0.6258478213678697,True,False,2,10,0,0.16666666666666666,1.0,0.2857142857142857,True,CONVERGENCE: RELATIVE REDUCTION OF F <= FACTR*EPSMCH,229,3.252479915972799,3.5089816659747157,"[0.42618925098657395, 0.0, -0.10280503780541175, 0.013634904407208878, 0.0, 0.056756196378356265, -0.33680110363182636, -0.021812199483598457, 0.0, 0.0018715783103665144, -0.05233661311797403, 0.007955138731693916, 0.0, -0.49289498677250376, -0.08313802773337835, 0.003248608964560121]"
kdv,256,1.0,2.1351872156777523,4,WENDy-MLE L1=0.0001,0.793565538445729,True,False,1,5,1,0.16666666666666666,0.5,0.25,True,CONVERGENCE: RELATIVE REDUCTION OF F <= FACTR*EPSMCH,159,2.9082945419941097,3.1647962919960264,"[0.0, 0.0, -0.0026589954640252266, 0.0004645880057485503, 0.0, 0.0, 0.0, -0.06298938193192972, 0.0, 0.0, 0.0, 0.001280759291230095, 0.0, -0.2698578073268213, 0.0, -0.00993073812997827]"
kdv,256,1.0,2.1351872156777523,4,WENDy-MLE L1=0.01,1.0014776593873758,True,False,0,4,2,0.0,0.0,0.0,True,CONVERGENCE: NORM OF PROJECTED GRADIENT <= PGTOL,67,2.302283333003288,2.558785083005205,"[0.0, 0.0, 0.0, -0.0002271022089759374, 0.0, 0.0, 0.0, -0.0594905807663949, 0.0, 0.0, 0.0, 7.920304931418526e-05, 0.0, 0.0, 0.0, -0.012557498419729267]"
kdv,256,1.0,2.1351872156777523,5,WSINDy,0.04987742029726494,True,True,2,0,0,1.0,1.0,1.0,True,MSTLS support stable,3,0.003128874988760799,0.25963975096237846,"[0.0, 0.0, 0.0, 0.0, 0.0, 0.0, -0.4886239156223741, 0.0, 0.0, 0.0, 0.0, 0.0, 0.0, -0.9454080498276471, 0.0, 0.0]"
kdv,256,1.0,2.1351872156777523,5,WENDy HT,0.39546434937728003,True,True,2,0,0,1.0,1.0,1.0,True,IRLS step tolerance,10,2.2183043750119396,2.474815250985557,"[0.0, 0.0, 0.0, 0.0, 0.0, 0.0, -0.46377132072511573, 0.0, 0.0, 0.0, 0.0, 0.0, 0.0, -0.5593441849544115, 0.0, 0.0]"
kdv,256,1.0,2.1351872156777523,5,WENDy L1=1e-06,0.5328845143997043,True,False,2,11,0,0.15384615384615385,1.0,0.26666666666666666,True,IRLS step tolerance,131,2.1120065420109313,2.368517417984549,"[-0.31454624614323407, -0.016887571561952884, 0.06796275596275166, -0.0076159875771932666, 0.0, -0.03683489508381865, -0.4557674643846372, -0.00371338126699792, 0.0, 0.12328302591797553, 0.09752876357132853, -0.013658728466477853, 0.0, -0.5543818284515967, -0.15517712828583527, 0.013273081062505472]"
kdv,256,1.0,2.1351872156777523,5,WENDy L1=0.0001,0.7957497661742173,True,False,2,7,0,0.2222222222222222,1.0,0.36363636363636365,True,IRLS step tolerance,269,2.1716432090033777,2.4281540849769954,"[0.0, 0.0, -0.0052048738480111635, 0.0011317964053350216, 0.0, 0.0, -0.04308696267456654, -0.05682554378579068, 0.0, 0.0, 0.016285456532888484, -0.0014436772266047198, 0.0, -0.23993337326050906, -0.03867723101546386, -0.00552897801861063]"
kdv,256,1.0,2.1351872156777523,5,WENDy L1=0.01,1.0014318812160212,True,False,0,3,2,0.0,0.0,0.0,True,IRLS step tolerance,7,1.987011250021169,2.2435221259947866,"[0.0, 0.0, 0.0, -4.245558101158511e-05, 0.0, 0.0, 0.0, -0.05855739200213987, 0.0, 0.0, 0.0, 0.0, 0.0, 0.0, 0.0, -0.012381273531227019]"
kdv,256,1.0,2.1351872156777523,5,WENDy-MLE HT,0.4556830669852006,True,True,2,0,0,1.0,1.0,1.0,True,Optimization terminated successfully.,4,1.9539347919926513,2.210445667966269,"[0.0, 0.0, 0.0, 0.0, 0.0, 0.0, -0.381566752133906, 0.0, 0.0, 0.0, 0.0, 0.0, 0.0, -0.5044877521986092, 0.0, 0.0]"
kdv,256,1.0,2.1351872156777523,5,WENDy-MLE L1=1e-06,0.5103241707152241,True,False,2,11,0,0.15384615384615385,1.0,0.26666666666666666,True,CONVERGENCE: RELATIVE REDUCTION OF F <= FACTR*EPSMCH,173,3.017417333991034,3.2739282099646516,"[-0.14095565016994901, -0.01884404143367485, 0.027873558177613063, -0.0023288361747042905, 0.0, -0.04638074573819514, -0.3772883370512963, -0.013493448641042148, 0.0, 0.12991626558850008, 0.06105111437319798, -0.009045591754364918, 0.0, -0.4998626621937738, -0.12741705762727507, 0.009018731961036917]"
kdv,256,1.0,2.1351872156777523,5,WENDy-MLE L1=0.0001,0.8092651527941978,True,False,1,6,1,0.14285714285714285,0.5,0.2222222222222222,True,CONVERGENCE: RELATIVE REDUCTION OF F <= FACTR*EPSMCH,135,2.65436695801327,2.9108778339868877,"[0.0, 0.0, -0.004353226518756736, 0.0010112021686886278, 0.0, 0.0, 0.0, -0.06298972297270151, 0.0, 0.0, 0.005787836849547464, 0.0, 0.0, -0.24906063346876503, -0.02559464395894434, -0.007170358186905187]"
kdv,256,1.0,2.1351872156777523,5,WENDy-MLE L1=0.01,1.0014637105388184,True,False,0,3,2,0.0,0.0,0.0,True,CONVERGENCE: NORM OF PROJECTED GRADIENT <= PGTOL,35,2.082900500012329,2.3394113759859465,"[0.0, 0.0, 0.0, -1.900711278683087e-05, 0.0, 0.0, 0.0, -0.05920037590794306, 0.0, 0.0, 0.0, 0.0, 0.0, 0.0, 0.0, -0.012540715243196486]"
kdv,256,1.0,2.1351872156777523,6,WSINDy,0.03849762746685062,True,True,2,0,0,1.0,1.0,1.0,True,MSTLS support stable,3,0.0029923330002930015,0.2581992499763146,"[0.0, 0.0, 0.0, 0.0, 0.0, 0.0, -0.4902472843606232, 0.0, 0.0, 0.0, 0.0, 0.0, 0.0, -0.9580778258152327, 0.0, 0.0]"
kdv,256,1.0,2.1351872156777523,6,WENDy HT,0.28887707926844775,True,True,2,0,0,1.0,1.0,1.0,True,IRLS step tolerance,10,1.9165743330086116,2.171781249984633,"[0.0, 0.0, 0.0, 0.0, 0.0, 0.0, -0.4806695503405121, 0.0, 0.0, 0.0, 0.0, 0.0, 0.0, -0.6776046024300311, 0.0, 0.0]"
kdv,256,1.0,2.1351872156777523,6,WENDy L1=1e-06,0.3471359198266269,True,False,2,11,0,0.15384615384615385,1.0,0.26666666666666666,False,IRLS iteration limit,300,2.2235067500150762,2.478713666991098,"[-0.0808390061520994, 0.027198757272405557, 0.01246710259438416, -0.0018884701372009793, 0.0, -0.03407965250587386, -0.47453444709468534, -0.002751093695076061, 0.0, 0.13004472424061478, -0.023857529077909626, 0.00135665976050842, 0.0, -0.6722995166524333, -0.12804214090744376, 0.010627158140198049]"
kdv,256,1.0,2.1351872156777523,6,WENDy L1=0.0001,0.8050143756064181,True,False,1,5,1,0.16666666666666666,0.5,0.25,True,IRLS step tolerance,92,1.9885174589871895,2.243724375963211,"[0.0, 0.0, -0.0028315940398115705, 0.0006654256388440691, 0.0, 0.0, 0.0, -0.06334594563334438, 0.0, 0.0, 0.0, 0.0007003844901513096, 0.0, -0.2543988292503037, 0.0, -0.010835832234643458]"
kdv,256,1.0,2.1351872156777523,6,WENDy L1=0.01,1.0014747141924483,True,False,0,3,2,0.0,0.0,0.0,True,IRLS step tolerance,7,1.9674973750079516,2.2227042919839732,"[0.0, 0.0, 0.0, -6.209561151246532e-06, 0.0, 0.0, 0.0, -0.059400102444410484, 0.0, 0.0, 0.0, 0.0, 0.0, 0.0, 0.0, -0.012693768139992585]"
kdv,256,1.0,2.1351872156777523,6,WENDy-MLE HT,0.3632337706900697,True,True,2,0,0,1.0,1.0,1.0,True,Optimization terminated successfully.,4,1.9899198750208598,2.2451267919968814,"[0.0, 0.0, 0.0, 0.0, 0.0, 0.0, -0.4234042444560927, 0.0, 0.0, 0.0, 0.0, 0.0, 0.0, -0.6011810492907644, 0.0, 0.0]"
kdv,256,1.0,2.1351872156777523,6,WENDy-MLE L1=1e-06,0.5326343012901905,True,False,2,11,0,0.15384615384615385,1.0,0.26666666666666666,True,CONVERGENCE: RELATIVE REDUCTION OF F <= FACTR*EPSMCH,54,2.1383702919993084,2.39357720897533,"[-0.36646933285945127, 0.02677963372578986, 0.07658338348323081, -0.010105244233659343, 0.0, -0.0006336754561345394, -0.4366549489844757, -0.008134333346179651, 0.0, 0.1156856327239208, 0.025491774747617702, -0.0046006811137427415, 0.0, -0.574872246911192, -0.12126276062226367, 0.00827537950086018]"
kdv,256,1.0,2.1351872156777523,6,WENDy-MLE L1=0.0001,0.7882928646184806,True,False,1,6,1,0.14285714285714285,0.5,0.2222222222222222,True,CONVERGENCE: NORM OF PROJECTED GRADIENT <= PGTOL,155,2.709681417007232,2.9648883339832537,"[0.0, 0.0, -0.0023569848788849517, 0.0005788023965665174, 0.0, 0.0, 0.0, -0.06364469696288151, 0.0, 0.0, 0.0, 0.000557127454024248, 0.0, -0.2770958332506972, -0.0016876650107811376, -0.010340201225783968]"
kdv,256,1.0,2.1351872156777523,6,WENDy-MLE L1=0.01,1.0015056069714656,True,False,0,2,2,0.0,0.0,0.0,True,CONVERGENCE: NORM OF PROJECTED GRADIENT <= PGTOL,40,2.0793127920187544,2.334519708994776,"[0.0, 0.0, 0.0, 0.0, 0.0, 0.0, 0.0, -0.06002025167746826, 0.0, 0.0, 0.0, 0.0, 0.0, 0.0, 0.0, -0.012822651156382592]"
kdv,256,1.0,2.1351872156777523,7,WSINDy,0.09102391832164065,True,True,2,0,0,1.0,1.0,1.0,True,MSTLS support stable,4,0.00316341599682346,0.2584989159950055,"[0.0, 0.0, 0.0, 0.0, 0.0, 0.0, -0.4861197749176599, 0.0, 0.0, 0.0, 0.0, 0.0, 0.0, -0.8991831785615889, 0.0, 0.0]"
kdv,256,1.0,2.1351872156777523,7,WENDy HT,0.1637136367069732,True,True,2,0,0,1.0,1.0,1.0,True,IRLS step tolerance,10,1.9635647500108462,2.2189002500090282,"[0.0, 0.0, 0.0, 0.0, 0.0, 0.0, -0.40576964261345566, 0.0, 0.0, 0.0, 0.0, 0.0, 0.0, -0.8430817623678413, 0.0, 0.0]"
kdv,256,1.0,2.1351872156777523,7,WENDy L1=1e-06,0.36780030891644344,True,False,2,11,0,0.15384615384615385,1.0,0.26666666666666666,True,IRLS step tolerance,45,2.0540550829900894,2.3093905829882715,"[0.13913798977536612, -0.04982780829620063, -0.03365576295018883, 0.00673925741943422, 0.0, -0.02667796470797261, -0.4040058267907811, -0.012513535820482435, 0.0, 0.2760584012675473, -0.1507892416364324, 0.01527930699749832, 0.0, -0.8312881039978411, -0.09091117355974795, 0.00922999857299102]"
kdv,256,1.0,2.1351872156777523,7,WENDy L1=0.0001,0.7660063220581097,True,False,1,8,1,0.1111111111111111,0.5,0.18181818181818182,True,IRLS step tolerance,45,1.9998890419956297,2.2552245419938117,"[0.0, -0.069221599094724, 0.003347792083215512, 0.001963504058460885, 0.0, 0.0, 0.0, -0.06402747539179837, 0.0, 0.0, -0.010435885140790727, 0.0021546941122814072, 0.0, -0.31145362869749516, -0.01683848247773634, -0.007596447429768356]"
kdv,256,1.0,2.1351872156777523,7,WENDy L1=0.01,1.0014733629091679,True,False,0,3,2,0.0,0.0,0.0,True,IRLS step tolerance,7,1.8685911249776836,2.1239266249758657,"[0.0, 0.0, 0.0, -4.470889930233669e-05, 0.0, 0.0, 0.0, -0.05943855673619237, 0.0, 0.0, 0.0, 0.0, 0.0, 0.0, 0.0, -0.012376459307102856]"
kdv,256,1.0,2.1351872156777523,7,WENDy-MLE HT,0.29244529001798064,True,True,2,0,0,1.0,1.0,1.0,False,A bad approximation caused failure to predict improvement.,4,2.00621604200569,2.261551542003872,"[0.0, 0.0, 0.0, 0.0, 0.0, 0.0, -0.340608431923998, 0.0, 0.0, 0.0, 0.0, 0.0, 0.0, -0.7145185862557788, 0.0, 0.0]"
kdv,256,1.0,2.1351872156777523,7,WENDy-MLE L1=1e-06,0.41215043425413767,True,False,2,11,0,0.15384615384615385,1.0,0.26666666666666666,True,CONVERGENCE: RELATIVE REDUCTION OF F <= FACTR*EPSMCH,184,3.0699529580015223,3.3252884579997044,"[0.14131481731856319, -0.053295557755220796, -0.03349393600365614, 0.006790139874569292, 0.0, -0.03247317387358142, -0.3443437855524583, -0.01990972916220572, 0.0, 0.24851241730282098, -0.1171123592978929, 0.011538975678137019, 0.0, -0.7184100288423129, -0.08790162502221743, 0.007105530688901484]"
kdv,256,1.0,2.1351872156777523,7,WENDy-MLE L1=0.0001,0.7086037208069755,True,False,1,7,1,0.125,0.5,0.2,True,CONVERGENCE: NORM OF PROJECTED GRADIENT <= PGTOL,110,2.5244114169909153,2.7797469169890974,"[0.0, -0.059804310766345035, 0.004040019944413501, 0.0015339554772024308, 0.0, 0.0, 0.0, -0.06467128853377206, 0.0, 0.0, 0.0, 0.0006366249238758634, 0.0, -0.3922233541076448, -0.021018516639394736, -0.006066372414703113]"
kdv,256,1.0,2.1351872156777523,7,WENDy-MLE L1=0.01,1.0015139843540362,True,False,0,3,2,0.0,0.0,0.0,True,CONVERGENCE: NORM OF PROJECTED GRADIENT <= PGTOL,29,2.033513333997689,2.2888488339958712,"[0.0, 0.0, 0.0, -1.9666834288646727e-05, 0.0, 0.0, 0.0, -0.06025733685181457, 0.0, 0.0, 0.0, 0.0, 0.0, 0.0, 0.0, -0.01252513631116569]"
kdv,256,1.0,2.1351872156777523,8,WSINDy,0.08468693806574143,True,True,2,0,0,1.0,1.0,1.0,True,MSTLS support stable,4,0.0030507079791277647,0.2588762499799486,"[0.0, 0.0, 0.0, 0.0, 0.0, 0.0, -0.4818727397304716, 0.0, 0.0, 0.0, 0.0, 0.0, 0.0, -0.9070685775218673, 0.0, 0.0]"
kdv,256,1.0,2.1351872156777523,8,WENDy HT,0.7217463211033137,True,False,1,1,1,0.5,0.5,0.5,True,IRLS step tolerance,13,1.892985291982768,2.148810833983589,"[0.4580322447945178, 0.0, 0.0, 0.0, 0.0, 0.0, 0.0, 0.0, 0.0, 0.0, 0.0, 0.0, 0.0, -0.5625601152601599, 0.0, 0.0]"
kdv,256,1.0,2.1351872156777523,8,WENDy L1=1e-06,0.6054725272402558,True,False,2,11,0,0.15384615384615385,1.0,0.26666666666666666,True,IRLS step tolerance,95,2.015048040979309,2.27087358298013,"[0.4157434001910276, -0.033142318303872695, -0.09172452537023676, 0.012642265585515218, 0.0, 0.04905724859139421, -0.3513743076563625, -0.019623238891918967, 0.0, -0.208756272432343, -0.00199040961124546, 0.004358891228899257, 0.0, -0.5616492638572588, -0.12249388112161869, 0.00961663944266199]"
kdv,256,1.0,2.1351872156777523,8,WENDy L1=0.0001,0.7415504041660628,True,False,2,6,0,0.25,1.0,0.4,True,IRLS step tolerance,28,1.9093220420181751,2.165147584018996,"[0.0, 0.0, 0.0028218755026928, -0.0006580122020079151, 0.0, 0.0, -0.03057950338410818, -0.05873632271156757, 0.0, 0.0, 0.0, 0.00025206624615146, 0.0, -0.3194383951968583, -0.01868339828393931, -0.006638324134062018]"
kdv,256,1.0,2.1351872156777523,8,WENDy L1=0.01,1.0014252452508727,True,False,0,3,2,0.0,0.0,0.0,True,IRLS step tolerance,7,1.9767570000258274,2.2325825420266483,"[0.0, 0.0, 0.0, -0.00032509309221516507, 0.0, 0.0, 0.0, -0.05846848712014767, 0.0, 0.0, 0.0, 0.0, 0.0, 0.0, 0.0, -0.012123638504021352]"
kdv,256,1.0,2.1351872156777523,8,WENDy-MLE HT,0.715667118714726,True,False,1,1,1,0.5,0.5,0.5,True,Optimization terminated successfully.,4,2.0256712499831337,2.2814967919839546,"[0.3901768002318944, 0.0, 0.0, 0.0, 0.0, 0.0, 0.0, 0.0, 0.0, 0.0, 0.0, 0.0, 0.0, -0.5121615579184051, 0.0, 0.0]"
kdv,256,1.0,2.1351872156777523,8,WENDy-MLE L1=1e-06,0.6864930145799796,True,False,2,11,0,0.15384615384615385,1.0,0.26666666666666666,True,CONVERGENCE: RELATIVE REDUCTION OF F <= FACTR*EPSMCH,71,2.3094606669910718,2.5652862089918926,"[0.4833306011722565, -0.04218866198741902, -0.10598407750486863, 0.014730554143347896, 0.0, 0.04379037709861507, -0.3022606717411051, -0.02586040784925954, 0.0, -0.2192964443450053, -0.02516192139120527, 0.00763455648692337, 0.0, -0.5082839358242243, -0.0998196075788887, 0.005888621600623943]"
kdv,256,1.0,2.1351872156777523,8,WENDy-MLE L1=0.0001,0.7647709175119515,True,False,1,6,1,0.14285714285714285,0.5,0.2222222222222222,True,CONVERGENCE: RELATIVE REDUCTION OF F <= FACTR*EPSMCH,164,2.880636500020046,3.1364620420208666,"[0.0, 0.0, 0.0040229026729060365, -0.000884138002656226, 0.0, 0.0, 0.0, -0.06299573648580938, 0.0, 0.0, 0.0, 0.00024460060529338105, 0.0, -0.3094124969864302, -0.01170016318971862, -0.007727490675375451]"
kdv,256,1.0,2.1351872156777523,8,WENDy-MLE L1=0.01,1.0014622493575747,True,False,0,3,2,0.0,0.0,0.0,True,CONVERGENCE: NORM OF PROJECTED GRADIENT <= PGTOL,42,2.1383037909981795,2.3941293329990003,"[0.0, 0.0, 0.0, -0.0003024687100762845, 0.0, 0.0, 0.0, -0.05922689203587341, 0.0, 0.0, 0.0, 0.0, 0.0, 0.0, 0.0, -0.012262947560313611]"
kdv,256,1.0,2.1351872156777523,9,WSINDy,0.10563405473551613,True,True,2,0,0,1.0,1.0,1.0,True,MSTLS support stable,3,0.003351040999405086,0.25873879200662486,"[0.0, 0.0, 0.0, 0.0, 0.0, 0.0, -0.4783221176832854, 0.0, 0.0, 0.0, 0.0, 0.0, 0.0, -0.8839040856959419, 0.0, 0.0]"
kdv,256,1.0,2.1351872156777523,9,WENDy HT,0.441992275521951,True,True,2,0,0,1.0,1.0,1.0,True,IRLS step tolerance,13,1.9421970410039648,2.1975847920111846,"[0.0, 0.0, 0.0, 0.0, 0.0, 0.0, -0.4705756040133451, 0.0, 0.0, 0.0, 0.0, 0.0, 0.0, -0.506714413906953, 0.0, 0.0]"
kdv,256,1.0,2.1351872156777523,9,WENDy L1=1e-06,0.5066995902149197,True,False,2,11,0,0.15384615384615385,1.0,0.26666666666666666,False,IRLS iteration limit,300,2.3901481660141144,2.645535917021334,"[0.024648332952767464, -0.04921393584251383, -0.004805951757527322, 0.002180013757259036, 0.0, 0.029657410283005774, -0.46470441358635245, -0.003758641292920686, 0.0, -0.1889106358631163, 0.01359705370611805, 0.0019702874992616817, 0.0, -0.5069020690218291, -0.19085748092417715, 0.016899301188938454]"
kdv,256,1.0,2.1351872156777523,9,WENDy L1=0.0001,0.7830654743981381,True,False,1,6,1,0.14285714285714285,0.5,0.2222222222222222,True,IRLS step tolerance,110,2.1715369170124177,2.4269246680196375,"[0.0, 0.0, -0.002611655484117083, 0.0006034182722535626, 0.0, 0.0, 0.0, -0.06250979151529971, 0.0, 0.0, 0.0, 0.0005055142583106909, 0.0, -0.2842500734141531, -0.014601277299068875, -0.007959418862967778]"
kdv,256,1.0,2.1351872156777523,9,WENDy L1=0.01,1.0014217911514347,True,False,0,3,2,0.0,0.0,0.0,True,IRLS step tolerance,7,1.9433576670126058,2.1987454180198256,"[0.0, 0.0, 0.0, -5.24171018684833e-05, 0.0, 0.0, 0.0, -0.05841548635234026, 0.0, 0.0, 0.0, 0.0, 0.0, 0.0, 0.0, -0.012026343910407154]"
kdv,256,1.0,2.1351872156777523,9,WENDy-MLE HT,0.4298129040405688,True,True,2,0,0,1.0,1.0,1.0,True,Optimization terminated successfully.,4,1.9658789169916417,2.2212666679988615,"[0.0, 0.0, 0.0, 0.0, 0.0, 0.0, -0.509636510086406, 0.0, 0.0, 0.0, 0.0, 0.0, 0.0, -0.5195511959916138, 0.0, 0.0]"
kdv,256,1.0,2.1351872156777523,9,WENDy-MLE L1=1e-06,0.5064933564175885,True,False,2,11,0,0.15384615384615385,1.0,0.26666666666666666,True,CONVERGENCE: RELATIVE REDUCTION OF F <= FACTR*EPSMCH,120,2.4318917079945095,2.6872794590017293,"[0.011919090226228682, -0.05557629414582294, -0.0013136441111140417, 0.0018772201105203138, 0.0, 0.04635067382295459, -0.5043865464136146, 0.0009555268669970301, 0.0, -0.22067595067782694, 0.03327379690753084, -1.9995250453257923e-05, 0.0, -0.5190019517278999, -0.18396297146766394, 0.01607180930300411]"
kdv,256,1.0,2.1351872156777523,9,WENDy-MLE L1=0.0001,0.7417014314720342,True,False,1,6,1,0.14285714285714285,0.5,0.2222222222222222,True,CONVERGENCE: RELATIVE REDUCTION OF F <= FACTR*EPSMCH,146,2.7621045419946313,3.017492293001851,"[0.0, 0.0, -0.0019448117664435996, 0.0005043472922303321, 0.0, 0.0, 0.0, -0.0631523433950061, 0.0, 0.0, 0.0, 0.0004060114753024322, 0.0, -0.3419651564340035, -0.024736136498160612, -0.006092210863291047]"
kdv,256,1.0,2.1351872156777523,9,WENDy-MLE L1=0.01,0.9161329563022697,True,False,1,6,1,0.14285714285714285,0.5,0.2222222222222222,True,CONVERGENCE: RELATIVE REDUCTION OF F <= FACTR*EPSMCH,23,2.1126077079970855,2.3679954590043053,"[0.0, 0.0, -0.0029700403711260936, -0.0011200899875512935, 0.0, 0.0, -0.3357027926378281, -0.0037295021325489414, 0.0, 0.0, 0.0, -0.0010647381941132823, 0.0, 0.0, -0.1484349659977711, 0.008535921519514404]"
