problem,grid,noise,sigma,seed,method,coefficient_error,coefficient_linf,support_valid,support_exact,tp,fp,fn,precision,recall,f1,tpr,optimizer_success,status,iterations,fit_seconds,total_seconds,w,selected_terms
burgers,256×256,0.0,0.0,0,WSINDy,4.308458611002042e-05,4.308458611002042e-05,True,True,1,0,0,1.0,1.0,1.0,1.0,True,MSTLS support stable,4,0.006293083017226309,0.03524212501361035,"[0.0, 0.0, 0.0, 0.0, 0.0, 0.0, 0.0, 0.0, 0.0, -0.499978457706945, 0.0, 0.0, 0.0, 0.0, 0.0, 0.0, 0.0, 0.0, 0.0, 0.0, 0.0, 0.0, 0.0, 0.0, 0.0, 0.0, 0.0, 0.0, 0.0, 0.0, 0.0, 0.0, 0.0, 0.0, 0.0, 0.0, 0.0, 0.0, 0.0, 0.0, 0.0, 0.0, 0.0, 0.0, 0.0, 0.0, 0.0, 0.0, 0.0]",[9]
burgers,256×256,0.1,69.9701718041512,0,WSINDy,0.002550431796826458,0.002550431796826458,True,True,1,0,0,1.0,1.0,1.0,1.0,True,MSTLS support stable,5,0.0075505000131670386,0.03781325000454672,"[0.0, 0.0, 0.0, 0.0, 0.0, 0.0, 0.0, 0.0, 0.0, -0.49872478410158677, 0.0, 0.0, 0.0, 0.0, 0.0, 0.0, 0.0, 0.0, 0.0, 0.0, 0.0, 0.0, 0.0, 0.0, 0.0, 0.0, 0.0, 0.0, 0.0, 0.0, 0.0, 0.0, 0.0, 0.0, 0.0, 0.0, 0.0, 0.0, 0.0, 0.0, 0.0, 0.0, 0.0, 0.0, 0.0, 0.0, 0.0, 0.0, 0.0]",[9]
burgers,256×256,0.1,69.9701718041512,1,WSINDy,0.003424294356807689,0.003424294356807689,True,True,1,0,0,1.0,1.0,1.0,1.0,True,MSTLS support stable,6,0.008023833011975512,0.038413166999816895,"[0.0, 0.0, 0.0, 0.0, 0.0, 0.0, 0.0, 0.0, 0.0, -0.5017121471784038, 0.0, 0.0, 0.0, 0.0, 0.0, 0.0, 0.0, 0.0, 0.0, 0.0, 0.0, 0.0, 0.0, 0.0, 0.0, 0.0, 0.0, 0.0, 0.0, 0.0, 0.0, 0.0, 0.0, 0.0, 0.0, 0.0, 0.0, 0.0, 0.0, 0.0, 0.0, 0.0, 0.0, 0.0, 0.0, 0.0, 0.0, 0.0, 0.0]",[9]
burgers,256×256,0.1,69.9701718041512,2,WSINDy,0.0012892943504139165,0.0012892943504139165,True,True,1,0,0,1.0,1.0,1.0,1.0,True,MSTLS support stable,4,0.006358707993058488,0.03749770799186081,"[0.0, 0.0, 0.0, 0.0, 0.0, 0.0, 0.0, 0.0, 0.0, -0.49935535282479304, 0.0, 0.0, 0.0, 0.0, 0.0, 0.0, 0.0, 0.0, 0.0, 0.0, 0.0, 0.0, 0.0, 0.0, 0.0, 0.0, 0.0, 0.0, 0.0, 0.0, 0.0, 0.0, 0.0, 0.0, 0.0, 0.0, 0.0, 0.0, 0.0, 0.0, 0.0, 0.0, 0.0, 0.0, 0.0, 0.0, 0.0, 0.0, 0.0]",[9]
burgers,256×256,0.1,69.9701718041512,3,WSINDy,0.0006056869828903189,0.0006056869828903189,True,True,1,0,0,1.0,1.0,1.0,1.0,True,MSTLS support stable,4,0.007328584004426375,0.03774708401761018,"[0.0, 0.0, 0.0, 0.0, 0.0, 0.0, 0.0, 0.0, 0.0, -0.49969715650855484, 0.0, 0.0, 0.0, 0.0, 0.0, 0.0, 0.0, 0.0, 0.0, 0.0, 0.0, 0.0, 0.0, 0.0, 0.0, 0.0, 0.0, 0.0, 0.0, 0.0, 0.0, 0.0, 0.0, 0.0, 0.0, 0.0, 0.0, 0.0, 0.0, 0.0, 0.0, 0.0, 0.0, 0.0, 0.0, 0.0, 0.0, 0.0, 0.0]",[9]
burgers,256×256,0.1,69.9701718041512,4,WSINDy,0.0010948388972318313,0.0010948388972318313,True,True,1,0,0,1.0,1.0,1.0,1.0,True,MSTLS support stable,4,0.007434583007125184,0.04026866701315157,"[0.0, 0.0, 0.0, 0.0, 0.0, 0.0, 0.0, 0.0, 0.0, -0.5005474194486159, 0.0, 0.0, 0.0, 0.0, 0.0, 0.0, 0.0, 0.0, 0.0, 0.0, 0.0, 0.0, 0.0, 0.0, 0.0, 0.0, 0.0, 0.0, 0.0, 0.0, 0.0, 0.0, 0.0, 0.0, 0.0, 0.0, 0.0, 0.0, 0.0, 0.0, 0.0, 0.0, 0.0, 0.0, 0.0, 0.0, 0.0, 0.0, 0.0]",[9]
burgers,256×256,0.1,69.9701718041512,5,WSINDy,0.0012479305963957188,0.0012479305963957188,True,True,1,0,0,1.0,1.0,1.0,1.0,True,MSTLS support stable,6,0.007628834020579234,0.03838766703847796,"[0.0, 0.0, 0.0, 0.0, 0.0, 0.0, 0.0, 0.0, 0.0, -0.49937603470180214, 0.0, 0.0, 0.0, 0.0, 0.0, 0.0, 0.0, 0.0, 0.0, 0.0, 0.0, 0.0, 0.0, 0.0, 0.0, 0.0, 0.0, 0.0, 0.0, 0.0, 0.0, 0.0, 0.0, 0.0, 0.0, 0.0, 0.0, 0.0, 0.0, 0.0, 0.0, 0.0, 0.0, 0.0, 0.0, 0.0, 0.0, 0.0, 0.0]",[9]
burgers,256×256,0.1,69.9701718041512,6,WSINDy,0.0012936579586704244,0.0012936579586704244,True,True,1,0,0,1.0,1.0,1.0,1.0,True,MSTLS support stable,5,0.007075583009282127,0.03693433298030868,"[0.0, 0.0, 0.0, 0.0, 0.0, 0.0, 0.0, 0.0, 0.0, -0.4993531710206648, 0.0, 0.0, 0.0, 0.0, 0.0, 0.0, 0.0, 0.0, 0.0, 0.0, 0.0, 0.0, 0.0, 0.0, 0.0, 0.0, 0.0, 0.0, 0.0, 0.0, 0.0, 0.0, 0.0, 0.0, 0.0, 0.0, 0.0, 0.0, 0.0, 0.0, 0.0, 0.0, 0.0, 0.0, 0.0, 0.0, 0.0, 0.0, 0.0]",[9]
burgers,256×256,0.1,69.9701718041512,7,WSINDy,0.0027543680806494386,0.0027543680806494386,True,True,1,0,0,1.0,1.0,1.0,1.0,True,MSTLS support stable,5,0.0070024169981479645,0.03785741698811762,"[0.0, 0.0, 0.0, 0.0, 0.0, 0.0, 0.0, 0.0, 0.0, -0.5013771840403247, 0.0, 0.0, 0.0, 0.0, 0.0, 0.0, 0.0, 0.0, 0.0, 0.0, 0.0, 0.0, 0.0, 0.0, 0.0, 0.0, 0.0, 0.0, 0.0, 0.0, 0.0, 0.0, 0.0, 0.0, 0.0, 0.0, 0.0, 0.0, 0.0, 0.0, 0.0, 0.0, 0.0, 0.0, 0.0, 0.0, 0.0, 0.0, 0.0]",[9]
burgers,256×256,0.1,69.9701718041512,8,WSINDy,0.0014515264343355483,0.0014515264343355483,True,True,1,0,0,1.0,1.0,1.0,1.0,True,MSTLS support stable,6,0.00702858399017714,0.03699958400102332,"[0.0, 0.0, 0.0, 0.0, 0.0, 0.0, 0.0, 0.0, 0.0, -0.4992742367828322, 0.0, 0.0, 0.0, 0.0, 0.0, 0.0, 0.0, 0.0, 0.0, 0.0, 0.0, 0.0, 0.0, 0.0, 0.0, 0.0, 0.0, 0.0, 0.0, 0.0, 0.0, 0.0, 0.0, 0.0, 0.0, 0.0, 0.0, 0.0, 0.0, 0.0, 0.0, 0.0, 0.0, 0.0, 0.0, 0.0, 0.0, 0.0, 0.0]",[9]
burgers,256×256,0.1,69.9701718041512,9,WSINDy,0.0005105603964620231,0.0005105603964620231,True,True,1,0,0,1.0,1.0,1.0,1.0,True,MSTLS support stable,5,0.007736208994174376,0.04068825099966489,"[0.0, 0.0, 0.0, 0.0, 0.0, 0.0, 0.0, 0.0, 0.0, -0.499744719801769, 0.0, 0.0, 0.0, 0.0, 0.0, 0.0, 0.0, 0.0, 0.0, 0.0, 0.0, 0.0, 0.0, 0.0, 0.0, 0.0, 0.0, 0.0, 0.0, 0.0, 0.0, 0.0, 0.0, 0.0, 0.0, 0.0, 0.0, 0.0, 0.0, 0.0, 0.0, 0.0, 0.0, 0.0, 0.0, 0.0, 0.0, 0.0, 0.0]",[9]
burgers,256×256,0.1,69.9701718041512,10,WSINDy,0.0006600647871881637,0.0006600647871881637,True,True,1,0,0,1.0,1.0,1.0,1.0,True,MSTLS support stable,5,0.007911624998087063,0.03881499997805804,"[0.0, 0.0, 0.0, 0.0, 0.0, 0.0, 0.0, 0.0, 0.0, -0.5003300323935941, 0.0, 0.0, 0.0, 0.0, 0.0, 0.0, 0.0, 0.0, 0.0, 0.0, 0.0, 0.0, 0.0, 0.0, 0.0, 0.0, 0.0, 0.0, 0.0, 0.0, 0.0, 0.0, 0.0, 0.0, 0.0, 0.0, 0.0, 0.0, 0.0, 0.0, 0.0, 0.0, 0.0, 0.0, 0.0, 0.0, 0.0, 0.0, 0.0]",[9]
burgers,256×256,0.1,69.9701718041512,11,WSINDy,0.0031030218555097022,0.0031030218555097022,True,True,1,0,0,1.0,1.0,1.0,1.0,True,MSTLS support stable,4,0.007560791011201218,0.03950145799899474,"[0.0, 0.0, 0.0, 0.0, 0.0, 0.0, 0.0, 0.0, 0.0, -0.5015515109277549, 0.0, 0.0, 0.0, 0.0, 0.0, 0.0, 0.0, 0.0, 0.0, 0.0, 0.0, 0.0, 0.0, 0.0, 0.0, 0.0, 0.0, 0.0, 0.0, 0.0, 0.0, 0.0, 0.0, 0.0, 0.0, 0.0, 0.0, 0.0, 0.0, 0.0, 0.0, 0.0, 0.0, 0.0, 0.0, 0.0, 0.0, 0.0, 0.0]",[9]
burgers,256×256,0.1,69.9701718041512,12,WSINDy,0.0021300310140571765,0.0021300310140571765,True,True,1,0,0,1.0,1.0,1.0,1.0,True,MSTLS support stable,4,0.007546542008640245,0.039101750997360796,"[0.0, 0.0, 0.0, 0.0, 0.0, 0.0, 0.0, 0.0, 0.0, -0.4989349844929714, 0.0, 0.0, 0.0, 0.0, 0.0, 0.0, 0.0, 0.0, 0.0, 0.0, 0.0, 0.0, 0.0, 0.0, 0.0, 0.0, 0.0, 0.0, 0.0, 0.0, 0.0, 0.0, 0.0, 0.0, 0.0, 0.0, 0.0, 0.0, 0.0, 0.0, 0.0, 0.0, 0.0, 0.0, 0.0, 0.0, 0.0, 0.0, 0.0]",[9]
burgers,256×256,0.1,69.9701718041512,13,WSINDy,0.002228154658000525,0.002228154658000525,True,True,1,0,0,1.0,1.0,1.0,1.0,True,MSTLS support stable,4,0.007111459010047838,0.03785212500952184,"[0.0, 0.0, 0.0, 0.0, 0.0, 0.0, 0.0, 0.0, 0.0, -0.5011140773290003, 0.0, 0.0, 0.0, 0.0, 0.0, 0.0, 0.0, 0.0, 0.0, 0.0, 0.0, 0.0, 0.0, 0.0, 0.0, 0.0, 0.0, 0.0, 0.0, 0.0, 0.0, 0.0, 0.0, 0.0, 0.0, 0.0, 0.0, 0.0, 0.0, 0.0, 0.0, 0.0, 0.0, 0.0, 0.0, 0.0, 0.0, 0.0, 0.0]",[9]
burgers,256×256,0.1,69.9701718041512,14,WSINDy,0.0036136670325990217,0.0036136670325990217,True,True,1,0,0,1.0,1.0,1.0,1.0,True,MSTLS support stable,5,0.007682458002818748,0.03763095798785798,"[0.0, 0.0, 0.0, 0.0, 0.0, 0.0, 0.0, 0.0, 0.0, -0.5018068335162995, 0.0, 0.0, 0.0, 0.0, 0.0, 0.0, 0.0, 0.0, 0.0, 0.0, 0.0, 0.0, 0.0, 0.0, 0.0, 0.0, 0.0, 0.0, 0.0, 0.0, 0.0, 0.0, 0.0, 0.0, 0.0, 0.0, 0.0, 0.0, 0.0, 0.0, 0.0, 0.0, 0.0, 0.0, 0.0, 0.0, 0.0, 0.0, 0.0]",[9]
burgers,256×256,0.1,69.9701718041512,15,WSINDy,0.0025959194449042267,0.0025959194449042267,True,True,1,0,0,1.0,1.0,1.0,1.0,True,MSTLS support stable,5,0.007466459006536752,0.038386250991607085,"[0.0, 0.0, 0.0, 0.0, 0.0, 0.0, 0.0, 0.0, 0.0, -0.4987020402775479, 0.0, 0.0, 0.0, 0.0, 0.0, 0.0, 0.0, 0.0, 0.0, 0.0, 0.0, 0.0, 0.0, 0.0, 0.0, 0.0, 0.0, 0.0, 0.0, 0.0, 0.0, 0.0, 0.0, 0.0, 0.0, 0.0, 0.0, 0.0, 0.0, 0.0, 0.0, 0.0, 0.0, 0.0, 0.0, 0.0, 0.0, 0.0, 0.0]",[9]
burgers,256×256,0.1,69.9701718041512,16,WSINDy,0.004748840448743796,0.004748840448743796,True,True,1,0,0,1.0,1.0,1.0,1.0,True,MSTLS support stable,4,0.008101416984573007,0.03911791698192246,"[0.0, 0.0, 0.0, 0.0, 0.0, 0.0, 0.0, 0.0, 0.0, -0.4976255797756281, 0.0, 0.0, 0.0, 0.0, 0.0, 0.0, 0.0, 0.0, 0.0, 0.0, 0.0, 0.0, 0.0, 0.0, 0.0, 0.0, 0.0, 0.0, 0.0, 0.0, 0.0, 0.0, 0.0, 0.0, 0.0, 0.0, 0.0, 0.0, 0.0, 0.0, 0.0, 0.0, 0.0, 0.0, 0.0, 0.0, 0.0, 0.0, 0.0]",[9]
burgers,256×256,0.1,69.9701718041512,17,WSINDy,0.0008127100753356764,0.0008127100753356764,True,True,1,0,0,1.0,1.0,1.0,1.0,True,MSTLS support stable,6,0.008075624995399266,0.03974454099079594,"[0.0, 0.0, 0.0, 0.0, 0.0, 0.0, 0.0, 0.0, 0.0, -0.49959364496233216, 0.0, 0.0, 0.0, 0.0, 0.0, 0.0, 0.0, 0.0, 0.0, 0.0, 0.0, 0.0, 0.0, 0.0, 0.0, 0.0, 0.0, 0.0, 0.0, 0.0, 0.0, 0.0, 0.0, 0.0, 0.0, 0.0, 0.0, 0.0, 0.0, 0.0, 0.0, 0.0, 0.0, 0.0, 0.0, 0.0, 0.0, 0.0, 0.0]",[9]
burgers,256×256,0.1,69.9701718041512,18,WSINDy,0.0038933148603268464,0.0038933148603268464,True,True,1,0,0,1.0,1.0,1.0,1.0,True,MSTLS support stable,5,0.008789416984654963,0.03903212599107064,"[0.0, 0.0, 0.0, 0.0, 0.0, 0.0, 0.0, 0.0, 0.0, -0.5019466574301634, 0.0, 0.0, 0.0, 0.0, 0.0, 0.0, 0.0, 0.0, 0.0, 0.0, 0.0, 0.0, 0.0, 0.0, 0.0, 0.0, 0.0, 0.0, 0.0, 0.0, 0.0, 0.0, 0.0, 0.0, 0.0, 0.0, 0.0, 0.0, 0.0, 0.0, 0.0, 0.0, 0.0, 0.0, 0.0, 0.0, 0.0, 0.0, 0.0]",[9]
burgers,256×256,0.1,69.9701718041512,19,WSINDy,0.005497547120638324,0.005497547120638324,True,True,1,0,0,1.0,1.0,1.0,1.0,True,MSTLS support stable,4,0.006354790995828807,0.03759337498922832,"[0.0, 0.0, 0.0, 0.0, 0.0, 0.0, 0.0, 0.0, 0.0, -0.49725122643968084, 0.0, 0.0, 0.0, 0.0, 0.0, 0.0, 0.0, 0.0, 0.0, 0.0, 0.0, 0.0, 0.0, 0.0, 0.0, 0.0, 0.0, 0.0, 0.0, 0.0, 0.0, 0.0, 0.0, 0.0, 0.0, 0.0, 0.0, 0.0, 0.0, 0.0, 0.0, 0.0, 0.0, 0.0, 0.0, 0.0, 0.0, 0.0, 0.0]",[9]
burgers,256×256,0.1,69.9701718041512,20,WSINDy,0.0022018083483146267,0.0022018083483146267,True,True,1,0,0,1.0,1.0,1.0,1.0,True,MSTLS support stable,5,0.007668167003430426,0.037764583015814424,"[0.0, 0.0, 0.0, 0.0, 0.0, 0.0, 0.0, 0.0, 0.0, -0.5011009041741573, 0.0, 0.0, 0.0, 0.0, 0.0, 0.0, 0.0, 0.0, 0.0, 0.0, 0.0, 0.0, 0.0, 0.0, 0.0, 0.0, 0.0, 0.0, 0.0, 0.0, 0.0, 0.0, 0.0, 0.0, 0.0, 0.0, 0.0, 0.0, 0.0, 0.0, 0.0, 0.0, 0.0, 0.0, 0.0, 0.0, 0.0, 0.0, 0.0]",[9]
burgers,256×256,0.1,69.9701718041512,21,WSINDy,0.0006497680858810195,0.0006497680858810195,True,True,1,0,0,1.0,1.0,1.0,1.0,True,MSTLS support stable,7,0.007903458987129852,0.040334708988666534,"[0.0, 0.0, 0.0, 0.0, 0.0, 0.0, 0.0, 0.0, 0.0, -0.5003248840429405, 0.0, 0.0, 0.0, 0.0, 0.0, 0.0, 0.0, 0.0, 0.0, 0.0, 0.0, 0.0, 0.0, 0.0, 0.0, 0.0, 0.0, 0.0, 0.0, 0.0, 0.0, 0.0, 0.0, 0.0, 0.0, 0.0, 0.0, 0.0, 0.0, 0.0, 0.0, 0.0, 0.0, 0.0, 0.0, 0.0, 0.0, 0.0, 0.0]",[9]
burgers,256×256,0.1,69.9701718041512,22,WSINDy,0.00016041367910957227,0.00016041367910957227,True,True,1,0,0,1.0,1.0,1.0,1.0,True,MSTLS support stable,6,0.007312042027479038,0.03784604201791808,"[0.0, 0.0, 0.0, 0.0, 0.0, 0.0, 0.0, 0.0, 0.0, -0.4999197931604452, 0.0, 0.0, 0.0, 0.0, 0.0, 0.0, 0.0, 0.0, 0.0, 0.0, 0.0, 0.0, 0.0, 0.0, 0.0, 0.0, 0.0, 0.0, 0.0, 0.0, 0.0, 0.0, 0.0, 0.0, 0.0, 0.0, 0.0, 0.0, 0.0, 0.0, 0.0, 0.0, 0.0, 0.0, 0.0, 0.0, 0.0, 0.0, 0.0]",[9]
burgers,256×256,0.1,69.9701718041512,23,WSINDy,0.00039375680707287586,0.00039375680707287586,True,True,1,0,0,1.0,1.0,1.0,1.0,True,MSTLS support stable,5,0.006919166014995426,0.03747808301704936,"[0.0, 0.0, 0.0, 0.0, 0.0, 0.0, 0.0, 0.0, 0.0, -0.49980312159646356, 0.0, 0.0, 0.0, 0.0, 0.0, 0.0, 0.0, 0.0, 0.0, 0.0, 0.0, 0.0, 0.0, 0.0, 0.0, 0.0, 0.0, 0.0, 0.0, 0.0, 0.0, 0.0, 0.0, 0.0, 0.0, 0.0, 0.0, 0.0, 0.0, 0.0, 0.0, 0.0, 0.0, 0.0, 0.0, 0.0, 0.0, 0.0, 0.0]",[9]
burgers,256×256,0.1,69.9701718041512,24,WSINDy,0.0018974498359639602,0.0018974498359639602,True,True,1,0,0,1.0,1.0,1.0,1.0,True,MSTLS support stable,4,0.007376749999821186,0.03769337499397807,"[0.0, 0.0, 0.0, 0.0, 0.0, 0.0, 0.0, 0.0, 0.0, -0.499051275082018, 0.0, 0.0, 0.0, 0.0, 0.0, 0.0, 0.0, 0.0, 0.0, 0.0, 0.0, 0.0, 0.0, 0.0, 0.0, 0.0, 0.0, 0.0, 0.0, 0.0, 0.0, 0.0, 0.0, 0.0, 0.0, 0.0, 0.0, 0.0, 0.0, 0.0, 0.0, 0.0, 0.0, 0.0, 0.0, 0.0, 0.0, 0.0, 0.0]",[9]
burgers,256×256,0.1,69.9701718041512,25,WSINDy,0.0019918723595586663,0.0019918723595586663,True,True,1,0,0,1.0,1.0,1.0,1.0,True,MSTLS support stable,6,0.007152915990445763,0.036425915983272716,"[0.0, 0.0, 0.0, 0.0, 0.0, 0.0, 0.0, 0.0, 0.0, -0.5009959361797793, 0.0, 0.0, 0.0, 0.0, 0.0, 0.0, 0.0, 0.0, 0.0, 0.0, 0.0, 0.0, 0.0, 0.0, 0.0, 0.0, 0.0, 0.0, 0.0, 0.0, 0.0, 0.0, 0.0, 0.0, 0.0, 0.0, 0.0, 0.0, 0.0, 0.0, 0.0, 0.0, 0.0, 0.0, 0.0, 0.0, 0.0, 0.0, 0.0]",[9]
burgers,256×256,0.1,69.9701718041512,26,WSINDy,0.000893149101877988,0.000893149101877988,True,True,1,0,0,1.0,1.0,1.0,1.0,True,MSTLS support stable,3,0.007125416013877839,0.03834841601201333,"[0.0, 0.0, 0.0, 0.0, 0.0, 0.0, 0.0, 0.0, 0.0, -0.499553425449061, 0.0, 0.0, 0.0, 0.0, 0.0, 0.0, 0.0, 0.0, 0.0, 0.0, 0.0, 0.0, 0.0, 0.0, 0.0, 0.0, 0.0, 0.0, 0.0, 0.0, 0.0, 0.0, 0.0, 0.0, 0.0, 0.0, 0.0, 0.0, 0.0, 0.0, 0.0, 0.0, 0.0, 0.0, 0.0, 0.0, 0.0, 0.0, 0.0]",[9]
burgers,256×256,0.1,69.9701718041512,27,WSINDy,0.00023127240309117614,0.00023127240309117614,True,True,1,0,0,1.0,1.0,1.0,1.0,True,MSTLS support stable,5,0.007887415995355695,0.0391967489849776,"[0.0, 0.0, 0.0, 0.0, 0.0, 0.0, 0.0, 0.0, 0.0, -0.4998843637984544, 0.0, 0.0, 0.0, 0.0, 0.0, 0.0, 0.0, 0.0, 0.0, 0.0, 0.0, 0.0, 0.0, 0.0, 0.0, 0.0, 0.0, 0.0, 0.0, 0.0, 0.0, 0.0, 0.0, 0.0, 0.0, 0.0, 0.0, 0.0, 0.0, 0.0, 0.0, 0.0, 0.0, 0.0, 0.0, 0.0, 0.0, 0.0, 0.0]",[9]
burgers,256×256,0.1,69.9701718041512,28,WSINDy,0.0012453698968408755,0.0012453698968408755,True,True,1,0,0,1.0,1.0,1.0,1.0,True,MSTLS support stable,5,0.00719083400326781,0.03756179200718179,"[0.0, 0.0, 0.0, 0.0, 0.0, 0.0, 0.0, 0.0, 0.0, -0.5006226849484204, 0.0, 0.0, 0.0, 0.0, 0.0, 0.0, 0.0, 0.0, 0.0, 0.0, 0.0, 0.0, 0.0, 0.0, 0.0, 0.0, 0.0, 0.0, 0.0, 0.0, 0.0, 0.0, 0.0, 0.0, 0.0, 0.0, 0.0, 0.0, 0.0, 0.0, 0.0, 0.0, 0.0, 0.0, 0.0, 0.0, 0.0, 0.0, 0.0]",[9]
burgers,256×256,0.1,69.9701718041512,29,WSINDy,0.002008667642865336,0.002008667642865336,True,True,1,0,0,1.0,1.0,1.0,1.0,True,MSTLS support stable,6,0.009046624996699393,0.039340582996373996,"[0.0, 0.0, 0.0, 0.0, 0.0, 0.0, 0.0, 0.0, 0.0, -0.49899566617856733, 0.0, 0.0, 0.0, 0.0, 0.0, 0.0, 0.0, 0.0, 0.0, 0.0, 0.0, 0.0, 0.0, 0.0, 0.0, 0.0, 0.0, 0.0, 0.0, 0.0, 0.0, 0.0, 0.0, 0.0, 0.0, 0.0, 0.0, 0.0, 0.0, 0.0, 0.0, 0.0, 0.0, 0.0, 0.0, 0.0, 0.0, 0.0, 0.0]",[9]
burgers,256×256,0.1,69.9701718041512,30,WSINDy,0.004633353874614943,0.004633353874614943,True,True,1,0,0,1.0,1.0,1.0,1.0,True,MSTLS support stable,5,0.0069864589895587415,0.03756616797181778,"[0.0, 0.0, 0.0, 0.0, 0.0, 0.0, 0.0, 0.0, 0.0, -0.49768332306269253, 0.0, 0.0, 0.0, 0.0, 0.0, 0.0, 0.0, 0.0, 0.0, 0.0, 0.0, 0.0, 0.0, 0.0, 0.0, 0.0, 0.0, 0.0, 0.0, 0.0, 0.0, 0.0, 0.0, 0.0, 0.0, 0.0, 0.0, 0.0, 0.0, 0.0, 0.0, 0.0, 0.0, 0.0, 0.0, 0.0, 0.0, 0.0, 0.0]",[9]
burgers,256×256,0.1,69.9701718041512,31,WSINDy,0.002984059047891785,0.002984059047891785,True,True,1,0,0,1.0,1.0,1.0,1.0,True,MSTLS support stable,4,0.008095541008515283,0.03836420702282339,"[0.0, 0.0, 0.0, 0.0, 0.0, 0.0, 0.0, 0.0, 0.0, -0.4985079704760541, 0.0, 0.0, 0.0, 0.0, 0.0, 0.0, 0.0, 0.0, 0.0, 0.0, 0.0, 0.0, 0.0, 0.0, 0.0, 0.0, 0.0, 0.0, 0.0, 0.0, 0.0, 0.0, 0.0, 0.0, 0.0, 0.0, 0.0, 0.0, 0.0, 0.0, 0.0, 0.0, 0.0, 0.0, 0.0, 0.0, 0.0, 0.0, 0.0]",[9]
burgers,256×256,0.1,69.9701718041512,32,WSINDy,0.0015169328269477589,0.0015169328269477589,True,True,1,0,0,1.0,1.0,1.0,1.0,True,MSTLS support stable,4,0.007271999988006428,0.03703733300790191,"[0.0, 0.0, 0.0, 0.0, 0.0, 0.0, 0.0, 0.0, 0.0, -0.4992415335865261, 0.0, 0.0, 0.0, 0.0, 0.0, 0.0, 0.0, 0.0, 0.0, 0.0, 0.0, 0.0, 0.0, 0.0, 0.0, 0.0, 0.0, 0.0, 0.0, 0.0, 0.0, 0.0, 0.0, 0.0, 0.0, 0.0, 0.0, 0.0, 0.0, 0.0, 0.0, 0.0, 0.0, 0.0, 0.0, 0.0, 0.0, 0.0, 0.0]",[9]
burgers,256×256,0.1,69.9701718041512,33,WSINDy,0.0012019792947921548,0.0012019792947921548,True,True,1,0,0,1.0,1.0,1.0,1.0,True,MSTLS support stable,7,0.00844262499595061,0.039216665987623855,"[0.0, 0.0, 0.0, 0.0, 0.0, 0.0, 0.0, 0.0, 0.0, -0.5006009896473961, 0.0, 0.0, 0.0, 0.0, 0.0, 0.0, 0.0, 0.0, 0.0, 0.0, 0.0, 0.0, 0.0, 0.0, 0.0, 0.0, 0.0, 0.0, 0.0, 0.0, 0.0, 0.0, 0.0, 0.0, 0.0, 0.0, 0.0, 0.0, 0.0, 0.0, 0.0, 0.0, 0.0, 0.0, 0.0, 0.0, 0.0, 0.0, 0.0]",[9]
burgers,256×256,0.1,69.9701718041512,34,WSINDy,0.001845100468676808,0.001845100468676808,True,True,1,0,0,1.0,1.0,1.0,1.0,True,MSTLS support stable,5,0.007897415984189138,0.03926679099095054,"[0.0, 0.0, 0.0, 0.0, 0.0, 0.0, 0.0, 0.0, 0.0, -0.5009225502343384, 0.0, 0.0, 0.0, 0.0, 0.0, 0.0, 0.0, 0.0, 0.0, 0.0, 0.0, 0.0, 0.0, 0.0, 0.0, 0.0, 0.0, 0.0, 0.0, 0.0, 0.0, 0.0, 0.0, 0.0, 0.0, 0.0, 0.0, 0.0, 0.0, 0.0, 0.0, 0.0, 0.0, 0.0, 0.0, 0.0, 0.0, 0.0, 0.0]",[9]
burgers,256×256,0.1,69.9701718041512,35,WSINDy,0.0024627109973092143,0.0024627109973092143,True,True,1,0,0,1.0,1.0,1.0,1.0,True,MSTLS support stable,4,0.0080964170047082,0.03953625002759509,"[0.0, 0.0, 0.0, 0.0, 0.0, 0.0, 0.0, 0.0, 0.0, -0.4987686445013454, 0.0, 0.0, 0.0, 0.0, 0.0, 0.0, 0.0, 0.0, 0.0, 0.0, 0.0, 0.0, 0.0, 0.0, 0.0, 0.0, 0.0, 0.0, 0.0, 0.0, 0.0, 0.0, 0.0, 0.0, 0.0, 0.0, 0.0, 0.0, 0.0, 0.0, 0.0, 0.0, 0.0, 0.0, 0.0, 0.0, 0.0, 0.0, 0.0]",[9]
burgers,256×256,0.1,69.9701718041512,36,WSINDy,0.00037979226010864675,0.00037979226010864675,True,True,1,0,0,1.0,1.0,1.0,1.0,True,MSTLS support stable,6,0.006982500024605542,0.038533708022441715,"[0.0, 0.0, 0.0, 0.0, 0.0, 0.0, 0.0, 0.0, 0.0, -0.4998101038699457, 0.0, 0.0, 0.0, 0.0, 0.0, 0.0, 0.0, 0.0, 0.0, 0.0, 0.0, 0.0, 0.0, 0.0, 0.0, 0.0, 0.0, 0.0, 0.0, 0.0, 0.0, 0.0, 0.0, 0.0, 0.0, 0.0, 0.0, 0.0, 0.0, 0.0, 0.0, 0.0, 0.0, 0.0, 0.0, 0.0, 0.0, 0.0, 0.0]",[9]
burgers,256×256,0.1,69.9701718041512,37,WSINDy,0.0021594198496872608,0.0021594198496872608,True,True,1,0,0,1.0,1.0,1.0,1.0,True,MSTLS support stable,4,0.007737833017017692,0.037886041012825444,"[0.0, 0.0, 0.0, 0.0, 0.0, 0.0, 0.0, 0.0, 0.0, -0.49892029007515637, 0.0, 0.0, 0.0, 0.0, 0.0, 0.0, 0.0, 0.0, 0.0, 0.0, 0.0, 0.0, 0.0, 0.0, 0.0, 0.0, 0.0, 0.0, 0.0, 0.0, 0.0, 0.0, 0.0, 0.0, 0.0, 0.0, 0.0, 0.0, 0.0, 0.0, 0.0, 0.0, 0.0, 0.0, 0.0, 0.0, 0.0, 0.0, 0.0]",[9]
burgers,256×256,0.1,69.9701718041512,38,WSINDy,0.0030794594756370364,0.0030794594756370364,True,True,1,0,0,1.0,1.0,1.0,1.0,True,MSTLS support stable,5,0.007597791001899168,0.038578124018386006,"[0.0, 0.0, 0.0, 0.0, 0.0, 0.0, 0.0, 0.0, 0.0, -0.4984602702621815, 0.0, 0.0, 0.0, 0.0, 0.0, 0.0, 0.0, 0.0, 0.0, 0.0, 0.0, 0.0, 0.0, 0.0, 0.0, 0.0, 0.0, 0.0, 0.0, 0.0, 0.0, 0.0, 0.0, 0.0, 0.0, 0.0, 0.0, 0.0, 0.0, 0.0, 0.0, 0.0, 0.0, 0.0, 0.0, 0.0, 0.0, 0.0, 0.0]",[9]
burgers,256×256,0.1,69.9701718041512,39,WSINDy,0.0018484531823984574,0.0018484531823984574,True,True,1,0,0,1.0,1.0,1.0,1.0,True,MSTLS support stable,6,0.0071791250084061176,0.03808154200669378,"[0.0, 0.0, 0.0, 0.0, 0.0, 0.0, 0.0, 0.0, 0.0, -0.49907577340880077, 0.0, 0.0, 0.0, 0.0, 0.0, 0.0, 0.0, 0.0, 0.0, 0.0, 0.0, 0.0, 0.0, 0.0, 0.0, 0.0, 0.0, 0.0, 0.0, 0.0, 0.0, 0.0, 0.0, 0.0, 0.0, 0.0, 0.0, 0.0, 0.0, 0.0, 0.0, 0.0, 0.0, 0.0, 0.0, 0.0, 0.0, 0.0, 0.0]",[9]
burgers,256×256,0.1,69.9701718041512,40,WSINDy,0.0034426351724523574,0.0034426351724523574,True,True,1,0,0,1.0,1.0,1.0,1.0,True,MSTLS support stable,4,0.006779040995752439,0.03870008199010044,"[0.0, 0.0, 0.0, 0.0, 0.0, 0.0, 0.0, 0.0, 0.0, -0.4982786824137738, 0.0, 0.0, 0.0, 0.0, 0.0, 0.0, 0.0, 0.0, 0.0, 0.0, 0.0, 0.0, 0.0, 0.0, 0.0, 0.0, 0.0, 0.0, 0.0, 0.0, 0.0, 0.0, 0.0, 0.0, 0.0, 0.0, 0.0, 0.0, 0.0, 0.0, 0.0, 0.0, 0.0, 0.0, 0.0, 0.0, 0.0, 0.0, 0.0]",[9]
burgers,256×256,0.1,69.9701718041512,41,WSINDy,0.003131065565658231,0.003131065565658231,True,True,1,0,0,1.0,1.0,1.0,1.0,True,MSTLS support stable,4,0.00760408298810944,0.039197207981487736,"[0.0, 0.0, 0.0, 0.0, 0.0, 0.0, 0.0, 0.0, 0.0, -0.5015655327828291, 0.0, 0.0, 0.0, 0.0, 0.0, 0.0, 0.0, 0.0, 0.0, 0.0, 0.0, 0.0, 0.0, 0.0, 0.0, 0.0, 0.0, 0.0, 0.0, 0.0, 0.0, 0.0, 0.0, 0.0, 0.0, 0.0, 0.0, 0.0, 0.0, 0.0, 0.0, 0.0, 0.0, 0.0, 0.0, 0.0, 0.0, 0.0, 0.0]",[9]
burgers,256×256,0.1,69.9701718041512,42,WSINDy,0.002919522240166561,0.002919522240166561,True,True,1,0,0,1.0,1.0,1.0,1.0,True,MSTLS support stable,5,0.0069152089999988675,0.03700941801071167,"[0.0, 0.0, 0.0, 0.0, 0.0, 0.0, 0.0, 0.0, 0.0, -0.4985402388799167, 0.0, 0.0, 0.0, 0.0, 0.0, 0.0, 0.0, 0.0, 0.0, 0.0, 0.0, 0.0, 0.0, 0.0, 0.0, 0.0, 0.0, 0.0, 0.0, 0.0, 0.0, 0.0, 0.0, 0.0, 0.0, 0.0, 0.0, 0.0, 0.0, 0.0, 0.0, 0.0, 0.0, 0.0, 0.0, 0.0, 0.0, 0.0, 0.0]",[9]
burgers,256×256,0.1,69.9701718041512,43,WSINDy,0.0016616908154221122,0.0016616908154221122,True,True,1,0,0,1.0,1.0,1.0,1.0,True,MSTLS support stable,5,0.007287540996912867,0.03817495799739845,"[0.0, 0.0, 0.0, 0.0, 0.0, 0.0, 0.0, 0.0, 0.0, -0.5008308454077111, 0.0, 0.0, 0.0, 0.0, 0.0, 0.0, 0.0, 0.0, 0.0, 0.0, 0.0, 0.0, 0.0, 0.0, 0.0, 0.0, 0.0, 0.0, 0.0, 0.0, 0.0, 0.0, 0.0, 0.0, 0.0, 0.0, 0.0, 0.0, 0.0, 0.0, 0.0, 0.0, 0.0, 0.0, 0.0, 0.0, 0.0, 0.0, 0.0]",[9]
burgers,256×256,0.1,69.9701718041512,44,WSINDy,0.005715417043120841,0.005715417043120841,True,True,1,0,0,1.0,1.0,1.0,1.0,True,MSTLS support stable,5,0.007820250000804663,0.038715749979019165,"[0.0, 0.0, 0.0, 0.0, 0.0, 0.0, 0.0, 0.0, 0.0, -0.4971422914784396, 0.0, 0.0, 0.0, 0.0, 0.0, 0.0, 0.0, 0.0, 0.0, 0.0, 0.0, 0.0, 0.0, 0.0, 0.0, 0.0, 0.0, 0.0, 0.0, 0.0, 0.0, 0.0, 0.0, 0.0, 0.0, 0.0, 0.0, 0.0, 0.0, 0.0, 0.0, 0.0, 0.0, 0.0, 0.0, 0.0, 0.0, 0.0, 0.0]",[9]
burgers,256×256,0.1,69.9701718041512,45,WSINDy,0.00023379396612144276,0.00023379396612144276,True,True,1,0,0,1.0,1.0,1.0,1.0,True,MSTLS support stable,5,0.007647042017197236,0.039314708032179624,"[0.0, 0.0, 0.0, 0.0, 0.0, 0.0, 0.0, 0.0, 0.0, -0.5001168969830607, 0.0, 0.0, 0.0, 0.0, 0.0, 0.0, 0.0, 0.0, 0.0, 0.0, 0.0, 0.0, 0.0, 0.0, 0.0, 0.0, 0.0, 0.0, 0.0, 0.0, 0.0, 0.0, 0.0, 0.0, 0.0, 0.0, 0.0, 0.0, 0.0, 0.0, 0.0, 0.0, 0.0, 0.0, 0.0, 0.0, 0.0, 0.0, 0.0]",[9]
burgers,256×256,0.1,69.9701718041512,46,WSINDy,0.0012925364891474,0.0012925364891474,True,True,1,0,0,1.0,1.0,1.0,1.0,True,MSTLS support stable,5,0.007261708989972249,0.039926500990986824,"[0.0, 0.0, 0.0, 0.0, 0.0, 0.0, 0.0, 0.0, 0.0, -0.5006462682445737, 0.0, 0.0, 0.0, 0.0, 0.0, 0.0, 0.0, 0.0, 0.0, 0.0, 0.0, 0.0, 0.0, 0.0, 0.0, 0.0, 0.0, 0.0, 0.0, 0.0, 0.0, 0.0, 0.0, 0.0, 0.0, 0.0, 0.0, 0.0, 0.0, 0.0, 0.0, 0.0, 0.0, 0.0, 0.0, 0.0, 0.0, 0.0, 0.0]",[9]
burgers,256×256,0.1,69.9701718041512,47,WSINDy,0.0007421079723418655,0.0007421079723418655,True,True,1,0,0,1.0,1.0,1.0,1.0,True,MSTLS support stable,5,0.0115822920051869,0.04433333402266726,"[0.0, 0.0, 0.0, 0.0, 0.0, 0.0, 0.0, 0.0, 0.0, -0.49962894601382907, 0.0, 0.0, 0.0, 0.0, 0.0, 0.0, 0.0, 0.0, 0.0, 0.0, 0.0, 0.0, 0.0, 0.0, 0.0, 0.0, 0.0, 0.0, 0.0, 0.0, 0.0, 0.0, 0.0, 0.0, 0.0, 0.0, 0.0, 0.0, 0.0, 0.0, 0.0, 0.0, 0.0, 0.0, 0.0, 0.0, 0.0, 0.0, 0.0]",[9]
burgers,256×256,0.1,69.9701718041512,48,WSINDy,0.004304382358129688,0.004304382358129688,True,True,1,0,0,1.0,1.0,1.0,1.0,True,MSTLS support stable,5,0.008280208014184609,0.03992600002675317,"[0.0, 0.0, 0.0, 0.0, 0.0, 0.0, 0.0, 0.0, 0.0, -0.49784780882093516, 0.0, 0.0, 0.0, 0.0, 0.0, 0.0, 0.0, 0.0, 0.0, 0.0, 0.0, 0.0, 0.0, 0.0, 0.0, 0.0, 0.0, 0.0, 0.0, 0.0, 0.0, 0.0, 0.0, 0.0, 0.0, 0.0, 0.0, 0.0, 0.0, 0.0, 0.0, 0.0, 0.0, 0.0, 0.0, 0.0, 0.0, 0.0, 0.0]",[9]
burgers,256×256,0.1,69.9701718041512,49,WSINDy,0.0002007120230638204,0.0002007120230638204,True,True,1,0,0,1.0,1.0,1.0,1.0,True,MSTLS support stable,5,0.00781379101681523,0.03937245800625533,"[0.0, 0.0, 0.0, 0.0, 0.0, 0.0, 0.0, 0.0, 0.0, -0.5001003560115319, 0.0, 0.0, 0.0, 0.0, 0.0, 0.0, 0.0, 0.0, 0.0, 0.0, 0.0, 0.0, 0.0, 0.0, 0.0, 0.0, 0.0, 0.0, 0.0, 0.0, 0.0, 0.0, 0.0, 0.0, 0.0, 0.0, 0.0, 0.0, 0.0, 0.0, 0.0, 0.0, 0.0, 0.0, 0.0, 0.0, 0.0, 0.0, 0.0]",[9]
burgers,256×256,0.1,69.9701718041512,50,WSINDy,9.143951663914685e-05,9.143951663914685e-05,True,True,1,0,0,1.0,1.0,1.0,1.0,True,MSTLS support stable,3,0.009402000025147572,0.041141958034131676,"[0.0, 0.0, 0.0, 0.0, 0.0, 0.0, 0.0, 0.0, 0.0, -0.4999542802416804, 0.0, 0.0, 0.0, 0.0, 0.0, 0.0, 0.0, 0.0, 0.0, 0.0, 0.0, 0.0, 0.0, 0.0, 0.0, 0.0, 0.0, 0.0, 0.0, 0.0, 0.0, 0.0, 0.0, 0.0, 0.0, 0.0, 0.0, 0.0, 0.0, 0.0, 0.0, 0.0, 0.0, 0.0, 0.0, 0.0, 0.0, 0.0, 0.0]",[9]
burgers,256×256,0.1,69.9701718041512,51,WSINDy,0.0043875312162577895,0.0043875312162577895,True,True,1,0,0,1.0,1.0,1.0,1.0,True,MSTLS support stable,6,0.008428667002590373,0.04026862501632422,"[0.0, 0.0, 0.0, 0.0, 0.0, 0.0, 0.0, 0.0, 0.0, -0.5021937656081289, 0.0, 0.0, 0.0, 0.0, 0.0, 0.0, 0.0, 0.0, 0.0, 0.0, 0.0, 0.0, 0.0, 0.0, 0.0, 0.0, 0.0, 0.0, 0.0, 0.0, 0.0, 0.0, 0.0, 0.0, 0.0, 0.0, 0.0, 0.0, 0.0, 0.0, 0.0, 0.0, 0.0, 0.0, 0.0, 0.0, 0.0, 0.0, 0.0]",[9]
burgers,256×256,0.1,69.9701718041512,52,WSINDy,0.0033115243619883383,0.0033115243619883383,True,True,1,0,0,1.0,1.0,1.0,1.0,True,MSTLS support stable,4,0.007105540978955105,0.0372828749823384,"[0.0, 0.0, 0.0, 0.0, 0.0, 0.0, 0.0, 0.0, 0.0, -0.5016557621809942, 0.0, 0.0, 0.0, 0.0, 0.0, 0.0, 0.0, 0.0, 0.0, 0.0, 0.0, 0.0, 0.0, 0.0, 0.0, 0.0, 0.0, 0.0, 0.0, 0.0, 0.0, 0.0, 0.0, 0.0, 0.0, 0.0, 0.0, 0.0, 0.0, 0.0, 0.0, 0.0, 0.0, 0.0, 0.0, 0.0, 0.0, 0.0, 0.0]",[9]
burgers,256×256,0.1,69.9701718041512,53,WSINDy,0.0018096748655255235,0.0018096748655255235,True,True,1,0,0,1.0,1.0,1.0,1.0,True,MSTLS support stable,5,0.008249417005572468,0.03997941699344665,"[0.0, 0.0, 0.0, 0.0, 0.0, 0.0, 0.0, 0.0, 0.0, -0.49909516256723724, 0.0, 0.0, 0.0, 0.0, 0.0, 0.0, 0.0, 0.0, 0.0, 0.0, 0.0, 0.0, 0.0, 0.0, 0.0, 0.0, 0.0, 0.0, 0.0, 0.0, 0.0, 0.0, 0.0, 0.0, 0.0, 0.0, 0.0, 0.0, 0.0, 0.0, 0.0, 0.0, 0.0, 0.0, 0.0, 0.0, 0.0, 0.0, 0.0]",[9]
burgers,256×256,0.1,69.9701718041512,54,WSINDy,4.0130894577439236e-06,4.0130894577439236e-06,True,True,1,0,0,1.0,1.0,1.0,1.0,True,MSTLS support stable,5,0.00757120898924768,0.03787558400654234,"[0.0, 0.0, 0.0, 0.0, 0.0, 0.0, 0.0, 0.0, 0.0, -0.49999799345527113, 0.0, 0.0, 0.0, 0.0, 0.0, 0.0, 0.0, 0.0, 0.0, 0.0, 0.0, 0.0, 0.0, 0.0, 0.0, 0.0, 0.0, 0.0, 0.0, 0.0, 0.0, 0.0, 0.0, 0.0, 0.0, 0.0, 0.0, 0.0, 0.0, 0.0, 0.0, 0.0, 0.0, 0.0, 0.0, 0.0, 0.0, 0.0, 0.0]",[9]
burgers,256×256,0.1,69.9701718041512,55,WSINDy,0.0027826783368571917,0.0027826783368571917,True,True,1,0,0,1.0,1.0,1.0,1.0,True,MSTLS support stable,6,0.007806957990396768,0.04009966700687073,"[0.0, 0.0, 0.0, 0.0, 0.0, 0.0, 0.0, 0.0, 0.0, -0.4986086608315714, 0.0, 0.0, 0.0, 0.0, 0.0, 0.0, 0.0, 0.0, 0.0, 0.0, 0.0, 0.0, 0.0, 0.0, 0.0, 0.0, 0.0, 0.0, 0.0, 0.0, 0.0, 0.0, 0.0, 0.0, 0.0, 0.0, 0.0, 0.0, 0.0, 0.0, 0.0, 0.0, 0.0, 0.0, 0.0, 0.0, 0.0, 0.0, 0.0]",[9]
burgers,256×256,0.1,69.9701718041512,56,WSINDy,0.0024941893857011177,0.0024941893857011177,True,True,1,0,0,1.0,1.0,1.0,1.0,True,MSTLS support stable,4,0.0081084169796668,0.03837216697866097,"[0.0, 0.0, 0.0, 0.0, 0.0, 0.0, 0.0, 0.0, 0.0, -0.5012470946928506, 0.0, 0.0, 0.0, 0.0, 0.0, 0.0, 0.0, 0.0, 0.0, 0.0, 0.0, 0.0, 0.0, 0.0, 0.0, 0.0, 0.0, 0.0, 0.0, 0.0, 0.0, 0.0, 0.0, 0.0, 0.0, 0.0, 0.0, 0.0, 0.0, 0.0, 0.0, 0.0, 0.0, 0.0, 0.0, 0.0, 0.0, 0.0, 0.0]",[9]
burgers,256×256,0.1,69.9701718041512,57,WSINDy,0.0012853518089042115,0.0012853518089042115,True,True,1,0,0,1.0,1.0,1.0,1.0,True,MSTLS support stable,4,0.007127791992388666,0.038594124984228984,"[0.0, 0.0, 0.0, 0.0, 0.0, 0.0, 0.0, 0.0, 0.0, -0.5006426759044521, 0.0, 0.0, 0.0, 0.0, 0.0, 0.0, 0.0, 0.0, 0.0, 0.0, 0.0, 0.0, 0.0, 0.0, 0.0, 0.0, 0.0, 0.0, 0.0, 0.0, 0.0, 0.0, 0.0, 0.0, 0.0, 0.0, 0.0, 0.0, 0.0, 0.0, 0.0, 0.0, 0.0, 0.0, 0.0, 0.0, 0.0, 0.0, 0.0]",[9]
burgers,256×256,0.1,69.9701718041512,58,WSINDy,0.004762318500554308,0.004762318500554308,True,True,1,0,0,1.0,1.0,1.0,1.0,True,MSTLS support stable,5,0.009062291996087879,0.04074095899704844,"[0.0, 0.0, 0.0, 0.0, 0.0, 0.0, 0.0, 0.0, 0.0, -0.49761884074972285, 0.0, 0.0, 0.0, 0.0, 0.0, 0.0, 0.0, 0.0, 0.0, 0.0, 0.0, 0.0, 0.0, 0.0, 0.0, 0.0, 0.0, 0.0, 0.0, 0.0, 0.0, 0.0, 0.0, 0.0, 0.0, 0.0, 0.0, 0.0, 0.0, 0.0, 0.0, 0.0, 0.0, 0.0, 0.0, 0.0, 0.0, 0.0, 0.0]",[9]
burgers,256×256,0.1,69.9701718041512,59,WSINDy,0.001755908797673067,0.001755908797673067,True,True,1,0,0,1.0,1.0,1.0,1.0,True,MSTLS support stable,4,0.007588000007672235,0.03957512500346638,"[0.0, 0.0, 0.0, 0.0, 0.0, 0.0, 0.0, 0.0, 0.0, -0.5008779543988365, 0.0, 0.0, 0.0, 0.0, 0.0, 0.0, 0.0, 0.0, 0.0, 0.0, 0.0, 0.0, 0.0, 0.0, 0.0, 0.0, 0.0, 0.0, 0.0, 0.0, 0.0, 0.0, 0.0, 0.0, 0.0, 0.0, 0.0, 0.0, 0.0, 0.0, 0.0, 0.0, 0.0, 0.0, 0.0, 0.0, 0.0, 0.0, 0.0]",[9]
burgers,256×256,0.1,69.9701718041512,60,WSINDy,0.0005864467992506839,0.0005864467992506839,True,True,1,0,0,1.0,1.0,1.0,1.0,True,MSTLS support stable,5,0.007696584012592211,0.03798829301376827,"[0.0, 0.0, 0.0, 0.0, 0.0, 0.0, 0.0, 0.0, 0.0, -0.5002932233996253, 0.0, 0.0, 0.0, 0.0, 0.0, 0.0, 0.0, 0.0, 0.0, 0.0, 0.0, 0.0, 0.0, 0.0, 0.0, 0.0, 0.0, 0.0, 0.0, 0.0, 0.0, 0.0, 0.0, 0.0, 0.0, 0.0, 0.0, 0.0, 0.0, 0.0, 0.0, 0.0, 0.0, 0.0, 0.0, 0.0, 0.0, 0.0, 0.0]",[9]
burgers,256×256,0.1,69.9701718041512,61,WSINDy,0.001846788341633765,0.001846788341633765,True,True,1,0,0,1.0,1.0,1.0,1.0,True,MSTLS support stable,4,0.007843750005122274,0.03886837500613183,"[0.0, 0.0, 0.0, 0.0, 0.0, 0.0, 0.0, 0.0, 0.0, -0.5009233941708169, 0.0, 0.0, 0.0, 0.0, 0.0, 0.0, 0.0, 0.0, 0.0, 0.0, 0.0, 0.0, 0.0, 0.0, 0.0, 0.0, 0.0, 0.0, 0.0, 0.0, 0.0, 0.0, 0.0, 0.0, 0.0, 0.0, 0.0, 0.0, 0.0, 0.0, 0.0, 0.0, 0.0, 0.0, 0.0, 0.0, 0.0, 0.0, 0.0]",[9]
burgers,256×256,0.1,69.9701718041512,62,WSINDy,0.000851310493604096,0.000851310493604096,True,True,1,0,0,1.0,1.0,1.0,1.0,True,MSTLS support stable,6,0.00816054199822247,0.0391134170058649,"[0.0, 0.0, 0.0, 0.0, 0.0, 0.0, 0.0, 0.0, 0.0, -0.500425655246802, 0.0, 0.0, 0.0, 0.0, 0.0, 0.0, 0.0, 0.0, 0.0, 0.0, 0.0, 0.0, 0.0, 0.0, 0.0, 0.0, 0.0, 0.0, 0.0, 0.0, 0.0, 0.0, 0.0, 0.0, 0.0, 0.0, 0.0, 0.0, 0.0, 0.0, 0.0, 0.0, 0.0, 0.0, 0.0, 0.0, 0.0, 0.0, 0.0]",[9]
burgers,256×256,0.1,69.9701718041512,63,WSINDy,0.001039331766374163,0.001039331766374163,True,True,1,0,0,1.0,1.0,1.0,1.0,True,MSTLS support stable,9,0.007555542018963024,0.039405709016136825,"[0.0, 0.0, 0.0, 0.0, 0.0, 0.0, 0.0, 0.0, 0.0, -0.5005196658831871, 0.0, 0.0, 0.0, 0.0, 0.0, 0.0, 0.0, 0.0, 0.0, 0.0, 0.0, 0.0, 0.0, 0.0, 0.0, 0.0, 0.0, 0.0, 0.0, 0.0, 0.0, 0.0, 0.0, 0.0, 0.0, 0.0, 0.0, 0.0, 0.0, 0.0, 0.0, 0.0, 0.0, 0.0, 0.0, 0.0, 0.0, 0.0, 0.0]",[9]
burgers,256×256,0.1,69.9701718041512,64,WSINDy,0.000242848181363442,0.000242848181363442,True,True,1,0,0,1.0,1.0,1.0,1.0,True,MSTLS support stable,6,0.0074458339950069785,0.03764908399898559,"[0.0, 0.0, 0.0, 0.0, 0.0, 0.0, 0.0, 0.0, 0.0, -0.5001214240906817, 0.0, 0.0, 0.0, 0.0, 0.0, 0.0, 0.0, 0.0, 0.0, 0.0, 0.0, 0.0, 0.0, 0.0, 0.0, 0.0, 0.0, 0.0, 0.0, 0.0, 0.0, 0.0, 0.0, 0.0, 0.0, 0.0, 0.0, 0.0, 0.0, 0.0, 0.0, 0.0, 0.0, 0.0, 0.0, 0.0, 0.0, 0.0, 0.0]",[9]
burgers,256×256,0.1,69.9701718041512,65,WSINDy,0.006446873246678919,0.006446873246678919,True,True,1,0,0,1.0,1.0,1.0,1.0,True,MSTLS support stable,5,0.007527417008532211,0.038478583010146394,"[0.0, 0.0, 0.0, 0.0, 0.0, 0.0, 0.0, 0.0, 0.0, -0.5032234366233395, 0.0, 0.0, 0.0, 0.0, 0.0, 0.0, 0.0, 0.0, 0.0, 0.0, 0.0, 0.0, 0.0, 0.0, 0.0, 0.0, 0.0, 0.0, 0.0, 0.0, 0.0, 0.0, 0.0, 0.0, 0.0, 0.0, 0.0, 0.0, 0.0, 0.0, 0.0, 0.0, 0.0, 0.0, 0.0, 0.0, 0.0, 0.0, 0.0]",[9]
burgers,256×256,0.1,69.9701718041512,66,WSINDy,0.00011219190365130416,0.00011219190365130416,True,True,1,0,0,1.0,1.0,1.0,1.0,True,MSTLS support stable,4,0.007744416012428701,0.039702331996522844,"[0.0, 0.0, 0.0, 0.0, 0.0, 0.0, 0.0, 0.0, 0.0, -0.49994390404817435, 0.0, 0.0, 0.0, 0.0, 0.0, 0.0, 0.0, 0.0, 0.0, 0.0, 0.0, 0.0, 0.0, 0.0, 0.0, 0.0, 0.0, 0.0, 0.0, 0.0, 0.0, 0.0, 0.0, 0.0, 0.0, 0.0, 0.0, 0.0, 0.0, 0.0, 0.0, 0.0, 0.0, 0.0, 0.0, 0.0, 0.0, 0.0, 0.0]",[9]
burgers,256×256,0.1,69.9701718041512,67,WSINDy,0.0022741201106224462,0.0022741201106224462,True,True,1,0,0,1.0,1.0,1.0,1.0,True,MSTLS support stable,5,0.006984750012634322,0.03953641702537425,"[0.0, 0.0, 0.0, 0.0, 0.0, 0.0, 0.0, 0.0, 0.0, -0.4988629399446888, 0.0, 0.0, 0.0, 0.0, 0.0, 0.0, 0.0, 0.0, 0.0, 0.0, 0.0, 0.0, 0.0, 0.0, 0.0, 0.0, 0.0, 0.0, 0.0, 0.0, 0.0, 0.0, 0.0, 0.0, 0.0, 0.0, 0.0, 0.0, 0.0, 0.0, 0.0, 0.0, 0.0, 0.0, 0.0, 0.0, 0.0, 0.0, 0.0]",[9]
burgers,256×256,0.1,69.9701718041512,68,WSINDy,0.0013890723751164291,0.0013890723751164291,True,True,1,0,0,1.0,1.0,1.0,1.0,True,MSTLS support stable,4,0.007025291997706518,0.03790562500944361,"[0.0, 0.0, 0.0, 0.0, 0.0, 0.0, 0.0, 0.0, 0.0, -0.5006945361875582, 0.0, 0.0, 0.0, 0.0, 0.0, 0.0, 0.0, 0.0, 0.0, 0.0, 0.0, 0.0, 0.0, 0.0, 0.0, 0.0, 0.0, 0.0, 0.0, 0.0, 0.0, 0.0, 0.0, 0.0, 0.0, 0.0, 0.0, 0.0, 0.0, 0.0, 0.0, 0.0, 0.0, 0.0, 0.0, 0.0, 0.0, 0.0, 0.0]",[9]
burgers,256×256,0.1,69.9701718041512,69,WSINDy,0.0011582751259064938,0.0011582751259064938,True,True,1,0,0,1.0,1.0,1.0,1.0,True,MSTLS support stable,5,0.007747374998871237,0.038182250020327047,"[0.0, 0.0, 0.0, 0.0, 0.0, 0.0, 0.0, 0.0, 0.0, -0.5005791375629532, 0.0, 0.0, 0.0, 0.0, 0.0, 0.0, 0.0, 0.0, 0.0, 0.0, 0.0, 0.0, 0.0, 0.0, 0.0, 0.0, 0.0, 0.0, 0.0, 0.0, 0.0, 0.0, 0.0, 0.0, 0.0, 0.0, 0.0, 0.0, 0.0, 0.0, 0.0, 0.0, 0.0, 0.0, 0.0, 0.0, 0.0, 0.0, 0.0]",[9]
burgers,256×256,0.1,69.9701718041512,70,WSINDy,0.00039145326585598994,0.00039145326585598994,True,True,1,0,0,1.0,1.0,1.0,1.0,True,MSTLS support stable,5,0.007379916001809761,0.037760208011604846,"[0.0, 0.0, 0.0, 0.0, 0.0, 0.0, 0.0, 0.0, 0.0, -0.500195726632928, 0.0, 0.0, 0.0, 0.0, 0.0, 0.0, 0.0, 0.0, 0.0, 0.0, 0.0, 0.0, 0.0, 0.0, 0.0, 0.0, 0.0, 0.0, 0.0, 0.0, 0.0, 0.0, 0.0, 0.0, 0.0, 0.0, 0.0, 0.0, 0.0, 0.0, 0.0, 0.0, 0.0, 0.0, 0.0, 0.0, 0.0, 0.0, 0.0]",[9]
burgers,256×256,0.1,69.9701718041512,71,WSINDy,0.00038794308530176735,0.00038794308530176735,True,True,1,0,0,1.0,1.0,1.0,1.0,True,MSTLS support stable,5,0.00704349999432452,0.0367617089941632,"[0.0, 0.0, 0.0, 0.0, 0.0, 0.0, 0.0, 0.0, 0.0, -0.4998060284573491, 0.0, 0.0, 0.0, 0.0, 0.0, 0.0, 0.0, 0.0, 0.0, 0.0, 0.0, 0.0, 0.0, 0.0, 0.0, 0.0, 0.0, 0.0, 0.0, 0.0, 0.0, 0.0, 0.0, 0.0, 0.0, 0.0, 0.0, 0.0, 0.0, 0.0, 0.0, 0.0, 0.0, 0.0, 0.0, 0.0, 0.0, 0.0, 0.0]",[9]
burgers,256×256,0.1,69.9701718041512,72,WSINDy,0.002099054398127964,0.002099054398127964,True,True,1,0,0,1.0,1.0,1.0,1.0,True,MSTLS support stable,4,0.0068752919905819,0.03779549998580478,"[0.0, 0.0, 0.0, 0.0, 0.0, 0.0, 0.0, 0.0, 0.0, -0.498950472800936, 0.0, 0.0, 0.0, 0.0, 0.0, 0.0, 0.0, 0.0, 0.0, 0.0, 0.0, 0.0, 0.0, 0.0, 0.0, 0.0, 0.0, 0.0, 0.0, 0.0, 0.0, 0.0, 0.0, 0.0, 0.0, 0.0, 0.0, 0.0, 0.0, 0.0, 0.0, 0.0, 0.0, 0.0, 0.0, 0.0, 0.0, 0.0, 0.0]",[9]
burgers,256×256,0.1,69.9701718041512,73,WSINDy,0.00117275422346097,0.00117275422346097,True,True,1,0,0,1.0,1.0,1.0,1.0,True,MSTLS support stable,5,0.008242249983595684,0.03794937499333173,"[0.0, 0.0, 0.0, 0.0, 0.0, 0.0, 0.0, 0.0, 0.0, -0.5005863771117305, 0.0, 0.0, 0.0, 0.0, 0.0, 0.0, 0.0, 0.0, 0.0, 0.0, 0.0, 0.0, 0.0, 0.0, 0.0, 0.0, 0.0, 0.0, 0.0, 0.0, 0.0, 0.0, 0.0, 0.0, 0.0, 0.0, 0.0, 0.0, 0.0, 0.0, 0.0, 0.0, 0.0, 0.0, 0.0, 0.0, 0.0, 0.0, 0.0]",[9]
burgers,256×256,0.1,69.9701718041512,74,WSINDy,0.0026505561331008343,0.0026505561331008343,True,True,1,0,0,1.0,1.0,1.0,1.0,True,MSTLS support stable,5,0.008159165998222306,0.038679707009578124,"[0.0, 0.0, 0.0, 0.0, 0.0, 0.0, 0.0, 0.0, 0.0, -0.4986747219334496, 0.0, 0.0, 0.0, 0.0, 0.0, 0.0, 0.0, 0.0, 0.0, 0.0, 0.0, 0.0, 0.0, 0.0, 0.0, 0.0, 0.0, 0.0, 0.0, 0.0, 0.0, 0.0, 0.0, 0.0, 0.0, 0.0, 0.0, 0.0, 0.0, 0.0, 0.0, 0.0, 0.0, 0.0, 0.0, 0.0, 0.0, 0.0, 0.0]",[9]
burgers,256×256,0.1,69.9701718041512,75,WSINDy,1.5750731940267215e-05,1.5750731940267215e-05,True,True,1,0,0,1.0,1.0,1.0,1.0,True,MSTLS support stable,6,0.006876750005176291,0.03679225000087172,"[0.0, 0.0, 0.0, 0.0, 0.0, 0.0, 0.0, 0.0, 0.0, -0.49999212463402987, 0.0, 0.0, 0.0, 0.0, 0.0, 0.0, 0.0, 0.0, 0.0, 0.0, 0.0, 0.0, 0.0, 0.0, 0.0, 0.0, 0.0, 0.0, 0.0, 0.0, 0.0, 0.0, 0.0, 0.0, 0.0, 0.0, 0.0, 0.0, 0.0, 0.0, 0.0, 0.0, 0.0, 0.0, 0.0, 0.0, 0.0, 0.0, 0.0]",[9]
burgers,256×256,0.1,69.9701718041512,76,WSINDy,0.0006502738435425481,0.0006502738435425481,True,True,1,0,0,1.0,1.0,1.0,1.0,True,MSTLS support stable,4,0.0071591250016354024,0.03903079099836759,"[0.0, 0.0, 0.0, 0.0, 0.0, 0.0, 0.0, 0.0, 0.0, -0.4996748630782287, 0.0, 0.0, 0.0, 0.0, 0.0, 0.0, 0.0, 0.0, 0.0, 0.0, 0.0, 0.0, 0.0, 0.0, 0.0, 0.0, 0.0, 0.0, 0.0, 0.0, 0.0, 0.0, 0.0, 0.0, 0.0, 0.0, 0.0, 0.0, 0.0, 0.0, 0.0, 0.0, 0.0, 0.0, 0.0, 0.0, 0.0, 0.0, 0.0]",[9]
burgers,256×256,0.1,69.9701718041512,77,WSINDy,0.0013016681010977749,0.0013016681010977749,True,True,1,0,0,1.0,1.0,1.0,1.0,True,MSTLS support stable,5,0.008188790990971029,0.038464123994344845,"[0.0, 0.0, 0.0, 0.0, 0.0, 0.0, 0.0, 0.0, 0.0, -0.5006508340505489, 0.0, 0.0, 0.0, 0.0, 0.0, 0.0, 0.0, 0.0, 0.0, 0.0, 0.0, 0.0, 0.0, 0.0, 0.0, 0.0, 0.0, 0.0, 0.0, 0.0, 0.0, 0.0, 0.0, 0.0, 0.0, 0.0, 0.0, 0.0, 0.0, 0.0, 0.0, 0.0, 0.0, 0.0, 0.0, 0.0, 0.0, 0.0, 0.0]",[9]
burgers,256×256,0.1,69.9701718041512,78,WSINDy,0.0005965873065152394,0.0005965873065152394,True,True,1,0,0,1.0,1.0,1.0,1.0,True,MSTLS support stable,4,0.007684459007577971,0.03926095899078064,"[0.0, 0.0, 0.0, 0.0, 0.0, 0.0, 0.0, 0.0, 0.0, -0.5002982936532576, 0.0, 0.0, 0.0, 0.0, 0.0, 0.0, 0.0, 0.0, 0.0, 0.0, 0.0, 0.0, 0.0, 0.0, 0.0, 0.0, 0.0, 0.0, 0.0, 0.0, 0.0, 0.0, 0.0, 0.0, 0.0, 0.0, 0.0, 0.0, 0.0, 0.0, 0.0, 0.0, 0.0, 0.0, 0.0, 0.0, 0.0, 0.0, 0.0]",[9]
burgers,256×256,0.1,69.9701718041512,79,WSINDy,0.0009608478096017059,0.0009608478096017059,True,True,1,0,0,1.0,1.0,1.0,1.0,True,MSTLS support stable,5,0.007397709006909281,0.03919624999980442,"[0.0, 0.0, 0.0, 0.0, 0.0, 0.0, 0.0, 0.0, 0.0, -0.49951957609519915, 0.0, 0.0, 0.0, 0.0, 0.0, 0.0, 0.0, 0.0, 0.0, 0.0, 0.0, 0.0, 0.0, 0.0, 0.0, 0.0, 0.0, 0.0, 0.0, 0.0, 0.0, 0.0, 0.0, 0.0, 0.0, 0.0, 0.0, 0.0, 0.0, 0.0, 0.0, 0.0, 0.0, 0.0, 0.0, 0.0, 0.0, 0.0, 0.0]",[9]
burgers,256×256,0.1,69.9701718041512,80,WSINDy,0.002665795326618592,0.002665795326618592,True,True,1,0,0,1.0,1.0,1.0,1.0,True,MSTLS support stable,4,0.007829667010810226,0.03968229200108908,"[0.0, 0.0, 0.0, 0.0, 0.0, 0.0, 0.0, 0.0, 0.0, -0.4986671023366907, 0.0, 0.0, 0.0, 0.0, 0.0, 0.0, 0.0, 0.0, 0.0, 0.0, 0.0, 0.0, 0.0, 0.0, 0.0, 0.0, 0.0, 0.0, 0.0, 0.0, 0.0, 0.0, 0.0, 0.0, 0.0, 0.0, 0.0, 0.0, 0.0, 0.0, 0.0, 0.0, 0.0, 0.0, 0.0, 0.0, 0.0, 0.0, 0.0]",[9]
burgers,256×256,0.1,69.9701718041512,81,WSINDy,0.0009612070052789079,0.0009612070052789079,True,True,1,0,0,1.0,1.0,1.0,1.0,True,MSTLS support stable,5,0.007722666981862858,0.037936916982289404,"[0.0, 0.0, 0.0, 0.0, 0.0, 0.0, 0.0, 0.0, 0.0, -0.49951939649736055, 0.0, 0.0, 0.0, 0.0, 0.0, 0.0, 0.0, 0.0, 0.0, 0.0, 0.0, 0.0, 0.0, 0.0, 0.0, 0.0, 0.0, 0.0, 0.0, 0.0, 0.0, 0.0, 0.0, 0.0, 0.0, 0.0, 0.0, 0.0, 0.0, 0.0, 0.0, 0.0, 0.0, 0.0, 0.0, 0.0, 0.0, 0.0, 0.0]",[9]
burgers,256×256,0.1,69.9701718041512,82,WSINDy,0.0007656770337736152,0.0007656770337736152,True,True,1,0,0,1.0,1.0,1.0,1.0,True,MSTLS support stable,4,0.00795041600940749,0.03826516601839103,"[0.0, 0.0, 0.0, 0.0, 0.0, 0.0, 0.0, 0.0, 0.0, -0.5003828385168868, 0.0, 0.0, 0.0, 0.0, 0.0, 0.0, 0.0, 0.0, 0.0, 0.0, 0.0, 0.0, 0.0, 0.0, 0.0, 0.0, 0.0, 0.0, 0.0, 0.0, 0.0, 0.0, 0.0, 0.0, 0.0, 0.0, 0.0, 0.0, 0.0, 0.0, 0.0, 0.0, 0.0, 0.0, 0.0, 0.0, 0.0, 0.0, 0.0]",[9]
burgers,256×256,0.1,69.9701718041512,83,WSINDy,0.0012748373512913025,0.0012748373512913025,True,True,1,0,0,1.0,1.0,1.0,1.0,True,MSTLS support stable,5,0.007457833009539172,0.03836045801290311,"[0.0, 0.0, 0.0, 0.0, 0.0, 0.0, 0.0, 0.0, 0.0, -0.49936258132435435, 0.0, 0.0, 0.0, 0.0, 0.0, 0.0, 0.0, 0.0, 0.0, 0.0, 0.0, 0.0, 0.0, 0.0, 0.0, 0.0, 0.0, 0.0, 0.0, 0.0, 0.0, 0.0, 0.0, 0.0, 0.0, 0.0, 0.0, 0.0, 0.0, 0.0, 0.0, 0.0, 0.0, 0.0, 0.0, 0.0, 0.0, 0.0, 0.0]",[9]
burgers,256×256,0.1,69.9701718041512,84,WSINDy,0.00247581209756631,0.00247581209756631,True,True,1,0,0,1.0,1.0,1.0,1.0,True,MSTLS support stable,4,0.0069970409967936575,0.03858291599317454,"[0.0, 0.0, 0.0, 0.0, 0.0, 0.0, 0.0, 0.0, 0.0, -0.49876209395121684, 0.0, 0.0, 0.0, 0.0, 0.0, 0.0, 0.0, 0.0, 0.0, 0.0, 0.0, 0.0, 0.0, 0.0, 0.0, 0.0, 0.0, 0.0, 0.0, 0.0, 0.0, 0.0, 0.0, 0.0, 0.0, 0.0, 0.0, 0.0, 0.0, 0.0, 0.0, 0.0, 0.0, 0.0, 0.0, 0.0, 0.0, 0.0, 0.0]",[9]
burgers,256×256,0.1,69.9701718041512,85,WSINDy,0.0016857582010698646,0.0016857582010698646,True,True,1,0,0,1.0,1.0,1.0,1.0,True,MSTLS support stable,4,0.007582459016703069,0.03923375002341345,"[0.0, 0.0, 0.0, 0.0, 0.0, 0.0, 0.0, 0.0, 0.0, -0.5008428791005349, 0.0, 0.0, 0.0, 0.0, 0.0, 0.0, 0.0, 0.0, 0.0, 0.0, 0.0, 0.0, 0.0, 0.0, 0.0, 0.0, 0.0, 0.0, 0.0, 0.0, 0.0, 0.0, 0.0, 0.0, 0.0, 0.0, 0.0, 0.0, 0.0, 0.0, 0.0, 0.0, 0.0, 0.0, 0.0, 0.0, 0.0, 0.0, 0.0]",[9]
burgers,256×256,0.1,69.9701718041512,86,WSINDy,0.00026405888268066224,0.00026405888268066224,True,True,1,0,0,1.0,1.0,1.0,1.0,True,MSTLS support stable,4,0.007306832994800061,0.039024208002956584,"[0.0, 0.0, 0.0, 0.0, 0.0, 0.0, 0.0, 0.0, 0.0, -0.49986797055865967, 0.0, 0.0, 0.0, 0.0, 0.0, 0.0, 0.0, 0.0, 0.0, 0.0, 0.0, 0.0, 0.0, 0.0, 0.0, 0.0, 0.0, 0.0, 0.0, 0.0, 0.0, 0.0, 0.0, 0.0, 0.0, 0.0, 0.0, 0.0, 0.0, 0.0, 0.0, 0.0, 0.0, 0.0, 0.0, 0.0, 0.0, 0.0, 0.0]",[9]
burgers,256×256,0.1,69.9701718041512,87,WSINDy,0.004021763305060544,0.004021763305060544,True,True,1,0,0,1.0,1.0,1.0,1.0,True,MSTLS support stable,3,0.007592957990709692,0.03793191598379053,"[0.0, 0.0, 0.0, 0.0, 0.0, 0.0, 0.0, 0.0, 0.0, -0.5020108816525303, 0.0, 0.0, 0.0, 0.0, 0.0, 0.0, 0.0, 0.0, 0.0, 0.0, 0.0, 0.0, 0.0, 0.0, 0.0, 0.0, 0.0, 0.0, 0.0, 0.0, 0.0, 0.0, 0.0, 0.0, 0.0, 0.0, 0.0, 0.0, 0.0, 0.0, 0.0, 0.0, 0.0, 0.0, 0.0, 0.0, 0.0, 0.0, 0.0]",[9]
burgers,256×256,0.1,69.9701718041512,88,WSINDy,0.0007792629364664627,0.0007792629364664627,True,True,1,0,0,1.0,1.0,1.0,1.0,True,MSTLS support stable,6,0.008254834014223889,0.03922195901395753,"[0.0, 0.0, 0.0, 0.0, 0.0, 0.0, 0.0, 0.0, 0.0, -0.49961036853176677, 0.0, 0.0, 0.0, 0.0, 0.0, 0.0, 0.0, 0.0, 0.0, 0.0, 0.0, 0.0, 0.0, 0.0, 0.0, 0.0, 0.0, 0.0, 0.0, 0.0, 0.0, 0.0, 0.0, 0.0, 0.0, 0.0, 0.0, 0.0, 0.0, 0.0, 0.0, 0.0, 0.0, 0.0, 0.0, 0.0, 0.0, 0.0, 0.0]",[9]
burgers,256×256,0.1,69.9701718041512,89,WSINDy,0.0025461176109757844,0.0025461176109757844,True,True,1,0,0,1.0,1.0,1.0,1.0,True,MSTLS support stable,5,0.007606209022924304,0.03883345902431756,"[0.0, 0.0, 0.0, 0.0, 0.0, 0.0, 0.0, 0.0, 0.0, -0.4987269411945121, 0.0, 0.0, 0.0, 0.0, 0.0, 0.0, 0.0, 0.0, 0.0, 0.0, 0.0, 0.0, 0.0, 0.0, 0.0, 0.0, 0.0, 0.0, 0.0, 0.0, 0.0, 0.0, 0.0, 0.0, 0.0, 0.0, 0.0, 0.0, 0.0, 0.0, 0.0, 0.0, 0.0, 0.0, 0.0, 0.0, 0.0, 0.0, 0.0]",[9]
burgers,256×256,0.1,69.9701718041512,90,WSINDy,0.0013859482569956727,0.0013859482569956727,True,True,1,0,0,1.0,1.0,1.0,1.0,True,MSTLS support stable,4,0.007872582995332778,0.03988354100147262,"[0.0, 0.0, 0.0, 0.0, 0.0, 0.0, 0.0, 0.0, 0.0, -0.49930702587150216, 0.0, 0.0, 0.0, 0.0, 0.0, 0.0, 0.0, 0.0, 0.0, 0.0, 0.0, 0.0, 0.0, 0.0, 0.0, 0.0, 0.0, 0.0, 0.0, 0.0, 0.0, 0.0, 0.0, 0.0, 0.0, 0.0, 0.0, 0.0, 0.0, 0.0, 0.0, 0.0, 0.0, 0.0, 0.0, 0.0, 0.0, 0.0, 0.0]",[9]
burgers,256×256,0.1,69.9701718041512,91,WSINDy,0.003538343763543672,0.003538343763543672,True,True,1,0,0,1.0,1.0,1.0,1.0,True,MSTLS support stable,5,0.007390167011180893,0.03912091700476594,"[0.0, 0.0, 0.0, 0.0, 0.0, 0.0, 0.0, 0.0, 0.0, -0.5017691718817718, 0.0, 0.0, 0.0, 0.0, 0.0, 0.0, 0.0, 0.0, 0.0, 0.0, 0.0, 0.0, 0.0, 0.0, 0.0, 0.0, 0.0, 0.0, 0.0, 0.0, 0.0, 0.0, 0.0, 0.0, 0.0, 0.0, 0.0, 0.0, 0.0, 0.0, 0.0, 0.0, 0.0, 0.0, 0.0, 0.0, 0.0, 0.0, 0.0]",[9]
burgers,256×256,0.1,69.9701718041512,92,WSINDy,0.00872369936833306,0.00872369936833306,True,True,1,0,0,1.0,1.0,1.0,1.0,True,MSTLS support stable,4,0.007672833016840741,0.03885266702855006,"[0.0, 0.0, 0.0, 0.0, 0.0, 0.0, 0.0, 0.0, 0.0, -0.49563815031583347, 0.0, 0.0, 0.0, 0.0, 0.0, 0.0, 0.0, 0.0, 0.0, 0.0, 0.0, 0.0, 0.0, 0.0, 0.0, 0.0, 0.0, 0.0, 0.0, 0.0, 0.0, 0.0, 0.0, 0.0, 0.0, 0.0, 0.0, 0.0, 0.0, 0.0, 0.0, 0.0, 0.0, 0.0, 0.0, 0.0, 0.0, 0.0, 0.0]",[9]
burgers,256×256,0.1,69.9701718041512,93,WSINDy,0.0017255402446326729,0.0017255402446326729,True,True,1,0,0,1.0,1.0,1.0,1.0,True,MSTLS support stable,4,0.0077303329890128225,0.03919812498497777,"[0.0, 0.0, 0.0, 0.0, 0.0, 0.0, 0.0, 0.0, 0.0, -0.49913722987768366, 0.0, 0.0, 0.0, 0.0, 0.0, 0.0, 0.0, 0.0, 0.0, 0.0, 0.0, 0.0, 0.0, 0.0, 0.0, 0.0, 0.0, 0.0, 0.0, 0.0, 0.0, 0.0, 0.0, 0.0, 0.0, 0.0, 0.0, 0.0, 0.0, 0.0, 0.0, 0.0, 0.0, 0.0, 0.0, 0.0, 0.0, 0.0, 0.0]",[9]
burgers,256×256,0.1,69.9701718041512,94,WSINDy,0.0030646528505964277,0.0030646528505964277,True,True,1,0,0,1.0,1.0,1.0,1.0,True,MSTLS support stable,4,0.007598791999043897,0.038962332997471094,"[0.0, 0.0, 0.0, 0.0, 0.0, 0.0, 0.0, 0.0, 0.0, -0.5015323264252982, 0.0, 0.0, 0.0, 0.0, 0.0, 0.0, 0.0, 0.0, 0.0, 0.0, 0.0, 0.0, 0.0, 0.0, 0.0, 0.0, 0.0, 0.0, 0.0, 0.0, 0.0, 0.0, 0.0, 0.0, 0.0, 0.0, 0.0, 0.0, 0.0, 0.0, 0.0, 0.0, 0.0, 0.0, 0.0, 0.0, 0.0, 0.0, 0.0]",[9]
burgers,256×256,0.1,69.9701718041512,95,WSINDy,0.0015093624739795919,0.0015093624739795919,True,True,1,0,0,1.0,1.0,1.0,1.0,True,MSTLS support stable,6,0.007147458993131295,0.038935416989261284,"[0.0, 0.0, 0.0, 0.0, 0.0, 0.0, 0.0, 0.0, 0.0, -0.4992453187630102, 0.0, 0.0, 0.0, 0.0, 0.0, 0.0, 0.0, 0.0, 0.0, 0.0, 0.0, 0.0, 0.0, 0.0, 0.0, 0.0, 0.0, 0.0, 0.0, 0.0, 0.0, 0.0, 0.0, 0.0, 0.0, 0.0, 0.0, 0.0, 0.0, 0.0, 0.0, 0.0, 0.0, 0.0, 0.0, 0.0, 0.0, 0.0, 0.0]",[9]
burgers,256×256,0.1,69.9701718041512,96,WSINDy,0.0006704361956522131,0.0006704361956522131,True,True,1,0,0,1.0,1.0,1.0,1.0,True,MSTLS support stable,5,0.007283832994289696,0.039055040979292244,"[0.0, 0.0, 0.0, 0.0, 0.0, 0.0, 0.0, 0.0, 0.0, -0.5003352180978261, 0.0, 0.0, 0.0, 0.0, 0.0, 0.0, 0.0, 0.0, 0.0, 0.0, 0.0, 0.0, 0.0, 0.0, 0.0, 0.0, 0.0, 0.0, 0.0, 0.0, 0.0, 0.0, 0.0, 0.0, 0.0, 0.0, 0.0, 0.0, 0.0, 0.0, 0.0, 0.0, 0.0, 0.0, 0.0, 0.0, 0.0, 0.0, 0.0]",[9]
burgers,256×256,0.1,69.9701718041512,97,WSINDy,0.0012726531113008699,0.0012726531113008699,True,True,1,0,0,1.0,1.0,1.0,1.0,True,MSTLS support stable,6,0.007821917010005563,0.03953820900642313,"[0.0, 0.0, 0.0, 0.0, 0.0, 0.0, 0.0, 0.0, 0.0, -0.49936367344434957, 0.0, 0.0, 0.0, 0.0, 0.0, 0.0, 0.0, 0.0, 0.0, 0.0, 0.0, 0.0, 0.0, 0.0, 0.0, 0.0, 0.0, 0.0, 0.0, 0.0, 0.0, 0.0, 0.0, 0.0, 0.0, 0.0, 0.0, 0.0, 0.0, 0.0, 0.0, 0.0, 0.0, 0.0, 0.0, 0.0, 0.0, 0.0, 0.0]",[9]
burgers,256×256,0.1,69.9701718041512,98,WSINDy,0.0031271914032334758,0.0031271914032334758,True,True,1,0,0,1.0,1.0,1.0,1.0,True,MSTLS support stable,5,0.008303042006446049,0.03988275001756847,"[0.0, 0.0, 0.0, 0.0, 0.0, 0.0, 0.0, 0.0, 0.0, -0.49843640429838326, 0.0, 0.0, 0.0, 0.0, 0.0, 0.0, 0.0, 0.0, 0.0, 0.0, 0.0, 0.0, 0.0, 0.0, 0.0, 0.0, 0.0, 0.0, 0.0, 0.0, 0.0, 0.0, 0.0, 0.0, 0.0, 0.0, 0.0, 0.0, 0.0, 0.0, 0.0, 0.0, 0.0, 0.0, 0.0, 0.0, 0.0, 0.0, 0.0]",[9]
burgers,256×256,0.1,69.9701718041512,99,WSINDy,0.0013054696323775428,0.0013054696323775428,True,True,1,0,0,1.0,1.0,1.0,1.0,True,MSTLS support stable,5,0.008253582986071706,0.03999012499116361,"[0.0, 0.0, 0.0, 0.0, 0.0, 0.0, 0.0, 0.0, 0.0, -0.5006527348161888, 0.0, 0.0, 0.0, 0.0, 0.0, 0.0, 0.0, 0.0, 0.0, 0.0, 0.0, 0.0, 0.0, 0.0, 0.0, 0.0, 0.0, 0.0, 0.0, 0.0, 0.0, 0.0, 0.0, 0.0, 0.0, 0.0, 0.0, 0.0, 0.0, 0.0, 0.0, 0.0, 0.0, 0.0, 0.0, 0.0, 0.0, 0.0, 0.0]",[9]
burgers,256×256,0.1,69.9701718041512,100,WSINDy,0.002202022329331199,0.002202022329331199,True,True,1,0,0,1.0,1.0,1.0,1.0,True,MSTLS support stable,4,0.0070835000078659505,0.03767245801282115,"[0.0, 0.0, 0.0, 0.0, 0.0, 0.0, 0.0, 0.0, 0.0, -0.4988989888353344, 0.0, 0.0, 0.0, 0.0, 0.0, 0.0, 0.0, 0.0, 0.0, 0.0, 0.0, 0.0, 0.0, 0.0, 0.0, 0.0, 0.0, 0.0, 0.0, 0.0, 0.0, 0.0, 0.0, 0.0, 0.0, 0.0, 0.0, 0.0, 0.0, 0.0, 0.0, 0.0, 0.0, 0.0, 0.0, 0.0, 0.0, 0.0, 0.0]",[9]
burgers,256×256,0.1,69.9701718041512,101,WSINDy,0.00043986046476685026,0.00043986046476685026,True,True,1,0,0,1.0,1.0,1.0,1.0,True,MSTLS support stable,6,0.007460916007403284,0.039717666018987074,"[0.0, 0.0, 0.0, 0.0, 0.0, 0.0, 0.0, 0.0, 0.0, -0.5002199302323834, 0.0, 0.0, 0.0, 0.0, 0.0, 0.0, 0.0, 0.0, 0.0, 0.0, 0.0, 0.0, 0.0, 0.0, 0.0, 0.0, 0.0, 0.0, 0.0, 0.0, 0.0, 0.0, 0.0, 0.0, 0.0, 0.0, 0.0, 0.0, 0.0, 0.0, 0.0, 0.0, 0.0, 0.0, 0.0, 0.0, 0.0, 0.0, 0.0]",[9]
burgers,256×256,0.1,69.9701718041512,102,WSINDy,0.0011989676683770156,0.0011989676683770156,True,True,1,0,0,1.0,1.0,1.0,1.0,True,MSTLS support stable,5,0.008829832979245111,0.040987541986396536,"[0.0, 0.0, 0.0, 0.0, 0.0, 0.0, 0.0, 0.0, 0.0, -0.5005994838341885, 0.0, 0.0, 0.0, 0.0, 0.0, 0.0, 0.0, 0.0, 0.0, 0.0, 0.0, 0.0, 0.0, 0.0, 0.0, 0.0, 0.0, 0.0, 0.0, 0.0, 0.0, 0.0, 0.0, 0.0, 0.0, 0.0, 0.0, 0.0, 0.0, 0.0, 0.0, 0.0, 0.0, 0.0, 0.0, 0.0, 0.0, 0.0, 0.0]",[9]
burgers,256×256,0.1,69.9701718041512,103,WSINDy,0.005305268795171458,0.005305268795171458,True,True,1,0,0,1.0,1.0,1.0,1.0,True,MSTLS support stable,5,0.00839212498976849,0.03887604101328179,"[0.0, 0.0, 0.0, 0.0, 0.0, 0.0, 0.0, 0.0, 0.0, -0.49734736560241427, 0.0, 0.0, 0.0, 0.0, 0.0, 0.0, 0.0, 0.0, 0.0, 0.0, 0.0, 0.0, 0.0, 0.0, 0.0, 0.0, 0.0, 0.0, 0.0, 0.0, 0.0, 0.0, 0.0, 0.0, 0.0, 0.0, 0.0, 0.0, 0.0, 0.0, 0.0, 0.0, 0.0, 0.0, 0.0, 0.0, 0.0, 0.0, 0.0]",[9]
burgers,256×256,0.1,69.9701718041512,104,WSINDy,0.0064840678170423605,0.0064840678170423605,True,True,1,0,0,1.0,1.0,1.0,1.0,True,MSTLS support stable,3,0.008600832981755957,0.04056862500146963,"[0.0, 0.0, 0.0, 0.0, 0.0, 0.0, 0.0, 0.0, 0.0, -0.5032420339085212, 0.0, 0.0, 0.0, 0.0, 0.0, 0.0, 0.0, 0.0, 0.0, 0.0, 0.0, 0.0, 0.0, 0.0, 0.0, 0.0, 0.0, 0.0, 0.0, 0.0, 0.0, 0.0, 0.0, 0.0, 0.0, 0.0, 0.0, 0.0, 0.0, 0.0, 0.0, 0.0, 0.0, 0.0, 0.0, 0.0, 0.0, 0.0, 0.0]",[9]
burgers,256×256,0.1,69.9701718041512,105,WSINDy,0.0032726257709462248,0.0032726257709462248,True,True,1,0,0,1.0,1.0,1.0,1.0,True,MSTLS support stable,5,0.007949666993226856,0.04052691700053401,"[0.0, 0.0, 0.0, 0.0, 0.0, 0.0, 0.0, 0.0, 0.0, -0.4983636871145269, 0.0, 0.0, 0.0, 0.0, 0.0, 0.0, 0.0, 0.0, 0.0, 0.0, 0.0, 0.0, 0.0, 0.0, 0.0, 0.0, 0.0, 0.0, 0.0, 0.0, 0.0, 0.0, 0.0, 0.0, 0.0, 0.0, 0.0, 0.0, 0.0, 0.0, 0.0, 0.0, 0.0, 0.0, 0.0, 0.0, 0.0, 0.0, 0.0]",[9]
burgers,256×256,0.1,69.9701718041512,106,WSINDy,0.00024751399143585484,0.00024751399143585484,True,True,1,0,0,1.0,1.0,1.0,1.0,True,MSTLS support stable,5,0.008518417016603053,0.04495666699949652,"[0.0, 0.0, 0.0, 0.0, 0.0, 0.0, 0.0, 0.0, 0.0, -0.4998762430042821, 0.0, 0.0, 0.0, 0.0, 0.0, 0.0, 0.0, 0.0, 0.0, 0.0, 0.0, 0.0, 0.0, 0.0, 0.0, 0.0, 0.0, 0.0, 0.0, 0.0, 0.0, 0.0, 0.0, 0.0, 0.0, 0.0, 0.0, 0.0, 0.0, 0.0, 0.0, 0.0, 0.0, 0.0, 0.0, 0.0, 0.0, 0.0, 0.0]",[9]
burgers,256×256,0.1,69.9701718041512,107,WSINDy,0.005367689315784019,0.005367689315784019,True,True,1,0,0,1.0,1.0,1.0,1.0,True,MSTLS support stable,6,0.007289833010872826,0.041938125010346994,"[0.0, 0.0, 0.0, 0.0, 0.0, 0.0, 0.0, 0.0, 0.0, -0.497316155342108, 0.0, 0.0, 0.0, 0.0, 0.0, 0.0, 0.0, 0.0, 0.0, 0.0, 0.0, 0.0, 0.0, 0.0, 0.0, 0.0, 0.0, 0.0, 0.0, 0.0, 0.0, 0.0, 0.0, 0.0, 0.0, 0.0, 0.0, 0.0, 0.0, 0.0, 0.0, 0.0, 0.0, 0.0, 0.0, 0.0, 0.0, 0.0, 0.0]",[9]
burgers,256×256,0.1,69.9701718041512,108,WSINDy,0.0015152917940696176,0.0015152917940696176,True,True,1,0,0,1.0,1.0,1.0,1.0,True,MSTLS support stable,5,0.008171249995939434,0.042889249976724386,"[0.0, 0.0, 0.0, 0.0, 0.0, 0.0, 0.0, 0.0, 0.0, -0.4992423541029652, 0.0, 0.0, 0.0, 0.0, 0.0, 0.0, 0.0, 0.0, 0.0, 0.0, 0.0, 0.0, 0.0, 0.0, 0.0, 0.0, 0.0, 0.0, 0.0, 0.0, 0.0, 0.0, 0.0, 0.0, 0.0, 0.0, 0.0, 0.0, 0.0, 0.0, 0.0, 0.0, 0.0, 0.0, 0.0, 0.0, 0.0, 0.0, 0.0]",[9]
burgers,256×256,0.1,69.9701718041512,109,WSINDy,0.003470356798506824,0.003470356798506824,True,True,1,0,0,1.0,1.0,1.0,1.0,True,MSTLS support stable,5,0.008086667017778382,0.042251542006852105,"[0.0, 0.0, 0.0, 0.0, 0.0, 0.0, 0.0, 0.0, 0.0, -0.5017351783992534, 0.0, 0.0, 0.0, 0.0, 0.0, 0.0, 0.0, 0.0, 0.0, 0.0, 0.0, 0.0, 0.0, 0.0, 0.0, 0.0, 0.0, 0.0, 0.0, 0.0, 0.0, 0.0, 0.0, 0.0, 0.0, 0.0, 0.0, 0.0, 0.0, 0.0, 0.0, 0.0, 0.0, 0.0, 0.0, 0.0, 0.0, 0.0, 0.0]",[9]
burgers,256×256,0.1,69.9701718041512,110,WSINDy,0.0036899489544972575,0.0036899489544972575,True,True,1,0,0,1.0,1.0,1.0,1.0,True,MSTLS support stable,5,0.007288833003258333,0.04031679101171903,"[0.0, 0.0, 0.0, 0.0, 0.0, 0.0, 0.0, 0.0, 0.0, -0.5018449744772486, 0.0, 0.0, 0.0, 0.0, 0.0, 0.0, 0.0, 0.0, 0.0, 0.0, 0.0, 0.0, 0.0, 0.0, 0.0, 0.0, 0.0, 0.0, 0.0, 0.0, 0.0, 0.0, 0.0, 0.0, 0.0, 0.0, 0.0, 0.0, 0.0, 0.0, 0.0, 0.0, 0.0, 0.0, 0.0, 0.0, 0.0, 0.0, 0.0]",[9]
burgers,256×256,0.1,69.9701718041512,111,WSINDy,0.0017394790016282968,0.0017394790016282968,True,True,1,0,0,1.0,1.0,1.0,1.0,True,MSTLS support stable,6,0.007456749997800216,0.04181120797875337,"[0.0, 0.0, 0.0, 0.0, 0.0, 0.0, 0.0, 0.0, 0.0, -0.5008697395008141, 0.0, 0.0, 0.0, 0.0, 0.0, 0.0, 0.0, 0.0, 0.0, 0.0, 0.0, 0.0, 0.0, 0.0, 0.0, 0.0, 0.0, 0.0, 0.0, 0.0, 0.0, 0.0, 0.0, 0.0, 0.0, 0.0, 0.0, 0.0, 0.0, 0.0, 0.0, 0.0, 0.0, 0.0, 0.0, 0.0, 0.0, 0.0, 0.0]",[9]
burgers,256×256,0.1,69.9701718041512,112,WSINDy,0.0011830178725136253,0.0011830178725136253,True,True,1,0,0,1.0,1.0,1.0,1.0,True,MSTLS support stable,5,0.007917042006738484,0.04057570800068788,"[0.0, 0.0, 0.0, 0.0, 0.0, 0.0, 0.0, 0.0, 0.0, -0.4994084910637432, 0.0, 0.0, 0.0, 0.0, 0.0, 0.0, 0.0, 0.0, 0.0, 0.0, 0.0, 0.0, 0.0, 0.0, 0.0, 0.0, 0.0, 0.0, 0.0, 0.0, 0.0, 0.0, 0.0, 0.0, 0.0, 0.0, 0.0, 0.0, 0.0, 0.0, 0.0, 0.0, 0.0, 0.0, 0.0, 0.0, 0.0, 0.0, 0.0]",[9]
burgers,256×256,0.1,69.9701718041512,113,WSINDy,0.0018626920253788093,0.0018626920253788093,True,True,1,0,0,1.0,1.0,1.0,1.0,True,MSTLS support stable,6,0.007419541012495756,0.039280457014683634,"[0.0, 0.0, 0.0, 0.0, 0.0, 0.0, 0.0, 0.0, 0.0, -0.5009313460126894, 0.0, 0.0, 0.0, 0.0, 0.0, 0.0, 0.0, 0.0, 0.0, 0.0, 0.0, 0.0, 0.0, 0.0, 0.0, 0.0, 0.0, 0.0, 0.0, 0.0, 0.0, 0.0, 0.0, 0.0, 0.0, 0.0, 0.0, 0.0, 0.0, 0.0, 0.0, 0.0, 0.0, 0.0, 0.0, 0.0, 0.0, 0.0, 0.0]",[9]
burgers,256×256,0.1,69.9701718041512,114,WSINDy,0.0006359151826671461,0.0006359151826671461,True,True,1,0,0,1.0,1.0,1.0,1.0,True,MSTLS support stable,5,0.007552708004368469,0.038817416003439575,"[0.0, 0.0, 0.0, 0.0, 0.0, 0.0, 0.0, 0.0, 0.0, -0.5003179575913336, 0.0, 0.0, 0.0, 0.0, 0.0, 0.0, 0.0, 0.0, 0.0, 0.0, 0.0, 0.0, 0.0, 0.0, 0.0, 0.0, 0.0, 0.0, 0.0, 0.0, 0.0, 0.0, 0.0, 0.0, 0.0, 0.0, 0.0, 0.0, 0.0, 0.0, 0.0, 0.0, 0.0, 0.0, 0.0, 0.0, 0.0, 0.0, 0.0]",[9]
burgers,256×256,0.1,69.9701718041512,115,WSINDy,0.0007878097721901733,0.0007878097721901733,True,True,1,0,0,1.0,1.0,1.0,1.0,True,MSTLS support stable,5,0.00841920799575746,0.03963824899983592,"[0.0, 0.0, 0.0, 0.0, 0.0, 0.0, 0.0, 0.0, 0.0, -0.4996060951139049, 0.0, 0.0, 0.0, 0.0, 0.0, 0.0, 0.0, 0.0, 0.0, 0.0, 0.0, 0.0, 0.0, 0.0, 0.0, 0.0, 0.0, 0.0, 0.0, 0.0, 0.0, 0.0, 0.0, 0.0, 0.0, 0.0, 0.0, 0.0, 0.0, 0.0, 0.0, 0.0, 0.0, 0.0, 0.0, 0.0, 0.0, 0.0, 0.0]",[9]
burgers,256×256,0.1,69.9701718041512,116,WSINDy,0.004087248193827886,0.004087248193827886,True,True,1,0,0,1.0,1.0,1.0,1.0,True,MSTLS support stable,4,0.007083999982569367,0.03732812500675209,"[0.0, 0.0, 0.0, 0.0, 0.0, 0.0, 0.0, 0.0, 0.0, -0.5020436240969139, 0.0, 0.0, 0.0, 0.0, 0.0, 0.0, 0.0, 0.0, 0.0, 0.0, 0.0, 0.0, 0.0, 0.0, 0.0, 0.0, 0.0, 0.0, 0.0, 0.0, 0.0, 0.0, 0.0, 0.0, 0.0, 0.0, 0.0, 0.0, 0.0, 0.0, 0.0, 0.0, 0.0, 0.0, 0.0, 0.0, 0.0, 0.0, 0.0]",[9]
burgers,256×256,0.1,69.9701718041512,117,WSINDy,0.003294679649380017,0.003294679649380017,True,True,1,0,0,1.0,1.0,1.0,1.0,True,MSTLS support stable,4,0.0073169580136891454,0.040165124024497345,"[0.0, 0.0, 0.0, 0.0, 0.0, 0.0, 0.0, 0.0, 0.0, -0.49835266017531, 0.0, 0.0, 0.0, 0.0, 0.0, 0.0, 0.0, 0.0, 0.0, 0.0, 0.0, 0.0, 0.0, 0.0, 0.0, 0.0, 0.0, 0.0, 0.0, 0.0, 0.0, 0.0, 0.0, 0.0, 0.0, 0.0, 0.0, 0.0, 0.0, 0.0, 0.0, 0.0, 0.0, 0.0, 0.0, 0.0, 0.0, 0.0, 0.0]",[9]
burgers,256×256,0.1,69.9701718041512,118,WSINDy,0.001844932979948588,0.001844932979948588,True,True,1,0,0,1.0,1.0,1.0,1.0,True,MSTLS support stable,5,0.007932749984320253,0.04136495798593387,"[0.0, 0.0, 0.0, 0.0, 0.0, 0.0, 0.0, 0.0, 0.0, -0.5009224664899743, 0.0, 0.0, 0.0, 0.0, 0.0, 0.0, 0.0, 0.0, 0.0, 0.0, 0.0, 0.0, 0.0, 0.0, 0.0, 0.0, 0.0, 0.0, 0.0, 0.0, 0.0, 0.0, 0.0, 0.0, 0.0, 0.0, 0.0, 0.0, 0.0, 0.0, 0.0, 0.0, 0.0, 0.0, 0.0, 0.0, 0.0, 0.0, 0.0]",[9]
burgers,256×256,0.1,69.9701718041512,119,WSINDy,0.0005426774026280334,0.0005426774026280334,True,True,1,0,0,1.0,1.0,1.0,1.0,True,MSTLS support stable,6,0.007504833018174395,0.040072750009130687,"[0.0, 0.0, 0.0, 0.0, 0.0, 0.0, 0.0, 0.0, 0.0, -0.499728661298686, 0.0, 0.0, 0.0, 0.0, 0.0, 0.0, 0.0, 0.0, 0.0, 0.0, 0.0, 0.0, 0.0, 0.0, 0.0, 0.0, 0.0, 0.0, 0.0, 0.0, 0.0, 0.0, 0.0, 0.0, 0.0, 0.0, 0.0, 0.0, 0.0, 0.0, 0.0, 0.0, 0.0, 0.0, 0.0, 0.0, 0.0, 0.0, 0.0]",[9]
burgers,256×256,0.1,69.9701718041512,120,WSINDy,0.0032143891102217603,0.0032143891102217603,True,True,1,0,0,1.0,1.0,1.0,1.0,True,MSTLS support stable,4,0.008680292026838288,0.039260542049305514,"[0.0, 0.0, 0.0, 0.0, 0.0, 0.0, 0.0, 0.0, 0.0, -0.4983928054448891, 0.0, 0.0, 0.0, 0.0, 0.0, 0.0, 0.0, 0.0, 0.0, 0.0, 0.0, 0.0, 0.0, 0.0, 0.0, 0.0, 0.0, 0.0, 0.0, 0.0, 0.0, 0.0, 0.0, 0.0, 0.0, 0.0, 0.0, 0.0, 0.0, 0.0, 0.0, 0.0, 0.0, 0.0, 0.0, 0.0, 0.0, 0.0, 0.0]",[9]
burgers,256×256,0.1,69.9701718041512,121,WSINDy,0.005347776522654835,0.005347776522654835,True,True,1,0,0,1.0,1.0,1.0,1.0,True,MSTLS support stable,4,0.008934833022067323,0.041198792023351416,"[0.0, 0.0, 0.0, 0.0, 0.0, 0.0, 0.0, 0.0, 0.0, -0.4973261117386726, 0.0, 0.0, 0.0, 0.0, 0.0, 0.0, 0.0, 0.0, 0.0, 0.0, 0.0, 0.0, 0.0, 0.0, 0.0, 0.0, 0.0, 0.0, 0.0, 0.0, 0.0, 0.0, 0.0, 0.0, 0.0, 0.0, 0.0, 0.0, 0.0, 0.0, 0.0, 0.0, 0.0, 0.0, 0.0, 0.0, 0.0, 0.0, 0.0]",[9]
burgers,256×256,0.1,69.9701718041512,122,WSINDy,0.001803667648817231,0.001803667648817231,True,True,1,0,0,1.0,1.0,1.0,1.0,True,MSTLS support stable,5,0.007345083984546363,0.03805979297612794,"[0.0, 0.0, 0.0, 0.0, 0.0, 0.0, 0.0, 0.0, 0.0, -0.4990981661755914, 0.0, 0.0, 0.0, 0.0, 0.0, 0.0, 0.0, 0.0, 0.0, 0.0, 0.0, 0.0, 0.0, 0.0, 0.0, 0.0, 0.0, 0.0, 0.0, 0.0, 0.0, 0.0, 0.0, 0.0, 0.0, 0.0, 0.0, 0.0, 0.0, 0.0, 0.0, 0.0, 0.0, 0.0, 0.0, 0.0, 0.0, 0.0, 0.0]",[9]
burgers,256×256,0.1,69.9701718041512,123,WSINDy,0.0016731485319714245,0.0016731485319714245,True,True,1,0,0,1.0,1.0,1.0,1.0,True,MSTLS support stable,4,0.007444125018082559,0.03982395800994709,"[0.0, 0.0, 0.0, 0.0, 0.0, 0.0, 0.0, 0.0, 0.0, -0.4991634257340143, 0.0, 0.0, 0.0, 0.0, 0.0, 0.0, 0.0, 0.0, 0.0, 0.0, 0.0, 0.0, 0.0, 0.0, 0.0, 0.0, 0.0, 0.0, 0.0, 0.0, 0.0, 0.0, 0.0, 0.0, 0.0, 0.0, 0.0, 0.0, 0.0, 0.0, 0.0, 0.0, 0.0, 0.0, 0.0, 0.0, 0.0, 0.0, 0.0]",[9]
burgers,256×256,0.1,69.9701718041512,124,WSINDy,0.0018768843461236528,0.0018768843461236528,True,True,1,0,0,1.0,1.0,1.0,1.0,True,MSTLS support stable,7,0.008329875010531396,0.04022508399793878,"[0.0, 0.0, 0.0, 0.0, 0.0, 0.0, 0.0, 0.0, 0.0, -0.5009384421730618, 0.0, 0.0, 0.0, 0.0, 0.0, 0.0, 0.0, 0.0, 0.0, 0.0, 0.0, 0.0, 0.0, 0.0, 0.0, 0.0, 0.0, 0.0, 0.0, 0.0, 0.0, 0.0, 0.0, 0.0, 0.0, 0.0, 0.0, 0.0, 0.0, 0.0, 0.0, 0.0, 0.0, 0.0, 0.0, 0.0, 0.0, 0.0, 0.0]",[9]
burgers,256×256,0.1,69.9701718041512,125,WSINDy,0.00016384483953002515,0.00016384483953002515,True,True,1,0,0,1.0,1.0,1.0,1.0,True,MSTLS support stable,4,0.007843250001315027,0.038755624991608784,"[0.0, 0.0, 0.0, 0.0, 0.0, 0.0, 0.0, 0.0, 0.0, -0.500081922419765, 0.0, 0.0, 0.0, 0.0, 0.0, 0.0, 0.0, 0.0, 0.0, 0.0, 0.0, 0.0, 0.0, 0.0, 0.0, 0.0, 0.0, 0.0, 0.0, 0.0, 0.0, 0.0, 0.0, 0.0, 0.0, 0.0, 0.0, 0.0, 0.0, 0.0, 0.0, 0.0, 0.0, 0.0, 0.0, 0.0, 0.0, 0.0, 0.0]",[9]
burgers,256×256,0.1,69.9701718041512,126,WSINDy,0.002403051885372154,0.002403051885372154,True,True,1,0,0,1.0,1.0,1.0,1.0,True,MSTLS support stable,7,0.00770633399952203,0.04044066698406823,"[0.0, 0.0, 0.0, 0.0, 0.0, 0.0, 0.0, 0.0, 0.0, -0.4987984740573139, 0.0, 0.0, 0.0, 0.0, 0.0, 0.0, 0.0, 0.0, 0.0, 0.0, 0.0, 0.0, 0.0, 0.0, 0.0, 0.0, 0.0, 0.0, 0.0, 0.0, 0.0, 0.0, 0.0, 0.0, 0.0, 0.0, 0.0, 0.0, 0.0, 0.0, 0.0, 0.0, 0.0, 0.0, 0.0, 0.0, 0.0, 0.0, 0.0]",[9]
burgers,256×256,0.1,69.9701718041512,127,WSINDy,0.002088748843550925,0.002088748843550925,True,True,1,0,0,1.0,1.0,1.0,1.0,True,MSTLS support stable,5,0.007838834018912166,0.0386377920222003,"[0.0, 0.0, 0.0, 0.0, 0.0, 0.0, 0.0, 0.0, 0.0, -0.49895562557822454, 0.0, 0.0, 0.0, 0.0, 0.0, 0.0, 0.0, 0.0, 0.0, 0.0, 0.0, 0.0, 0.0, 0.0, 0.0, 0.0, 0.0, 0.0, 0.0, 0.0, 0.0, 0.0, 0.0, 0.0, 0.0, 0.0, 0.0, 0.0, 0.0, 0.0, 0.0, 0.0, 0.0, 0.0, 0.0, 0.0, 0.0, 0.0, 0.0]",[9]
burgers,256×256,0.1,69.9701718041512,128,WSINDy,0.0013290033222110864,0.0013290033222110864,True,True,1,0,0,1.0,1.0,1.0,1.0,True,MSTLS support stable,5,0.007023417012533173,0.038364167005056515,"[0.0, 0.0, 0.0, 0.0, 0.0, 0.0, 0.0, 0.0, 0.0, -0.5006645016611055, 0.0, 0.0, 0.0, 0.0, 0.0, 0.0, 0.0, 0.0, 0.0, 0.0, 0.0, 0.0, 0.0, 0.0, 0.0, 0.0, 0.0, 0.0, 0.0, 0.0, 0.0, 0.0, 0.0, 0.0, 0.0, 0.0, 0.0, 0.0, 0.0, 0.0, 0.0, 0.0, 0.0, 0.0, 0.0, 0.0, 0.0, 0.0, 0.0]",[9]
burgers,256×256,0.1,69.9701718041512,129,WSINDy,0.003777455483721104,0.003777455483721104,True,True,1,0,0,1.0,1.0,1.0,1.0,True,MSTLS support stable,5,0.007719374989392236,0.03795616596471518,"[0.0, 0.0, 0.0, 0.0, 0.0, 0.0, 0.0, 0.0, 0.0, -0.5018887277418606, 0.0, 0.0, 0.0, 0.0, 0.0, 0.0, 0.0, 0.0, 0.0, 0.0, 0.0, 0.0, 0.0, 0.0, 0.0, 0.0, 0.0, 0.0, 0.0, 0.0, 0.0, 0.0, 0.0, 0.0, 0.0, 0.0, 0.0, 0.0, 0.0, 0.0, 0.0, 0.0, 0.0, 0.0, 0.0, 0.0, 0.0, 0.0, 0.0]",[9]
burgers,256×256,0.1,69.9701718041512,130,WSINDy,0.005332643710745932,0.005332643710745932,True,True,1,0,0,1.0,1.0,1.0,1.0,True,MSTLS support stable,5,0.008665375004056841,0.03949350002221763,"[0.0, 0.0, 0.0, 0.0, 0.0, 0.0, 0.0, 0.0, 0.0, -0.502666321855373, 0.0, 0.0, 0.0, 0.0, 0.0, 0.0, 0.0, 0.0, 0.0, 0.0, 0.0, 0.0, 0.0, 0.0, 0.0, 0.0, 0.0, 0.0, 0.0, 0.0, 0.0, 0.0, 0.0, 0.0, 0.0, 0.0, 0.0, 0.0, 0.0, 0.0, 0.0, 0.0, 0.0, 0.0, 0.0, 0.0, 0.0, 0.0, 0.0]",[9]
burgers,256×256,0.1,69.9701718041512,131,WSINDy,0.001891697565671091,0.001891697565671091,True,True,1,0,0,1.0,1.0,1.0,1.0,True,MSTLS support stable,5,0.007707707991357893,0.03926312396652065,"[0.0, 0.0, 0.0, 0.0, 0.0, 0.0, 0.0, 0.0, 0.0, -0.5009458487828355, 0.0, 0.0, 0.0, 0.0, 0.0, 0.0, 0.0, 0.0, 0.0, 0.0, 0.0, 0.0, 0.0, 0.0, 0.0, 0.0, 0.0, 0.0, 0.0, 0.0, 0.0, 0.0, 0.0, 0.0, 0.0, 0.0, 0.0, 0.0, 0.0, 0.0, 0.0, 0.0, 0.0, 0.0, 0.0, 0.0, 0.0, 0.0, 0.0]",[9]
burgers,256×256,0.1,69.9701718041512,132,WSINDy,0.0015757425315965357,0.0015757425315965357,True,True,1,0,0,1.0,1.0,1.0,1.0,True,MSTLS support stable,4,0.007305749983061105,0.03873758399276994,"[0.0, 0.0, 0.0, 0.0, 0.0, 0.0, 0.0, 0.0, 0.0, -0.49921212873420173, 0.0, 0.0, 0.0, 0.0, 0.0, 0.0, 0.0, 0.0, 0.0, 0.0, 0.0, 0.0, 0.0, 0.0, 0.0, 0.0, 0.0, 0.0, 0.0, 0.0, 0.0, 0.0, 0.0, 0.0, 0.0, 0.0, 0.0, 0.0, 0.0, 0.0, 0.0, 0.0, 0.0, 0.0, 0.0, 0.0, 0.0, 0.0, 0.0]",[9]
burgers,256×256,0.1,69.9701718041512,133,WSINDy,0.0015991665662833388,0.0015991665662833388,True,True,1,0,0,1.0,1.0,1.0,1.0,True,MSTLS support stable,5,0.007582833000924438,0.03946833297959529,"[0.0, 0.0, 0.0, 0.0, 0.0, 0.0, 0.0, 0.0, 0.0, -0.5007995832831417, 0.0, 0.0, 0.0, 0.0, 0.0, 0.0, 0.0, 0.0, 0.0, 0.0, 0.0, 0.0, 0.0, 0.0, 0.0, 0.0, 0.0, 0.0, 0.0, 0.0, 0.0, 0.0, 0.0, 0.0, 0.0, 0.0, 0.0, 0.0, 0.0, 0.0, 0.0, 0.0, 0.0, 0.0, 0.0, 0.0, 0.0, 0.0, 0.0]",[9]
burgers,256×256,0.1,69.9701718041512,134,WSINDy,0.002800482282008243,0.002800482282008243,True,True,1,0,0,1.0,1.0,1.0,1.0,True,MSTLS support stable,6,0.007479416002752259,0.03871545800939202,"[0.0, 0.0, 0.0, 0.0, 0.0, 0.0, 0.0, 0.0, 0.0, -0.5014002411410041, 0.0, 0.0, 0.0, 0.0, 0.0, 0.0, 0.0, 0.0, 0.0, 0.0, 0.0, 0.0, 0.0, 0.0, 0.0, 0.0, 0.0, 0.0, 0.0, 0.0, 0.0, 0.0, 0.0, 0.0, 0.0, 0.0, 0.0, 0.0, 0.0, 0.0, 0.0, 0.0, 0.0, 0.0, 0.0, 0.0, 0.0, 0.0, 0.0]",[9]
burgers,256×256,0.1,69.9701718041512,135,WSINDy,0.0013425247299232446,0.0013425247299232446,True,True,1,0,0,1.0,1.0,1.0,1.0,True,MSTLS support stable,6,0.006812000006902963,0.03836875001434237,"[0.0, 0.0, 0.0, 0.0, 0.0, 0.0, 0.0, 0.0, 0.0, -0.5006712623649616, 0.0, 0.0, 0.0, 0.0, 0.0, 0.0, 0.0, 0.0, 0.0, 0.0, 0.0, 0.0, 0.0, 0.0, 0.0, 0.0, 0.0, 0.0, 0.0, 0.0, 0.0, 0.0, 0.0, 0.0, 0.0, 0.0, 0.0, 0.0, 0.0, 0.0, 0.0, 0.0, 0.0, 0.0, 0.0, 0.0, 0.0, 0.0, 0.0]",[9]
burgers,256×256,0.1,69.9701718041512,136,WSINDy,0.0037730994547109376,0.0037730994547109376,True,True,1,0,0,1.0,1.0,1.0,1.0,True,MSTLS support stable,4,0.007533374999184161,0.039056292007444426,"[0.0, 0.0, 0.0, 0.0, 0.0, 0.0, 0.0, 0.0, 0.0, -0.49811345027264453, 0.0, 0.0, 0.0, 0.0, 0.0, 0.0, 0.0, 0.0, 0.0, 0.0, 0.0, 0.0, 0.0, 0.0, 0.0, 0.0, 0.0, 0.0, 0.0, 0.0, 0.0, 0.0, 0.0, 0.0, 0.0, 0.0, 0.0, 0.0, 0.0, 0.0, 0.0, 0.0, 0.0, 0.0, 0.0, 0.0, 0.0, 0.0, 0.0]",[9]
burgers,256×256,0.1,69.9701718041512,137,WSINDy,0.0024106803112411423,0.0024106803112411423,True,True,1,0,0,1.0,1.0,1.0,1.0,True,MSTLS support stable,5,0.006719875003909692,0.03825845802202821,"[0.0, 0.0, 0.0, 0.0, 0.0, 0.0, 0.0, 0.0, 0.0, -0.5012053401556206, 0.0, 0.0, 0.0, 0.0, 0.0, 0.0, 0.0, 0.0, 0.0, 0.0, 0.0, 0.0, 0.0, 0.0, 0.0, 0.0, 0.0, 0.0, 0.0, 0.0, 0.0, 0.0, 0.0, 0.0, 0.0, 0.0, 0.0, 0.0, 0.0, 0.0, 0.0, 0.0, 0.0, 0.0, 0.0, 0.0, 0.0, 0.0, 0.0]",[9]
burgers,256×256,0.1,69.9701718041512,138,WSINDy,0.0005215336452707442,0.0005215336452707442,True,True,1,0,0,1.0,1.0,1.0,1.0,True,MSTLS support stable,7,0.006986791995586827,0.03894237501663156,"[0.0, 0.0, 0.0, 0.0, 0.0, 0.0, 0.0, 0.0, 0.0, -0.49973923317736463, 0.0, 0.0, 0.0, 0.0, 0.0, 0.0, 0.0, 0.0, 0.0, 0.0, 0.0, 0.0, 0.0, 0.0, 0.0, 0.0, 0.0, 0.0, 0.0, 0.0, 0.0, 0.0, 0.0, 0.0, 0.0, 0.0, 0.0, 0.0, 0.0, 0.0, 0.0, 0.0, 0.0, 0.0, 0.0, 0.0, 0.0, 0.0, 0.0]",[9]
burgers,256×256,0.1,69.9701718041512,139,WSINDy,0.0024298440981191938,0.0024298440981191938,True,True,1,0,0,1.0,1.0,1.0,1.0,True,MSTLS support stable,5,0.007915541995316744,0.03948370899888687,"[0.0, 0.0, 0.0, 0.0, 0.0, 0.0, 0.0, 0.0, 0.0, -0.5012149220490596, 0.0, 0.0, 0.0, 0.0, 0.0, 0.0, 0.0, 0.0, 0.0, 0.0, 0.0, 0.0, 0.0, 0.0, 0.0, 0.0, 0.0, 0.0, 0.0, 0.0, 0.0, 0.0, 0.0, 0.0, 0.0, 0.0, 0.0, 0.0, 0.0, 0.0, 0.0, 0.0, 0.0, 0.0, 0.0, 0.0, 0.0, 0.0, 0.0]",[9]
burgers,256×256,0.1,69.9701718041512,140,WSINDy,0.003213466426494005,0.003213466426494005,True,True,1,0,0,1.0,1.0,1.0,1.0,True,MSTLS support stable,5,0.007485165988327935,0.039346458012005314,"[0.0, 0.0, 0.0, 0.0, 0.0, 0.0, 0.0, 0.0, 0.0, -0.501606733213247, 0.0, 0.0, 0.0, 0.0, 0.0, 0.0, 0.0, 0.0, 0.0, 0.0, 0.0, 0.0, 0.0, 0.0, 0.0, 0.0, 0.0, 0.0, 0.0, 0.0, 0.0, 0.0, 0.0, 0.0, 0.0, 0.0, 0.0, 0.0, 0.0, 0.0, 0.0, 0.0, 0.0, 0.0, 0.0, 0.0, 0.0, 0.0, 0.0]",[9]
burgers,256×256,0.1,69.9701718041512,141,WSINDy,0.0009325276501059854,0.0009325276501059854,True,True,1,0,0,1.0,1.0,1.0,1.0,True,MSTLS support stable,6,0.00744520899024792,0.03899962498690002,"[0.0, 0.0, 0.0, 0.0, 0.0, 0.0, 0.0, 0.0, 0.0, -0.499533736174947, 0.0, 0.0, 0.0, 0.0, 0.0, 0.0, 0.0, 0.0, 0.0, 0.0, 0.0, 0.0, 0.0, 0.0, 0.0, 0.0, 0.0, 0.0, 0.0, 0.0, 0.0, 0.0, 0.0, 0.0, 0.0, 0.0, 0.0, 0.0, 0.0, 0.0, 0.0, 0.0, 0.0, 0.0, 0.0, 0.0, 0.0, 0.0, 0.0]",[9]
burgers,256×256,0.1,69.9701718041512,142,WSINDy,0.0001501558368540712,0.0001501558368540712,True,True,1,0,0,1.0,1.0,1.0,1.0,True,MSTLS support stable,4,0.007456583000021055,0.038661208003759384,"[0.0, 0.0, 0.0, 0.0, 0.0, 0.0, 0.0, 0.0, 0.0, -0.49992492208157296, 0.0, 0.0, 0.0, 0.0, 0.0, 0.0, 0.0, 0.0, 0.0, 0.0, 0.0, 0.0, 0.0, 0.0, 0.0, 0.0, 0.0, 0.0, 0.0, 0.0, 0.0, 0.0, 0.0, 0.0, 0.0, 0.0, 0.0, 0.0, 0.0, 0.0, 0.0, 0.0, 0.0, 0.0, 0.0, 0.0, 0.0, 0.0, 0.0]",[9]
burgers,256×256,0.1,69.9701718041512,143,WSINDy,34.212794125388996,0.03480350700330703,True,False,1,1,0,0.5,1.0,0.6666666666666666,0.5,True,MSTLS support stable,5,0.0072427919949404895,0.038412708992837,"[0.0, 0.0, 0.0, 0.0, 0.0, 0.0, 0.0, 0.0, 17.106388211587447, -0.5174017535016535, 0.0, 0.0, 0.0, 0.0, 0.0, 0.0, 0.0, 0.0, 0.0, 0.0, 0.0, 0.0, 0.0, 0.0, 0.0, 0.0, 0.0, 0.0, 0.0, 0.0, 0.0, 0.0, 0.0, 0.0, 0.0, 0.0, 0.0, 0.0, 0.0, 0.0, 0.0, 0.0, 0.0, 0.0, 0.0, 0.0, 0.0, 0.0, 0.0]","[8, 9]"
burgers,256×256,0.1,69.9701718041512,144,WSINDy,0.0007326673743356382,0.0007326673743356382,True,True,1,0,0,1.0,1.0,1.0,1.0,True,MSTLS support stable,5,0.007366707985056564,0.038604373985435814,"[0.0, 0.0, 0.0, 0.0, 0.0, 0.0, 0.0, 0.0, 0.0, -0.4996336663128322, 0.0, 0.0, 0.0, 0.0, 0.0, 0.0, 0.0, 0.0, 0.0, 0.0, 0.0, 0.0, 0.0, 0.0, 0.0, 0.0, 0.0, 0.0, 0.0, 0.0, 0.0, 0.0, 0.0, 0.0, 0.0, 0.0, 0.0, 0.0, 0.0, 0.0, 0.0, 0.0, 0.0, 0.0, 0.0, 0.0, 0.0, 0.0, 0.0]",[9]
burgers,256×256,0.1,69.9701718041512,145,WSINDy,0.0003861455322689,0.0003861455322689,True,True,1,0,0,1.0,1.0,1.0,1.0,True,MSTLS support stable,6,0.007273708004504442,0.038866582995979115,"[0.0, 0.0, 0.0, 0.0, 0.0, 0.0, 0.0, 0.0, 0.0, -0.5001930727661345, 0.0, 0.0, 0.0, 0.0, 0.0, 0.0, 0.0, 0.0, 0.0, 0.0, 0.0, 0.0, 0.0, 0.0, 0.0, 0.0, 0.0, 0.0, 0.0, 0.0, 0.0, 0.0, 0.0, 0.0, 0.0, 0.0, 0.0, 0.0, 0.0, 0.0, 0.0, 0.0, 0.0, 0.0, 0.0, 0.0, 0.0, 0.0, 0.0]",[9]
burgers,256×256,0.1,69.9701718041512,146,WSINDy,0.0020960620877469305,0.0020960620877469305,True,True,1,0,0,1.0,1.0,1.0,1.0,True,MSTLS support stable,4,0.008248458994785324,0.04060441697947681,"[0.0, 0.0, 0.0, 0.0, 0.0, 0.0, 0.0, 0.0, 0.0, -0.49895196895612653, 0.0, 0.0, 0.0, 0.0, 0.0, 0.0, 0.0, 0.0, 0.0, 0.0, 0.0, 0.0, 0.0, 0.0, 0.0, 0.0, 0.0, 0.0, 0.0, 0.0, 0.0, 0.0, 0.0, 0.0, 0.0, 0.0, 0.0, 0.0, 0.0, 0.0, 0.0, 0.0, 0.0, 0.0, 0.0, 0.0, 0.0, 0.0, 0.0]",[9]
burgers,256×256,0.1,69.9701718041512,147,WSINDy,0.0006677887199442178,0.0006677887199442178,True,True,1,0,0,1.0,1.0,1.0,1.0,True,MSTLS support stable,4,0.007927917002234608,0.03962525000679307,"[0.0, 0.0, 0.0, 0.0, 0.0, 0.0, 0.0, 0.0, 0.0, -0.5003338943599721, 0.0, 0.0, 0.0, 0.0, 0.0, 0.0, 0.0, 0.0, 0.0, 0.0, 0.0, 0.0, 0.0, 0.0, 0.0, 0.0, 0.0, 0.0, 0.0, 0.0, 0.0, 0.0, 0.0, 0.0, 0.0, 0.0, 0.0, 0.0, 0.0, 0.0, 0.0, 0.0, 0.0, 0.0, 0.0, 0.0, 0.0, 0.0, 0.0]",[9]
burgers,256×256,0.1,69.9701718041512,148,WSINDy,0.0005942256156410419,0.0005942256156410419,True,True,1,0,0,1.0,1.0,1.0,1.0,True,MSTLS support stable,4,0.00889983301749453,0.041134667029837146,"[0.0, 0.0, 0.0, 0.0, 0.0, 0.0, 0.0, 0.0, 0.0, -0.5002971128078205, 0.0, 0.0, 0.0, 0.0, 0.0, 0.0, 0.0, 0.0, 0.0, 0.0, 0.0, 0.0, 0.0, 0.0, 0.0, 0.0, 0.0, 0.0, 0.0, 0.0, 0.0, 0.0, 0.0, 0.0, 0.0, 0.0, 0.0, 0.0, 0.0, 0.0, 0.0, 0.0, 0.0, 0.0, 0.0, 0.0, 0.0, 0.0, 0.0]",[9]
burgers,256×256,0.1,69.9701718041512,149,WSINDy,0.001652488973876487,0.001652488973876487,True,True,1,0,0,1.0,1.0,1.0,1.0,True,MSTLS support stable,5,0.007871582987718284,0.039852040994446725,"[0.0, 0.0, 0.0, 0.0, 0.0, 0.0, 0.0, 0.0, 0.0, -0.5008262444869382, 0.0, 0.0, 0.0, 0.0, 0.0, 0.0, 0.0, 0.0, 0.0, 0.0, 0.0, 0.0, 0.0, 0.0, 0.0, 0.0, 0.0, 0.0, 0.0, 0.0, 0.0, 0.0, 0.0, 0.0, 0.0, 0.0, 0.0, 0.0, 0.0, 0.0, 0.0, 0.0, 0.0, 0.0, 0.0, 0.0, 0.0, 0.0, 0.0]",[9]
burgers,256×256,0.1,69.9701718041512,150,WSINDy,0.00042445331005813713,0.00042445331005813713,True,True,1,0,0,1.0,1.0,1.0,1.0,True,MSTLS support stable,5,0.008634083991637453,0.040516499982913956,"[0.0, 0.0, 0.0, 0.0, 0.0, 0.0, 0.0, 0.0, 0.0, -0.5002122266550291, 0.0, 0.0, 0.0, 0.0, 0.0, 0.0, 0.0, 0.0, 0.0, 0.0, 0.0, 0.0, 0.0, 0.0, 0.0, 0.0, 0.0, 0.0, 0.0, 0.0, 0.0, 0.0, 0.0, 0.0, 0.0, 0.0, 0.0, 0.0, 0.0, 0.0, 0.0, 0.0, 0.0, 0.0, 0.0, 0.0, 0.0, 0.0, 0.0]",[9]
burgers,256×256,0.1,69.9701718041512,151,WSINDy,0.002425719193028253,0.002425719193028253,True,True,1,0,0,1.0,1.0,1.0,1.0,True,MSTLS support stable,4,0.0077347079932224005,0.039778957987437025,"[0.0, 0.0, 0.0, 0.0, 0.0, 0.0, 0.0, 0.0, 0.0, -0.4987871404034859, 0.0, 0.0, 0.0, 0.0, 0.0, 0.0, 0.0, 0.0, 0.0, 0.0, 0.0, 0.0, 0.0, 0.0, 0.0, 0.0, 0.0, 0.0, 0.0, 0.0, 0.0, 0.0, 0.0, 0.0, 0.0, 0.0, 0.0, 0.0, 0.0, 0.0, 0.0, 0.0, 0.0, 0.0, 0.0, 0.0, 0.0, 0.0, 0.0]",[9]
burgers,256×256,0.1,69.9701718041512,152,WSINDy,0.005781614747919939,0.005781614747919939,True,True,1,0,0,1.0,1.0,1.0,1.0,True,MSTLS support stable,5,0.007038165989797562,0.037431957985972986,"[0.0, 0.0, 0.0, 0.0, 0.0, 0.0, 0.0, 0.0, 0.0, -0.50289080737396, 0.0, 0.0, 0.0, 0.0, 0.0, 0.0, 0.0, 0.0, 0.0, 0.0, 0.0, 0.0, 0.0, 0.0, 0.0, 0.0, 0.0, 0.0, 0.0, 0.0, 0.0, 0.0, 0.0, 0.0, 0.0, 0.0, 0.0, 0.0, 0.0, 0.0, 0.0, 0.0, 0.0, 0.0, 0.0, 0.0, 0.0, 0.0, 0.0]",[9]
burgers,256×256,0.1,69.9701718041512,153,WSINDy,0.002045936481429589,0.002045936481429589,True,True,1,0,0,1.0,1.0,1.0,1.0,True,MSTLS support stable,4,0.006227833015145734,0.03744566600653343,"[0.0, 0.0, 0.0, 0.0, 0.0, 0.0, 0.0, 0.0, 0.0, -0.5010229682407148, 0.0, 0.0, 0.0, 0.0, 0.0, 0.0, 0.0, 0.0, 0.0, 0.0, 0.0, 0.0, 0.0, 0.0, 0.0, 0.0, 0.0, 0.0, 0.0, 0.0, 0.0, 0.0, 0.0, 0.0, 0.0, 0.0, 0.0, 0.0, 0.0, 0.0, 0.0, 0.0, 0.0, 0.0, 0.0, 0.0, 0.0, 0.0, 0.0]",[9]
burgers,256×256,0.1,69.9701718041512,154,WSINDy,0.0018677943968965494,0.0018677943968965494,True,True,1,0,0,1.0,1.0,1.0,1.0,True,MSTLS support stable,6,0.008892791985999793,0.03999329198268242,"[0.0, 0.0, 0.0, 0.0, 0.0, 0.0, 0.0, 0.0, 0.0, -0.5009338971984483, 0.0, 0.0, 0.0, 0.0, 0.0, 0.0, 0.0, 0.0, 0.0, 0.0, 0.0, 0.0, 0.0, 0.0, 0.0, 0.0, 0.0, 0.0, 0.0, 0.0, 0.0, 0.0, 0.0, 0.0, 0.0, 0.0, 0.0, 0.0, 0.0, 0.0, 0.0, 0.0, 0.0, 0.0, 0.0, 0.0, 0.0, 0.0, 0.0]",[9]
burgers,256×256,0.1,69.9701718041512,155,WSINDy,7.007124712643531e-05,7.007124712643531e-05,True,True,1,0,0,1.0,1.0,1.0,1.0,True,MSTLS support stable,5,0.00722366597619839,0.03930220796610229,"[0.0, 0.0, 0.0, 0.0, 0.0, 0.0, 0.0, 0.0, 0.0, -0.5000350356235632, 0.0, 0.0, 0.0, 0.0, 0.0, 0.0, 0.0, 0.0, 0.0, 0.0, 0.0, 0.0, 0.0, 0.0, 0.0, 0.0, 0.0, 0.0, 0.0, 0.0, 0.0, 0.0, 0.0, 0.0, 0.0, 0.0, 0.0, 0.0, 0.0, 0.0, 0.0, 0.0, 0.0, 0.0, 0.0, 0.0, 0.0, 0.0, 0.0]",[9]
burgers,256×256,0.1,69.9701718041512,156,WSINDy,0.003665860954419786,0.003665860954419786,True,True,1,0,0,1.0,1.0,1.0,1.0,True,MSTLS support stable,6,0.007918000017525628,0.03882337501272559,"[0.0, 0.0, 0.0, 0.0, 0.0, 0.0, 0.0, 0.0, 0.0, -0.5018329304772099, 0.0, 0.0, 0.0, 0.0, 0.0, 0.0, 0.0, 0.0, 0.0, 0.0, 0.0, 0.0, 0.0, 0.0, 0.0, 0.0, 0.0, 0.0, 0.0, 0.0, 0.0, 0.0, 0.0, 0.0, 0.0, 0.0, 0.0, 0.0, 0.0, 0.0, 0.0, 0.0, 0.0, 0.0, 0.0, 0.0, 0.0, 0.0, 0.0]",[9]
burgers,256×256,0.1,69.9701718041512,157,WSINDy,0.0013350494788599843,0.0013350494788599843,True,True,1,0,0,1.0,1.0,1.0,1.0,True,MSTLS support stable,6,0.0076304160174913704,0.03918600000906736,"[0.0, 0.0, 0.0, 0.0, 0.0, 0.0, 0.0, 0.0, 0.0, -0.50066752473943, 0.0, 0.0, 0.0, 0.0, 0.0, 0.0, 0.0, 0.0, 0.0, 0.0, 0.0, 0.0, 0.0, 0.0, 0.0, 0.0, 0.0, 0.0, 0.0, 0.0, 0.0, 0.0, 0.0, 0.0, 0.0, 0.0, 0.0, 0.0, 0.0, 0.0, 0.0, 0.0, 0.0, 0.0, 0.0, 0.0, 0.0, 0.0, 0.0]",[9]
burgers,256×256,0.1,69.9701718041512,158,WSINDy,0.0005178252190420896,0.0005178252190420896,True,True,1,0,0,1.0,1.0,1.0,1.0,True,MSTLS support stable,5,0.008160875004250556,0.03968374998657964,"[0.0, 0.0, 0.0, 0.0, 0.0, 0.0, 0.0, 0.0, 0.0, -0.500258912609521, 0.0, 0.0, 0.0, 0.0, 0.0, 0.0, 0.0, 0.0, 0.0, 0.0, 0.0, 0.0, 0.0, 0.0, 0.0, 0.0, 0.0, 0.0, 0.0, 0.0, 0.0, 0.0, 0.0, 0.0, 0.0, 0.0, 0.0, 0.0, 0.0, 0.0, 0.0, 0.0, 0.0, 0.0, 0.0, 0.0, 0.0, 0.0, 0.0]",[9]
burgers,256×256,0.1,69.9701718041512,159,WSINDy,0.0007070319669680858,0.0007070319669680858,True,True,1,0,0,1.0,1.0,1.0,1.0,True,MSTLS support stable,5,0.007224417000543326,0.03839362598955631,"[0.0, 0.0, 0.0, 0.0, 0.0, 0.0, 0.0, 0.0, 0.0, -0.49964648401651596, 0.0, 0.0, 0.0, 0.0, 0.0, 0.0, 0.0, 0.0, 0.0, 0.0, 0.0, 0.0, 0.0, 0.0, 0.0, 0.0, 0.0, 0.0, 0.0, 0.0, 0.0, 0.0, 0.0, 0.0, 0.0, 0.0, 0.0, 0.0, 0.0, 0.0, 0.0, 0.0, 0.0, 0.0, 0.0, 0.0, 0.0, 0.0, 0.0]",[9]
burgers,256×256,0.1,69.9701718041512,160,WSINDy,0.004117321599397705,0.004117321599397705,True,True,1,0,0,1.0,1.0,1.0,1.0,True,MSTLS support stable,5,0.0073894170054700226,0.03737975101103075,"[0.0, 0.0, 0.0, 0.0, 0.0, 0.0, 0.0, 0.0, 0.0, -0.49794133920030115, 0.0, 0.0, 0.0, 0.0, 0.0, 0.0, 0.0, 0.0, 0.0, 0.0, 0.0, 0.0, 0.0, 0.0, 0.0, 0.0, 0.0, 0.0, 0.0, 0.0, 0.0, 0.0, 0.0, 0.0, 0.0, 0.0, 0.0, 0.0, 0.0, 0.0, 0.0, 0.0, 0.0, 0.0, 0.0, 0.0, 0.0, 0.0, 0.0]",[9]
burgers,256×256,0.1,69.9701718041512,161,WSINDy,0.004176120147966644,0.004176120147966644,True,True,1,0,0,1.0,1.0,1.0,1.0,True,MSTLS support stable,4,0.007497125014197081,0.03930762500385754,"[0.0, 0.0, 0.0, 0.0, 0.0, 0.0, 0.0, 0.0, 0.0, -0.4979119399260167, 0.0, 0.0, 0.0, 0.0, 0.0, 0.0, 0.0, 0.0, 0.0, 0.0, 0.0, 0.0, 0.0, 0.0, 0.0, 0.0, 0.0, 0.0, 0.0, 0.0, 0.0, 0.0, 0.0, 0.0, 0.0, 0.0, 0.0, 0.0, 0.0, 0.0, 0.0, 0.0, 0.0, 0.0, 0.0, 0.0, 0.0, 0.0, 0.0]",[9]
burgers,256×256,0.1,69.9701718041512,162,WSINDy,0.0026414428636047926,0.0026414428636047926,True,True,1,0,0,1.0,1.0,1.0,1.0,True,MSTLS support stable,8,0.008175374998245388,0.038803165982244536,"[0.0, 0.0, 0.0, 0.0, 0.0, 0.0, 0.0, 0.0, 0.0, -0.4986792785681976, 0.0, 0.0, 0.0, 0.0, 0.0, 0.0, 0.0, 0.0, 0.0, 0.0, 0.0, 0.0, 0.0, 0.0, 0.0, 0.0, 0.0, 0.0, 0.0, 0.0, 0.0, 0.0, 0.0, 0.0, 0.0, 0.0, 0.0, 0.0, 0.0, 0.0, 0.0, 0.0, 0.0, 0.0, 0.0, 0.0, 0.0, 0.0, 0.0]",[9]
burgers,256×256,0.1,69.9701718041512,163,WSINDy,0.004288520600168266,0.004288520600168266,True,True,1,0,0,1.0,1.0,1.0,1.0,True,MSTLS support stable,5,0.007573499984573573,0.03879341698484495,"[0.0, 0.0, 0.0, 0.0, 0.0, 0.0, 0.0, 0.0, 0.0, -0.49785573969991587, 0.0, 0.0, 0.0, 0.0, 0.0, 0.0, 0.0, 0.0, 0.0, 0.0, 0.0, 0.0, 0.0, 0.0, 0.0, 0.0, 0.0, 0.0, 0.0, 0.0, 0.0, 0.0, 0.0, 0.0, 0.0, 0.0, 0.0, 0.0, 0.0, 0.0, 0.0, 0.0, 0.0, 0.0, 0.0, 0.0, 0.0, 0.0, 0.0]",[9]
burgers,256×256,0.1,69.9701718041512,164,WSINDy,0.0022698298258605476,0.0022698298258605476,True,True,1,0,0,1.0,1.0,1.0,1.0,True,MSTLS support stable,6,0.007135541003663093,0.03729633201146498,"[0.0, 0.0, 0.0, 0.0, 0.0, 0.0, 0.0, 0.0, 0.0, -0.5011349149129303, 0.0, 0.0, 0.0, 0.0, 0.0, 0.0, 0.0, 0.0, 0.0, 0.0, 0.0, 0.0, 0.0, 0.0, 0.0, 0.0, 0.0, 0.0, 0.0, 0.0, 0.0, 0.0, 0.0, 0.0, 0.0, 0.0, 0.0, 0.0, 0.0, 0.0, 0.0, 0.0, 0.0, 0.0, 0.0, 0.0, 0.0, 0.0, 0.0]",[9]
burgers,256×256,0.1,69.9701718041512,165,WSINDy,6.686959814805604e-05,6.686959814805604e-05,True,True,1,0,0,1.0,1.0,1.0,1.0,True,MSTLS support stable,5,0.007813540985807776,0.03795366597478278,"[0.0, 0.0, 0.0, 0.0, 0.0, 0.0, 0.0, 0.0, 0.0, -0.500033434799074, 0.0, 0.0, 0.0, 0.0, 0.0, 0.0, 0.0, 0.0, 0.0, 0.0, 0.0, 0.0, 0.0, 0.0, 0.0, 0.0, 0.0, 0.0, 0.0, 0.0, 0.0, 0.0, 0.0, 0.0, 0.0, 0.0, 0.0, 0.0, 0.0, 0.0, 0.0, 0.0, 0.0, 0.0, 0.0, 0.0, 0.0, 0.0, 0.0]",[9]
burgers,256×256,0.1,69.9701718041512,166,WSINDy,0.0011961486931935106,0.0011961486931935106,True,True,1,0,0,1.0,1.0,1.0,1.0,True,MSTLS support stable,6,0.007591125002363697,0.03979887499008328,"[0.0, 0.0, 0.0, 0.0, 0.0, 0.0, 0.0, 0.0, 0.0, -0.5005980743465968, 0.0, 0.0, 0.0, 0.0, 0.0, 0.0, 0.0, 0.0, 0.0, 0.0, 0.0, 0.0, 0.0, 0.0, 0.0, 0.0, 0.0, 0.0, 0.0, 0.0, 0.0, 0.0, 0.0, 0.0, 0.0, 0.0, 0.0, 0.0, 0.0, 0.0, 0.0, 0.0, 0.0, 0.0, 0.0, 0.0, 0.0, 0.0, 0.0]",[9]
burgers,256×256,0.1,69.9701718041512,167,WSINDy,0.0011460990982004038,0.0011460990982004038,True,True,1,0,0,1.0,1.0,1.0,1.0,True,MSTLS support stable,3,0.008056041988311335,0.040174458001274616,"[0.0, 0.0, 0.0, 0.0, 0.0, 0.0, 0.0, 0.0, 0.0, -0.4994269504508998, 0.0, 0.0, 0.0, 0.0, 0.0, 0.0, 0.0, 0.0, 0.0, 0.0, 0.0, 0.0, 0.0, 0.0, 0.0, 0.0, 0.0, 0.0, 0.0, 0.0, 0.0, 0.0, 0.0, 0.0, 0.0, 0.0, 0.0, 0.0, 0.0, 0.0, 0.0, 0.0, 0.0, 0.0, 0.0, 0.0, 0.0, 0.0, 0.0]",[9]
burgers,256×256,0.1,69.9701718041512,168,WSINDy,0.0006624545294637851,0.0006624545294637851,True,True,1,0,0,1.0,1.0,1.0,1.0,True,MSTLS support stable,5,0.007717000000411645,0.03910770802758634,"[0.0, 0.0, 0.0, 0.0, 0.0, 0.0, 0.0, 0.0, 0.0, -0.5003312272647319, 0.0, 0.0, 0.0, 0.0, 0.0, 0.0, 0.0, 0.0, 0.0, 0.0, 0.0, 0.0, 0.0, 0.0, 0.0, 0.0, 0.0, 0.0, 0.0, 0.0, 0.0, 0.0, 0.0, 0.0, 0.0, 0.0, 0.0, 0.0, 0.0, 0.0, 0.0, 0.0, 0.0, 0.0, 0.0, 0.0, 0.0, 0.0, 0.0]",[9]
burgers,256×256,0.1,69.9701718041512,169,WSINDy,0.003499015770251024,0.003499015770251024,True,True,1,0,0,1.0,1.0,1.0,1.0,True,MSTLS support stable,5,0.007486750022508204,0.03902983301668428,"[0.0, 0.0, 0.0, 0.0, 0.0, 0.0, 0.0, 0.0, 0.0, -0.5017495078851255, 0.0, 0.0, 0.0, 0.0, 0.0, 0.0, 0.0, 0.0, 0.0, 0.0, 0.0, 0.0, 0.0, 0.0, 0.0, 0.0, 0.0, 0.0, 0.0, 0.0, 0.0, 0.0, 0.0, 0.0, 0.0, 0.0, 0.0, 0.0, 0.0, 0.0, 0.0, 0.0, 0.0, 0.0, 0.0, 0.0, 0.0, 0.0, 0.0]",[9]
burgers,256×256,0.1,69.9701718041512,170,WSINDy,0.00334447426553941,0.00334447426553941,True,True,1,0,0,1.0,1.0,1.0,1.0,True,MSTLS support stable,5,0.006746500002918765,0.03836037500877865,"[0.0, 0.0, 0.0, 0.0, 0.0, 0.0, 0.0, 0.0, 0.0, -0.4983277628672303, 0.0, 0.0, 0.0, 0.0, 0.0, 0.0, 0.0, 0.0, 0.0, 0.0, 0.0, 0.0, 0.0, 0.0, 0.0, 0.0, 0.0, 0.0, 0.0, 0.0, 0.0, 0.0, 0.0, 0.0, 0.0, 0.0, 0.0, 0.0, 0.0, 0.0, 0.0, 0.0, 0.0, 0.0, 0.0, 0.0, 0.0, 0.0, 0.0]",[9]
burgers,256×256,0.1,69.9701718041512,171,WSINDy,0.0027473623069284026,0.0027473623069284026,True,True,1,0,0,1.0,1.0,1.0,1.0,True,MSTLS support stable,4,0.006863250018795952,0.03703375000623055,"[0.0, 0.0, 0.0, 0.0, 0.0, 0.0, 0.0, 0.0, 0.0, -0.4986263188465358, 0.0, 0.0, 0.0, 0.0, 0.0, 0.0, 0.0, 0.0, 0.0, 0.0, 0.0, 0.0, 0.0, 0.0, 0.0, 0.0, 0.0, 0.0, 0.0, 0.0, 0.0, 0.0, 0.0, 0.0, 0.0, 0.0, 0.0, 0.0, 0.0, 0.0, 0.0, 0.0, 0.0, 0.0, 0.0, 0.0, 0.0, 0.0, 0.0]",[9]
burgers,256×256,0.1,69.9701718041512,172,WSINDy,0.001786677858061525,0.001786677858061525,True,True,1,0,0,1.0,1.0,1.0,1.0,True,MSTLS support stable,5,0.007034790993202478,0.038440083008026704,"[0.0, 0.0, 0.0, 0.0, 0.0, 0.0, 0.0, 0.0, 0.0, -0.5008933389290308, 0.0, 0.0, 0.0, 0.0, 0.0, 0.0, 0.0, 0.0, 0.0, 0.0, 0.0, 0.0, 0.0, 0.0, 0.0, 0.0, 0.0, 0.0, 0.0, 0.0, 0.0, 0.0, 0.0, 0.0, 0.0, 0.0, 0.0, 0.0, 0.0, 0.0, 0.0, 0.0, 0.0, 0.0, 0.0, 0.0, 0.0, 0.0, 0.0]",[9]
burgers,256×256,0.1,69.9701718041512,173,WSINDy,0.00023695133449097572,0.00023695133449097572,True,True,1,0,0,1.0,1.0,1.0,1.0,True,MSTLS support stable,5,0.006571958016138524,0.036896083038300276,"[0.0, 0.0, 0.0, 0.0, 0.0, 0.0, 0.0, 0.0, 0.0, -0.4998815243327545, 0.0, 0.0, 0.0, 0.0, 0.0, 0.0, 0.0, 0.0, 0.0, 0.0, 0.0, 0.0, 0.0, 0.0, 0.0, 0.0, 0.0, 0.0, 0.0, 0.0, 0.0, 0.0, 0.0, 0.0, 0.0, 0.0, 0.0, 0.0, 0.0, 0.0, 0.0, 0.0, 0.0, 0.0, 0.0, 0.0, 0.0, 0.0, 0.0]",[9]
burgers,256×256,0.1,69.9701718041512,174,WSINDy,0.002612613742855485,0.002612613742855485,True,True,1,0,0,1.0,1.0,1.0,1.0,True,MSTLS support stable,4,0.008054709003772587,0.03998720902018249,"[0.0, 0.0, 0.0, 0.0, 0.0, 0.0, 0.0, 0.0, 0.0, -0.5013063068714277, 0.0, 0.0, 0.0, 0.0, 0.0, 0.0, 0.0, 0.0, 0.0, 0.0, 0.0, 0.0, 0.0, 0.0, 0.0, 0.0, 0.0, 0.0, 0.0, 0.0, 0.0, 0.0, 0.0, 0.0, 0.0, 0.0, 0.0, 0.0, 0.0, 0.0, 0.0, 0.0, 0.0, 0.0, 0.0, 0.0, 0.0, 0.0, 0.0]",[9]
burgers,256×256,0.1,69.9701718041512,175,WSINDy,0.0034756560250894797,0.0034756560250894797,True,True,1,0,0,1.0,1.0,1.0,1.0,True,MSTLS support stable,7,0.008363041008124128,0.04024637502152473,"[0.0, 0.0, 0.0, 0.0, 0.0, 0.0, 0.0, 0.0, 0.0, -0.5017378280125447, 0.0, 0.0, 0.0, 0.0, 0.0, 0.0, 0.0, 0.0, 0.0, 0.0, 0.0, 0.0, 0.0, 0.0, 0.0, 0.0, 0.0, 0.0, 0.0, 0.0, 0.0, 0.0, 0.0, 0.0, 0.0, 0.0, 0.0, 0.0, 0.0, 0.0, 0.0, 0.0, 0.0, 0.0, 0.0, 0.0, 0.0, 0.0, 0.0]",[9]
burgers,256×256,0.1,69.9701718041512,176,WSINDy,0.003237917253914535,0.003237917253914535,True,True,1,0,0,1.0,1.0,1.0,1.0,True,MSTLS support stable,4,0.007836874981876463,0.039990708988625556,"[0.0, 0.0, 0.0, 0.0, 0.0, 0.0, 0.0, 0.0, 0.0, -0.5016189586269573, 0.0, 0.0, 0.0, 0.0, 0.0, 0.0, 0.0, 0.0, 0.0, 0.0, 0.0, 0.0, 0.0, 0.0, 0.0, 0.0, 0.0, 0.0, 0.0, 0.0, 0.0, 0.0, 0.0, 0.0, 0.0, 0.0, 0.0, 0.0, 0.0, 0.0, 0.0, 0.0, 0.0, 0.0, 0.0, 0.0, 0.0, 0.0, 0.0]",[9]
burgers,256×256,0.1,69.9701718041512,177,WSINDy,0.002217401773353611,0.002217401773353611,True,True,1,0,0,1.0,1.0,1.0,1.0,True,MSTLS support stable,5,0.007206542009953409,0.03769666701555252,"[0.0, 0.0, 0.0, 0.0, 0.0, 0.0, 0.0, 0.0, 0.0, -0.5011087008866768, 0.0, 0.0, 0.0, 0.0, 0.0, 0.0, 0.0, 0.0, 0.0, 0.0, 0.0, 0.0, 0.0, 0.0, 0.0, 0.0, 0.0, 0.0, 0.0, 0.0, 0.0, 0.0, 0.0, 0.0, 0.0, 0.0, 0.0, 0.0, 0.0, 0.0, 0.0, 0.0, 0.0, 0.0, 0.0, 0.0, 0.0, 0.0, 0.0]",[9]
burgers,256×256,0.1,69.9701718041512,178,WSINDy,1.4345665321657819e-05,1.4345665321657819e-05,True,True,1,0,0,1.0,1.0,1.0,1.0,True,MSTLS support stable,6,0.008155165996868163,0.03884612399269827,"[0.0, 0.0, 0.0, 0.0, 0.0, 0.0, 0.0, 0.0, 0.0, -0.5000071728326608, 0.0, 0.0, 0.0, 0.0, 0.0, 0.0, 0.0, 0.0, 0.0, 0.0, 0.0, 0.0, 0.0, 0.0, 0.0, 0.0, 0.0, 0.0, 0.0, 0.0, 0.0, 0.0, 0.0, 0.0, 0.0, 0.0, 0.0, 0.0, 0.0, 0.0, 0.0, 0.0, 0.0, 0.0, 0.0, 0.0, 0.0, 0.0, 0.0]",[9]
burgers,256×256,0.1,69.9701718041512,179,WSINDy,0.0015772838218990337,0.0015772838218990337,True,True,1,0,0,1.0,1.0,1.0,1.0,True,MSTLS support stable,5,0.007762666005874053,0.03884645699872635,"[0.0, 0.0, 0.0, 0.0, 0.0, 0.0, 0.0, 0.0, 0.0, -0.4992113580890505, 0.0, 0.0, 0.0, 0.0, 0.0, 0.0, 0.0, 0.0, 0.0, 0.0, 0.0, 0.0, 0.0, 0.0, 0.0, 0.0, 0.0, 0.0, 0.0, 0.0, 0.0, 0.0, 0.0, 0.0, 0.0, 0.0, 0.0, 0.0, 0.0, 0.0, 0.0, 0.0, 0.0, 0.0, 0.0, 0.0, 0.0, 0.0, 0.0]",[9]
burgers,256×256,0.1,69.9701718041512,180,WSINDy,0.0029323514280684693,0.0029323514280684693,True,True,1,0,0,1.0,1.0,1.0,1.0,True,MSTLS support stable,5,0.0076749169966205955,0.0394399170181714,"[0.0, 0.0, 0.0, 0.0, 0.0, 0.0, 0.0, 0.0, 0.0, -0.49853382428596577, 0.0, 0.0, 0.0, 0.0, 0.0, 0.0, 0.0, 0.0, 0.0, 0.0, 0.0, 0.0, 0.0, 0.0, 0.0, 0.0, 0.0, 0.0, 0.0, 0.0, 0.0, 0.0, 0.0, 0.0, 0.0, 0.0, 0.0, 0.0, 0.0, 0.0, 0.0, 0.0, 0.0, 0.0, 0.0, 0.0, 0.0, 0.0, 0.0]",[9]
burgers,256×256,0.1,69.9701718041512,181,WSINDy,0.00214830128043364,0.00214830128043364,True,True,1,0,0,1.0,1.0,1.0,1.0,True,MSTLS support stable,5,0.007856165990233421,0.03971741601708345,"[0.0, 0.0, 0.0, 0.0, 0.0, 0.0, 0.0, 0.0, 0.0, -0.4989258493597832, 0.0, 0.0, 0.0, 0.0, 0.0, 0.0, 0.0, 0.0, 0.0, 0.0, 0.0, 0.0, 0.0, 0.0, 0.0, 0.0, 0.0, 0.0, 0.0, 0.0, 0.0, 0.0, 0.0, 0.0, 0.0, 0.0, 0.0, 0.0, 0.0, 0.0, 0.0, 0.0, 0.0, 0.0, 0.0, 0.0, 0.0, 0.0, 0.0]",[9]
burgers,256×256,0.1,69.9701718041512,182,WSINDy,0.0017072951377385959,0.0017072951377385959,True,True,1,0,0,1.0,1.0,1.0,1.0,True,MSTLS support stable,4,0.007215542020276189,0.03907475000596605,"[0.0, 0.0, 0.0, 0.0, 0.0, 0.0, 0.0, 0.0, 0.0, -0.4991463524311307, 0.0, 0.0, 0.0, 0.0, 0.0, 0.0, 0.0, 0.0, 0.0, 0.0, 0.0, 0.0, 0.0, 0.0, 0.0, 0.0, 0.0, 0.0, 0.0, 0.0, 0.0, 0.0, 0.0, 0.0, 0.0, 0.0, 0.0, 0.0, 0.0, 0.0, 0.0, 0.0, 0.0, 0.0, 0.0, 0.0, 0.0, 0.0, 0.0]",[9]
burgers,256×256,0.1,69.9701718041512,183,WSINDy,0.004498688039368703,0.004498688039368703,True,True,1,0,0,1.0,1.0,1.0,1.0,True,MSTLS support stable,6,0.006933582975761965,0.037349665974033996,"[0.0, 0.0, 0.0, 0.0, 0.0, 0.0, 0.0, 0.0, 0.0, -0.5022493440196844, 0.0, 0.0, 0.0, 0.0, 0.0, 0.0, 0.0, 0.0, 0.0, 0.0, 0.0, 0.0, 0.0, 0.0, 0.0, 0.0, 0.0, 0.0, 0.0, 0.0, 0.0, 0.0, 0.0, 0.0, 0.0, 0.0, 0.0, 0.0, 0.0, 0.0, 0.0, 0.0, 0.0, 0.0, 0.0, 0.0, 0.0, 0.0, 0.0]",[9]
burgers,256×256,0.1,69.9701718041512,184,WSINDy,0.0028173352473355173,0.0028173352473355173,True,True,1,0,0,1.0,1.0,1.0,1.0,True,MSTLS support stable,6,0.008282333001261577,0.0394157079863362,"[0.0, 0.0, 0.0, 0.0, 0.0, 0.0, 0.0, 0.0, 0.0, -0.5014086676236678, 0.0, 0.0, 0.0, 0.0, 0.0, 0.0, 0.0, 0.0, 0.0, 0.0, 0.0, 0.0, 0.0, 0.0, 0.0, 0.0, 0.0, 0.0, 0.0, 0.0, 0.0, 0.0, 0.0, 0.0, 0.0, 0.0, 0.0, 0.0, 0.0, 0.0, 0.0, 0.0, 0.0, 0.0, 0.0, 0.0, 0.0, 0.0, 0.0]",[9]
burgers,256×256,0.1,69.9701718041512,185,WSINDy,0.0015591949283435547,0.0015591949283435547,True,True,1,0,0,1.0,1.0,1.0,1.0,True,MSTLS support stable,5,0.007100792019627988,0.03819408401614055,"[0.0, 0.0, 0.0, 0.0, 0.0, 0.0, 0.0, 0.0, 0.0, -0.5007795974641718, 0.0, 0.0, 0.0, 0.0, 0.0, 0.0, 0.0, 0.0, 0.0, 0.0, 0.0, 0.0, 0.0, 0.0, 0.0, 0.0, 0.0, 0.0, 0.0, 0.0, 0.0, 0.0, 0.0, 0.0, 0.0, 0.0, 0.0, 0.0, 0.0, 0.0, 0.0, 0.0, 0.0, 0.0, 0.0, 0.0, 0.0, 0.0, 0.0]",[9]
burgers,256×256,0.1,69.9701718041512,186,WSINDy,0.004195494470955907,0.004195494470955907,True,True,1,0,0,1.0,1.0,1.0,1.0,True,MSTLS support stable,5,0.007523249980295077,0.039607166982023045,"[0.0, 0.0, 0.0, 0.0, 0.0, 0.0, 0.0, 0.0, 0.0, -0.502097747235478, 0.0, 0.0, 0.0, 0.0, 0.0, 0.0, 0.0, 0.0, 0.0, 0.0, 0.0, 0.0, 0.0, 0.0, 0.0, 0.0, 0.0, 0.0, 0.0, 0.0, 0.0, 0.0, 0.0, 0.0, 0.0, 0.0, 0.0, 0.0, 0.0, 0.0, 0.0, 0.0, 0.0, 0.0, 0.0, 0.0, 0.0, 0.0, 0.0]",[9]
burgers,256×256,0.1,69.9701718041512,187,WSINDy,0.0006527915405560858,0.0006527915405560858,True,True,1,0,0,1.0,1.0,1.0,1.0,True,MSTLS support stable,4,0.008586541982367635,0.04055516698281281,"[0.0, 0.0, 0.0, 0.0, 0.0, 0.0, 0.0, 0.0, 0.0, -0.49967360422972196, 0.0, 0.0, 0.0, 0.0, 0.0, 0.0, 0.0, 0.0, 0.0, 0.0, 0.0, 0.0, 0.0, 0.0, 0.0, 0.0, 0.0, 0.0, 0.0, 0.0, 0.0, 0.0, 0.0, 0.0, 0.0, 0.0, 0.0, 0.0, 0.0, 0.0, 0.0, 0.0, 0.0, 0.0, 0.0, 0.0, 0.0, 0.0, 0.0]",[9]
burgers,256×256,0.1,69.9701718041512,188,WSINDy,0.004820476293846188,0.004820476293846188,True,True,1,0,0,1.0,1.0,1.0,1.0,True,MSTLS support stable,5,0.0092500829778146,0.04014912497950718,"[0.0, 0.0, 0.0, 0.0, 0.0, 0.0, 0.0, 0.0, 0.0, -0.5024102381469231, 0.0, 0.0, 0.0, 0.0, 0.0, 0.0, 0.0, 0.0, 0.0, 0.0, 0.0, 0.0, 0.0, 0.0, 0.0, 0.0, 0.0, 0.0, 0.0, 0.0, 0.0, 0.0, 0.0, 0.0, 0.0, 0.0, 0.0, 0.0, 0.0, 0.0, 0.0, 0.0, 0.0, 0.0, 0.0, 0.0, 0.0, 0.0, 0.0]",[9]
burgers,256×256,0.1,69.9701718041512,189,WSINDy,0.002176737862059297,0.002176737862059297,True,True,1,0,0,1.0,1.0,1.0,1.0,True,MSTLS support stable,5,0.008355041994946077,0.0406993750075344,"[0.0, 0.0, 0.0, 0.0, 0.0, 0.0, 0.0, 0.0, 0.0, -0.49891163106897035, 0.0, 0.0, 0.0, 0.0, 0.0, 0.0, 0.0, 0.0, 0.0, 0.0, 0.0, 0.0, 0.0, 0.0, 0.0, 0.0, 0.0, 0.0, 0.0, 0.0, 0.0, 0.0, 0.0, 0.0, 0.0, 0.0, 0.0, 0.0, 0.0, 0.0, 0.0, 0.0, 0.0, 0.0, 0.0, 0.0, 0.0, 0.0, 0.0]",[9]
burgers,256×256,0.1,69.9701718041512,190,WSINDy,0.003791961247983089,0.003791961247983089,True,True,1,0,0,1.0,1.0,1.0,1.0,True,MSTLS support stable,4,0.007484708999982104,0.039642125979298726,"[0.0, 0.0, 0.0, 0.0, 0.0, 0.0, 0.0, 0.0, 0.0, -0.49810401937600846, 0.0, 0.0, 0.0, 0.0, 0.0, 0.0, 0.0, 0.0, 0.0, 0.0, 0.0, 0.0, 0.0, 0.0, 0.0, 0.0, 0.0, 0.0, 0.0, 0.0, 0.0, 0.0, 0.0, 0.0, 0.0, 0.0, 0.0, 0.0, 0.0, 0.0, 0.0, 0.0, 0.0, 0.0, 0.0, 0.0, 0.0, 0.0, 0.0]",[9]
burgers,256×256,0.1,69.9701718041512,191,WSINDy,0.0015601369078055427,0.0015601369078055427,True,True,1,0,0,1.0,1.0,1.0,1.0,True,MSTLS support stable,5,0.008321375004015863,0.03877545800060034,"[0.0, 0.0, 0.0, 0.0, 0.0, 0.0, 0.0, 0.0, 0.0, -0.5007800684539028, 0.0, 0.0, 0.0, 0.0, 0.0, 0.0, 0.0, 0.0, 0.0, 0.0, 0.0, 0.0, 0.0, 0.0, 0.0, 0.0, 0.0, 0.0, 0.0, 0.0, 0.0, 0.0, 0.0, 0.0, 0.0, 0.0, 0.0, 0.0, 0.0, 0.0, 0.0, 0.0, 0.0, 0.0, 0.0, 0.0, 0.0, 0.0, 0.0]",[9]
burgers,256×256,0.1,69.9701718041512,192,WSINDy,0.0014543312183451507,0.0014543312183451507,True,True,1,0,0,1.0,1.0,1.0,1.0,True,MSTLS support stable,4,0.007509374991059303,0.03963191597722471,"[0.0, 0.0, 0.0, 0.0, 0.0, 0.0, 0.0, 0.0, 0.0, -0.4992728343908274, 0.0, 0.0, 0.0, 0.0, 0.0, 0.0, 0.0, 0.0, 0.0, 0.0, 0.0, 0.0, 0.0, 0.0, 0.0, 0.0, 0.0, 0.0, 0.0, 0.0, 0.0, 0.0, 0.0, 0.0, 0.0, 0.0, 0.0, 0.0, 0.0, 0.0, 0.0, 0.0, 0.0, 0.0, 0.0, 0.0, 0.0, 0.0, 0.0]",[9]
burgers,256×256,0.1,69.9701718041512,193,WSINDy,0.0005138520000204094,0.0005138520000204094,True,True,1,0,0,1.0,1.0,1.0,1.0,True,MSTLS support stable,7,0.00859887499245815,0.039213333977386355,"[0.0, 0.0, 0.0, 0.0, 0.0, 0.0, 0.0, 0.0, 0.0, -0.4997430739999898, 0.0, 0.0, 0.0, 0.0, 0.0, 0.0, 0.0, 0.0, 0.0, 0.0, 0.0, 0.0, 0.0, 0.0, 0.0, 0.0, 0.0, 0.0, 0.0, 0.0, 0.0, 0.0, 0.0, 0.0, 0.0, 0.0, 0.0, 0.0, 0.0, 0.0, 0.0, 0.0, 0.0, 0.0, 0.0, 0.0, 0.0, 0.0, 0.0]",[9]
burgers,256×256,0.1,69.9701718041512,194,WSINDy,0.007091642406265031,0.007091642406265031,True,True,1,0,0,1.0,1.0,1.0,1.0,True,MSTLS support stable,5,0.00777004100382328,0.04000908200396225,"[0.0, 0.0, 0.0, 0.0, 0.0, 0.0, 0.0, 0.0, 0.0, -0.5035458212031325, 0.0, 0.0, 0.0, 0.0, 0.0, 0.0, 0.0, 0.0, 0.0, 0.0, 0.0, 0.0, 0.0, 0.0, 0.0, 0.0, 0.0, 0.0, 0.0, 0.0, 0.0, 0.0, 0.0, 0.0, 0.0, 0.0, 0.0, 0.0, 0.0, 0.0, 0.0, 0.0, 0.0, 0.0, 0.0, 0.0, 0.0, 0.0, 0.0]",[9]
burgers,256×256,0.1,69.9701718041512,195,WSINDy,0.00034929159837160384,0.00034929159837160384,True,True,1,0,0,1.0,1.0,1.0,1.0,True,MSTLS support stable,4,0.00850070800515823,0.040291499986778945,"[0.0, 0.0, 0.0, 0.0, 0.0, 0.0, 0.0, 0.0, 0.0, -0.4998253542008142, 0.0, 0.0, 0.0, 0.0, 0.0, 0.0, 0.0, 0.0, 0.0, 0.0, 0.0, 0.0, 0.0, 0.0, 0.0, 0.0, 0.0, 0.0, 0.0, 0.0, 0.0, 0.0, 0.0, 0.0, 0.0, 0.0, 0.0, 0.0, 0.0, 0.0, 0.0, 0.0, 0.0, 0.0, 0.0, 0.0, 0.0, 0.0, 0.0]",[9]
burgers,256×256,0.1,69.9701718041512,196,WSINDy,0.0013207013904684706,0.0013207013904684706,True,True,1,0,0,1.0,1.0,1.0,1.0,True,MSTLS support stable,4,0.007807874993886799,0.03961983398767188,"[0.0, 0.0, 0.0, 0.0, 0.0, 0.0, 0.0, 0.0, 0.0, -0.49933964930476576, 0.0, 0.0, 0.0, 0.0, 0.0, 0.0, 0.0, 0.0, 0.0, 0.0, 0.0, 0.0, 0.0, 0.0, 0.0, 0.0, 0.0, 0.0, 0.0, 0.0, 0.0, 0.0, 0.0, 0.0, 0.0, 0.0, 0.0, 0.0, 0.0, 0.0, 0.0, 0.0, 0.0, 0.0, 0.0, 0.0, 0.0, 0.0, 0.0]",[9]
burgers,256×256,0.1,69.9701718041512,197,WSINDy,0.00475004908428911,0.00475004908428911,True,True,1,0,0,1.0,1.0,1.0,1.0,True,MSTLS support stable,4,0.007380416005617008,0.03793283199775033,"[0.0, 0.0, 0.0, 0.0, 0.0, 0.0, 0.0, 0.0, 0.0, -0.5023750245421446, 0.0, 0.0, 0.0, 0.0, 0.0, 0.0, 0.0, 0.0, 0.0, 0.0, 0.0, 0.0, 0.0, 0.0, 0.0, 0.0, 0.0, 0.0, 0.0, 0.0, 0.0, 0.0, 0.0, 0.0, 0.0, 0.0, 0.0, 0.0, 0.0, 0.0, 0.0, 0.0, 0.0, 0.0, 0.0, 0.0, 0.0, 0.0, 0.0]",[9]
burgers,256×256,0.1,69.9701718041512,198,WSINDy,0.003600668887821845,0.003600668887821845,True,True,1,0,0,1.0,1.0,1.0,1.0,True,MSTLS support stable,6,0.00783662500907667,0.03834337502485141,"[0.0, 0.0, 0.0, 0.0, 0.0, 0.0, 0.0, 0.0, 0.0, -0.4981996655560891, 0.0, 0.0, 0.0, 0.0, 0.0, 0.0, 0.0, 0.0, 0.0, 0.0, 0.0, 0.0, 0.0, 0.0, 0.0, 0.0, 0.0, 0.0, 0.0, 0.0, 0.0, 0.0, 0.0, 0.0, 0.0, 0.0, 0.0, 0.0, 0.0, 0.0, 0.0, 0.0, 0.0, 0.0, 0.0, 0.0, 0.0, 0.0, 0.0]",[9]
burgers,256×256,0.1,69.9701718041512,199,WSINDy,0.0014888071375971368,0.0014888071375971368,True,True,1,0,0,1.0,1.0,1.0,1.0,True,MSTLS support stable,5,0.008278792025521398,0.03867925002123229,"[0.0, 0.0, 0.0, 0.0, 0.0, 0.0, 0.0, 0.0, 0.0, -0.5007444035687986, 0.0, 0.0, 0.0, 0.0, 0.0, 0.0, 0.0, 0.0, 0.0, 0.0, 0.0, 0.0, 0.0, 0.0, 0.0, 0.0, 0.0, 0.0, 0.0, 0.0, 0.0, 0.0, 0.0, 0.0, 0.0, 0.0, 0.0, 0.0, 0.0, 0.0, 0.0, 0.0, 0.0, 0.0, 0.0, 0.0, 0.0, 0.0, 0.0]",[9]
burgers,256×256,0.2,139.9403436083024,0,WSINDy,0.004691197968604954,0.004691197968604954,True,True,1,0,0,1.0,1.0,1.0,1.0,True,MSTLS support stable,4,0.008918834006180987,0.04109195902128704,"[0.0, 0.0, 0.0, 0.0, 0.0, 0.0, 0.0, 0.0, 0.0, -0.4976544010156975, 0.0, 0.0, 0.0, 0.0, 0.0, 0.0, 0.0, 0.0, 0.0, 0.0, 0.0, 0.0, 0.0, 0.0, 0.0, 0.0, 0.0, 0.0, 0.0, 0.0, 0.0, 0.0, 0.0, 0.0, 0.0, 0.0, 0.0, 0.0, 0.0, 0.0, 0.0, 0.0, 0.0, 0.0, 0.0, 0.0, 0.0, 0.0, 0.0]",[9]
burgers,256×256,0.2,139.9403436083024,1,WSINDy,0.007004244803385129,0.007004244803385129,True,True,1,0,0,1.0,1.0,1.0,1.0,True,MSTLS support stable,4,0.008336415980011225,0.04029183299280703,"[0.0, 0.0, 0.0, 0.0, 0.0, 0.0, 0.0, 0.0, 0.0, -0.5035021224016926, 0.0, 0.0, 0.0, 0.0, 0.0, 0.0, 0.0, 0.0, 0.0, 0.0, 0.0, 0.0, 0.0, 0.0, 0.0, 0.0, 0.0, 0.0, 0.0, 0.0, 0.0, 0.0, 0.0, 0.0, 0.0, 0.0, 0.0, 0.0, 0.0, 0.0, 0.0, 0.0, 0.0, 0.0, 0.0, 0.0, 0.0, 0.0, 0.0]",[9]
burgers,256×256,0.2,139.9403436083024,2,WSINDy,0.002825384760441141,0.002825384760441141,True,True,1,0,0,1.0,1.0,1.0,1.0,True,MSTLS support stable,4,0.00777324999216944,0.03976720801438205,"[0.0, 0.0, 0.0, 0.0, 0.0, 0.0, 0.0, 0.0, 0.0, -0.49858730761977943, 0.0, 0.0, 0.0, 0.0, 0.0, 0.0, 0.0, 0.0, 0.0, 0.0, 0.0, 0.0, 0.0, 0.0, 0.0, 0.0, 0.0, 0.0, 0.0, 0.0, 0.0, 0.0, 0.0, 0.0, 0.0, 0.0, 0.0, 0.0, 0.0, 0.0, 0.0, 0.0, 0.0, 0.0, 0.0, 0.0, 0.0, 0.0, 0.0]",[9]
burgers,256×256,0.2,139.9403436083024,3,WSINDy,0.0013611379078026786,0.0013611379078026786,True,True,1,0,0,1.0,1.0,1.0,1.0,True,MSTLS support stable,4,0.00790520801092498,0.0383771660272032,"[0.0, 0.0, 0.0, 0.0, 0.0, 0.0, 0.0, 0.0, 0.0, -0.49931943104609866, 0.0, 0.0, 0.0, 0.0, 0.0, 0.0, 0.0, 0.0, 0.0, 0.0, 0.0, 0.0, 0.0, 0.0, 0.0, 0.0, 0.0, 0.0, 0.0, 0.0, 0.0, 0.0, 0.0, 0.0, 0.0, 0.0, 0.0, 0.0, 0.0, 0.0, 0.0, 0.0, 0.0, 0.0, 0.0, 0.0, 0.0, 0.0, 0.0]",[9]
burgers,256×256,0.2,139.9403436083024,4,WSINDy,0.002173955408713457,0.002173955408713457,True,True,1,0,0,1.0,1.0,1.0,1.0,True,MSTLS support stable,4,0.008014499995624647,0.03845058399019763,"[0.0, 0.0, 0.0, 0.0, 0.0, 0.0, 0.0, 0.0, 0.0, -0.5010869777043567, 0.0, 0.0, 0.0, 0.0, 0.0, 0.0, 0.0, 0.0, 0.0, 0.0, 0.0, 0.0, 0.0, 0.0, 0.0, 0.0, 0.0, 0.0, 0.0, 0.0, 0.0, 0.0, 0.0, 0.0, 0.0, 0.0, 0.0, 0.0, 0.0, 0.0, 0.0, 0.0, 0.0, 0.0, 0.0, 0.0, 0.0, 0.0, 0.0]",[9]
burgers,256×256,0.2,139.9403436083024,5,WSINDy,0.002757293679055861,0.002757293679055861,True,True,1,0,0,1.0,1.0,1.0,1.0,True,MSTLS support stable,6,0.0076558340224437416,0.03862445900449529,"[0.0, 0.0, 0.0, 0.0, 0.0, 0.0, 0.0, 0.0, 0.0, -0.49862135316047207, 0.0, 0.0, 0.0, 0.0, 0.0, 0.0, 0.0, 0.0, 0.0, 0.0, 0.0, 0.0, 0.0, 0.0, 0.0, 0.0, 0.0, 0.0, 0.0, 0.0, 0.0, 0.0, 0.0, 0.0, 0.0, 0.0, 0.0, 0.0, 0.0, 0.0, 0.0, 0.0, 0.0, 0.0, 0.0, 0.0, 0.0, 0.0, 0.0]",[9]
burgers,256×256,0.2,139.9403436083024,6,WSINDy,0.0029725377028982924,0.0029725377028982924,True,True,1,0,0,1.0,1.0,1.0,1.0,True,MSTLS support stable,5,0.008197124989237636,0.04039000000921078,"[0.0, 0.0, 0.0, 0.0, 0.0, 0.0, 0.0, 0.0, 0.0, -0.49851373114855085, 0.0, 0.0, 0.0, 0.0, 0.0, 0.0, 0.0, 0.0, 0.0, 0.0, 0.0, 0.0, 0.0, 0.0, 0.0, 0.0, 0.0, 0.0, 0.0, 0.0, 0.0, 0.0, 0.0, 0.0, 0.0, 0.0, 0.0, 0.0, 0.0, 0.0, 0.0, 0.0, 0.0, 0.0, 0.0, 0.0, 0.0, 0.0, 0.0]",[9]
burgers,256×256,0.2,139.9403436083024,7,WSINDy,0.005682801904544288,0.005682801904544288,True,True,1,0,0,1.0,1.0,1.0,1.0,True,MSTLS support stable,5,0.008043875015573576,0.04009637501440011,"[0.0, 0.0, 0.0, 0.0, 0.0, 0.0, 0.0, 0.0, 0.0, -0.5028414009522721, 0.0, 0.0, 0.0, 0.0, 0.0, 0.0, 0.0, 0.0, 0.0, 0.0, 0.0, 0.0, 0.0, 0.0, 0.0, 0.0, 0.0, 0.0, 0.0, 0.0, 0.0, 0.0, 0.0, 0.0, 0.0, 0.0, 0.0, 0.0, 0.0, 0.0, 0.0, 0.0, 0.0, 0.0, 0.0, 0.0, 0.0, 0.0, 0.0]",[9]
burgers,256×256,0.2,139.9403436083024,8,WSINDy,0.002559787020515736,0.002559787020515736,True,True,1,0,0,1.0,1.0,1.0,1.0,True,MSTLS support stable,6,0.008531375002348796,0.04047933401307091,"[0.0, 0.0, 0.0, 0.0, 0.0, 0.0, 0.0, 0.0, 0.0, -0.49872010648974213, 0.0, 0.0, 0.0, 0.0, 0.0, 0.0, 0.0, 0.0, 0.0, 0.0, 0.0, 0.0, 0.0, 0.0, 0.0, 0.0, 0.0, 0.0, 0.0, 0.0, 0.0, 0.0, 0.0, 0.0, 0.0, 0.0, 0.0, 0.0, 0.0, 0.0, 0.0, 0.0, 0.0, 0.0, 0.0, 0.0, 0.0, 0.0, 0.0]",[9]
burgers,256×256,0.2,139.9403436083024,9,WSINDy,0.0008859215941195986,0.0008859215941195986,True,True,1,0,0,1.0,1.0,1.0,1.0,True,MSTLS support stable,4,0.008781040989561006,0.04070604100706987,"[0.0, 0.0, 0.0, 0.0, 0.0, 0.0, 0.0, 0.0, 0.0, -0.4995570392029402, 0.0, 0.0, 0.0, 0.0, 0.0, 0.0, 0.0, 0.0, 0.0, 0.0, 0.0, 0.0, 0.0, 0.0, 0.0, 0.0, 0.0, 0.0, 0.0, 0.0, 0.0, 0.0, 0.0, 0.0, 0.0, 0.0, 0.0, 0.0, 0.0, 0.0, 0.0, 0.0, 0.0, 0.0, 0.0, 0.0, 0.0, 0.0, 0.0]",[9]
burgers,256×256,0.2,139.9403436083024,10,WSINDy,0.001206694477484671,0.001206694477484671,True,True,1,0,0,1.0,1.0,1.0,1.0,True,MSTLS support stable,5,0.007766541006276384,0.038837582018459216,"[0.0, 0.0, 0.0, 0.0, 0.0, 0.0, 0.0, 0.0, 0.0, -0.5006033472387423, 0.0, 0.0, 0.0, 0.0, 0.0, 0.0, 0.0, 0.0, 0.0, 0.0, 0.0, 0.0, 0.0, 0.0, 0.0, 0.0, 0.0, 0.0, 0.0, 0.0, 0.0, 0.0, 0.0, 0.0, 0.0, 0.0, 0.0, 0.0, 0.0, 0.0, 0.0, 0.0, 0.0, 0.0, 0.0, 0.0, 0.0, 0.0, 0.0]",[9]
burgers,256×256,0.2,139.9403436083024,11,WSINDy,0.005554034097866811,0.005554034097866811,True,True,1,0,0,1.0,1.0,1.0,1.0,True,MSTLS support stable,4,0.007825624983524904,0.03897154200240038,"[0.0, 0.0, 0.0, 0.0, 0.0, 0.0, 0.0, 0.0, 0.0, -0.5027770170489334, 0.0, 0.0, 0.0, 0.0, 0.0, 0.0, 0.0, 0.0, 0.0, 0.0, 0.0, 0.0, 0.0, 0.0, 0.0, 0.0, 0.0, 0.0, 0.0, 0.0, 0.0, 0.0, 0.0, 0.0, 0.0, 0.0, 0.0, 0.0, 0.0, 0.0, 0.0, 0.0, 0.0, 0.0, 0.0, 0.0, 0.0, 0.0, 0.0]",[9]
burgers,256×256,0.2,139.9403436083024,12,WSINDy,0.004347133259110514,0.004347133259110514,True,True,1,0,0,1.0,1.0,1.0,1.0,True,MSTLS support stable,5,0.00799808299052529,0.038535874016815796,"[0.0, 0.0, 0.0, 0.0, 0.0, 0.0, 0.0, 0.0, 0.0, -0.49782643337044474, 0.0, 0.0, 0.0, 0.0, 0.0, 0.0, 0.0, 0.0, 0.0, 0.0, 0.0, 0.0, 0.0, 0.0, 0.0, 0.0, 0.0, 0.0, 0.0, 0.0, 0.0, 0.0, 0.0, 0.0, 0.0, 0.0, 0.0, 0.0, 0.0, 0.0, 0.0, 0.0, 0.0, 0.0, 0.0, 0.0, 0.0, 0.0, 0.0]",[9]
burgers,256×256,0.2,139.9403436083024,13,WSINDy,0.004493800737268572,0.004493800737268572,True,True,1,0,0,1.0,1.0,1.0,1.0,True,MSTLS support stable,4,0.008774666988756508,0.03926179197151214,"[0.0, 0.0, 0.0, 0.0, 0.0, 0.0, 0.0, 0.0, 0.0, -0.5022469003686343, 0.0, 0.0, 0.0, 0.0, 0.0, 0.0, 0.0, 0.0, 0.0, 0.0, 0.0, 0.0, 0.0, 0.0, 0.0, 0.0, 0.0, 0.0, 0.0, 0.0, 0.0, 0.0, 0.0, 0.0, 0.0, 0.0, 0.0, 0.0, 0.0, 0.0, 0.0, 0.0, 0.0, 0.0, 0.0, 0.0, 0.0, 0.0, 0.0]",[9]
burgers,256×256,0.2,139.9403436083024,14,WSINDy,0.006901206161506579,0.006901206161506579,True,True,1,0,0,1.0,1.0,1.0,1.0,True,MSTLS support stable,3,0.00844483298715204,0.038946624961681664,"[0.0, 0.0, 0.0, 0.0, 0.0, 0.0, 0.0, 0.0, 0.0, -0.5034506030807533, 0.0, 0.0, 0.0, 0.0, 0.0, 0.0, 0.0, 0.0, 0.0, 0.0, 0.0, 0.0, 0.0, 0.0, 0.0, 0.0, 0.0, 0.0, 0.0, 0.0, 0.0, 0.0, 0.0, 0.0, 0.0, 0.0, 0.0, 0.0, 0.0, 0.0, 0.0, 0.0, 0.0, 0.0, 0.0, 0.0, 0.0, 0.0, 0.0]",[9]
burgers,256×256,0.2,139.9403436083024,15,WSINDy,0.0052772908996169265,0.0052772908996169265,True,True,1,0,0,1.0,1.0,1.0,1.0,True,MSTLS support stable,5,0.007816708006430417,0.03890220800531097,"[0.0, 0.0, 0.0, 0.0, 0.0, 0.0, 0.0, 0.0, 0.0, -0.49736135455019154, 0.0, 0.0, 0.0, 0.0, 0.0, 0.0, 0.0, 0.0, 0.0, 0.0, 0.0, 0.0, 0.0, 0.0, 0.0, 0.0, 0.0, 0.0, 0.0, 0.0, 0.0, 0.0, 0.0, 0.0, 0.0, 0.0, 0.0, 0.0, 0.0, 0.0, 0.0, 0.0, 0.0, 0.0, 0.0, 0.0, 0.0, 0.0, 0.0]",[9]
burgers,256×256,0.2,139.9403436083024,16,WSINDy,0.009903035477613398,0.009903035477613398,True,True,1,0,0,1.0,1.0,1.0,1.0,True,MSTLS support stable,6,0.008642999979201704,0.04041958399466239,"[0.0, 0.0, 0.0, 0.0, 0.0, 0.0, 0.0, 0.0, 0.0, -0.4950484822611933, 0.0, 0.0, 0.0, 0.0, 0.0, 0.0, 0.0, 0.0, 0.0, 0.0, 0.0, 0.0, 0.0, 0.0, 0.0, 0.0, 0.0, 0.0, 0.0, 0.0, 0.0, 0.0, 0.0, 0.0, 0.0, 0.0, 0.0, 0.0, 0.0, 0.0, 0.0, 0.0, 0.0, 0.0, 0.0, 0.0, 0.0, 0.0, 0.0]",[9]
burgers,256×256,0.2,139.9403436083024,17,WSINDy,0.0017529558196105466,0.0017529558196105466,True,True,1,0,0,1.0,1.0,1.0,1.0,True,MSTLS support stable,4,0.008218916977057233,0.04006637498969212,"[0.0, 0.0, 0.0, 0.0, 0.0, 0.0, 0.0, 0.0, 0.0, -0.4991235220901947, 0.0, 0.0, 0.0, 0.0, 0.0, 0.0, 0.0, 0.0, 0.0, 0.0, 0.0, 0.0, 0.0, 0.0, 0.0, 0.0, 0.0, 0.0, 0.0, 0.0, 0.0, 0.0, 0.0, 0.0, 0.0, 0.0, 0.0, 0.0, 0.0, 0.0, 0.0, 0.0, 0.0, 0.0, 0.0, 0.0, 0.0, 0.0, 0.0]",[9]
burgers,256×256,0.2,139.9403436083024,18,WSINDy,0.007725251775446251,0.007725251775446251,True,True,1,0,0,1.0,1.0,1.0,1.0,True,MSTLS support stable,5,0.008336166996741667,0.03874658400309272,"[0.0, 0.0, 0.0, 0.0, 0.0, 0.0, 0.0, 0.0, 0.0, -0.5038626258877231, 0.0, 0.0, 0.0, 0.0, 0.0, 0.0, 0.0, 0.0, 0.0, 0.0, 0.0, 0.0, 0.0, 0.0, 0.0, 0.0, 0.0, 0.0, 0.0, 0.0, 0.0, 0.0, 0.0, 0.0, 0.0, 0.0, 0.0, 0.0, 0.0, 0.0, 0.0, 0.0, 0.0, 0.0, 0.0, 0.0, 0.0, 0.0, 0.0]",[9]
burgers,256×256,0.2,139.9403436083024,19,WSINDy,0.011365952572167992,0.011365952572167992,True,True,1,0,0,1.0,1.0,1.0,1.0,True,MSTLS support stable,4,0.008152958005666733,0.03925541599164717,"[0.0, 0.0, 0.0, 0.0, 0.0, 0.0, 0.0, 0.0, 0.0, -0.494317023713916, 0.0, 0.0, 0.0, 0.0, 0.0, 0.0, 0.0, 0.0, 0.0, 0.0, 0.0, 0.0, 0.0, 0.0, 0.0, 0.0, 0.0, 0.0, 0.0, 0.0, 0.0, 0.0, 0.0, 0.0, 0.0, 0.0, 0.0, 0.0, 0.0, 0.0, 0.0, 0.0, 0.0, 0.0, 0.0, 0.0, 0.0, 0.0, 0.0]",[9]
burgers,256×256,0.2,139.9403436083024,20,WSINDy,0.004115590494511823,0.004115590494511823,True,True,1,0,0,1.0,1.0,1.0,1.0,True,MSTLS support stable,5,0.009065542020834982,0.040074833028484136,"[0.0, 0.0, 0.0, 0.0, 0.0, 0.0, 0.0, 0.0, 0.0, -0.5020577952472559, 0.0, 0.0, 0.0, 0.0, 0.0, 0.0, 0.0, 0.0, 0.0, 0.0, 0.0, 0.0, 0.0, 0.0, 0.0, 0.0, 0.0, 0.0, 0.0, 0.0, 0.0, 0.0, 0.0, 0.0, 0.0, 0.0, 0.0, 0.0, 0.0, 0.0, 0.0, 0.0, 0.0, 0.0, 0.0, 0.0, 0.0, 0.0, 0.0]",[9]
burgers,256×256,0.2,139.9403436083024,21,WSINDy,0.0014777611404150903,0.0014777611404150903,True,True,1,0,0,1.0,1.0,1.0,1.0,True,MSTLS support stable,4,0.007839500001864508,0.0400022079993505,"[0.0, 0.0, 0.0, 0.0, 0.0, 0.0, 0.0, 0.0, 0.0, -0.5007388805702075, 0.0, 0.0, 0.0, 0.0, 0.0, 0.0, 0.0, 0.0, 0.0, 0.0, 0.0, 0.0, 0.0, 0.0, 0.0, 0.0, 0.0, 0.0, 0.0, 0.0, 0.0, 0.0, 0.0, 0.0, 0.0, 0.0, 0.0, 0.0, 0.0, 0.0, 0.0, 0.0, 0.0, 0.0, 0.0, 0.0, 0.0, 0.0, 0.0]",[9]
burgers,256×256,0.2,139.9403436083024,22,WSINDy,0.0003481318113557341,0.0003481318113557341,True,True,1,0,0,1.0,1.0,1.0,1.0,True,MSTLS support stable,5,0.00744895898969844,0.0379812509927433,"[0.0, 0.0, 0.0, 0.0, 0.0, 0.0, 0.0, 0.0, 0.0, -0.49982593409432213, 0.0, 0.0, 0.0, 0.0, 0.0, 0.0, 0.0, 0.0, 0.0, 0.0, 0.0, 0.0, 0.0, 0.0, 0.0, 0.0, 0.0, 0.0, 0.0, 0.0, 0.0, 0.0, 0.0, 0.0, 0.0, 0.0, 0.0, 0.0, 0.0, 0.0, 0.0, 0.0, 0.0, 0.0, 0.0, 0.0, 0.0, 0.0, 0.0]",[9]
burgers,256×256,0.2,139.9403436083024,23,WSINDy,0.0010225409914352834,0.0010225409914352834,True,True,1,0,0,1.0,1.0,1.0,1.0,True,MSTLS support stable,6,0.008381416992051527,0.03977999999187887,"[0.0, 0.0, 0.0, 0.0, 0.0, 0.0, 0.0, 0.0, 0.0, -0.49948872950428236, 0.0, 0.0, 0.0, 0.0, 0.0, 0.0, 0.0, 0.0, 0.0, 0.0, 0.0, 0.0, 0.0, 0.0, 0.0, 0.0, 0.0, 0.0, 0.0, 0.0, 0.0, 0.0, 0.0, 0.0, 0.0, 0.0, 0.0, 0.0, 0.0, 0.0, 0.0, 0.0, 0.0, 0.0, 0.0, 0.0, 0.0, 0.0, 0.0]",[9]
burgers,256×256,0.2,139.9403436083024,24,WSINDy,0.0042859308154566955,0.0042859308154566955,True,True,1,0,0,1.0,1.0,1.0,1.0,True,MSTLS support stable,4,0.009051082975929603,0.04014229096355848,"[0.0, 0.0, 0.0, 0.0, 0.0, 0.0, 0.0, 0.0, 0.0, -0.49785703459227165, 0.0, 0.0, 0.0, 0.0, 0.0, 0.0, 0.0, 0.0, 0.0, 0.0, 0.0, 0.0, 0.0, 0.0, 0.0, 0.0, 0.0, 0.0, 0.0, 0.0, 0.0, 0.0, 0.0, 0.0, 0.0, 0.0, 0.0, 0.0, 0.0, 0.0, 0.0, 0.0, 0.0, 0.0, 0.0, 0.0, 0.0, 0.0, 0.0]",[9]
burgers,256×256,0.2,139.9403436083024,25,WSINDy,0.0035420597237032503,0.0035420597237032503,True,True,1,0,0,1.0,1.0,1.0,1.0,True,MSTLS support stable,7,0.008944375003920868,0.03925262502161786,"[0.0, 0.0, 0.0, 0.0, 0.0, 0.0, 0.0, 0.0, 0.0, -0.5017710298618516, 0.0, 0.0, 0.0, 0.0, 0.0, 0.0, 0.0, 0.0, 0.0, 0.0, 0.0, 0.0, 0.0, 0.0, 0.0, 0.0, 0.0, 0.0, 0.0, 0.0, 0.0, 0.0, 0.0, 0.0, 0.0, 0.0, 0.0, 0.0, 0.0, 0.0, 0.0, 0.0, 0.0, 0.0, 0.0, 0.0, 0.0, 0.0, 0.0]",[9]
burgers,256×256,0.2,139.9403436083024,26,WSINDy,0.0025061686232323854,0.0025061686232323854,True,True,1,0,0,1.0,1.0,1.0,1.0,True,MSTLS support stable,4,0.008059707994107157,0.04013320797821507,"[0.0, 0.0, 0.0, 0.0, 0.0, 0.0, 0.0, 0.0, 0.0, -0.4987469156883838, 0.0, 0.0, 0.0, 0.0, 0.0, 0.0, 0.0, 0.0, 0.0, 0.0, 0.0, 0.0, 0.0, 0.0, 0.0, 0.0, 0.0, 0.0, 0.0, 0.0, 0.0, 0.0, 0.0, 0.0, 0.0, 0.0, 0.0, 0.0, 0.0, 0.0, 0.0, 0.0, 0.0, 0.0, 0.0, 0.0, 0.0, 0.0, 0.0]",[9]
burgers,256×256,0.2,139.9403436083024,27,WSINDy,0.0006196335919289586,0.0006196335919289586,True,True,1,0,0,1.0,1.0,1.0,1.0,True,MSTLS support stable,5,0.007782792003126815,0.039665292017161846,"[0.0, 0.0, 0.0, 0.0, 0.0, 0.0, 0.0, 0.0, 0.0, -0.4996901832040355, 0.0, 0.0, 0.0, 0.0, 0.0, 0.0, 0.0, 0.0, 0.0, 0.0, 0.0, 0.0, 0.0, 0.0, 0.0, 0.0, 0.0, 0.0, 0.0, 0.0, 0.0, 0.0, 0.0, 0.0, 0.0, 0.0, 0.0, 0.0, 0.0, 0.0, 0.0, 0.0, 0.0, 0.0, 0.0, 0.0, 0.0, 0.0, 0.0]",[9]
burgers,256×256,0.2,139.9403436083024,28,WSINDy,0.001823826473540624,0.001823826473540624,True,True,1,0,0,1.0,1.0,1.0,1.0,True,MSTLS support stable,5,0.00736575000337325,0.03904204201535322,"[0.0, 0.0, 0.0, 0.0, 0.0, 0.0, 0.0, 0.0, 0.0, -0.5009119132367703, 0.0, 0.0, 0.0, 0.0, 0.0, 0.0, 0.0, 0.0, 0.0, 0.0, 0.0, 0.0, 0.0, 0.0, 0.0, 0.0, 0.0, 0.0, 0.0, 0.0, 0.0, 0.0, 0.0, 0.0, 0.0, 0.0, 0.0, 0.0, 0.0, 0.0, 0.0, 0.0, 0.0, 0.0, 0.0, 0.0, 0.0, 0.0, 0.0]",[9]
burgers,256×256,0.2,139.9403436083024,29,WSINDy,0.004047169501999792,0.004047169501999792,True,True,1,0,0,1.0,1.0,1.0,1.0,True,MSTLS support stable,4,0.007603707985254005,0.03918716698535718,"[0.0, 0.0, 0.0, 0.0, 0.0, 0.0, 0.0, 0.0, 0.0, -0.4979764152490001, 0.0, 0.0, 0.0, 0.0, 0.0, 0.0, 0.0, 0.0, 0.0, 0.0, 0.0, 0.0, 0.0, 0.0, 0.0, 0.0, 0.0, 0.0, 0.0, 0.0, 0.0, 0.0, 0.0, 0.0, 0.0, 0.0, 0.0, 0.0, 0.0, 0.0, 0.0, 0.0, 0.0, 0.0, 0.0, 0.0, 0.0, 0.0, 0.0]",[9]
burgers,256×256,0.2,139.9403436083024,30,WSINDy,0.009464687945460737,0.009464687945460737,True,True,1,0,0,1.0,1.0,1.0,1.0,True,MSTLS support stable,5,0.008241542003815994,0.03981645801104605,"[0.0, 0.0, 0.0, 0.0, 0.0, 0.0, 0.0, 0.0, 0.0, -0.49526765602726963, 0.0, 0.0, 0.0, 0.0, 0.0, 0.0, 0.0, 0.0, 0.0, 0.0, 0.0, 0.0, 0.0, 0.0, 0.0, 0.0, 0.0, 0.0, 0.0, 0.0, 0.0, 0.0, 0.0, 0.0, 0.0, 0.0, 0.0, 0.0, 0.0, 0.0, 0.0, 0.0, 0.0, 0.0, 0.0, 0.0, 0.0, 0.0, 0.0]",[9]
burgers,256×256,0.2,139.9403436083024,31,WSINDy,0.006249402517864988,0.006249402517864988,True,True,1,0,0,1.0,1.0,1.0,1.0,True,MSTLS support stable,5,0.007587999978568405,0.038997291965642944,"[0.0, 0.0, 0.0, 0.0, 0.0, 0.0, 0.0, 0.0, 0.0, -0.4968752987410675, 0.0, 0.0, 0.0, 0.0, 0.0, 0.0, 0.0, 0.0, 0.0, 0.0, 0.0, 0.0, 0.0, 0.0, 0.0, 0.0, 0.0, 0.0, 0.0, 0.0, 0.0, 0.0, 0.0, 0.0, 0.0, 0.0, 0.0, 0.0, 0.0, 0.0, 0.0, 0.0, 0.0, 0.0, 0.0, 0.0, 0.0, 0.0, 0.0]",[9]
burgers,256×256,0.2,139.9403436083024,32,WSINDy,0.0028155556895456124,0.0028155556895456124,True,True,1,0,0,1.0,1.0,1.0,1.0,True,MSTLS support stable,5,0.00817158300196752,0.03848237500642426,"[0.0, 0.0, 0.0, 0.0, 0.0, 0.0, 0.0, 0.0, 0.0, -0.4985922221552272, 0.0, 0.0, 0.0, 0.0, 0.0, 0.0, 0.0, 0.0, 0.0, 0.0, 0.0, 0.0, 0.0, 0.0, 0.0, 0.0, 0.0, 0.0, 0.0, 0.0, 0.0, 0.0, 0.0, 0.0, 0.0, 0.0, 0.0, 0.0, 0.0, 0.0, 0.0, 0.0, 0.0, 0.0, 0.0, 0.0, 0.0, 0.0, 0.0]",[9]
burgers,256×256,0.2,139.9403436083024,33,WSINDy,0.0024994998749543473,0.0024994998749543473,True,True,1,0,0,1.0,1.0,1.0,1.0,True,MSTLS support stable,6,0.008552415994927287,0.04009537401725538,"[0.0, 0.0, 0.0, 0.0, 0.0, 0.0, 0.0, 0.0, 0.0, -0.5012497499374772, 0.0, 0.0, 0.0, 0.0, 0.0, 0.0, 0.0, 0.0, 0.0, 0.0, 0.0, 0.0, 0.0, 0.0, 0.0, 0.0, 0.0, 0.0, 0.0, 0.0, 0.0, 0.0, 0.0, 0.0, 0.0, 0.0, 0.0, 0.0, 0.0, 0.0, 0.0, 0.0, 0.0, 0.0, 0.0, 0.0, 0.0, 0.0, 0.0]",[9]
burgers,256×256,0.2,139.9403436083024,34,WSINDy,0.004149199611535037,0.004149199611535037,True,True,1,0,0,1.0,1.0,1.0,1.0,True,MSTLS support stable,4,0.00832562500727363,0.040152792003937066,"[0.0, 0.0, 0.0, 0.0, 0.0, 0.0, 0.0, 0.0, 0.0, -0.5020745998057675, 0.0, 0.0, 0.0, 0.0, 0.0, 0.0, 0.0, 0.0, 0.0, 0.0, 0.0, 0.0, 0.0, 0.0, 0.0, 0.0, 0.0, 0.0, 0.0, 0.0, 0.0, 0.0, 0.0, 0.0, 0.0, 0.0, 0.0, 0.0, 0.0, 0.0, 0.0, 0.0, 0.0, 0.0, 0.0, 0.0, 0.0, 0.0, 0.0]",[9]
burgers,256×256,0.2,139.9403436083024,35,WSINDy,0.0049648922472509405,0.0049648922472509405,True,True,1,0,0,1.0,1.0,1.0,1.0,True,MSTLS support stable,5,0.008156083000358194,0.03984337399015203,"[0.0, 0.0, 0.0, 0.0, 0.0, 0.0, 0.0, 0.0, 0.0, -0.49751755387637453, 0.0, 0.0, 0.0, 0.0, 0.0, 0.0, 0.0, 0.0, 0.0, 0.0, 0.0, 0.0, 0.0, 0.0, 0.0, 0.0, 0.0, 0.0, 0.0, 0.0, 0.0, 0.0, 0.0, 0.0, 0.0, 0.0, 0.0, 0.0, 0.0, 0.0, 0.0, 0.0, 0.0, 0.0, 0.0, 0.0, 0.0, 0.0, 0.0]",[9]
burgers,256×256,0.2,139.9403436083024,36,WSINDy,0.0008768660599145495,0.0008768660599145495,True,True,1,0,0,1.0,1.0,1.0,1.0,True,MSTLS support stable,4,0.007415958010824397,0.038961541024036705,"[0.0, 0.0, 0.0, 0.0, 0.0, 0.0, 0.0, 0.0, 0.0, -0.4995615669700427, 0.0, 0.0, 0.0, 0.0, 0.0, 0.0, 0.0, 0.0, 0.0, 0.0, 0.0, 0.0, 0.0, 0.0, 0.0, 0.0, 0.0, 0.0, 0.0, 0.0, 0.0, 0.0, 0.0, 0.0, 0.0, 0.0, 0.0, 0.0, 0.0, 0.0, 0.0, 0.0, 0.0, 0.0, 0.0, 0.0, 0.0, 0.0, 0.0]",[9]
burgers,256×256,0.2,139.9403436083024,37,WSINDy,0.004566099239520227,0.004566099239520227,True,True,1,0,0,1.0,1.0,1.0,1.0,True,MSTLS support stable,5,0.007561625010566786,0.03915283302194439,"[0.0, 0.0, 0.0, 0.0, 0.0, 0.0, 0.0, 0.0, 0.0, -0.4977169503802399, 0.0, 0.0, 0.0, 0.0, 0.0, 0.0, 0.0, 0.0, 0.0, 0.0, 0.0, 0.0, 0.0, 0.0, 0.0, 0.0, 0.0, 0.0, 0.0, 0.0, 0.0, 0.0, 0.0, 0.0, 0.0, 0.0, 0.0, 0.0, 0.0, 0.0, 0.0, 0.0, 0.0, 0.0, 0.0, 0.0, 0.0, 0.0, 0.0]",[9]
burgers,256×256,0.2,139.9403436083024,38,WSINDy,0.006039170344209088,0.006039170344209088,True,True,1,0,0,1.0,1.0,1.0,1.0,True,MSTLS support stable,4,0.007559958001365885,0.03956637499504723,"[0.0, 0.0, 0.0, 0.0, 0.0, 0.0, 0.0, 0.0, 0.0, -0.49698041482789546, 0.0, 0.0, 0.0, 0.0, 0.0, 0.0, 0.0, 0.0, 0.0, 0.0, 0.0, 0.0, 0.0, 0.0, 0.0, 0.0, 0.0, 0.0, 0.0, 0.0, 0.0, 0.0, 0.0, 0.0, 0.0, 0.0, 0.0, 0.0, 0.0, 0.0, 0.0, 0.0, 0.0, 0.0, 0.0, 0.0, 0.0, 0.0, 0.0]",[9]
burgers,256×256,0.2,139.9403436083024,39,WSINDy,0.003618975046550843,0.003618975046550843,True,True,1,0,0,1.0,1.0,1.0,1.0,True,MSTLS support stable,4,0.007982332987012342,0.03973899901029654,"[0.0, 0.0, 0.0, 0.0, 0.0, 0.0, 0.0, 0.0, 0.0, -0.4981905124767246, 0.0, 0.0, 0.0, 0.0, 0.0, 0.0, 0.0, 0.0, 0.0, 0.0, 0.0, 0.0, 0.0, 0.0, 0.0, 0.0, 0.0, 0.0, 0.0, 0.0, 0.0, 0.0, 0.0, 0.0, 0.0, 0.0, 0.0, 0.0, 0.0, 0.0, 0.0, 0.0, 0.0, 0.0, 0.0, 0.0, 0.0, 0.0, 0.0]",[9]
burgers,256×256,0.2,139.9403436083024,40,WSINDy,0.006969938207539772,0.006969938207539772,True,True,1,0,0,1.0,1.0,1.0,1.0,True,MSTLS support stable,4,0.007600250013638288,0.03945112501969561,"[0.0, 0.0, 0.0, 0.0, 0.0, 0.0, 0.0, 0.0, 0.0, -0.4965150308962301, 0.0, 0.0, 0.0, 0.0, 0.0, 0.0, 0.0, 0.0, 0.0, 0.0, 0.0, 0.0, 0.0, 0.0, 0.0, 0.0, 0.0, 0.0, 0.0, 0.0, 0.0, 0.0, 0.0, 0.0, 0.0, 0.0, 0.0, 0.0, 0.0, 0.0, 0.0, 0.0, 0.0, 0.0, 0.0, 0.0, 0.0, 0.0, 0.0]",[9]
burgers,256×256,0.2,139.9403436083024,41,WSINDy,0.006220522628377578,0.006220522628377578,True,True,1,0,0,1.0,1.0,1.0,1.0,True,MSTLS support stable,5,0.008376625017262995,0.03988787502748892,"[0.0, 0.0, 0.0, 0.0, 0.0, 0.0, 0.0, 0.0, 0.0, -0.5031102613141888, 0.0, 0.0, 0.0, 0.0, 0.0, 0.0, 0.0, 0.0, 0.0, 0.0, 0.0, 0.0, 0.0, 0.0, 0.0, 0.0, 0.0, 0.0, 0.0, 0.0, 0.0, 0.0, 0.0, 0.0, 0.0, 0.0, 0.0, 0.0, 0.0, 0.0, 0.0, 0.0, 0.0, 0.0, 0.0, 0.0, 0.0, 0.0, 0.0]",[9]
burgers,256×256,0.2,139.9403436083024,42,WSINDy,0.005842787766749846,0.005842787766749846,True,True,1,0,0,1.0,1.0,1.0,1.0,True,MSTLS support stable,5,0.007932708016596735,0.039188499009469524,"[0.0, 0.0, 0.0, 0.0, 0.0, 0.0, 0.0, 0.0, 0.0, -0.4970786061166251, 0.0, 0.0, 0.0, 0.0, 0.0, 0.0, 0.0, 0.0, 0.0, 0.0, 0.0, 0.0, 0.0, 0.0, 0.0, 0.0, 0.0, 0.0, 0.0, 0.0, 0.0, 0.0, 0.0, 0.0, 0.0, 0.0, 0.0, 0.0, 0.0, 0.0, 0.0, 0.0, 0.0, 0.0, 0.0, 0.0, 0.0, 0.0, 0.0]",[9]
burgers,256×256,0.2,139.9403436083024,43,WSINDy,0.003122949899639682,0.003122949899639682,True,True,1,0,0,1.0,1.0,1.0,1.0,True,MSTLS support stable,5,0.0076922919834032655,0.03942279197508469,"[0.0, 0.0, 0.0, 0.0, 0.0, 0.0, 0.0, 0.0, 0.0, -0.5015614749498198, 0.0, 0.0, 0.0, 0.0, 0.0, 0.0, 0.0, 0.0, 0.0, 0.0, 0.0, 0.0, 0.0, 0.0, 0.0, 0.0, 0.0, 0.0, 0.0, 0.0, 0.0, 0.0, 0.0, 0.0, 0.0, 0.0, 0.0, 0.0, 0.0, 0.0, 0.0, 0.0, 0.0, 0.0, 0.0, 0.0, 0.0, 0.0, 0.0]",[9]
burgers,256×256,0.2,139.9403436083024,44,WSINDy,0.011471787263131139,0.011471787263131139,True,True,1,0,0,1.0,1.0,1.0,1.0,True,MSTLS support stable,5,0.00909683297504671,0.040276290965266526,"[0.0, 0.0, 0.0, 0.0, 0.0, 0.0, 0.0, 0.0, 0.0, -0.49426410636843443, 0.0, 0.0, 0.0, 0.0, 0.0, 0.0, 0.0, 0.0, 0.0, 0.0, 0.0, 0.0, 0.0, 0.0, 0.0, 0.0, 0.0, 0.0, 0.0, 0.0, 0.0, 0.0, 0.0, 0.0, 0.0, 0.0, 0.0, 0.0, 0.0, 0.0, 0.0, 0.0, 0.0, 0.0, 0.0, 0.0, 0.0, 0.0, 0.0]",[9]
burgers,256×256,0.2,139.9403436083024,45,WSINDy,0.0004532796490894775,0.0004532796490894775,True,True,1,0,0,1.0,1.0,1.0,1.0,True,MSTLS support stable,4,0.007298749987967312,0.03874016596819274,"[0.0, 0.0, 0.0, 0.0, 0.0, 0.0, 0.0, 0.0, 0.0, -0.5002266398245447, 0.0, 0.0, 0.0, 0.0, 0.0, 0.0, 0.0, 0.0, 0.0, 0.0, 0.0, 0.0, 0.0, 0.0, 0.0, 0.0, 0.0, 0.0, 0.0, 0.0, 0.0, 0.0, 0.0, 0.0, 0.0, 0.0, 0.0, 0.0, 0.0, 0.0, 0.0, 0.0, 0.0, 0.0, 0.0, 0.0, 0.0, 0.0, 0.0]",[9]
burgers,256×256,0.2,139.9403436083024,46,WSINDy,0.0027717204940427287,0.0027717204940427287,True,True,1,0,0,1.0,1.0,1.0,1.0,True,MSTLS support stable,5,0.007610708009451628,0.03916279203258455,"[0.0, 0.0, 0.0, 0.0, 0.0, 0.0, 0.0, 0.0, 0.0, -0.5013858602470214, 0.0, 0.0, 0.0, 0.0, 0.0, 0.0, 0.0, 0.0, 0.0, 0.0, 0.0, 0.0, 0.0, 0.0, 0.0, 0.0, 0.0, 0.0, 0.0, 0.0, 0.0, 0.0, 0.0, 0.0, 0.0, 0.0, 0.0, 0.0, 0.0, 0.0, 0.0, 0.0, 0.0, 0.0, 0.0, 0.0, 0.0, 0.0, 0.0]",[9]
burgers,256×256,0.2,139.9403436083024,47,WSINDy,0.0016764299825475781,0.0016764299825475781,True,True,1,0,0,1.0,1.0,1.0,1.0,True,MSTLS support stable,4,0.007701499998802319,0.03956558401114307,"[0.0, 0.0, 0.0, 0.0, 0.0, 0.0, 0.0, 0.0, 0.0, -0.4991617850087262, 0.0, 0.0, 0.0, 0.0, 0.0, 0.0, 0.0, 0.0, 0.0, 0.0, 0.0, 0.0, 0.0, 0.0, 0.0, 0.0, 0.0, 0.0, 0.0, 0.0, 0.0, 0.0, 0.0, 0.0, 0.0, 0.0, 0.0, 0.0, 0.0, 0.0, 0.0, 0.0, 0.0, 0.0, 0.0, 0.0, 0.0, 0.0, 0.0]",[9]
burgers,256×256,0.2,139.9403436083024,48,WSINDy,0.008694248581131658,0.008694248581131658,True,True,1,0,0,1.0,1.0,1.0,1.0,True,MSTLS support stable,4,0.007243375002872199,0.03878970799269155,"[0.0, 0.0, 0.0, 0.0, 0.0, 0.0, 0.0, 0.0, 0.0, -0.49565287570943417, 0.0, 0.0, 0.0, 0.0, 0.0, 0.0, 0.0, 0.0, 0.0, 0.0, 0.0, 0.0, 0.0, 0.0, 0.0, 0.0, 0.0, 0.0, 0.0, 0.0, 0.0, 0.0, 0.0, 0.0, 0.0, 0.0, 0.0, 0.0, 0.0, 0.0, 0.0, 0.0, 0.0, 0.0, 0.0, 0.0, 0.0, 0.0, 0.0]",[9]
burgers,256×256,0.2,139.9403436083024,49,WSINDy,0.0005699509209100562,0.0005699509209100562,True,True,1,0,0,1.0,1.0,1.0,1.0,True,MSTLS support stable,7,0.007883666025009006,0.039335624023806304,"[0.0, 0.0, 0.0, 0.0, 0.0, 0.0, 0.0, 0.0, 0.0, -0.500284975460455, 0.0, 0.0, 0.0, 0.0, 0.0, 0.0, 0.0, 0.0, 0.0, 0.0, 0.0, 0.0, 0.0, 0.0, 0.0, 0.0, 0.0, 0.0, 0.0, 0.0, 0.0, 0.0, 0.0, 0.0, 0.0, 0.0, 0.0, 0.0, 0.0, 0.0, 0.0, 0.0, 0.0, 0.0, 0.0, 0.0, 0.0, 0.0, 0.0]",[9]
burgers,256×256,0.2,139.9403436083024,50,WSINDy,9.27802939246769e-05,9.27802939246769e-05,True,True,1,0,0,1.0,1.0,1.0,1.0,True,MSTLS support stable,6,0.009541582985548303,0.041468124982202426,"[0.0, 0.0, 0.0, 0.0, 0.0, 0.0, 0.0, 0.0, 0.0, -0.49995360985303766, 0.0, 0.0, 0.0, 0.0, 0.0, 0.0, 0.0, 0.0, 0.0, 0.0, 0.0, 0.0, 0.0, 0.0, 0.0, 0.0, 0.0, 0.0, 0.0, 0.0, 0.0, 0.0, 0.0, 0.0, 0.0, 0.0, 0.0, 0.0, 0.0, 0.0, 0.0, 0.0, 0.0, 0.0, 0.0, 0.0, 0.0, 0.0, 0.0]",[9]
burgers,256×256,0.2,139.9403436083024,51,WSINDy,0.008244825880575402,0.008244825880575402,True,True,1,0,0,1.0,1.0,1.0,1.0,True,MSTLS support stable,4,0.007768292009131983,0.03928375002578832,"[0.0, 0.0, 0.0, 0.0, 0.0, 0.0, 0.0, 0.0, 0.0, -0.5041224129402877, 0.0, 0.0, 0.0, 0.0, 0.0, 0.0, 0.0, 0.0, 0.0, 0.0, 0.0, 0.0, 0.0, 0.0, 0.0, 0.0, 0.0, 0.0, 0.0, 0.0, 0.0, 0.0, 0.0, 0.0, 0.0, 0.0, 0.0, 0.0, 0.0, 0.0, 0.0, 0.0, 0.0, 0.0, 0.0, 0.0, 0.0, 0.0, 0.0]",[9]
burgers,256×256,0.2,139.9403436083024,52,WSINDy,0.006655644138216621,0.006655644138216621,True,True,1,0,0,1.0,1.0,1.0,1.0,True,MSTLS support stable,5,0.00776483298977837,0.03868466697167605,"[0.0, 0.0, 0.0, 0.0, 0.0, 0.0, 0.0, 0.0, 0.0, -0.5033278220691083, 0.0, 0.0, 0.0, 0.0, 0.0, 0.0, 0.0, 0.0, 0.0, 0.0, 0.0, 0.0, 0.0, 0.0, 0.0, 0.0, 0.0, 0.0, 0.0, 0.0, 0.0, 0.0, 0.0, 0.0, 0.0, 0.0, 0.0, 0.0, 0.0, 0.0, 0.0, 0.0, 0.0, 0.0, 0.0, 0.0, 0.0, 0.0, 0.0]",[9]
burgers,256×256,0.2,139.9403436083024,53,WSINDy,0.00369256271659979,0.00369256271659979,True,True,1,0,0,1.0,1.0,1.0,1.0,True,MSTLS support stable,4,0.008378624974284321,0.040698040975257754,"[0.0, 0.0, 0.0, 0.0, 0.0, 0.0, 0.0, 0.0, 0.0, -0.4981537186417001, 0.0, 0.0, 0.0, 0.0, 0.0, 0.0, 0.0, 0.0, 0.0, 0.0, 0.0, 0.0, 0.0, 0.0, 0.0, 0.0, 0.0, 0.0, 0.0, 0.0, 0.0, 0.0, 0.0, 0.0, 0.0, 0.0, 0.0, 0.0, 0.0, 0.0, 0.0, 0.0, 0.0, 0.0, 0.0, 0.0, 0.0, 0.0, 0.0]",[9]
burgers,256×256,0.2,139.9403436083024,54,WSINDy,7.566774038070267e-05,7.566774038070267e-05,True,True,1,0,0,1.0,1.0,1.0,1.0,True,MSTLS support stable,4,0.008478708972688764,0.04055620898725465,"[0.0, 0.0, 0.0, 0.0, 0.0, 0.0, 0.0, 0.0, 0.0, -0.49996216612980965, 0.0, 0.0, 0.0, 0.0, 0.0, 0.0, 0.0, 0.0, 0.0, 0.0, 0.0, 0.0, 0.0, 0.0, 0.0, 0.0, 0.0, 0.0, 0.0, 0.0, 0.0, 0.0, 0.0, 0.0, 0.0, 0.0, 0.0, 0.0, 0.0, 0.0, 0.0, 0.0, 0.0, 0.0, 0.0, 0.0, 0.0, 0.0, 0.0]",[9]
burgers,256×256,0.2,139.9403436083024,55,WSINDy,0.005593912794427225,0.005593912794427225,True,True,1,0,0,1.0,1.0,1.0,1.0,True,MSTLS support stable,4,0.008861207985319197,0.04069845800404437,"[0.0, 0.0, 0.0, 0.0, 0.0, 0.0, 0.0, 0.0, 0.0, -0.4972030436027864, 0.0, 0.0, 0.0, 0.0, 0.0, 0.0, 0.0, 0.0, 0.0, 0.0, 0.0, 0.0, 0.0, 0.0, 0.0, 0.0, 0.0, 0.0, 0.0, 0.0, 0.0, 0.0, 0.0, 0.0, 0.0, 0.0, 0.0, 0.0, 0.0, 0.0, 0.0, 0.0, 0.0, 0.0, 0.0, 0.0, 0.0, 0.0, 0.0]",[9]
burgers,256×256,0.2,139.9403436083024,56,WSINDy,0.0048111144945832685,0.0048111144945832685,True,True,1,0,0,1.0,1.0,1.0,1.0,True,MSTLS support stable,4,0.008226083999034017,0.04024604198639281,"[0.0, 0.0, 0.0, 0.0, 0.0, 0.0, 0.0, 0.0, 0.0, -0.5024055572472916, 0.0, 0.0, 0.0, 0.0, 0.0, 0.0, 0.0, 0.0, 0.0, 0.0, 0.0, 0.0, 0.0, 0.0, 0.0, 0.0, 0.0, 0.0, 0.0, 0.0, 0.0, 0.0, 0.0, 0.0, 0.0, 0.0, 0.0, 0.0, 0.0, 0.0, 0.0, 0.0, 0.0, 0.0, 0.0, 0.0, 0.0, 0.0, 0.0]",[9]
burgers,256×256,0.2,139.9403436083024,57,WSINDy,0.0029003417763140416,0.0029003417763140416,True,True,1,0,0,1.0,1.0,1.0,1.0,True,MSTLS support stable,4,0.0074439589807298034,0.0378673339728266,"[0.0, 0.0, 0.0, 0.0, 0.0, 0.0, 0.0, 0.0, 0.0, -0.501450170888157, 0.0, 0.0, 0.0, 0.0, 0.0, 0.0, 0.0, 0.0, 0.0, 0.0, 0.0, 0.0, 0.0, 0.0, 0.0, 0.0, 0.0, 0.0, 0.0, 0.0, 0.0, 0.0, 0.0, 0.0, 0.0, 0.0, 0.0, 0.0, 0.0, 0.0, 0.0, 0.0, 0.0, 0.0, 0.0, 0.0, 0.0, 0.0, 0.0]",[9]
burgers,256×256,0.2,139.9403436083024,58,WSINDy,0.009961479173093202,0.009961479173093202,True,True,1,0,0,1.0,1.0,1.0,1.0,True,MSTLS support stable,4,0.008709374989848584,0.03946291597094387,"[0.0, 0.0, 0.0, 0.0, 0.0, 0.0, 0.0, 0.0, 0.0, -0.4950192604134534, 0.0, 0.0, 0.0, 0.0, 0.0, 0.0, 0.0, 0.0, 0.0, 0.0, 0.0, 0.0, 0.0, 0.0, 0.0, 0.0, 0.0, 0.0, 0.0, 0.0, 0.0, 0.0, 0.0, 0.0, 0.0, 0.0, 0.0, 0.0, 0.0, 0.0, 0.0, 0.0, 0.0, 0.0, 0.0, 0.0, 0.0, 0.0, 0.0]",[9]
burgers,256×256,0.2,139.9403436083024,59,WSINDy,0.0030739461019784198,0.0030739461019784198,True,True,1,0,0,1.0,1.0,1.0,1.0,True,MSTLS support stable,4,0.00844337500166148,0.0395554999995511,"[0.0, 0.0, 0.0, 0.0, 0.0, 0.0, 0.0, 0.0, 0.0, -0.5015369730509892, 0.0, 0.0, 0.0, 0.0, 0.0, 0.0, 0.0, 0.0, 0.0, 0.0, 0.0, 0.0, 0.0, 0.0, 0.0, 0.0, 0.0, 0.0, 0.0, 0.0, 0.0, 0.0, 0.0, 0.0, 0.0, 0.0, 0.0, 0.0, 0.0, 0.0, 0.0, 0.0, 0.0, 0.0, 0.0, 0.0, 0.0, 0.0, 0.0]",[9]
burgers,256×256,0.2,139.9403436083024,60,WSINDy,0.0011889178918247367,0.0011889178918247367,True,True,1,0,0,1.0,1.0,1.0,1.0,True,MSTLS support stable,5,0.00756724999519065,0.03966245800256729,"[0.0, 0.0, 0.0, 0.0, 0.0, 0.0, 0.0, 0.0, 0.0, -0.5005944589459124, 0.0, 0.0, 0.0, 0.0, 0.0, 0.0, 0.0, 0.0, 0.0, 0.0, 0.0, 0.0, 0.0, 0.0, 0.0, 0.0, 0.0, 0.0, 0.0, 0.0, 0.0, 0.0, 0.0, 0.0, 0.0, 0.0, 0.0, 0.0, 0.0, 0.0, 0.0, 0.0, 0.0, 0.0, 0.0, 0.0, 0.0, 0.0, 0.0]",[9]
burgers,256×256,0.2,139.9403436083024,61,WSINDy,0.003797422373352788,0.003797422373352788,True,True,1,0,0,1.0,1.0,1.0,1.0,True,MSTLS support stable,4,0.009541458013700321,0.039981791022000834,"[0.0, 0.0, 0.0, 0.0, 0.0, 0.0, 0.0, 0.0, 0.0, -0.5018987111866764, 0.0, 0.0, 0.0, 0.0, 0.0, 0.0, 0.0, 0.0, 0.0, 0.0, 0.0, 0.0, 0.0, 0.0, 0.0, 0.0, 0.0, 0.0, 0.0, 0.0, 0.0, 0.0, 0.0, 0.0, 0.0, 0.0, 0.0, 0.0, 0.0, 0.0, 0.0, 0.0, 0.0, 0.0, 0.0, 0.0, 0.0, 0.0, 0.0]",[9]
burgers,256×256,0.2,139.9403436083024,62,WSINDy,0.001491902688615987,0.001491902688615987,True,True,1,0,0,1.0,1.0,1.0,1.0,True,MSTLS support stable,5,0.007919374998891726,0.03935887501575053,"[0.0, 0.0, 0.0, 0.0, 0.0, 0.0, 0.0, 0.0, 0.0, -0.500745951344308, 0.0, 0.0, 0.0, 0.0, 0.0, 0.0, 0.0, 0.0, 0.0, 0.0, 0.0, 0.0, 0.0, 0.0, 0.0, 0.0, 0.0, 0.0, 0.0, 0.0, 0.0, 0.0, 0.0, 0.0, 0.0, 0.0, 0.0, 0.0, 0.0, 0.0, 0.0, 0.0, 0.0, 0.0, 0.0, 0.0, 0.0, 0.0, 0.0]",[9]
burgers,256×256,0.2,139.9403436083024,63,WSINDy,0.0020705922605201987,0.0020705922605201987,True,True,1,0,0,1.0,1.0,1.0,1.0,True,MSTLS support stable,5,0.00889625001582317,0.03989887502393685,"[0.0, 0.0, 0.0, 0.0, 0.0, 0.0, 0.0, 0.0, 0.0, -0.5010352961302601, 0.0, 0.0, 0.0, 0.0, 0.0, 0.0, 0.0, 0.0, 0.0, 0.0, 0.0, 0.0, 0.0, 0.0, 0.0, 0.0, 0.0, 0.0, 0.0, 0.0, 0.0, 0.0, 0.0, 0.0, 0.0, 0.0, 0.0, 0.0, 0.0, 0.0, 0.0, 0.0, 0.0, 0.0, 0.0, 0.0, 0.0, 0.0, 0.0]",[9]
burgers,256×256,0.2,139.9403436083024,64,WSINDy,0.0006298760121248304,0.0006298760121248304,True,True,1,0,0,1.0,1.0,1.0,1.0,True,MSTLS support stable,6,0.008866042015142739,0.039194250013679266,"[0.0, 0.0, 0.0, 0.0, 0.0, 0.0, 0.0, 0.0, 0.0, -0.5003149380060624, 0.0, 0.0, 0.0, 0.0, 0.0, 0.0, 0.0, 0.0, 0.0, 0.0, 0.0, 0.0, 0.0, 0.0, 0.0, 0.0, 0.0, 0.0, 0.0, 0.0, 0.0, 0.0, 0.0, 0.0, 0.0, 0.0, 0.0, 0.0, 0.0, 0.0, 0.0, 0.0, 0.0, 0.0, 0.0, 0.0, 0.0, 0.0, 0.0]",[9]
burgers,256×256,0.2,139.9403436083024,65,WSINDy,0.012648416219509961,0.012648416219509961,True,True,1,0,0,1.0,1.0,1.0,1.0,True,MSTLS support stable,4,0.008551916980650276,0.039559000986628234,"[0.0, 0.0, 0.0, 0.0, 0.0, 0.0, 0.0, 0.0, 0.0, -0.506324208109755, 0.0, 0.0, 0.0, 0.0, 0.0, 0.0, 0.0, 0.0, 0.0, 0.0, 0.0, 0.0, 0.0, 0.0, 0.0, 0.0, 0.0, 0.0, 0.0, 0.0, 0.0, 0.0, 0.0, 0.0, 0.0, 0.0, 0.0, 0.0, 0.0, 0.0, 0.0, 0.0, 0.0, 0.0, 0.0, 0.0, 0.0, 0.0, 0.0]",[9]
burgers,256×256,0.2,139.9403436083024,66,WSINDy,2.5317145941561314e-05,2.5317145941561314e-05,True,True,1,0,0,1.0,1.0,1.0,1.0,True,MSTLS support stable,5,0.007612417015479878,0.038718209019862115,"[0.0, 0.0, 0.0, 0.0, 0.0, 0.0, 0.0, 0.0, 0.0, -0.4999873414270292, 0.0, 0.0, 0.0, 0.0, 0.0, 0.0, 0.0, 0.0, 0.0, 0.0, 0.0, 0.0, 0.0, 0.0, 0.0, 0.0, 0.0, 0.0, 0.0, 0.0, 0.0, 0.0, 0.0, 0.0, 0.0, 0.0, 0.0, 0.0, 0.0, 0.0, 0.0, 0.0, 0.0, 0.0, 0.0, 0.0, 0.0, 0.0, 0.0]",[9]
burgers,256×256,0.2,139.9403436083024,67,WSINDy,0.004346827791153252,0.004346827791153252,True,True,1,0,0,1.0,1.0,1.0,1.0,True,MSTLS support stable,5,0.008527541009243578,0.03900183300720528,"[0.0, 0.0, 0.0, 0.0, 0.0, 0.0, 0.0, 0.0, 0.0, -0.4978265861044234, 0.0, 0.0, 0.0, 0.0, 0.0, 0.0, 0.0, 0.0, 0.0, 0.0, 0.0, 0.0, 0.0, 0.0, 0.0, 0.0, 0.0, 0.0, 0.0, 0.0, 0.0, 0.0, 0.0, 0.0, 0.0, 0.0, 0.0, 0.0, 0.0, 0.0, 0.0, 0.0, 0.0, 0.0, 0.0, 0.0, 0.0, 0.0, 0.0]",[9]
burgers,256×256,0.2,139.9403436083024,68,WSINDy,0.0026626551763735407,0.0026626551763735407,True,True,1,0,0,1.0,1.0,1.0,1.0,True,MSTLS support stable,4,0.008080957981292158,0.038508249970618635,"[0.0, 0.0, 0.0, 0.0, 0.0, 0.0, 0.0, 0.0, 0.0, -0.5013313275881868, 0.0, 0.0, 0.0, 0.0, 0.0, 0.0, 0.0, 0.0, 0.0, 0.0, 0.0, 0.0, 0.0, 0.0, 0.0, 0.0, 0.0, 0.0, 0.0, 0.0, 0.0, 0.0, 0.0, 0.0, 0.0, 0.0, 0.0, 0.0, 0.0, 0.0, 0.0, 0.0, 0.0, 0.0, 0.0, 0.0, 0.0, 0.0, 0.0]",[9]
burgers,256×256,0.2,139.9403436083024,69,WSINDy,0.002048234310638053,0.002048234310638053,True,True,1,0,0,1.0,1.0,1.0,1.0,True,MSTLS support stable,5,0.007933082990348339,0.03977229096926749,"[0.0, 0.0, 0.0, 0.0, 0.0, 0.0, 0.0, 0.0, 0.0, -0.501024117155319, 0.0, 0.0, 0.0, 0.0, 0.0, 0.0, 0.0, 0.0, 0.0, 0.0, 0.0, 0.0, 0.0, 0.0, 0.0, 0.0, 0.0, 0.0, 0.0, 0.0, 0.0, 0.0, 0.0, 0.0, 0.0, 0.0, 0.0, 0.0, 0.0, 0.0, 0.0, 0.0, 0.0, 0.0, 0.0, 0.0, 0.0, 0.0, 0.0]",[9]
burgers,256×256,0.2,139.9403436083024,70,WSINDy,0.0006465770383183855,0.0006465770383183855,True,True,1,0,0,1.0,1.0,1.0,1.0,True,MSTLS support stable,5,0.008396166987949982,0.04014787499909289,"[0.0, 0.0, 0.0, 0.0, 0.0, 0.0, 0.0, 0.0, 0.0, -0.5003232885191592, 0.0, 0.0, 0.0, 0.0, 0.0, 0.0, 0.0, 0.0, 0.0, 0.0, 0.0, 0.0, 0.0, 0.0, 0.0, 0.0, 0.0, 0.0, 0.0, 0.0, 0.0, 0.0, 0.0, 0.0, 0.0, 0.0, 0.0, 0.0, 0.0, 0.0, 0.0, 0.0, 0.0, 0.0, 0.0, 0.0, 0.0, 0.0, 0.0]",[9]
burgers,256×256,0.2,139.9403436083024,71,WSINDy,0.0004939423487773098,0.0004939423487773098,True,True,1,0,0,1.0,1.0,1.0,1.0,True,MSTLS support stable,4,0.007329041982302442,0.03914483400876634,"[0.0, 0.0, 0.0, 0.0, 0.0, 0.0, 0.0, 0.0, 0.0, -0.49975302882561135, 0.0, 0.0, 0.0, 0.0, 0.0, 0.0, 0.0, 0.0, 0.0, 0.0, 0.0, 0.0, 0.0, 0.0, 0.0, 0.0, 0.0, 0.0, 0.0, 0.0, 0.0, 0.0, 0.0, 0.0, 0.0, 0.0, 0.0, 0.0, 0.0, 0.0, 0.0, 0.0, 0.0, 0.0, 0.0, 0.0, 0.0, 0.0, 0.0]",[9]
burgers,256×256,0.2,139.9403436083024,72,WSINDy,0.0045734744139589445,0.0045734744139589445,True,True,1,0,0,1.0,1.0,1.0,1.0,True,MSTLS support stable,5,0.008626333001302555,0.04046858299989253,"[0.0, 0.0, 0.0, 0.0, 0.0, 0.0, 0.0, 0.0, 0.0, -0.4977132627930205, 0.0, 0.0, 0.0, 0.0, 0.0, 0.0, 0.0, 0.0, 0.0, 0.0, 0.0, 0.0, 0.0, 0.0, 0.0, 0.0, 0.0, 0.0, 0.0, 0.0, 0.0, 0.0, 0.0, 0.0, 0.0, 0.0, 0.0, 0.0, 0.0, 0.0, 0.0, 0.0, 0.0, 0.0, 0.0, 0.0, 0.0, 0.0, 0.0]",[9]
burgers,256×256,0.2,139.9403436083024,73,WSINDy,0.002552045959792082,0.002552045959792082,True,True,1,0,0,1.0,1.0,1.0,1.0,True,MSTLS support stable,4,0.009345124999526888,0.041198624996468425,"[0.0, 0.0, 0.0, 0.0, 0.0, 0.0, 0.0, 0.0, 0.0, -0.501276022979896, 0.0, 0.0, 0.0, 0.0, 0.0, 0.0, 0.0, 0.0, 0.0, 0.0, 0.0, 0.0, 0.0, 0.0, 0.0, 0.0, 0.0, 0.0, 0.0, 0.0, 0.0, 0.0, 0.0, 0.0, 0.0, 0.0, 0.0, 0.0, 0.0, 0.0, 0.0, 0.0, 0.0, 0.0, 0.0, 0.0, 0.0, 0.0, 0.0]",[9]
burgers,256×256,0.2,139.9403436083024,74,WSINDy,0.005166893660679683,0.005166893660679683,True,True,1,0,0,1.0,1.0,1.0,1.0,True,MSTLS support stable,5,0.008574833016609773,0.04039350000675768,"[0.0, 0.0, 0.0, 0.0, 0.0, 0.0, 0.0, 0.0, 0.0, -0.49741655316966016, 0.0, 0.0, 0.0, 0.0, 0.0, 0.0, 0.0, 0.0, 0.0, 0.0, 0.0, 0.0, 0.0, 0.0, 0.0, 0.0, 0.0, 0.0, 0.0, 0.0, 0.0, 0.0, 0.0, 0.0, 0.0, 0.0, 0.0, 0.0, 0.0, 0.0, 0.0, 0.0, 0.0, 0.0, 0.0, 0.0, 0.0, 0.0, 0.0]",[9]
burgers,256×256,0.2,139.9403436083024,75,WSINDy,1.9833478608566324e-05,1.9833478608566324e-05,True,True,1,0,0,1.0,1.0,1.0,1.0,True,MSTLS support stable,5,0.008758957992540672,0.04030933300964534,"[0.0, 0.0, 0.0, 0.0, 0.0, 0.0, 0.0, 0.0, 0.0, -0.5000099167393043, 0.0, 0.0, 0.0, 0.0, 0.0, 0.0, 0.0, 0.0, 0.0, 0.0, 0.0, 0.0, 0.0, 0.0, 0.0, 0.0, 0.0, 0.0, 0.0, 0.0, 0.0, 0.0, 0.0, 0.0, 0.0, 0.0, 0.0, 0.0, 0.0, 0.0, 0.0, 0.0, 0.0, 0.0, 0.0, 0.0, 0.0, 0.0, 0.0]",[9]
burgers,256×256,0.2,139.9403436083024,76,WSINDy,0.0014392776095576432,0.0014392776095576432,True,True,1,0,0,1.0,1.0,1.0,1.0,True,MSTLS support stable,5,0.007428624987369403,0.03934866699273698,"[0.0, 0.0, 0.0, 0.0, 0.0, 0.0, 0.0, 0.0, 0.0, -0.4992803611952212, 0.0, 0.0, 0.0, 0.0, 0.0, 0.0, 0.0, 0.0, 0.0, 0.0, 0.0, 0.0, 0.0, 0.0, 0.0, 0.0, 0.0, 0.0, 0.0, 0.0, 0.0, 0.0, 0.0, 0.0, 0.0, 0.0, 0.0, 0.0, 0.0, 0.0, 0.0, 0.0, 0.0, 0.0, 0.0, 0.0, 0.0, 0.0, 0.0]",[9]
burgers,256×256,0.2,139.9403436083024,77,WSINDy,0.0027104991042943283,0.0027104991042943283,True,True,1,0,0,1.0,1.0,1.0,1.0,True,MSTLS support stable,5,0.009328290994744748,0.04160120798042044,"[0.0, 0.0, 0.0, 0.0, 0.0, 0.0, 0.0, 0.0, 0.0, -0.5013552495521472, 0.0, 0.0, 0.0, 0.0, 0.0, 0.0, 0.0, 0.0, 0.0, 0.0, 0.0, 0.0, 0.0, 0.0, 0.0, 0.0, 0.0, 0.0, 0.0, 0.0, 0.0, 0.0, 0.0, 0.0, 0.0, 0.0, 0.0, 0.0, 0.0, 0.0, 0.0, 0.0, 0.0, 0.0, 0.0, 0.0, 0.0, 0.0, 0.0]",[9]
burgers,256×256,0.2,139.9403436083024,78,WSINDy,0.0010295958548935946,0.0010295958548935946,True,True,1,0,0,1.0,1.0,1.0,1.0,True,MSTLS support stable,5,0.00782912501017563,0.04030633298680186,"[0.0, 0.0, 0.0, 0.0, 0.0, 0.0, 0.0, 0.0, 0.0, -0.5005147979274468, 0.0, 0.0, 0.0, 0.0, 0.0, 0.0, 0.0, 0.0, 0.0, 0.0, 0.0, 0.0, 0.0, 0.0, 0.0, 0.0, 0.0, 0.0, 0.0, 0.0, 0.0, 0.0, 0.0, 0.0, 0.0, 0.0, 0.0, 0.0, 0.0, 0.0, 0.0, 0.0, 0.0, 0.0, 0.0, 0.0, 0.0, 0.0, 0.0]",[9]
burgers,256×256,0.2,139.9403436083024,79,WSINDy,0.0023520779706462935,0.0023520779706462935,True,True,1,0,0,1.0,1.0,1.0,1.0,True,MSTLS support stable,5,0.007828041008906439,0.03966908299480565,"[0.0, 0.0, 0.0, 0.0, 0.0, 0.0, 0.0, 0.0, 0.0, -0.49882396101467685, 0.0, 0.0, 0.0, 0.0, 0.0, 0.0, 0.0, 0.0, 0.0, 0.0, 0.0, 0.0, 0.0, 0.0, 0.0, 0.0, 0.0, 0.0, 0.0, 0.0, 0.0, 0.0, 0.0, 0.0, 0.0, 0.0, 0.0, 0.0, 0.0, 0.0, 0.0, 0.0, 0.0, 0.0, 0.0, 0.0, 0.0, 0.0, 0.0]",[9]
burgers,256×256,0.2,139.9403436083024,80,WSINDy,0.005458912675296301,0.005458912675296301,True,True,1,0,0,1.0,1.0,1.0,1.0,True,MSTLS support stable,4,0.008556249988032505,0.03989479198935442,"[0.0, 0.0, 0.0, 0.0, 0.0, 0.0, 0.0, 0.0, 0.0, -0.49727054366235185, 0.0, 0.0, 0.0, 0.0, 0.0, 0.0, 0.0, 0.0, 0.0, 0.0, 0.0, 0.0, 0.0, 0.0, 0.0, 0.0, 0.0, 0.0, 0.0, 0.0, 0.0, 0.0, 0.0, 0.0, 0.0, 0.0, 0.0, 0.0, 0.0, 0.0, 0.0, 0.0, 0.0, 0.0, 0.0, 0.0, 0.0, 0.0, 0.0]",[9]
burgers,256×256,0.2,139.9403436083024,81,WSINDy,0.0019384717518614591,0.0019384717518614591,True,True,1,0,0,1.0,1.0,1.0,1.0,True,MSTLS support stable,5,0.008314334001624957,0.040455459005897865,"[0.0, 0.0, 0.0, 0.0, 0.0, 0.0, 0.0, 0.0, 0.0, -0.49903076412406927, 0.0, 0.0, 0.0, 0.0, 0.0, 0.0, 0.0, 0.0, 0.0, 0.0, 0.0, 0.0, 0.0, 0.0, 0.0, 0.0, 0.0, 0.0, 0.0, 0.0, 0.0, 0.0, 0.0, 0.0, 0.0, 0.0, 0.0, 0.0, 0.0, 0.0, 0.0, 0.0, 0.0, 0.0, 0.0, 0.0, 0.0, 0.0, 0.0]",[9]
burgers,256×256,0.2,139.9403436083024,82,WSINDy,0.0016206275386556612,0.0016206275386556612,True,True,1,0,0,1.0,1.0,1.0,1.0,True,MSTLS support stable,4,0.008068791008554399,0.039853666006820276,"[0.0, 0.0, 0.0, 0.0, 0.0, 0.0, 0.0, 0.0, 0.0, -0.5008103137693278, 0.0, 0.0, 0.0, 0.0, 0.0, 0.0, 0.0, 0.0, 0.0, 0.0, 0.0, 0.0, 0.0, 0.0, 0.0, 0.0, 0.0, 0.0, 0.0, 0.0, 0.0, 0.0, 0.0, 0.0, 0.0, 0.0, 0.0, 0.0, 0.0, 0.0, 0.0, 0.0, 0.0, 0.0, 0.0, 0.0, 0.0, 0.0, 0.0]",[9]
burgers,256×256,0.2,139.9403436083024,83,WSINDy,0.0026201269146510775,0.0026201269146510775,True,True,1,0,0,1.0,1.0,1.0,1.0,True,MSTLS support stable,4,0.007864416984375566,0.03911433299072087,"[0.0, 0.0, 0.0, 0.0, 0.0, 0.0, 0.0, 0.0, 0.0, -0.49868993654267446, 0.0, 0.0, 0.0, 0.0, 0.0, 0.0, 0.0, 0.0, 0.0, 0.0, 0.0, 0.0, 0.0, 0.0, 0.0, 0.0, 0.0, 0.0, 0.0, 0.0, 0.0, 0.0, 0.0, 0.0, 0.0, 0.0, 0.0, 0.0, 0.0, 0.0, 0.0, 0.0, 0.0, 0.0, 0.0, 0.0, 0.0, 0.0, 0.0]",[9]
burgers,256×256,0.2,139.9403436083024,84,WSINDy,0.005206340741033766,0.005206340741033766,True,True,1,0,0,1.0,1.0,1.0,1.0,True,MSTLS support stable,4,0.00768445897847414,0.03793058398878202,"[0.0, 0.0, 0.0, 0.0, 0.0, 0.0, 0.0, 0.0, 0.0, -0.4973968296294831, 0.0, 0.0, 0.0, 0.0, 0.0, 0.0, 0.0, 0.0, 0.0, 0.0, 0.0, 0.0, 0.0, 0.0, 0.0, 0.0, 0.0, 0.0, 0.0, 0.0, 0.0, 0.0, 0.0, 0.0, 0.0, 0.0, 0.0, 0.0, 0.0, 0.0, 0.0, 0.0, 0.0, 0.0, 0.0, 0.0, 0.0, 0.0, 0.0]",[9]
burgers,256×256,0.2,139.9403436083024,85,WSINDy,0.0033729719140063175,0.0033729719140063175,True,True,1,0,0,1.0,1.0,1.0,1.0,True,MSTLS support stable,4,0.007854667026549578,0.03971720900153741,"[0.0, 0.0, 0.0, 0.0, 0.0, 0.0, 0.0, 0.0, 0.0, -0.5016864859570032, 0.0, 0.0, 0.0, 0.0, 0.0, 0.0, 0.0, 0.0, 0.0, 0.0, 0.0, 0.0, 0.0, 0.0, 0.0, 0.0, 0.0, 0.0, 0.0, 0.0, 0.0, 0.0, 0.0, 0.0, 0.0, 0.0, 0.0, 0.0, 0.0, 0.0, 0.0, 0.0, 0.0, 0.0, 0.0, 0.0, 0.0, 0.0, 0.0]",[9]
burgers,256×256,0.2,139.9403436083024,86,WSINDy,0.0005322299580077239,0.0005322299580077239,True,True,1,0,0,1.0,1.0,1.0,1.0,True,MSTLS support stable,4,0.008020542009035125,0.03885212502791546,"[0.0, 0.0, 0.0, 0.0, 0.0, 0.0, 0.0, 0.0, 0.0, -0.49973388502099614, 0.0, 0.0, 0.0, 0.0, 0.0, 0.0, 0.0, 0.0, 0.0, 0.0, 0.0, 0.0, 0.0, 0.0, 0.0, 0.0, 0.0, 0.0, 0.0, 0.0, 0.0, 0.0, 0.0, 0.0, 0.0, 0.0, 0.0, 0.0, 0.0, 0.0, 0.0, 0.0, 0.0, 0.0, 0.0, 0.0, 0.0, 0.0, 0.0]",[9]
burgers,256×256,0.2,139.9403436083024,87,WSINDy,0.008303840498395054,0.008303840498395054,True,True,1,0,0,1.0,1.0,1.0,1.0,True,MSTLS support stable,4,0.008180500008165836,0.039511167007731274,"[0.0, 0.0, 0.0, 0.0, 0.0, 0.0, 0.0, 0.0, 0.0, -0.5041519202491975, 0.0, 0.0, 0.0, 0.0, 0.0, 0.0, 0.0, 0.0, 0.0, 0.0, 0.0, 0.0, 0.0, 0.0, 0.0, 0.0, 0.0, 0.0, 0.0, 0.0, 0.0, 0.0, 0.0, 0.0, 0.0, 0.0, 0.0, 0.0, 0.0, 0.0, 0.0, 0.0, 0.0, 0.0, 0.0, 0.0, 0.0, 0.0, 0.0]",[9]
burgers,256×256,0.2,139.9403436083024,88,WSINDy,0.001897834384567032,0.001897834384567032,True,True,1,0,0,1.0,1.0,1.0,1.0,True,MSTLS support stable,4,0.008047500014072284,0.038305083027807996,"[0.0, 0.0, 0.0, 0.0, 0.0, 0.0, 0.0, 0.0, 0.0, -0.4990510828077165, 0.0, 0.0, 0.0, 0.0, 0.0, 0.0, 0.0, 0.0, 0.0, 0.0, 0.0, 0.0, 0.0, 0.0, 0.0, 0.0, 0.0, 0.0, 0.0, 0.0, 0.0, 0.0, 0.0, 0.0, 0.0, 0.0, 0.0, 0.0, 0.0, 0.0, 0.0, 0.0, 0.0, 0.0, 0.0, 0.0, 0.0, 0.0, 0.0]",[9]
burgers,256×256,0.2,139.9403436083024,89,WSINDy,0.0049323424648954894,0.0049323424648954894,True,True,1,0,0,1.0,1.0,1.0,1.0,True,MSTLS support stable,5,0.008082082989858463,0.03829345796839334,"[0.0, 0.0, 0.0, 0.0, 0.0, 0.0, 0.0, 0.0, 0.0, -0.49753382876755226, 0.0, 0.0, 0.0, 0.0, 0.0, 0.0, 0.0, 0.0, 0.0, 0.0, 0.0, 0.0, 0.0, 0.0, 0.0, 0.0, 0.0, 0.0, 0.0, 0.0, 0.0, 0.0, 0.0, 0.0, 0.0, 0.0, 0.0, 0.0, 0.0, 0.0, 0.0, 0.0, 0.0, 0.0, 0.0, 0.0, 0.0, 0.0, 0.0]",[9]
burgers,256×256,0.2,139.9403436083024,90,WSINDy,0.002263418810899087,0.002263418810899087,True,True,1,0,0,1.0,1.0,1.0,1.0,True,MSTLS support stable,4,0.007670082995900884,0.038634958007605746,"[0.0, 0.0, 0.0, 0.0, 0.0, 0.0, 0.0, 0.0, 0.0, -0.49886829059455046, 0.0, 0.0, 0.0, 0.0, 0.0, 0.0, 0.0, 0.0, 0.0, 0.0, 0.0, 0.0, 0.0, 0.0, 0.0, 0.0, 0.0, 0.0, 0.0, 0.0, 0.0, 0.0, 0.0, 0.0, 0.0, 0.0, 0.0, 0.0, 0.0, 0.0, 0.0, 0.0, 0.0, 0.0, 0.0, 0.0, 0.0, 0.0, 0.0]",[9]
burgers,256×256,0.2,139.9403436083024,91,WSINDy,0.007161588572272004,0.007161588572272004,True,True,1,0,0,1.0,1.0,1.0,1.0,True,MSTLS support stable,5,0.007178207975812256,0.03895237497636117,"[0.0, 0.0, 0.0, 0.0, 0.0, 0.0, 0.0, 0.0, 0.0, -0.503580794286136, 0.0, 0.0, 0.0, 0.0, 0.0, 0.0, 0.0, 0.0, 0.0, 0.0, 0.0, 0.0, 0.0, 0.0, 0.0, 0.0, 0.0, 0.0, 0.0, 0.0, 0.0, 0.0, 0.0, 0.0, 0.0, 0.0, 0.0, 0.0, 0.0, 0.0, 0.0, 0.0, 0.0, 0.0, 0.0, 0.0, 0.0, 0.0, 0.0]",[9]
burgers,256×256,0.2,139.9403436083024,92,WSINDy,0.01765838811787457,0.01765838811787457,True,True,1,0,0,1.0,1.0,1.0,1.0,True,MSTLS support stable,4,0.008285832998808473,0.03852945799008012,"[0.0, 0.0, 0.0, 0.0, 0.0, 0.0, 0.0, 0.0, 0.0, -0.4911708059410627, 0.0, 0.0, 0.0, 0.0, 0.0, 0.0, 0.0, 0.0, 0.0, 0.0, 0.0, 0.0, 0.0, 0.0, 0.0, 0.0, 0.0, 0.0, 0.0, 0.0, 0.0, 0.0, 0.0, 0.0, 0.0, 0.0, 0.0, 0.0, 0.0, 0.0, 0.0, 0.0, 0.0, 0.0, 0.0, 0.0, 0.0, 0.0, 0.0]",[9]
burgers,256×256,0.2,139.9403436083024,93,WSINDy,0.0034444030975410156,0.0034444030975410156,True,True,1,0,0,1.0,1.0,1.0,1.0,True,MSTLS support stable,5,0.008493957982864231,0.03938687496702187,"[0.0, 0.0, 0.0, 0.0, 0.0, 0.0, 0.0, 0.0, 0.0, -0.4982777984512295, 0.0, 0.0, 0.0, 0.0, 0.0, 0.0, 0.0, 0.0, 0.0, 0.0, 0.0, 0.0, 0.0, 0.0, 0.0, 0.0, 0.0, 0.0, 0.0, 0.0, 0.0, 0.0, 0.0, 0.0, 0.0, 0.0, 0.0, 0.0, 0.0, 0.0, 0.0, 0.0, 0.0, 0.0, 0.0, 0.0, 0.0, 0.0, 0.0]",[9]
burgers,256×256,0.2,139.9403436083024,94,WSINDy,0.005828207296002974,0.005828207296002974,True,True,1,0,0,1.0,1.0,1.0,1.0,True,MSTLS support stable,5,0.008632957993540913,0.039590500004123896,"[0.0, 0.0, 0.0, 0.0, 0.0, 0.0, 0.0, 0.0, 0.0, -0.5029141036480015, 0.0, 0.0, 0.0, 0.0, 0.0, 0.0, 0.0, 0.0, 0.0, 0.0, 0.0, 0.0, 0.0, 0.0, 0.0, 0.0, 0.0, 0.0, 0.0, 0.0, 0.0, 0.0, 0.0, 0.0, 0.0, 0.0, 0.0, 0.0, 0.0, 0.0, 0.0, 0.0, 0.0, 0.0, 0.0, 0.0, 0.0, 0.0, 0.0]",[9]
burgers,256×256,0.2,139.9403436083024,95,WSINDy,0.0031963687721900946,0.0031963687721900946,True,True,1,0,0,1.0,1.0,1.0,1.0,True,MSTLS support stable,5,0.007654374989215285,0.03772104100789875,"[0.0, 0.0, 0.0, 0.0, 0.0, 0.0, 0.0, 0.0, 0.0, -0.49840181561390495, 0.0, 0.0, 0.0, 0.0, 0.0, 0.0, 0.0, 0.0, 0.0, 0.0, 0.0, 0.0, 0.0, 0.0, 0.0, 0.0, 0.0, 0.0, 0.0, 0.0, 0.0, 0.0, 0.0, 0.0, 0.0, 0.0, 0.0, 0.0, 0.0, 0.0, 0.0, 0.0, 0.0, 0.0, 0.0, 0.0, 0.0, 0.0, 0.0]",[9]
burgers,256×256,0.2,139.9403436083024,96,WSINDy,0.0011093897483573922,0.0011093897483573922,True,True,1,0,0,1.0,1.0,1.0,1.0,True,MSTLS support stable,4,0.008155749994330108,0.0383553339925129,"[0.0, 0.0, 0.0, 0.0, 0.0, 0.0, 0.0, 0.0, 0.0, -0.5005546948741787, 0.0, 0.0, 0.0, 0.0, 0.0, 0.0, 0.0, 0.0, 0.0, 0.0, 0.0, 0.0, 0.0, 0.0, 0.0, 0.0, 0.0, 0.0, 0.0, 0.0, 0.0, 0.0, 0.0, 0.0, 0.0, 0.0, 0.0, 0.0, 0.0, 0.0, 0.0, 0.0, 0.0, 0.0, 0.0, 0.0, 0.0, 0.0, 0.0]",[9]
burgers,256×256,0.2,139.9403436083024,97,WSINDy,0.002629241281647876,0.002629241281647876,True,True,1,0,0,1.0,1.0,1.0,1.0,True,MSTLS support stable,5,0.00763679199735634,0.038653166993753985,"[0.0, 0.0, 0.0, 0.0, 0.0, 0.0, 0.0, 0.0, 0.0, -0.49868537935917606, 0.0, 0.0, 0.0, 0.0, 0.0, 0.0, 0.0, 0.0, 0.0, 0.0, 0.0, 0.0, 0.0, 0.0, 0.0, 0.0, 0.0, 0.0, 0.0, 0.0, 0.0, 0.0, 0.0, 0.0, 0.0, 0.0, 0.0, 0.0, 0.0, 0.0, 0.0, 0.0, 0.0, 0.0, 0.0, 0.0, 0.0, 0.0, 0.0]",[9]
burgers,256×256,0.2,139.9403436083024,98,WSINDy,0.006578744683878424,0.006578744683878424,True,True,1,0,0,1.0,1.0,1.0,1.0,True,MSTLS support stable,5,0.008295208011986688,0.03920504101552069,"[0.0, 0.0, 0.0, 0.0, 0.0, 0.0, 0.0, 0.0, 0.0, -0.4967106276580608, 0.0, 0.0, 0.0, 0.0, 0.0, 0.0, 0.0, 0.0, 0.0, 0.0, 0.0, 0.0, 0.0, 0.0, 0.0, 0.0, 0.0, 0.0, 0.0, 0.0, 0.0, 0.0, 0.0, 0.0, 0.0, 0.0, 0.0, 0.0, 0.0, 0.0, 0.0, 0.0, 0.0, 0.0, 0.0, 0.0, 0.0, 0.0, 0.0]",[9]
burgers,256×256,0.2,139.9403436083024,99,WSINDy,0.0028252245504158946,0.0028252245504158946,True,True,1,0,0,1.0,1.0,1.0,1.0,True,MSTLS support stable,5,0.008900165994418785,0.039130666002165526,"[0.0, 0.0, 0.0, 0.0, 0.0, 0.0, 0.0, 0.0, 0.0, -0.501412612275208, 0.0, 0.0, 0.0, 0.0, 0.0, 0.0, 0.0, 0.0, 0.0, 0.0, 0.0, 0.0, 0.0, 0.0, 0.0, 0.0, 0.0, 0.0, 0.0, 0.0, 0.0, 0.0, 0.0, 0.0, 0.0, 0.0, 0.0, 0.0, 0.0, 0.0, 0.0, 0.0, 0.0, 0.0, 0.0, 0.0, 0.0, 0.0, 0.0]",[9]
burgers,256×256,0.2,139.9403436083024,100,WSINDy,0.004537406586336834,0.004537406586336834,True,True,1,0,0,1.0,1.0,1.0,1.0,True,MSTLS support stable,4,0.007131624995963648,0.03812754197861068,"[0.0, 0.0, 0.0, 0.0, 0.0, 0.0, 0.0, 0.0, 0.0, -0.4977312967068316, 0.0, 0.0, 0.0, 0.0, 0.0, 0.0, 0.0, 0.0, 0.0, 0.0, 0.0, 0.0, 0.0, 0.0, 0.0, 0.0, 0.0, 0.0, 0.0, 0.0, 0.0, 0.0, 0.0, 0.0, 0.0, 0.0, 0.0, 0.0, 0.0, 0.0, 0.0, 0.0, 0.0, 0.0, 0.0, 0.0, 0.0, 0.0, 0.0]",[9]
burgers,256×256,0.2,139.9403436083024,101,WSINDy,0.0008794456789551486,0.0008794456789551486,True,True,1,0,0,1.0,1.0,1.0,1.0,True,MSTLS support stable,5,0.008679666992975399,0.040667541994480416,"[0.0, 0.0, 0.0, 0.0, 0.0, 0.0, 0.0, 0.0, 0.0, -0.5004397228394776, 0.0, 0.0, 0.0, 0.0, 0.0, 0.0, 0.0, 0.0, 0.0, 0.0, 0.0, 0.0, 0.0, 0.0, 0.0, 0.0, 0.0, 0.0, 0.0, 0.0, 0.0, 0.0, 0.0, 0.0, 0.0, 0.0, 0.0, 0.0, 0.0, 0.0, 0.0, 0.0, 0.0, 0.0, 0.0, 0.0, 0.0, 0.0, 0.0]",[9]
burgers,256×256,0.2,139.9403436083024,102,WSINDy,0.0024639690166390338,0.0024639690166390338,True,True,1,0,0,1.0,1.0,1.0,1.0,True,MSTLS support stable,4,0.00858391699148342,0.039936000015586615,"[0.0, 0.0, 0.0, 0.0, 0.0, 0.0, 0.0, 0.0, 0.0, -0.5012319845083195, 0.0, 0.0, 0.0, 0.0, 0.0, 0.0, 0.0, 0.0, 0.0, 0.0, 0.0, 0.0, 0.0, 0.0, 0.0, 0.0, 0.0, 0.0, 0.0, 0.0, 0.0, 0.0, 0.0, 0.0, 0.0, 0.0, 0.0, 0.0, 0.0, 0.0, 0.0, 0.0, 0.0, 0.0, 0.0, 0.0, 0.0, 0.0, 0.0]",[9]
burgers,256×256,0.2,139.9403436083024,103,WSINDy,0.010371040901255069,0.010371040901255069,True,True,1,0,0,1.0,1.0,1.0,1.0,True,MSTLS support stable,4,0.00937420901027508,0.04129433401976712,"[0.0, 0.0, 0.0, 0.0, 0.0, 0.0, 0.0, 0.0, 0.0, -0.49481447954937247, 0.0, 0.0, 0.0, 0.0, 0.0, 0.0, 0.0, 0.0, 0.0, 0.0, 0.0, 0.0, 0.0, 0.0, 0.0, 0.0, 0.0, 0.0, 0.0, 0.0, 0.0, 0.0, 0.0, 0.0, 0.0, 0.0, 0.0, 0.0, 0.0, 0.0, 0.0, 0.0, 0.0, 0.0, 0.0, 0.0, 0.0, 0.0, 0.0]",[9]
burgers,256×256,0.2,139.9403436083024,104,WSINDy,0.012758250333348098,0.012758250333348098,True,True,1,0,0,1.0,1.0,1.0,1.0,True,MSTLS support stable,4,0.008169209002517164,0.03991704201325774,"[0.0, 0.0, 0.0, 0.0, 0.0, 0.0, 0.0, 0.0, 0.0, -0.506379125166674, 0.0, 0.0, 0.0, 0.0, 0.0, 0.0, 0.0, 0.0, 0.0, 0.0, 0.0, 0.0, 0.0, 0.0, 0.0, 0.0, 0.0, 0.0, 0.0, 0.0, 0.0, 0.0, 0.0, 0.0, 0.0, 0.0, 0.0, 0.0, 0.0, 0.0, 0.0, 0.0, 0.0, 0.0, 0.0, 0.0, 0.0, 0.0, 0.0]",[9]
burgers,256×256,0.2,139.9403436083024,105,WSINDy,0.006690919110523885,0.006690919110523885,True,True,1,0,0,1.0,1.0,1.0,1.0,True,MSTLS support stable,5,0.007933583023259416,0.04025408302550204,"[0.0, 0.0, 0.0, 0.0, 0.0, 0.0, 0.0, 0.0, 0.0, -0.49665454044473806, 0.0, 0.0, 0.0, 0.0, 0.0, 0.0, 0.0, 0.0, 0.0, 0.0, 0.0, 0.0, 0.0, 0.0, 0.0, 0.0, 0.0, 0.0, 0.0, 0.0, 0.0, 0.0, 0.0, 0.0, 0.0, 0.0, 0.0, 0.0, 0.0, 0.0, 0.0, 0.0, 0.0, 0.0, 0.0, 0.0, 0.0, 0.0, 0.0]",[9]
burgers,256×256,0.2,139.9403436083024,106,WSINDy,0.0005903538450511281,0.0005903538450511281,True,True,1,0,0,1.0,1.0,1.0,1.0,True,MSTLS support stable,5,0.008295832987641916,0.040134415990905836,"[0.0, 0.0, 0.0, 0.0, 0.0, 0.0, 0.0, 0.0, 0.0, -0.49970482307747444, 0.0, 0.0, 0.0, 0.0, 0.0, 0.0, 0.0, 0.0, 0.0, 0.0, 0.0, 0.0, 0.0, 0.0, 0.0, 0.0, 0.0, 0.0, 0.0, 0.0, 0.0, 0.0, 0.0, 0.0, 0.0, 0.0, 0.0, 0.0, 0.0, 0.0, 0.0, 0.0, 0.0, 0.0, 0.0, 0.0, 0.0, 0.0, 0.0]",[9]
burgers,256×256,0.2,139.9403436083024,107,WSINDy,0.011233864396859694,0.011233864396859694,True,True,1,0,0,1.0,1.0,1.0,1.0,True,MSTLS support stable,4,0.007738542015431449,0.039593751018401235,"[0.0, 0.0, 0.0, 0.0, 0.0, 0.0, 0.0, 0.0, 0.0, -0.49438306780157015, 0.0, 0.0, 0.0, 0.0, 0.0, 0.0, 0.0, 0.0, 0.0, 0.0, 0.0, 0.0, 0.0, 0.0, 0.0, 0.0, 0.0, 0.0, 0.0, 0.0, 0.0, 0.0, 0.0, 0.0, 0.0, 0.0, 0.0, 0.0, 0.0, 0.0, 0.0, 0.0, 0.0, 0.0, 0.0, 0.0, 0.0, 0.0, 0.0]",[9]
burgers,256×256,0.2,139.9403436083024,108,WSINDy,0.0031903367976394703,0.0031903367976394703,True,True,1,0,0,1.0,1.0,1.0,1.0,True,MSTLS support stable,4,0.007626166014233604,0.03953570802696049,"[0.0, 0.0, 0.0, 0.0, 0.0, 0.0, 0.0, 0.0, 0.0, -0.49840483160118026, 0.0, 0.0, 0.0, 0.0, 0.0, 0.0, 0.0, 0.0, 0.0, 0.0, 0.0, 0.0, 0.0, 0.0, 0.0, 0.0, 0.0, 0.0, 0.0, 0.0, 0.0, 0.0, 0.0, 0.0, 0.0, 0.0, 0.0, 0.0, 0.0, 0.0, 0.0, 0.0, 0.0, 0.0, 0.0, 0.0, 0.0, 0.0, 0.0]",[9]
burgers,256×256,0.2,139.9403436083024,109,WSINDy,0.006813189914382178,0.006813189914382178,True,True,1,0,0,1.0,1.0,1.0,1.0,True,MSTLS support stable,4,0.007921707991044968,0.038364665990229696,"[0.0, 0.0, 0.0, 0.0, 0.0, 0.0, 0.0, 0.0, 0.0, -0.5034065949571911, 0.0, 0.0, 0.0, 0.0, 0.0, 0.0, 0.0, 0.0, 0.0, 0.0, 0.0, 0.0, 0.0, 0.0, 0.0, 0.0, 0.0, 0.0, 0.0, 0.0, 0.0, 0.0, 0.0, 0.0, 0.0, 0.0, 0.0, 0.0, 0.0, 0.0, 0.0, 0.0, 0.0, 0.0, 0.0, 0.0, 0.0, 0.0, 0.0]",[9]
burgers,256×256,0.2,139.9403436083024,110,WSINDy,0.007379655780237249,0.007379655780237249,True,True,1,0,0,1.0,1.0,1.0,1.0,True,MSTLS support stable,4,0.00937008298933506,0.04001099898596294,"[0.0, 0.0, 0.0, 0.0, 0.0, 0.0, 0.0, 0.0, 0.0, -0.5036898278901186, 0.0, 0.0, 0.0, 0.0, 0.0, 0.0, 0.0, 0.0, 0.0, 0.0, 0.0, 0.0, 0.0, 0.0, 0.0, 0.0, 0.0, 0.0, 0.0, 0.0, 0.0, 0.0, 0.0, 0.0, 0.0, 0.0, 0.0, 0.0, 0.0, 0.0, 0.0, 0.0, 0.0, 0.0, 0.0, 0.0, 0.0, 0.0, 0.0]",[9]
burgers,256×256,0.2,139.9403436083024,111,WSINDy,0.003272380962741517,0.003272380962741517,True,True,1,0,0,1.0,1.0,1.0,1.0,True,MSTLS support stable,4,0.007747959025437012,0.03880995901999995,"[0.0, 0.0, 0.0, 0.0, 0.0, 0.0, 0.0, 0.0, 0.0, -0.5016361904813708, 0.0, 0.0, 0.0, 0.0, 0.0, 0.0, 0.0, 0.0, 0.0, 0.0, 0.0, 0.0, 0.0, 0.0, 0.0, 0.0, 0.0, 0.0, 0.0, 0.0, 0.0, 0.0, 0.0, 0.0, 0.0, 0.0, 0.0, 0.0, 0.0, 0.0, 0.0, 0.0, 0.0, 0.0, 0.0, 0.0, 0.0, 0.0, 0.0]",[9]
burgers,256×256,0.2,139.9403436083024,112,WSINDy,0.0022649550515557726,0.0022649550515557726,True,True,1,0,0,1.0,1.0,1.0,1.0,True,MSTLS support stable,4,0.007489708019420505,0.03957408302812837,"[0.0, 0.0, 0.0, 0.0, 0.0, 0.0, 0.0, 0.0, 0.0, -0.4988675224742221, 0.0, 0.0, 0.0, 0.0, 0.0, 0.0, 0.0, 0.0, 0.0, 0.0, 0.0, 0.0, 0.0, 0.0, 0.0, 0.0, 0.0, 0.0, 0.0, 0.0, 0.0, 0.0, 0.0, 0.0, 0.0, 0.0, 0.0, 0.0, 0.0, 0.0, 0.0, 0.0, 0.0, 0.0, 0.0, 0.0, 0.0, 0.0, 0.0]",[9]
burgers,256×256,0.2,139.9403436083024,113,WSINDy,0.0032875830296368314,0.0032875830296368314,True,True,1,0,0,1.0,1.0,1.0,1.0,True,MSTLS support stable,5,0.009008166991407052,0.03947262599831447,"[0.0, 0.0, 0.0, 0.0, 0.0, 0.0, 0.0, 0.0, 0.0, -0.5016437915148184, 0.0, 0.0, 0.0, 0.0, 0.0, 0.0, 0.0, 0.0, 0.0, 0.0, 0.0, 0.0, 0.0, 0.0, 0.0, 0.0, 0.0, 0.0, 0.0, 0.0, 0.0, 0.0, 0.0, 0.0, 0.0, 0.0, 0.0, 0.0, 0.0, 0.0, 0.0, 0.0, 0.0, 0.0, 0.0, 0.0, 0.0, 0.0, 0.0]",[9]
burgers,256×256,0.2,139.9403436083024,114,WSINDy,0.0009633050137372035,0.0009633050137372035,True,True,1,0,0,1.0,1.0,1.0,1.0,True,MSTLS support stable,5,0.008356540987733752,0.039919915987411514,"[0.0, 0.0, 0.0, 0.0, 0.0, 0.0, 0.0, 0.0, 0.0, -0.5004816525068686, 0.0, 0.0, 0.0, 0.0, 0.0, 0.0, 0.0, 0.0, 0.0, 0.0, 0.0, 0.0, 0.0, 0.0, 0.0, 0.0, 0.0, 0.0, 0.0, 0.0, 0.0, 0.0, 0.0, 0.0, 0.0, 0.0, 0.0, 0.0, 0.0, 0.0, 0.0, 0.0, 0.0, 0.0, 0.0, 0.0, 0.0, 0.0, 0.0]",[9]
burgers,256×256,0.2,139.9403436083024,115,WSINDy,0.0020745868596724337,0.0020745868596724337,True,True,1,0,0,1.0,1.0,1.0,1.0,True,MSTLS support stable,5,0.007921958982478827,0.03986254197661765,"[0.0, 0.0, 0.0, 0.0, 0.0, 0.0, 0.0, 0.0, 0.0, -0.4989627065701638, 0.0, 0.0, 0.0, 0.0, 0.0, 0.0, 0.0, 0.0, 0.0, 0.0, 0.0, 0.0, 0.0, 0.0, 0.0, 0.0, 0.0, 0.0, 0.0, 0.0, 0.0, 0.0, 0.0, 0.0, 0.0, 0.0, 0.0, 0.0, 0.0, 0.0, 0.0, 0.0, 0.0, 0.0, 0.0, 0.0, 0.0, 0.0, 0.0]",[9]
burgers,256×256,0.2,139.9403436083024,116,WSINDy,0.008195945795030468,0.008195945795030468,True,True,1,0,0,1.0,1.0,1.0,1.0,True,MSTLS support stable,5,0.007440540997777134,0.03817933198297396,"[0.0, 0.0, 0.0, 0.0, 0.0, 0.0, 0.0, 0.0, 0.0, -0.5040979728975152, 0.0, 0.0, 0.0, 0.0, 0.0, 0.0, 0.0, 0.0, 0.0, 0.0, 0.0, 0.0, 0.0, 0.0, 0.0, 0.0, 0.0, 0.0, 0.0, 0.0, 0.0, 0.0, 0.0, 0.0, 0.0, 0.0, 0.0, 0.0, 0.0, 0.0, 0.0, 0.0, 0.0, 0.0, 0.0, 0.0, 0.0, 0.0, 0.0]",[9]
burgers,256×256,0.2,139.9403436083024,117,WSINDy,0.006770136549966277,0.006770136549966277,True,True,1,0,0,1.0,1.0,1.0,1.0,True,MSTLS support stable,4,0.0074968329863622785,0.03947754198452458,"[0.0, 0.0, 0.0, 0.0, 0.0, 0.0, 0.0, 0.0, 0.0, -0.49661493172501686, 0.0, 0.0, 0.0, 0.0, 0.0, 0.0, 0.0, 0.0, 0.0, 0.0, 0.0, 0.0, 0.0, 0.0, 0.0, 0.0, 0.0, 0.0, 0.0, 0.0, 0.0, 0.0, 0.0, 0.0, 0.0, 0.0, 0.0, 0.0, 0.0, 0.0, 0.0, 0.0, 0.0, 0.0, 0.0, 0.0, 0.0, 0.0, 0.0]",[9]
burgers,256×256,0.2,139.9403436083024,118,WSINDy,0.003800757529416998,0.003800757529416998,True,True,1,0,0,1.0,1.0,1.0,1.0,True,MSTLS support stable,5,0.007622625009389594,0.03931470899260603,"[0.0, 0.0, 0.0, 0.0, 0.0, 0.0, 0.0, 0.0, 0.0, -0.5019003787647085, 0.0, 0.0, 0.0, 0.0, 0.0, 0.0, 0.0, 0.0, 0.0, 0.0, 0.0, 0.0, 0.0, 0.0, 0.0, 0.0, 0.0, 0.0, 0.0, 0.0, 0.0, 0.0, 0.0, 0.0, 0.0, 0.0, 0.0, 0.0, 0.0, 0.0, 0.0, 0.0, 0.0, 0.0, 0.0, 0.0, 0.0, 0.0, 0.0]",[9]
burgers,256×256,0.2,139.9403436083024,119,WSINDy,0.001404203716056207,0.001404203716056207,True,True,1,0,0,1.0,1.0,1.0,1.0,True,MSTLS support stable,5,0.007863959006499499,0.038129626016598195,"[0.0, 0.0, 0.0, 0.0, 0.0, 0.0, 0.0, 0.0, 0.0, -0.4992978981419719, 0.0, 0.0, 0.0, 0.0, 0.0, 0.0, 0.0, 0.0, 0.0, 0.0, 0.0, 0.0, 0.0, 0.0, 0.0, 0.0, 0.0, 0.0, 0.0, 0.0, 0.0, 0.0, 0.0, 0.0, 0.0, 0.0, 0.0, 0.0, 0.0, 0.0, 0.0, 0.0, 0.0, 0.0, 0.0, 0.0, 0.0, 0.0, 0.0]",[9]
burgers,256×256,0.2,139.9403436083024,120,WSINDy,0.006715073968819318,0.006715073968819318,True,True,1,0,0,1.0,1.0,1.0,1.0,True,MSTLS support stable,4,0.007464333000825718,0.038273290992947295,"[0.0, 0.0, 0.0, 0.0, 0.0, 0.0, 0.0, 0.0, 0.0, -0.49664246301559034, 0.0, 0.0, 0.0, 0.0, 0.0, 0.0, 0.0, 0.0, 0.0, 0.0, 0.0, 0.0, 0.0, 0.0, 0.0, 0.0, 0.0, 0.0, 0.0, 0.0, 0.0, 0.0, 0.0, 0.0, 0.0, 0.0, 0.0, 0.0, 0.0, 0.0, 0.0, 0.0, 0.0, 0.0, 0.0, 0.0, 0.0, 0.0, 0.0]",[9]
burgers,256×256,0.2,139.9403436083024,121,WSINDy,0.011099709244623002,0.011099709244623002,True,True,1,0,0,1.0,1.0,1.0,1.0,True,MSTLS support stable,4,0.009355749993119389,0.040220708993729204,"[0.0, 0.0, 0.0, 0.0, 0.0, 0.0, 0.0, 0.0, 0.0, -0.4944501453776885, 0.0, 0.0, 0.0, 0.0, 0.0, 0.0, 0.0, 0.0, 0.0, 0.0, 0.0, 0.0, 0.0, 0.0, 0.0, 0.0, 0.0, 0.0, 0.0, 0.0, 0.0, 0.0, 0.0, 0.0, 0.0, 0.0, 0.0, 0.0, 0.0, 0.0, 0.0, 0.0, 0.0, 0.0, 0.0, 0.0, 0.0, 0.0, 0.0]",[9]
burgers,256×256,0.2,139.9403436083024,122,WSINDy,0.003602454973817504,0.003602454973817504,True,True,1,0,0,1.0,1.0,1.0,1.0,True,MSTLS support stable,5,0.007326457998715341,0.037428208015626296,"[0.0, 0.0, 0.0, 0.0, 0.0, 0.0, 0.0, 0.0, 0.0, -0.49819877251309125, 0.0, 0.0, 0.0, 0.0, 0.0, 0.0, 0.0, 0.0, 0.0, 0.0, 0.0, 0.0, 0.0, 0.0, 0.0, 0.0, 0.0, 0.0, 0.0, 0.0, 0.0, 0.0, 0.0, 0.0, 0.0, 0.0, 0.0, 0.0, 0.0, 0.0, 0.0, 0.0, 0.0, 0.0, 0.0, 0.0, 0.0, 0.0, 0.0]",[9]
burgers,256×256,0.2,139.9403436083024,123,WSINDy,0.0035539714652298438,0.0035539714652298438,True,True,1,0,0,1.0,1.0,1.0,1.0,True,MSTLS support stable,3,0.007872250018408522,0.03808945801574737,"[0.0, 0.0, 0.0, 0.0, 0.0, 0.0, 0.0, 0.0, 0.0, -0.4982230142673851, 0.0, 0.0, 0.0, 0.0, 0.0, 0.0, 0.0, 0.0, 0.0, 0.0, 0.0, 0.0, 0.0, 0.0, 0.0, 0.0, 0.0, 0.0, 0.0, 0.0, 0.0, 0.0, 0.0, 0.0, 0.0, 0.0, 0.0, 0.0, 0.0, 0.0, 0.0, 0.0, 0.0, 0.0, 0.0, 0.0, 0.0, 0.0, 0.0]",[9]
burgers,256×256,0.2,139.9403436083024,124,WSINDy,0.0041430680974028355,0.0041430680974028355,True,True,1,0,0,1.0,1.0,1.0,1.0,True,MSTLS support stable,6,0.008579125016694888,0.03958504201727919,"[0.0, 0.0, 0.0, 0.0, 0.0, 0.0, 0.0, 0.0, 0.0, -0.5020715340487014, 0.0, 0.0, 0.0, 0.0, 0.0, 0.0, 0.0, 0.0, 0.0, 0.0, 0.0, 0.0, 0.0, 0.0, 0.0, 0.0, 0.0, 0.0, 0.0, 0.0, 0.0, 0.0, 0.0, 0.0, 0.0, 0.0, 0.0, 0.0, 0.0, 0.0, 0.0, 0.0, 0.0, 0.0, 0.0, 0.0, 0.0, 0.0, 0.0]",[9]
burgers,256×256,0.2,139.9403436083024,125,WSINDy,0.0003593245721467131,0.0003593245721467131,True,True,1,0,0,1.0,1.0,1.0,1.0,True,MSTLS support stable,4,0.007640750001883134,0.03837879200000316,"[0.0, 0.0, 0.0, 0.0, 0.0, 0.0, 0.0, 0.0, 0.0, -0.5001796622860734, 0.0, 0.0, 0.0, 0.0, 0.0, 0.0, 0.0, 0.0, 0.0, 0.0, 0.0, 0.0, 0.0, 0.0, 0.0, 0.0, 0.0, 0.0, 0.0, 0.0, 0.0, 0.0, 0.0, 0.0, 0.0, 0.0, 0.0, 0.0, 0.0, 0.0, 0.0, 0.0, 0.0, 0.0, 0.0, 0.0, 0.0, 0.0, 0.0]",[9]
burgers,256×256,0.2,139.9403436083024,126,WSINDy,0.00490069230508694,0.00490069230508694,True,True,1,0,0,1.0,1.0,1.0,1.0,True,MSTLS support stable,6,0.008943833003286272,0.041227791021810845,"[0.0, 0.0, 0.0, 0.0, 0.0, 0.0, 0.0, 0.0, 0.0, -0.49754965384745653, 0.0, 0.0, 0.0, 0.0, 0.0, 0.0, 0.0, 0.0, 0.0, 0.0, 0.0, 0.0, 0.0, 0.0, 0.0, 0.0, 0.0, 0.0, 0.0, 0.0, 0.0, 0.0, 0.0, 0.0, 0.0, 0.0, 0.0, 0.0, 0.0, 0.0, 0.0, 0.0, 0.0, 0.0, 0.0, 0.0, 0.0, 0.0, 0.0]",[9]
burgers,256×256,0.2,139.9403436083024,127,WSINDy,0.004191635909245539,0.004191635909245539,True,True,1,0,0,1.0,1.0,1.0,1.0,True,MSTLS support stable,4,0.008766000013565645,0.040744958008872345,"[0.0, 0.0, 0.0, 0.0, 0.0, 0.0, 0.0, 0.0, 0.0, -0.49790418204537723, 0.0, 0.0, 0.0, 0.0, 0.0, 0.0, 0.0, 0.0, 0.0, 0.0, 0.0, 0.0, 0.0, 0.0, 0.0, 0.0, 0.0, 0.0, 0.0, 0.0, 0.0, 0.0, 0.0, 0.0, 0.0, 0.0, 0.0, 0.0, 0.0, 0.0, 0.0, 0.0, 0.0, 0.0, 0.0, 0.0, 0.0, 0.0, 0.0]",[9]
burgers,256×256,0.2,139.9403436083024,128,WSINDy,0.0027727192060877925,0.0027727192060877925,True,True,1,0,0,1.0,1.0,1.0,1.0,True,MSTLS support stable,5,0.009017874981509522,0.041004749975400046,"[0.0, 0.0, 0.0, 0.0, 0.0, 0.0, 0.0, 0.0, 0.0, -0.5013863596030439, 0.0, 0.0, 0.0, 0.0, 0.0, 0.0, 0.0, 0.0, 0.0, 0.0, 0.0, 0.0, 0.0, 0.0, 0.0, 0.0, 0.0, 0.0, 0.0, 0.0, 0.0, 0.0, 0.0, 0.0, 0.0, 0.0, 0.0, 0.0, 0.0, 0.0, 0.0, 0.0, 0.0, 0.0, 0.0, 0.0, 0.0, 0.0, 0.0]",[9]
burgers,256×256,0.2,139.9403436083024,129,WSINDy,0.00727011934072519,0.00727011934072519,True,True,1,0,0,1.0,1.0,1.0,1.0,True,MSTLS support stable,4,0.008965749992057681,0.04140262500732206,"[0.0, 0.0, 0.0, 0.0, 0.0, 0.0, 0.0, 0.0, 0.0, -0.5036350596703626, 0.0, 0.0, 0.0, 0.0, 0.0, 0.0, 0.0, 0.0, 0.0, 0.0, 0.0, 0.0, 0.0, 0.0, 0.0, 0.0, 0.0, 0.0, 0.0, 0.0, 0.0, 0.0, 0.0, 0.0, 0.0, 0.0, 0.0, 0.0, 0.0, 0.0, 0.0, 0.0, 0.0, 0.0, 0.0, 0.0, 0.0, 0.0, 0.0]",[9]
burgers,256×256,0.2,139.9403436083024,130,WSINDy,0.01016637503126061,0.01016637503126061,True,True,1,0,0,1.0,1.0,1.0,1.0,True,MSTLS support stable,5,0.009629208012484014,0.041482375032501295,"[0.0, 0.0, 0.0, 0.0, 0.0, 0.0, 0.0, 0.0, 0.0, -0.5050831875156303, 0.0, 0.0, 0.0, 0.0, 0.0, 0.0, 0.0, 0.0, 0.0, 0.0, 0.0, 0.0, 0.0, 0.0, 0.0, 0.0, 0.0, 0.0, 0.0, 0.0, 0.0, 0.0, 0.0, 0.0, 0.0, 0.0, 0.0, 0.0, 0.0, 0.0, 0.0, 0.0, 0.0, 0.0, 0.0, 0.0, 0.0, 0.0, 0.0]",[9]
burgers,256×256,0.2,139.9403436083024,131,WSINDy,0.0035176705096959804,0.0035176705096959804,True,True,1,0,0,1.0,1.0,1.0,1.0,True,MSTLS support stable,5,0.008118916011881083,0.04014208301668987,"[0.0, 0.0, 0.0, 0.0, 0.0, 0.0, 0.0, 0.0, 0.0, -0.501758835254848, 0.0, 0.0, 0.0, 0.0, 0.0, 0.0, 0.0, 0.0, 0.0, 0.0, 0.0, 0.0, 0.0, 0.0, 0.0, 0.0, 0.0, 0.0, 0.0, 0.0, 0.0, 0.0, 0.0, 0.0, 0.0, 0.0, 0.0, 0.0, 0.0, 0.0, 0.0, 0.0, 0.0, 0.0, 0.0, 0.0, 0.0, 0.0, 0.0]",[9]
burgers,256×256,0.2,139.9403436083024,132,WSINDy,0.0028898903108042218,0.0028898903108042218,True,True,1,0,0,1.0,1.0,1.0,1.0,True,MSTLS support stable,6,0.00760574999731034,0.03939991700462997,"[0.0, 0.0, 0.0, 0.0, 0.0, 0.0, 0.0, 0.0, 0.0, -0.4985550548445979, 0.0, 0.0, 0.0, 0.0, 0.0, 0.0, 0.0, 0.0, 0.0, 0.0, 0.0, 0.0, 0.0, 0.0, 0.0, 0.0, 0.0, 0.0, 0.0, 0.0, 0.0, 0.0, 0.0, 0.0, 0.0, 0.0, 0.0, 0.0, 0.0, 0.0, 0.0, 0.0, 0.0, 0.0, 0.0, 0.0, 0.0, 0.0, 0.0]",[9]
burgers,256×256,0.2,139.9403436083024,133,WSINDy,0.0029627140786816497,0.0029627140786816497,True,True,1,0,0,1.0,1.0,1.0,1.0,True,MSTLS support stable,5,0.007885083992732689,0.03920383399236016,"[0.0, 0.0, 0.0, 0.0, 0.0, 0.0, 0.0, 0.0, 0.0, -0.5014813570393408, 0.0, 0.0, 0.0, 0.0, 0.0, 0.0, 0.0, 0.0, 0.0, 0.0, 0.0, 0.0, 0.0, 0.0, 0.0, 0.0, 0.0, 0.0, 0.0, 0.0, 0.0, 0.0, 0.0, 0.0, 0.0, 0.0, 0.0, 0.0, 0.0, 0.0, 0.0, 0.0, 0.0, 0.0, 0.0, 0.0, 0.0, 0.0, 0.0]",[9]
burgers,256×256,0.2,139.9403436083024,134,WSINDy,0.0056821617052476014,0.0056821617052476014,True,True,1,0,0,1.0,1.0,1.0,1.0,True,MSTLS support stable,4,0.006843333976576105,0.03693020899663679,"[0.0, 0.0, 0.0, 0.0, 0.0, 0.0, 0.0, 0.0, 0.0, -0.5028410808526238, 0.0, 0.0, 0.0, 0.0, 0.0, 0.0, 0.0, 0.0, 0.0, 0.0, 0.0, 0.0, 0.0, 0.0, 0.0, 0.0, 0.0, 0.0, 0.0, 0.0, 0.0, 0.0, 0.0, 0.0, 0.0, 0.0, 0.0, 0.0, 0.0, 0.0, 0.0, 0.0, 0.0, 0.0, 0.0, 0.0, 0.0, 0.0, 0.0]",[9]
burgers,256×256,0.2,139.9403436083024,135,WSINDy,0.0024401860826572808,0.0024401860826572808,True,True,1,0,0,1.0,1.0,1.0,1.0,True,MSTLS support stable,5,0.007362250005826354,0.03922075001173653,"[0.0, 0.0, 0.0, 0.0, 0.0, 0.0, 0.0, 0.0, 0.0, -0.5012200930413286, 0.0, 0.0, 0.0, 0.0, 0.0, 0.0, 0.0, 0.0, 0.0, 0.0, 0.0, 0.0, 0.0, 0.0, 0.0, 0.0, 0.0, 0.0, 0.0, 0.0, 0.0, 0.0, 0.0, 0.0, 0.0, 0.0, 0.0, 0.0, 0.0, 0.0, 0.0, 0.0, 0.0, 0.0, 0.0, 0.0, 0.0, 0.0, 0.0]",[9]
burgers,256×256,0.2,139.9403436083024,136,WSINDy,0.007580031411450805,0.007580031411450805,True,True,1,0,0,1.0,1.0,1.0,1.0,True,MSTLS support stable,4,0.007636916998308152,0.03844899998512119,"[0.0, 0.0, 0.0, 0.0, 0.0, 0.0, 0.0, 0.0, 0.0, -0.4962099842942746, 0.0, 0.0, 0.0, 0.0, 0.0, 0.0, 0.0, 0.0, 0.0, 0.0, 0.0, 0.0, 0.0, 0.0, 0.0, 0.0, 0.0, 0.0, 0.0, 0.0, 0.0, 0.0, 0.0, 0.0, 0.0, 0.0, 0.0, 0.0, 0.0, 0.0, 0.0, 0.0, 0.0, 0.0, 0.0, 0.0, 0.0, 0.0, 0.0]",[9]
burgers,256×256,0.2,139.9403436083024,137,WSINDy,0.004728895219045848,0.004728895219045848,True,True,1,0,0,1.0,1.0,1.0,1.0,True,MSTLS support stable,5,0.007203416986158118,0.038522332994034514,"[0.0, 0.0, 0.0, 0.0, 0.0, 0.0, 0.0, 0.0, 0.0, -0.5023644476095229, 0.0, 0.0, 0.0, 0.0, 0.0, 0.0, 0.0, 0.0, 0.0, 0.0, 0.0, 0.0, 0.0, 0.0, 0.0, 0.0, 0.0, 0.0, 0.0, 0.0, 0.0, 0.0, 0.0, 0.0, 0.0, 0.0, 0.0, 0.0, 0.0, 0.0, 0.0, 0.0, 0.0, 0.0, 0.0, 0.0, 0.0, 0.0, 0.0]",[9]
burgers,256×256,0.2,139.9403436083024,138,WSINDy,0.0011088925225944957,0.0011088925225944957,True,True,1,0,0,1.0,1.0,1.0,1.0,True,MSTLS support stable,6,0.008835957996780053,0.039121541019994766,"[0.0, 0.0, 0.0, 0.0, 0.0, 0.0, 0.0, 0.0, 0.0, -0.49944555373870275, 0.0, 0.0, 0.0, 0.0, 0.0, 0.0, 0.0, 0.0, 0.0, 0.0, 0.0, 0.0, 0.0, 0.0, 0.0, 0.0, 0.0, 0.0, 0.0, 0.0, 0.0, 0.0, 0.0, 0.0, 0.0, 0.0, 0.0, 0.0, 0.0, 0.0, 0.0, 0.0, 0.0, 0.0, 0.0, 0.0, 0.0, 0.0, 0.0]",[9]
burgers,256×256,0.2,139.9403436083024,139,WSINDy,0.004693636152732772,0.004693636152732772,True,True,1,0,0,1.0,1.0,1.0,1.0,True,MSTLS support stable,5,0.008270583988633007,0.03841449998435564,"[0.0, 0.0, 0.0, 0.0, 0.0, 0.0, 0.0, 0.0, 0.0, -0.5023468180763664, 0.0, 0.0, 0.0, 0.0, 0.0, 0.0, 0.0, 0.0, 0.0, 0.0, 0.0, 0.0, 0.0, 0.0, 0.0, 0.0, 0.0, 0.0, 0.0, 0.0, 0.0, 0.0, 0.0, 0.0, 0.0, 0.0, 0.0, 0.0, 0.0, 0.0, 0.0, 0.0, 0.0, 0.0, 0.0, 0.0, 0.0, 0.0, 0.0]",[9]
burgers,256×256,0.2,139.9403436083024,140,WSINDy,0.006608845772283267,0.006608845772283267,True,True,1,0,0,1.0,1.0,1.0,1.0,True,MSTLS support stable,5,0.007450832985341549,0.0384262919833418,"[0.0, 0.0, 0.0, 0.0, 0.0, 0.0, 0.0, 0.0, 0.0, -0.5033044228861416, 0.0, 0.0, 0.0, 0.0, 0.0, 0.0, 0.0, 0.0, 0.0, 0.0, 0.0, 0.0, 0.0, 0.0, 0.0, 0.0, 0.0, 0.0, 0.0, 0.0, 0.0, 0.0, 0.0, 0.0, 0.0, 0.0, 0.0, 0.0, 0.0, 0.0, 0.0, 0.0, 0.0, 0.0, 0.0, 0.0, 0.0, 0.0, 0.0]",[9]
burgers,256×256,0.2,139.9403436083024,141,WSINDy,0.0018322621868961386,0.0018322621868961386,True,True,1,0,0,1.0,1.0,1.0,1.0,True,MSTLS support stable,5,0.007948040991323069,0.03964466598699801,"[0.0, 0.0, 0.0, 0.0, 0.0, 0.0, 0.0, 0.0, 0.0, -0.49908386890655193, 0.0, 0.0, 0.0, 0.0, 0.0, 0.0, 0.0, 0.0, 0.0, 0.0, 0.0, 0.0, 0.0, 0.0, 0.0, 0.0, 0.0, 0.0, 0.0, 0.0, 0.0, 0.0, 0.0, 0.0, 0.0, 0.0, 0.0, 0.0, 0.0, 0.0, 0.0, 0.0, 0.0, 0.0, 0.0, 0.0, 0.0, 0.0, 0.0]",[9]
burgers,256×256,0.2,139.9403436083024,142,WSINDy,0.0006589053884821228,0.0006589053884821228,True,True,1,0,0,1.0,1.0,1.0,1.0,True,MSTLS support stable,5,0.008000166999408975,0.03823587598162703,"[0.0, 0.0, 0.0, 0.0, 0.0, 0.0, 0.0, 0.0, 0.0, -0.49967054730575894, 0.0, 0.0, 0.0, 0.0, 0.0, 0.0, 0.0, 0.0, 0.0, 0.0, 0.0, 0.0, 0.0, 0.0, 0.0, 0.0, 0.0, 0.0, 0.0, 0.0, 0.0, 0.0, 0.0, 0.0, 0.0, 0.0, 0.0, 0.0, 0.0, 0.0, 0.0, 0.0, 0.0, 0.0, 0.0, 0.0, 0.0, 0.0, 0.0]",[9]
burgers,256×256,0.2,139.9403436083024,143,WSINDy,0.0017525572211409823,0.0017525572211409823,True,True,1,0,0,1.0,1.0,1.0,1.0,True,MSTLS support stable,4,0.007795707992045209,0.03866187500534579,"[0.0, 0.0, 0.0, 0.0, 0.0, 0.0, 0.0, 0.0, 0.0, -0.5008762786105705, 0.0, 0.0, 0.0, 0.0, 0.0, 0.0, 0.0, 0.0, 0.0, 0.0, 0.0, 0.0, 0.0, 0.0, 0.0, 0.0, 0.0, 0.0, 0.0, 0.0, 0.0, 0.0, 0.0, 0.0, 0.0, 0.0, 0.0, 0.0, 0.0, 0.0, 0.0, 0.0, 0.0, 0.0, 0.0, 0.0, 0.0, 0.0, 0.0]",[9]
burgers,256×256,0.2,139.9403436083024,144,WSINDy,0.001650099269346561,0.001650099269346561,True,True,1,0,0,1.0,1.0,1.0,1.0,True,MSTLS support stable,5,0.009090291016036645,0.040104915999108925,"[0.0, 0.0, 0.0, 0.0, 0.0, 0.0, 0.0, 0.0, 0.0, -0.4991749503653267, 0.0, 0.0, 0.0, 0.0, 0.0, 0.0, 0.0, 0.0, 0.0, 0.0, 0.0, 0.0, 0.0, 0.0, 0.0, 0.0, 0.0, 0.0, 0.0, 0.0, 0.0, 0.0, 0.0, 0.0, 0.0, 0.0, 0.0, 0.0, 0.0, 0.0, 0.0, 0.0, 0.0, 0.0, 0.0, 0.0, 0.0, 0.0, 0.0]",[9]
burgers,256×256,0.2,139.9403436083024,145,WSINDy,0.000554478556885396,0.000554478556885396,True,True,1,0,0,1.0,1.0,1.0,1.0,True,MSTLS support stable,7,0.0073271250003017485,0.03742987499572337,"[0.0, 0.0, 0.0, 0.0, 0.0, 0.0, 0.0, 0.0, 0.0, -0.5002772392784427, 0.0, 0.0, 0.0, 0.0, 0.0, 0.0, 0.0, 0.0, 0.0, 0.0, 0.0, 0.0, 0.0, 0.0, 0.0, 0.0, 0.0, 0.0, 0.0, 0.0, 0.0, 0.0, 0.0, 0.0, 0.0, 0.0, 0.0, 0.0, 0.0, 0.0, 0.0, 0.0, 0.0, 0.0, 0.0, 0.0, 0.0, 0.0, 0.0]",[9]
burgers,256×256,0.2,139.9403436083024,146,WSINDy,0.004155627686135754,0.004155627686135754,True,True,1,0,0,1.0,1.0,1.0,1.0,True,MSTLS support stable,4,0.007921541982796043,0.03806983397225849,"[0.0, 0.0, 0.0, 0.0, 0.0, 0.0, 0.0, 0.0, 0.0, -0.4979221861569321, 0.0, 0.0, 0.0, 0.0, 0.0, 0.0, 0.0, 0.0, 0.0, 0.0, 0.0, 0.0, 0.0, 0.0, 0.0, 0.0, 0.0, 0.0, 0.0, 0.0, 0.0, 0.0, 0.0, 0.0, 0.0, 0.0, 0.0, 0.0, 0.0, 0.0, 0.0, 0.0, 0.0, 0.0, 0.0, 0.0, 0.0, 0.0, 0.0]",[9]
burgers,256×256,0.2,139.9403436083024,147,WSINDy,0.0014807533170102527,0.0014807533170102527,True,True,1,0,0,1.0,1.0,1.0,1.0,True,MSTLS support stable,4,0.00775083401822485,0.03875587502261624,"[0.0, 0.0, 0.0, 0.0, 0.0, 0.0, 0.0, 0.0, 0.0, -0.5007403766585051, 0.0, 0.0, 0.0, 0.0, 0.0, 0.0, 0.0, 0.0, 0.0, 0.0, 0.0, 0.0, 0.0, 0.0, 0.0, 0.0, 0.0, 0.0, 0.0, 0.0, 0.0, 0.0, 0.0, 0.0, 0.0, 0.0, 0.0, 0.0, 0.0, 0.0, 0.0, 0.0, 0.0, 0.0, 0.0, 0.0, 0.0, 0.0, 0.0]",[9]
burgers,256×256,0.2,139.9403436083024,148,WSINDy,0.0010272310778278726,0.0010272310778278726,True,True,1,0,0,1.0,1.0,1.0,1.0,True,MSTLS support stable,4,0.007630583015270531,0.03852670802734792,"[0.0, 0.0, 0.0, 0.0, 0.0, 0.0, 0.0, 0.0, 0.0, -0.5005136155389139, 0.0, 0.0, 0.0, 0.0, 0.0, 0.0, 0.0, 0.0, 0.0, 0.0, 0.0, 0.0, 0.0, 0.0, 0.0, 0.0, 0.0, 0.0, 0.0, 0.0, 0.0, 0.0, 0.0, 0.0, 0.0, 0.0, 0.0, 0.0, 0.0, 0.0, 0.0, 0.0, 0.0, 0.0, 0.0, 0.0, 0.0, 0.0, 0.0]",[9]
burgers,256×256,0.2,139.9403436083024,149,WSINDy,0.002870285194548794,0.002870285194548794,True,True,1,0,0,1.0,1.0,1.0,1.0,True,MSTLS support stable,6,0.008637082995846868,0.0387883750081528,"[0.0, 0.0, 0.0, 0.0, 0.0, 0.0, 0.0, 0.0, 0.0, -0.5014351425972744, 0.0, 0.0, 0.0, 0.0, 0.0, 0.0, 0.0, 0.0, 0.0, 0.0, 0.0, 0.0, 0.0, 0.0, 0.0, 0.0, 0.0, 0.0, 0.0, 0.0, 0.0, 0.0, 0.0, 0.0, 0.0, 0.0, 0.0, 0.0, 0.0, 0.0, 0.0, 0.0, 0.0, 0.0, 0.0, 0.0, 0.0, 0.0, 0.0]",[9]
burgers,256×256,0.2,139.9403436083024,150,WSINDy,0.0009525232809912687,0.0009525232809912687,True,True,1,0,0,1.0,1.0,1.0,1.0,True,MSTLS support stable,5,0.008850207988871261,0.041119374975096434,"[0.0, 0.0, 0.0, 0.0, 0.0, 0.0, 0.0, 0.0, 0.0, -0.5004762616404956, 0.0, 0.0, 0.0, 0.0, 0.0, 0.0, 0.0, 0.0, 0.0, 0.0, 0.0, 0.0, 0.0, 0.0, 0.0, 0.0, 0.0, 0.0, 0.0, 0.0, 0.0, 0.0, 0.0, 0.0, 0.0, 0.0, 0.0, 0.0, 0.0, 0.0, 0.0, 0.0, 0.0, 0.0, 0.0, 0.0, 0.0, 0.0, 0.0]",[9]
burgers,256×256,0.2,139.9403436083024,151,WSINDy,0.004696097520215492,0.004696097520215492,True,True,1,0,0,1.0,1.0,1.0,1.0,True,MSTLS support stable,5,0.008300375018734485,0.04046466603176668,"[0.0, 0.0, 0.0, 0.0, 0.0, 0.0, 0.0, 0.0, 0.0, -0.49765195123989225, 0.0, 0.0, 0.0, 0.0, 0.0, 0.0, 0.0, 0.0, 0.0, 0.0, 0.0, 0.0, 0.0, 0.0, 0.0, 0.0, 0.0, 0.0, 0.0, 0.0, 0.0, 0.0, 0.0, 0.0, 0.0, 0.0, 0.0, 0.0, 0.0, 0.0, 0.0, 0.0, 0.0, 0.0, 0.0, 0.0, 0.0, 0.0, 0.0]",[9]
burgers,256×256,0.2,139.9403436083024,152,WSINDy,0.011952203752159107,0.011952203752159107,True,True,1,0,0,1.0,1.0,1.0,1.0,True,MSTLS support stable,5,0.007829000009223819,0.03834391699638218,"[0.0, 0.0, 0.0, 0.0, 0.0, 0.0, 0.0, 0.0, 0.0, -0.5059761018760796, 0.0, 0.0, 0.0, 0.0, 0.0, 0.0, 0.0, 0.0, 0.0, 0.0, 0.0, 0.0, 0.0, 0.0, 0.0, 0.0, 0.0, 0.0, 0.0, 0.0, 0.0, 0.0, 0.0, 0.0, 0.0, 0.0, 0.0, 0.0, 0.0, 0.0, 0.0, 0.0, 0.0, 0.0, 0.0, 0.0, 0.0, 0.0, 0.0]",[9]
burgers,256×256,0.2,139.9403436083024,153,WSINDy,0.003551817669226187,0.003551817669226187,True,True,1,0,0,1.0,1.0,1.0,1.0,True,MSTLS support stable,4,0.0071749170019757,0.03908450101152994,"[0.0, 0.0, 0.0, 0.0, 0.0, 0.0, 0.0, 0.0, 0.0, -0.5017759088346131, 0.0, 0.0, 0.0, 0.0, 0.0, 0.0, 0.0, 0.0, 0.0, 0.0, 0.0, 0.0, 0.0, 0.0, 0.0, 0.0, 0.0, 0.0, 0.0, 0.0, 0.0, 0.0, 0.0, 0.0, 0.0, 0.0, 0.0, 0.0, 0.0, 0.0, 0.0, 0.0, 0.0, 0.0, 0.0, 0.0, 0.0, 0.0, 0.0]",[9]
burgers,256×256,0.2,139.9403436083024,154,WSINDy,0.0035110687692310183,0.0035110687692310183,True,True,1,0,0,1.0,1.0,1.0,1.0,True,MSTLS support stable,4,0.009029875014675781,0.03945795801701024,"[0.0, 0.0, 0.0, 0.0, 0.0, 0.0, 0.0, 0.0, 0.0, -0.5017555343846155, 0.0, 0.0, 0.0, 0.0, 0.0, 0.0, 0.0, 0.0, 0.0, 0.0, 0.0, 0.0, 0.0, 0.0, 0.0, 0.0, 0.0, 0.0, 0.0, 0.0, 0.0, 0.0, 0.0, 0.0, 0.0, 0.0, 0.0, 0.0, 0.0, 0.0, 0.0, 0.0, 0.0, 0.0, 0.0, 0.0, 0.0, 0.0, 0.0]",[9]
burgers,256×256,0.2,139.9403436083024,155,WSINDy,0.00022193148976556998,0.00022193148976556998,True,True,1,0,0,1.0,1.0,1.0,1.0,True,MSTLS support stable,5,0.008073291013715789,0.040279082022607327,"[0.0, 0.0, 0.0, 0.0, 0.0, 0.0, 0.0, 0.0, 0.0, -0.5001109657448828, 0.0, 0.0, 0.0, 0.0, 0.0, 0.0, 0.0, 0.0, 0.0, 0.0, 0.0, 0.0, 0.0, 0.0, 0.0, 0.0, 0.0, 0.0, 0.0, 0.0, 0.0, 0.0, 0.0, 0.0, 0.0, 0.0, 0.0, 0.0, 0.0, 0.0, 0.0, 0.0, 0.0, 0.0, 0.0, 0.0, 0.0, 0.0, 0.0]",[9]
burgers,256×256,0.2,139.9403436083024,156,WSINDy,0.007062258717056125,0.007062258717056125,True,True,1,0,0,1.0,1.0,1.0,1.0,True,MSTLS support stable,6,0.008033666992560029,0.04001645898097195,"[0.0, 0.0, 0.0, 0.0, 0.0, 0.0, 0.0, 0.0, 0.0, -0.5035311293585281, 0.0, 0.0, 0.0, 0.0, 0.0, 0.0, 0.0, 0.0, 0.0, 0.0, 0.0, 0.0, 0.0, 0.0, 0.0, 0.0, 0.0, 0.0, 0.0, 0.0, 0.0, 0.0, 0.0, 0.0, 0.0, 0.0, 0.0, 0.0, 0.0, 0.0, 0.0, 0.0, 0.0, 0.0, 0.0, 0.0, 0.0, 0.0, 0.0]",[9]
burgers,256×256,0.2,139.9403436083024,157,WSINDy,0.0026797795206197073,0.0026797795206197073,True,True,1,0,0,1.0,1.0,1.0,1.0,True,MSTLS support stable,5,0.008442959020612761,0.040538501023547724,"[0.0, 0.0, 0.0, 0.0, 0.0, 0.0, 0.0, 0.0, 0.0, -0.5013398897603099, 0.0, 0.0, 0.0, 0.0, 0.0, 0.0, 0.0, 0.0, 0.0, 0.0, 0.0, 0.0, 0.0, 0.0, 0.0, 0.0, 0.0, 0.0, 0.0, 0.0, 0.0, 0.0, 0.0, 0.0, 0.0, 0.0, 0.0, 0.0, 0.0, 0.0, 0.0, 0.0, 0.0, 0.0, 0.0, 0.0, 0.0, 0.0, 0.0]",[9]
burgers,256×256,0.2,139.9403436083024,158,WSINDy,0.0009208494346193419,0.0009208494346193419,True,True,1,0,0,1.0,1.0,1.0,1.0,True,MSTLS support stable,7,0.009077791997697204,0.0404817090020515,"[0.0, 0.0, 0.0, 0.0, 0.0, 0.0, 0.0, 0.0, 0.0, -0.5004604247173097, 0.0, 0.0, 0.0, 0.0, 0.0, 0.0, 0.0, 0.0, 0.0, 0.0, 0.0, 0.0, 0.0, 0.0, 0.0, 0.0, 0.0, 0.0, 0.0, 0.0, 0.0, 0.0, 0.0, 0.0, 0.0, 0.0, 0.0, 0.0, 0.0, 0.0, 0.0, 0.0, 0.0, 0.0, 0.0, 0.0, 0.0, 0.0, 0.0]",[9]
burgers,256×256,0.2,139.9403436083024,159,WSINDy,0.0017477888812709175,0.0017477888812709175,True,True,1,0,0,1.0,1.0,1.0,1.0,True,MSTLS support stable,4,0.007696874992689118,0.039474291988881305,"[0.0, 0.0, 0.0, 0.0, 0.0, 0.0, 0.0, 0.0, 0.0, -0.49912610555936454, 0.0, 0.0, 0.0, 0.0, 0.0, 0.0, 0.0, 0.0, 0.0, 0.0, 0.0, 0.0, 0.0, 0.0, 0.0, 0.0, 0.0, 0.0, 0.0, 0.0, 0.0, 0.0, 0.0, 0.0, 0.0, 0.0, 0.0, 0.0, 0.0, 0.0, 0.0, 0.0, 0.0, 0.0, 0.0, 0.0, 0.0, 0.0, 0.0]",[9]
burgers,256×256,0.2,139.9403436083024,160,WSINDy,0.008240388555275202,0.008240388555275202,True,True,1,0,0,1.0,1.0,1.0,1.0,True,MSTLS support stable,6,0.008495417016092688,0.04019441702985205,"[0.0, 0.0, 0.0, 0.0, 0.0, 0.0, 0.0, 0.0, 0.0, -0.4958798057223624, 0.0, 0.0, 0.0, 0.0, 0.0, 0.0, 0.0, 0.0, 0.0, 0.0, 0.0, 0.0, 0.0, 0.0, 0.0, 0.0, 0.0, 0.0, 0.0, 0.0, 0.0, 0.0, 0.0, 0.0, 0.0, 0.0, 0.0, 0.0, 0.0, 0.0, 0.0, 0.0, 0.0, 0.0, 0.0, 0.0, 0.0, 0.0, 0.0]",[9]
burgers,256×256,0.2,139.9403436083024,161,WSINDy,0.00863831675695248,0.00863831675695248,True,True,1,0,0,1.0,1.0,1.0,1.0,True,MSTLS support stable,4,0.007797540980391204,0.038163832999998704,"[0.0, 0.0, 0.0, 0.0, 0.0, 0.0, 0.0, 0.0, 0.0, -0.49568084162152376, 0.0, 0.0, 0.0, 0.0, 0.0, 0.0, 0.0, 0.0, 0.0, 0.0, 0.0, 0.0, 0.0, 0.0, 0.0, 0.0, 0.0, 0.0, 0.0, 0.0, 0.0, 0.0, 0.0, 0.0, 0.0, 0.0, 0.0, 0.0, 0.0, 0.0, 0.0, 0.0, 0.0, 0.0, 0.0, 0.0, 0.0, 0.0, 0.0]",[9]
burgers,256×256,0.2,139.9403436083024,162,WSINDy,0.005034327863100763,0.005034327863100763,True,True,1,0,0,1.0,1.0,1.0,1.0,True,MSTLS support stable,4,0.007787875016219914,0.03917800000635907,"[0.0, 0.0, 0.0, 0.0, 0.0, 0.0, 0.0, 0.0, 0.0, -0.4974828360684496, 0.0, 0.0, 0.0, 0.0, 0.0, 0.0, 0.0, 0.0, 0.0, 0.0, 0.0, 0.0, 0.0, 0.0, 0.0, 0.0, 0.0, 0.0, 0.0, 0.0, 0.0, 0.0, 0.0, 0.0, 0.0, 0.0, 0.0, 0.0, 0.0, 0.0, 0.0, 0.0, 0.0, 0.0, 0.0, 0.0, 0.0, 0.0, 0.0]",[9]
burgers,256×256,0.2,139.9403436083024,163,WSINDy,0.00872983436115593,0.00872983436115593,True,True,1,0,0,1.0,1.0,1.0,1.0,True,MSTLS support stable,5,0.0077307090105023235,0.03801158399437554,"[0.0, 0.0, 0.0, 0.0, 0.0, 0.0, 0.0, 0.0, 0.0, -0.49563508281942203, 0.0, 0.0, 0.0, 0.0, 0.0, 0.0, 0.0, 0.0, 0.0, 0.0, 0.0, 0.0, 0.0, 0.0, 0.0, 0.0, 0.0, 0.0, 0.0, 0.0, 0.0, 0.0, 0.0, 0.0, 0.0, 0.0, 0.0, 0.0, 0.0, 0.0, 0.0, 0.0, 0.0, 0.0, 0.0, 0.0, 0.0, 0.0, 0.0]",[9]
burgers,256×256,0.2,139.9403436083024,164,WSINDy,0.004541381969046521,0.004541381969046521,True,True,1,0,0,1.0,1.0,1.0,1.0,True,MSTLS support stable,4,0.008200957992812619,0.039743458008160815,"[0.0, 0.0, 0.0, 0.0, 0.0, 0.0, 0.0, 0.0, 0.0, -0.5022706909845233, 0.0, 0.0, 0.0, 0.0, 0.0, 0.0, 0.0, 0.0, 0.0, 0.0, 0.0, 0.0, 0.0, 0.0, 0.0, 0.0, 0.0, 0.0, 0.0, 0.0, 0.0, 0.0, 0.0, 0.0, 0.0, 0.0, 0.0, 0.0, 0.0, 0.0, 0.0, 0.0, 0.0, 0.0, 0.0, 0.0, 0.0, 0.0, 0.0]",[9]
burgers,256×256,0.2,139.9403436083024,165,WSINDy,0.0002999866203412527,0.0002999866203412527,True,True,1,0,0,1.0,1.0,1.0,1.0,True,MSTLS support stable,6,0.008035667007789016,0.039605458005098626,"[0.0, 0.0, 0.0, 0.0, 0.0, 0.0, 0.0, 0.0, 0.0, -0.5001499933101706, 0.0, 0.0, 0.0, 0.0, 0.0, 0.0, 0.0, 0.0, 0.0, 0.0, 0.0, 0.0, 0.0, 0.0, 0.0, 0.0, 0.0, 0.0, 0.0, 0.0, 0.0, 0.0, 0.0, 0.0, 0.0, 0.0, 0.0, 0.0, 0.0, 0.0, 0.0, 0.0, 0.0, 0.0, 0.0, 0.0, 0.0, 0.0, 0.0]",[9]
burgers,256×256,0.2,139.9403436083024,166,WSINDy,0.0019945610469143116,0.0019945610469143116,True,True,1,0,0,1.0,1.0,1.0,1.0,True,MSTLS support stable,6,0.008338332991115749,0.040108832967234775,"[0.0, 0.0, 0.0, 0.0, 0.0, 0.0, 0.0, 0.0, 0.0, -0.5009972805234572, 0.0, 0.0, 0.0, 0.0, 0.0, 0.0, 0.0, 0.0, 0.0, 0.0, 0.0, 0.0, 0.0, 0.0, 0.0, 0.0, 0.0, 0.0, 0.0, 0.0, 0.0, 0.0, 0.0, 0.0, 0.0, 0.0, 0.0, 0.0, 0.0, 0.0, 0.0, 0.0, 0.0, 0.0, 0.0, 0.0, 0.0, 0.0, 0.0]",[9]
burgers,256×256,0.2,139.9403436083024,167,WSINDy,0.002007515662980963,0.002007515662980963,True,True,1,0,0,1.0,1.0,1.0,1.0,True,MSTLS support stable,4,0.007992458005901426,0.0395036660193,"[0.0, 0.0, 0.0, 0.0, 0.0, 0.0, 0.0, 0.0, 0.0, -0.4989962421685095, 0.0, 0.0, 0.0, 0.0, 0.0, 0.0, 0.0, 0.0, 0.0, 0.0, 0.0, 0.0, 0.0, 0.0, 0.0, 0.0, 0.0, 0.0, 0.0, 0.0, 0.0, 0.0, 0.0, 0.0, 0.0, 0.0, 0.0, 0.0, 0.0, 0.0, 0.0, 0.0, 0.0, 0.0, 0.0, 0.0, 0.0, 0.0, 0.0]",[9]
burgers,256×256,0.2,139.9403436083024,168,WSINDy,0.0009334928452275904,0.0009334928452275904,True,True,1,0,0,1.0,1.0,1.0,1.0,True,MSTLS support stable,5,0.008412166003836319,0.0400554160005413,"[0.0, 0.0, 0.0, 0.0, 0.0, 0.0, 0.0, 0.0, 0.0, -0.5004667464226138, 0.0, 0.0, 0.0, 0.0, 0.0, 0.0, 0.0, 0.0, 0.0, 0.0, 0.0, 0.0, 0.0, 0.0, 0.0, 0.0, 0.0, 0.0, 0.0, 0.0, 0.0, 0.0, 0.0, 0.0, 0.0, 0.0, 0.0, 0.0, 0.0, 0.0, 0.0, 0.0, 0.0, 0.0, 0.0, 0.0, 0.0, 0.0, 0.0]",[9]
burgers,256×256,0.2,139.9403436083024,169,WSINDy,0.006861832083233654,0.006861832083233654,True,True,1,0,0,1.0,1.0,1.0,1.0,True,MSTLS support stable,5,0.007843667000997812,0.03975045899278484,"[0.0, 0.0, 0.0, 0.0, 0.0, 0.0, 0.0, 0.0, 0.0, -0.5034309160416168, 0.0, 0.0, 0.0, 0.0, 0.0, 0.0, 0.0, 0.0, 0.0, 0.0, 0.0, 0.0, 0.0, 0.0, 0.0, 0.0, 0.0, 0.0, 0.0, 0.0, 0.0, 0.0, 0.0, 0.0, 0.0, 0.0, 0.0, 0.0, 0.0, 0.0, 0.0, 0.0, 0.0, 0.0, 0.0, 0.0, 0.0, 0.0, 0.0]",[9]
burgers,256×256,0.2,139.9403436083024,170,WSINDy,0.006437877159072403,0.006437877159072403,True,True,1,0,0,1.0,1.0,1.0,1.0,True,MSTLS support stable,4,0.00827008398482576,0.03980020899325609,"[0.0, 0.0, 0.0, 0.0, 0.0, 0.0, 0.0, 0.0, 0.0, -0.4967810614204638, 0.0, 0.0, 0.0, 0.0, 0.0, 0.0, 0.0, 0.0, 0.0, 0.0, 0.0, 0.0, 0.0, 0.0, 0.0, 0.0, 0.0, 0.0, 0.0, 0.0, 0.0, 0.0, 0.0, 0.0, 0.0, 0.0, 0.0, 0.0, 0.0, 0.0, 0.0, 0.0, 0.0, 0.0, 0.0, 0.0, 0.0, 0.0, 0.0]",[9]
burgers,256×256,0.2,139.9403436083024,171,WSINDy,0.00591719085326603,0.00591719085326603,True,True,1,0,0,1.0,1.0,1.0,1.0,True,MSTLS support stable,4,0.008225083001889288,0.03992412498337217,"[0.0, 0.0, 0.0, 0.0, 0.0, 0.0, 0.0, 0.0, 0.0, -0.497041404573367, 0.0, 0.0, 0.0, 0.0, 0.0, 0.0, 0.0, 0.0, 0.0, 0.0, 0.0, 0.0, 0.0, 0.0, 0.0, 0.0, 0.0, 0.0, 0.0, 0.0, 0.0, 0.0, 0.0, 0.0, 0.0, 0.0, 0.0, 0.0, 0.0, 0.0, 0.0, 0.0, 0.0, 0.0, 0.0, 0.0, 0.0, 0.0, 0.0]",[9]
burgers,256×256,0.2,139.9403436083024,172,WSINDy,0.003872865297379624,0.003872865297379624,True,True,1,0,0,1.0,1.0,1.0,1.0,True,MSTLS support stable,6,0.008255958004156128,0.039826374006224796,"[0.0, 0.0, 0.0, 0.0, 0.0, 0.0, 0.0, 0.0, 0.0, -0.5019364326486898, 0.0, 0.0, 0.0, 0.0, 0.0, 0.0, 0.0, 0.0, 0.0, 0.0, 0.0, 0.0, 0.0, 0.0, 0.0, 0.0, 0.0, 0.0, 0.0, 0.0, 0.0, 0.0, 0.0, 0.0, 0.0, 0.0, 0.0, 0.0, 0.0, 0.0, 0.0, 0.0, 0.0, 0.0, 0.0, 0.0, 0.0, 0.0, 0.0]",[9]
burgers,256×256,0.2,139.9403436083024,173,WSINDy,0.0003616444429922483,0.0003616444429922483,True,True,1,0,0,1.0,1.0,1.0,1.0,True,MSTLS support stable,5,0.00779887501266785,0.03905679201125167,"[0.0, 0.0, 0.0, 0.0, 0.0, 0.0, 0.0, 0.0, 0.0, -0.4998191777785039, 0.0, 0.0, 0.0, 0.0, 0.0, 0.0, 0.0, 0.0, 0.0, 0.0, 0.0, 0.0, 0.0, 0.0, 0.0, 0.0, 0.0, 0.0, 0.0, 0.0, 0.0, 0.0, 0.0, 0.0, 0.0, 0.0, 0.0, 0.0, 0.0, 0.0, 0.0, 0.0, 0.0, 0.0, 0.0, 0.0, 0.0, 0.0, 0.0]",[9]
burgers,256×256,0.2,139.9403436083024,174,WSINDy,0.005440346182558731,0.005440346182558731,True,True,1,0,0,1.0,1.0,1.0,1.0,True,MSTLS support stable,4,0.007701042020926252,0.03961233302834444,"[0.0, 0.0, 0.0, 0.0, 0.0, 0.0, 0.0, 0.0, 0.0, -0.5027201730912794, 0.0, 0.0, 0.0, 0.0, 0.0, 0.0, 0.0, 0.0, 0.0, 0.0, 0.0, 0.0, 0.0, 0.0, 0.0, 0.0, 0.0, 0.0, 0.0, 0.0, 0.0, 0.0, 0.0, 0.0, 0.0, 0.0, 0.0, 0.0, 0.0, 0.0, 0.0, 0.0, 0.0, 0.0, 0.0, 0.0, 0.0, 0.0, 0.0]",[9]
burgers,256×256,0.2,139.9403436083024,175,WSINDy,0.006812803657136213,0.006812803657136213,True,True,1,0,0,1.0,1.0,1.0,1.0,True,MSTLS support stable,6,0.00771137501578778,0.0382072500360664,"[0.0, 0.0, 0.0, 0.0, 0.0, 0.0, 0.0, 0.0, 0.0, -0.5034064018285681, 0.0, 0.0, 0.0, 0.0, 0.0, 0.0, 0.0, 0.0, 0.0, 0.0, 0.0, 0.0, 0.0, 0.0, 0.0, 0.0, 0.0, 0.0, 0.0, 0.0, 0.0, 0.0, 0.0, 0.0, 0.0, 0.0, 0.0, 0.0, 0.0, 0.0, 0.0, 0.0, 0.0, 0.0, 0.0, 0.0, 0.0, 0.0, 0.0]",[9]
burgers,256×256,0.2,139.9403436083024,176,WSINDy,0.0065285764578213445,0.0065285764578213445,True,True,1,0,0,1.0,1.0,1.0,1.0,True,MSTLS support stable,4,0.007950832979986444,0.039826666994486004,"[0.0, 0.0, 0.0, 0.0, 0.0, 0.0, 0.0, 0.0, 0.0, -0.5032642882289107, 0.0, 0.0, 0.0, 0.0, 0.0, 0.0, 0.0, 0.0, 0.0, 0.0, 0.0, 0.0, 0.0, 0.0, 0.0, 0.0, 0.0, 0.0, 0.0, 0.0, 0.0, 0.0, 0.0, 0.0, 0.0, 0.0, 0.0, 0.0, 0.0, 0.0, 0.0, 0.0, 0.0, 0.0, 0.0, 0.0, 0.0, 0.0, 0.0]",[9]
burgers,256×256,0.2,139.9403436083024,177,WSINDy,0.004306199624506846,0.004306199624506846,True,True,1,0,0,1.0,1.0,1.0,1.0,True,MSTLS support stable,4,0.007542832987383008,0.03877666700282134,"[0.0, 0.0, 0.0, 0.0, 0.0, 0.0, 0.0, 0.0, 0.0, -0.5021530998122534, 0.0, 0.0, 0.0, 0.0, 0.0, 0.0, 0.0, 0.0, 0.0, 0.0, 0.0, 0.0, 0.0, 0.0, 0.0, 0.0, 0.0, 0.0, 0.0, 0.0, 0.0, 0.0, 0.0, 0.0, 0.0, 0.0, 0.0, 0.0, 0.0, 0.0, 0.0, 0.0, 0.0, 0.0, 0.0, 0.0, 0.0, 0.0, 0.0]",[9]
burgers,256×256,0.2,139.9403436083024,178,WSINDy,9.6594307727349e-05,9.6594307727349e-05,True,True,1,0,0,1.0,1.0,1.0,1.0,True,MSTLS support stable,4,0.008828458026982844,0.03952266601845622,"[0.0, 0.0, 0.0, 0.0, 0.0, 0.0, 0.0, 0.0, 0.0, -0.4999517028461363, 0.0, 0.0, 0.0, 0.0, 0.0, 0.0, 0.0, 0.0, 0.0, 0.0, 0.0, 0.0, 0.0, 0.0, 0.0, 0.0, 0.0, 0.0, 0.0, 0.0, 0.0, 0.0, 0.0, 0.0, 0.0, 0.0, 0.0, 0.0, 0.0, 0.0, 0.0, 0.0, 0.0, 0.0, 0.0, 0.0, 0.0, 0.0, 0.0]",[9]
burgers,256×256,0.2,139.9403436083024,179,WSINDy,0.0036981855011856135,0.0036981855011856135,True,True,1,0,0,1.0,1.0,1.0,1.0,True,MSTLS support stable,5,0.008012125006644055,0.0380346670281142,"[0.0, 0.0, 0.0, 0.0, 0.0, 0.0, 0.0, 0.0, 0.0, -0.4981509072494072, 0.0, 0.0, 0.0, 0.0, 0.0, 0.0, 0.0, 0.0, 0.0, 0.0, 0.0, 0.0, 0.0, 0.0, 0.0, 0.0, 0.0, 0.0, 0.0, 0.0, 0.0, 0.0, 0.0, 0.0, 0.0, 0.0, 0.0, 0.0, 0.0, 0.0, 0.0, 0.0, 0.0, 0.0, 0.0, 0.0, 0.0, 0.0, 0.0]",[9]
burgers,256×256,0.2,139.9403436083024,180,WSINDy,0.006164725219611311,0.006164725219611311,True,True,1,0,0,1.0,1.0,1.0,1.0,True,MSTLS support stable,6,0.007661749987164512,0.039601791999302804,"[0.0, 0.0, 0.0, 0.0, 0.0, 0.0, 0.0, 0.0, 0.0, -0.49691763739019434, 0.0, 0.0, 0.0, 0.0, 0.0, 0.0, 0.0, 0.0, 0.0, 0.0, 0.0, 0.0, 0.0, 0.0, 0.0, 0.0, 0.0, 0.0, 0.0, 0.0, 0.0, 0.0, 0.0, 0.0, 0.0, 0.0, 0.0, 0.0, 0.0, 0.0, 0.0, 0.0, 0.0, 0.0, 0.0, 0.0, 0.0, 0.0, 0.0]",[9]
burgers,256×256,0.2,139.9403436083024,181,WSINDy,0.004271964508158921,0.004271964508158921,True,True,1,0,0,1.0,1.0,1.0,1.0,True,MSTLS support stable,4,0.00886299999547191,0.03991299998597242,"[0.0, 0.0, 0.0, 0.0, 0.0, 0.0, 0.0, 0.0, 0.0, -0.49786401774592054, 0.0, 0.0, 0.0, 0.0, 0.0, 0.0, 0.0, 0.0, 0.0, 0.0, 0.0, 0.0, 0.0, 0.0, 0.0, 0.0, 0.0, 0.0, 0.0, 0.0, 0.0, 0.0, 0.0, 0.0, 0.0, 0.0, 0.0, 0.0, 0.0, 0.0, 0.0, 0.0, 0.0, 0.0, 0.0, 0.0, 0.0, 0.0, 0.0]",[9]
burgers,256×256,0.2,139.9403436083024,182,WSINDy,0.0034952401992942583,0.0034952401992942583,True,True,1,0,0,1.0,1.0,1.0,1.0,True,MSTLS support stable,5,0.008214416011469439,0.04037824901752174,"[0.0, 0.0, 0.0, 0.0, 0.0, 0.0, 0.0, 0.0, 0.0, -0.49825237990035287, 0.0, 0.0, 0.0, 0.0, 0.0, 0.0, 0.0, 0.0, 0.0, 0.0, 0.0, 0.0, 0.0, 0.0, 0.0, 0.0, 0.0, 0.0, 0.0, 0.0, 0.0, 0.0, 0.0, 0.0, 0.0, 0.0, 0.0, 0.0, 0.0, 0.0, 0.0, 0.0, 0.0, 0.0, 0.0, 0.0, 0.0, 0.0, 0.0]",[9]
burgers,256×256,0.2,139.9403436083024,183,WSINDy,0.009067510501270082,0.009067510501270082,True,True,1,0,0,1.0,1.0,1.0,1.0,True,MSTLS support stable,5,0.007916333997854963,0.039855374983744696,"[0.0, 0.0, 0.0, 0.0, 0.0, 0.0, 0.0, 0.0, 0.0, -0.504533755250635, 0.0, 0.0, 0.0, 0.0, 0.0, 0.0, 0.0, 0.0, 0.0, 0.0, 0.0, 0.0, 0.0, 0.0, 0.0, 0.0, 0.0, 0.0, 0.0, 0.0, 0.0, 0.0, 0.0, 0.0, 0.0, 0.0, 0.0, 0.0, 0.0, 0.0, 0.0, 0.0, 0.0, 0.0, 0.0, 0.0, 0.0, 0.0, 0.0]",[9]
burgers,256×256,0.2,139.9403436083024,184,WSINDy,0.005281984979553567,0.005281984979553567,True,True,1,0,0,1.0,1.0,1.0,1.0,True,MSTLS support stable,5,0.007115415995940566,0.03836641600355506,"[0.0, 0.0, 0.0, 0.0, 0.0, 0.0, 0.0, 0.0, 0.0, -0.5026409924897768, 0.0, 0.0, 0.0, 0.0, 0.0, 0.0, 0.0, 0.0, 0.0, 0.0, 0.0, 0.0, 0.0, 0.0, 0.0, 0.0, 0.0, 0.0, 0.0, 0.0, 0.0, 0.0, 0.0, 0.0, 0.0, 0.0, 0.0, 0.0, 0.0, 0.0, 0.0, 0.0, 0.0, 0.0, 0.0, 0.0, 0.0, 0.0, 0.0]",[9]
burgers,256×256,0.2,139.9403436083024,185,WSINDy,0.0032555912664729014,0.0032555912664729014,True,True,1,0,0,1.0,1.0,1.0,1.0,True,MSTLS support stable,5,0.0076477910042740405,0.038919291022466496,"[0.0, 0.0, 0.0, 0.0, 0.0, 0.0, 0.0, 0.0, 0.0, -0.5016277956332365, 0.0, 0.0, 0.0, 0.0, 0.0, 0.0, 0.0, 0.0, 0.0, 0.0, 0.0, 0.0, 0.0, 0.0, 0.0, 0.0, 0.0, 0.0, 0.0, 0.0, 0.0, 0.0, 0.0, 0.0, 0.0, 0.0, 0.0, 0.0, 0.0, 0.0, 0.0, 0.0, 0.0, 0.0, 0.0, 0.0, 0.0, 0.0, 0.0]",[9]
burgers,256×256,0.2,139.9403436083024,186,WSINDy,0.00810043827102258,0.00810043827102258,True,True,1,0,0,1.0,1.0,1.0,1.0,True,MSTLS support stable,5,0.008182624995242804,0.03971754197846167,"[0.0, 0.0, 0.0, 0.0, 0.0, 0.0, 0.0, 0.0, 0.0, -0.5040502191355113, 0.0, 0.0, 0.0, 0.0, 0.0, 0.0, 0.0, 0.0, 0.0, 0.0, 0.0, 0.0, 0.0, 0.0, 0.0, 0.0, 0.0, 0.0, 0.0, 0.0, 0.0, 0.0, 0.0, 0.0, 0.0, 0.0, 0.0, 0.0, 0.0, 0.0, 0.0, 0.0, 0.0, 0.0, 0.0, 0.0, 0.0, 0.0, 0.0]",[9]
burgers,256×256,0.2,139.9403436083024,187,WSINDy,0.0014949689373096042,0.0014949689373096042,True,True,1,0,0,1.0,1.0,1.0,1.0,True,MSTLS support stable,4,0.008378458995139226,0.03981587500311434,"[0.0, 0.0, 0.0, 0.0, 0.0, 0.0, 0.0, 0.0, 0.0, -0.4992525155313452, 0.0, 0.0, 0.0, 0.0, 0.0, 0.0, 0.0, 0.0, 0.0, 0.0, 0.0, 0.0, 0.0, 0.0, 0.0, 0.0, 0.0, 0.0, 0.0, 0.0, 0.0, 0.0, 0.0, 0.0, 0.0, 0.0, 0.0, 0.0, 0.0, 0.0, 0.0, 0.0, 0.0, 0.0, 0.0, 0.0, 0.0, 0.0, 0.0]",[9]
burgers,256×256,0.2,139.9403436083024,188,WSINDy,0.009687397400920617,0.009687397400920617,True,True,1,0,0,1.0,1.0,1.0,1.0,True,MSTLS support stable,5,0.009030167013406754,0.040678084013052285,"[0.0, 0.0, 0.0, 0.0, 0.0, 0.0, 0.0, 0.0, 0.0, -0.5048436987004603, 0.0, 0.0, 0.0, 0.0, 0.0, 0.0, 0.0, 0.0, 0.0, 0.0, 0.0, 0.0, 0.0, 0.0, 0.0, 0.0, 0.0, 0.0, 0.0, 0.0, 0.0, 0.0, 0.0, 0.0, 0.0, 0.0, 0.0, 0.0, 0.0, 0.0, 0.0, 0.0, 0.0, 0.0, 0.0, 0.0, 0.0, 0.0, 0.0]",[9]
burgers,256×256,0.2,139.9403436083024,189,WSINDy,0.004286897312780091,0.004286897312780091,True,True,1,0,0,1.0,1.0,1.0,1.0,True,MSTLS support stable,6,0.008527166006388143,0.04039545700652525,"[0.0, 0.0, 0.0, 0.0, 0.0, 0.0, 0.0, 0.0, 0.0, -0.49785655134360995, 0.0, 0.0, 0.0, 0.0, 0.0, 0.0, 0.0, 0.0, 0.0, 0.0, 0.0, 0.0, 0.0, 0.0, 0.0, 0.0, 0.0, 0.0, 0.0, 0.0, 0.0, 0.0, 0.0, 0.0, 0.0, 0.0, 0.0, 0.0, 0.0, 0.0, 0.0, 0.0, 0.0, 0.0, 0.0, 0.0, 0.0, 0.0, 0.0]",[9]
burgers,256×256,0.2,139.9403436083024,190,WSINDy,0.007487030250594273,0.007487030250594273,True,True,1,0,0,1.0,1.0,1.0,1.0,True,MSTLS support stable,4,0.00820112499059178,0.040267542004585266,"[0.0, 0.0, 0.0, 0.0, 0.0, 0.0, 0.0, 0.0, 0.0, -0.49625648487470286, 0.0, 0.0, 0.0, 0.0, 0.0, 0.0, 0.0, 0.0, 0.0, 0.0, 0.0, 0.0, 0.0, 0.0, 0.0, 0.0, 0.0, 0.0, 0.0, 0.0, 0.0, 0.0, 0.0, 0.0, 0.0, 0.0, 0.0, 0.0, 0.0, 0.0, 0.0, 0.0, 0.0, 0.0, 0.0, 0.0, 0.0, 0.0, 0.0]",[9]
burgers,256×256,0.2,139.9403436083024,191,WSINDy,0.003042212187075455,0.003042212187075455,True,True,1,0,0,1.0,1.0,1.0,1.0,True,MSTLS support stable,4,0.007913999987067655,0.040090166963636875,"[0.0, 0.0, 0.0, 0.0, 0.0, 0.0, 0.0, 0.0, 0.0, -0.5015211060935377, 0.0, 0.0, 0.0, 0.0, 0.0, 0.0, 0.0, 0.0, 0.0, 0.0, 0.0, 0.0, 0.0, 0.0, 0.0, 0.0, 0.0, 0.0, 0.0, 0.0, 0.0, 0.0, 0.0, 0.0, 0.0, 0.0, 0.0, 0.0, 0.0, 0.0, 0.0, 0.0, 0.0, 0.0, 0.0, 0.0, 0.0, 0.0, 0.0]",[9]
burgers,256×256,0.2,139.9403436083024,192,WSINDy,0.00316924586629197,0.00316924586629197,True,True,1,0,0,1.0,1.0,1.0,1.0,True,MSTLS support stable,4,0.00715308400685899,0.03859500100952573,"[0.0, 0.0, 0.0, 0.0, 0.0, 0.0, 0.0, 0.0, 0.0, -0.498415377066854, 0.0, 0.0, 0.0, 0.0, 0.0, 0.0, 0.0, 0.0, 0.0, 0.0, 0.0, 0.0, 0.0, 0.0, 0.0, 0.0, 0.0, 0.0, 0.0, 0.0, 0.0, 0.0, 0.0, 0.0, 0.0, 0.0, 0.0, 0.0, 0.0, 0.0, 0.0, 0.0, 0.0, 0.0, 0.0, 0.0, 0.0, 0.0, 0.0]",[9]
burgers,256×256,0.2,139.9403436083024,193,WSINDy,0.001249663216562058,0.001249663216562058,True,True,1,0,0,1.0,1.0,1.0,1.0,True,MSTLS support stable,6,0.008054708014242351,0.0393544580147136,"[0.0, 0.0, 0.0, 0.0, 0.0, 0.0, 0.0, 0.0, 0.0, -0.49937516839171897, 0.0, 0.0, 0.0, 0.0, 0.0, 0.0, 0.0, 0.0, 0.0, 0.0, 0.0, 0.0, 0.0, 0.0, 0.0, 0.0, 0.0, 0.0, 0.0, 0.0, 0.0, 0.0, 0.0, 0.0, 0.0, 0.0, 0.0, 0.0, 0.0, 0.0, 0.0, 0.0, 0.0, 0.0, 0.0, 0.0, 0.0, 0.0, 0.0]",[9]
burgers,256×256,0.2,139.9403436083024,194,WSINDy,0.01419870394673195,0.01419870394673195,True,True,1,0,0,1.0,1.0,1.0,1.0,True,MSTLS support stable,4,0.008010708988877013,0.03957233397522941,"[0.0, 0.0, 0.0, 0.0, 0.0, 0.0, 0.0, 0.0, 0.0, -0.507099351973366, 0.0, 0.0, 0.0, 0.0, 0.0, 0.0, 0.0, 0.0, 0.0, 0.0, 0.0, 0.0, 0.0, 0.0, 0.0, 0.0, 0.0, 0.0, 0.0, 0.0, 0.0, 0.0, 0.0, 0.0, 0.0, 0.0, 0.0, 0.0, 0.0, 0.0, 0.0, 0.0, 0.0, 0.0, 0.0, 0.0, 0.0, 0.0, 0.0]",[9]
burgers,256×256,0.2,139.9403436083024,195,WSINDy,0.0006459302917025678,0.0006459302917025678,True,True,1,0,0,1.0,1.0,1.0,1.0,True,MSTLS support stable,4,0.007934416003990918,0.039160790998721495,"[0.0, 0.0, 0.0, 0.0, 0.0, 0.0, 0.0, 0.0, 0.0, -0.4996770348541487, 0.0, 0.0, 0.0, 0.0, 0.0, 0.0, 0.0, 0.0, 0.0, 0.0, 0.0, 0.0, 0.0, 0.0, 0.0, 0.0, 0.0, 0.0, 0.0, 0.0, 0.0, 0.0, 0.0, 0.0, 0.0, 0.0, 0.0, 0.0, 0.0, 0.0, 0.0, 0.0, 0.0, 0.0, 0.0, 0.0, 0.0, 0.0, 0.0]",[9]
burgers,256×256,0.2,139.9403436083024,196,WSINDy,0.0026702293711743375,0.0026702293711743375,True,True,1,0,0,1.0,1.0,1.0,1.0,True,MSTLS support stable,4,0.008814417000394315,0.04029291702318005,"[0.0, 0.0, 0.0, 0.0, 0.0, 0.0, 0.0, 0.0, 0.0, -0.49866488531441283, 0.0, 0.0, 0.0, 0.0, 0.0, 0.0, 0.0, 0.0, 0.0, 0.0, 0.0, 0.0, 0.0, 0.0, 0.0, 0.0, 0.0, 0.0, 0.0, 0.0, 0.0, 0.0, 0.0, 0.0, 0.0, 0.0, 0.0, 0.0, 0.0, 0.0, 0.0, 0.0, 0.0, 0.0, 0.0, 0.0, 0.0, 0.0, 0.0]",[9]
burgers,256×256,0.2,139.9403436083024,197,WSINDy,0.009147620181614524,0.009147620181614524,True,True,1,0,0,1.0,1.0,1.0,1.0,True,MSTLS support stable,4,0.007990792015334591,0.03996154203196056,"[0.0, 0.0, 0.0, 0.0, 0.0, 0.0, 0.0, 0.0, 0.0, -0.5045738100908073, 0.0, 0.0, 0.0, 0.0, 0.0, 0.0, 0.0, 0.0, 0.0, 0.0, 0.0, 0.0, 0.0, 0.0, 0.0, 0.0, 0.0, 0.0, 0.0, 0.0, 0.0, 0.0, 0.0, 0.0, 0.0, 0.0, 0.0, 0.0, 0.0, 0.0, 0.0, 0.0, 0.0, 0.0, 0.0, 0.0, 0.0, 0.0, 0.0]",[9]
burgers,256×256,0.2,139.9403436083024,198,WSINDy,0.007656977786076213,0.007656977786076213,True,True,1,0,0,1.0,1.0,1.0,1.0,True,MSTLS support stable,6,0.00943350000306964,0.041243834013585,"[0.0, 0.0, 0.0, 0.0, 0.0, 0.0, 0.0, 0.0, 0.0, -0.4961715111069619, 0.0, 0.0, 0.0, 0.0, 0.0, 0.0, 0.0, 0.0, 0.0, 0.0, 0.0, 0.0, 0.0, 0.0, 0.0, 0.0, 0.0, 0.0, 0.0, 0.0, 0.0, 0.0, 0.0, 0.0, 0.0, 0.0, 0.0, 0.0, 0.0, 0.0, 0.0, 0.0, 0.0, 0.0, 0.0, 0.0, 0.0, 0.0, 0.0]",[9]
burgers,256×256,0.2,139.9403436083024,199,WSINDy,0.0028561727513800594,0.0028561727513800594,True,True,1,0,0,1.0,1.0,1.0,1.0,True,MSTLS support stable,4,0.008002457994734868,0.03953812501276843,"[0.0, 0.0, 0.0, 0.0, 0.0, 0.0, 0.0, 0.0, 0.0, -0.50142808637569, 0.0, 0.0, 0.0, 0.0, 0.0, 0.0, 0.0, 0.0, 0.0, 0.0, 0.0, 0.0, 0.0, 0.0, 0.0, 0.0, 0.0, 0.0, 0.0, 0.0, 0.0, 0.0, 0.0, 0.0, 0.0, 0.0, 0.0, 0.0, 0.0, 0.0, 0.0, 0.0, 0.0, 0.0, 0.0, 0.0, 0.0, 0.0, 0.0]",[9]
burgers,256×256,0.5,349.850859020756,0,WSINDy,0.009224424415528731,0.009224424415528731,True,True,1,0,0,1.0,1.0,1.0,1.0,True,MSTLS support stable,5,0.009442000009585172,0.04232120799133554,"[0.0, 0.0, 0.0, 0.0, 0.0, 0.0, 0.0, 0.0, 0.0, -0.49538778779223563, 0.0, 0.0, 0.0, 0.0, 0.0, 0.0, 0.0, 0.0, 0.0, 0.0, 0.0, 0.0, 0.0, 0.0, 0.0, 0.0, 0.0, 0.0, 0.0, 0.0, 0.0, 0.0, 0.0, 0.0, 0.0, 0.0, 0.0, 0.0, 0.0, 0.0, 0.0, 0.0, 0.0, 0.0, 0.0, 0.0, 0.0, 0.0, 0.0]",[9]
burgers,256×256,0.5,349.850859020756,1,WSINDy,0.018195797299130456,0.018195797299130456,True,True,1,0,0,1.0,1.0,1.0,1.0,True,MSTLS support stable,4,0.008793792017968372,0.04031379203661345,"[0.0, 0.0, 0.0, 0.0, 0.0, 0.0, 0.0, 0.0, 0.0, -0.5090978986495652, 0.0, 0.0, 0.0, 0.0, 0.0, 0.0, 0.0, 0.0, 0.0, 0.0, 0.0, 0.0, 0.0, 0.0, 0.0, 0.0, 0.0, 0.0, 0.0, 0.0, 0.0, 0.0, 0.0, 0.0, 0.0, 0.0, 0.0, 0.0, 0.0, 0.0, 0.0, 0.0, 0.0, 0.0, 0.0, 0.0, 0.0, 0.0, 0.0]",[9]
burgers,256×256,0.5,349.850859020756,2,WSINDy,0.009162694915524905,0.009162694915524905,True,True,1,0,0,1.0,1.0,1.0,1.0,True,MSTLS support stable,4,0.008886041003279388,0.04129254099098034,"[0.0, 0.0, 0.0, 0.0, 0.0, 0.0, 0.0, 0.0, 0.0, -0.49541865254223755, 0.0, 0.0, 0.0, 0.0, 0.0, 0.0, 0.0, 0.0, 0.0, 0.0, 0.0, 0.0, 0.0, 0.0, 0.0, 0.0, 0.0, 0.0, 0.0, 0.0, 0.0, 0.0, 0.0, 0.0, 0.0, 0.0, 0.0, 0.0, 0.0, 0.0, 0.0, 0.0, 0.0, 0.0, 0.0, 0.0, 0.0, 0.0, 0.0]",[9]
burgers,256×256,0.5,349.850859020756,3,WSINDy,0.0048663161306821134,0.0048663161306821134,True,True,1,0,0,1.0,1.0,1.0,1.0,True,MSTLS support stable,3,0.008107792004011571,0.03864520799834281,"[0.0, 0.0, 0.0, 0.0, 0.0, 0.0, 0.0, 0.0, 0.0, -0.49756684193465894, 0.0, 0.0, 0.0, 0.0, 0.0, 0.0, 0.0, 0.0, 0.0, 0.0, 0.0, 0.0, 0.0, 0.0, 0.0, 0.0, 0.0, 0.0, 0.0, 0.0, 0.0, 0.0, 0.0, 0.0, 0.0, 0.0, 0.0, 0.0, 0.0, 0.0, 0.0, 0.0, 0.0, 0.0, 0.0, 0.0, 0.0, 0.0, 0.0]",[9]
burgers,256×256,0.5,349.850859020756,4,WSINDy,0.005082377654372472,0.005082377654372472,True,True,1,0,0,1.0,1.0,1.0,1.0,True,MSTLS support stable,5,0.009424957999726757,0.04067437400226481,"[0.0, 0.0, 0.0, 0.0, 0.0, 0.0, 0.0, 0.0, 0.0, -0.5025411888271862, 0.0, 0.0, 0.0, 0.0, 0.0, 0.0, 0.0, 0.0, 0.0, 0.0, 0.0, 0.0, 0.0, 0.0, 0.0, 0.0, 0.0, 0.0, 0.0, 0.0, 0.0, 0.0, 0.0, 0.0, 0.0, 0.0, 0.0, 0.0, 0.0, 0.0, 0.0, 0.0, 0.0, 0.0, 0.0, 0.0, 0.0, 0.0, 0.0]",[9]
burgers,256×256,0.5,349.850859020756,5,WSINDy,0.009163413660724373,0.009163413660724373,True,True,1,0,0,1.0,1.0,1.0,1.0,True,MSTLS support stable,4,0.008714750001672655,0.04033849999541417,"[0.0, 0.0, 0.0, 0.0, 0.0, 0.0, 0.0, 0.0, 0.0, -0.4954182931696378, 0.0, 0.0, 0.0, 0.0, 0.0, 0.0, 0.0, 0.0, 0.0, 0.0, 0.0, 0.0, 0.0, 0.0, 0.0, 0.0, 0.0, 0.0, 0.0, 0.0, 0.0, 0.0, 0.0, 0.0, 0.0, 0.0, 0.0, 0.0, 0.0, 0.0, 0.0, 0.0, 0.0, 0.0, 0.0, 0.0, 0.0, 0.0, 0.0]",[9]
burgers,256×256,0.5,349.850859020756,6,WSINDy,0.010491684515608335,0.010491684515608335,True,True,1,0,0,1.0,1.0,1.0,1.0,True,MSTLS support stable,5,0.008511291001923382,0.039786457986338064,"[0.0, 0.0, 0.0, 0.0, 0.0, 0.0, 0.0, 0.0, 0.0, -0.49475415774219583, 0.0, 0.0, 0.0, 0.0, 0.0, 0.0, 0.0, 0.0, 0.0, 0.0, 0.0, 0.0, 0.0, 0.0, 0.0, 0.0, 0.0, 0.0, 0.0, 0.0, 0.0, 0.0, 0.0, 0.0, 0.0, 0.0, 0.0, 0.0, 0.0, 0.0, 0.0, 0.0, 0.0, 0.0, 0.0, 0.0, 0.0, 0.0, 0.0]",[9]
burgers,256×256,0.5,349.850859020756,7,WSINDy,0.015341359464685844,0.015341359464685844,True,True,1,0,0,1.0,1.0,1.0,1.0,True,MSTLS support stable,4,0.008311665995279327,0.04021079099038616,"[0.0, 0.0, 0.0, 0.0, 0.0, 0.0, 0.0, 0.0, 0.0, -0.5076706797323429, 0.0, 0.0, 0.0, 0.0, 0.0, 0.0, 0.0, 0.0, 0.0, 0.0, 0.0, 0.0, 0.0, 0.0, 0.0, 0.0, 0.0, 0.0, 0.0, 0.0, 0.0, 0.0, 0.0, 0.0, 0.0, 0.0, 0.0, 0.0, 0.0, 0.0, 0.0, 0.0, 0.0, 0.0, 0.0, 0.0, 0.0, 0.0, 0.0]",[9]
burgers,256×256,0.5,349.850859020756,8,WSINDy,0.004262818401891688,0.004262818401891688,True,True,1,0,0,1.0,1.0,1.0,1.0,True,MSTLS support stable,4,0.010134666983503848,0.042158791969995946,"[0.0, 0.0, 0.0, 0.0, 0.0, 0.0, 0.0, 0.0, 0.0, -0.49786859079905416, 0.0, 0.0, 0.0, 0.0, 0.0, 0.0, 0.0, 0.0, 0.0, 0.0, 0.0, 0.0, 0.0, 0.0, 0.0, 0.0, 0.0, 0.0, 0.0, 0.0, 0.0, 0.0, 0.0, 0.0, 0.0, 0.0, 0.0, 0.0, 0.0, 0.0, 0.0, 0.0, 0.0, 0.0, 0.0, 0.0, 0.0, 0.0, 0.0]",[9]
burgers,256×256,0.5,349.850859020756,9,WSINDy,0.0014046885483425253,0.0014046885483425253,True,True,1,0,0,1.0,1.0,1.0,1.0,True,MSTLS support stable,3,0.00772724999114871,0.03972662499290891,"[0.0, 0.0, 0.0, 0.0, 0.0, 0.0, 0.0, 0.0, 0.0, -0.49929765572582874, 0.0, 0.0, 0.0, 0.0, 0.0, 0.0, 0.0, 0.0, 0.0, 0.0, 0.0, 0.0, 0.0, 0.0, 0.0, 0.0, 0.0, 0.0, 0.0, 0.0, 0.0, 0.0, 0.0, 0.0, 0.0, 0.0, 0.0, 0.0, 0.0, 0.0, 0.0, 0.0, 0.0, 0.0, 0.0, 0.0, 0.0, 0.0, 0.0]",[9]
burgers,256×256,0.5,349.850859020756,10,WSINDy,0.001667619756172467,0.001667619756172467,True,True,1,0,0,1.0,1.0,1.0,1.0,True,MSTLS support stable,4,0.008268083998700604,0.039758166996762156,"[0.0, 0.0, 0.0, 0.0, 0.0, 0.0, 0.0, 0.0, 0.0, -0.5008338098780862, 0.0, 0.0, 0.0, 0.0, 0.0, 0.0, 0.0, 0.0, 0.0, 0.0, 0.0, 0.0, 0.0, 0.0, 0.0, 0.0, 0.0, 0.0, 0.0, 0.0, 0.0, 0.0, 0.0, 0.0, 0.0, 0.0, 0.0, 0.0, 0.0, 0.0, 0.0, 0.0, 0.0, 0.0, 0.0, 0.0, 0.0, 0.0, 0.0]",[9]
burgers,256×256,0.5,349.850859020756,11,WSINDy,0.008700102646034047,0.008700102646034047,True,True,1,0,0,1.0,1.0,1.0,1.0,True,MSTLS support stable,5,0.0090349160018377,0.040372624003794044,"[0.0, 0.0, 0.0, 0.0, 0.0, 0.0, 0.0, 0.0, 0.0, -0.504350051323017, 0.0, 0.0, 0.0, 0.0, 0.0, 0.0, 0.0, 0.0, 0.0, 0.0, 0.0, 0.0, 0.0, 0.0, 0.0, 0.0, 0.0, 0.0, 0.0, 0.0, 0.0, 0.0, 0.0, 0.0, 0.0, 0.0, 0.0, 0.0, 0.0, 0.0, 0.0, 0.0, 0.0, 0.0, 0.0, 0.0, 0.0, 0.0, 0.0]",[9]
burgers,256×256,0.5,349.850859020756,12,WSINDy,0.011570848936550804,0.011570848936550804,True,True,1,0,0,1.0,1.0,1.0,1.0,True,MSTLS support stable,3,0.008365000016056001,0.03998258299543522,"[0.0, 0.0, 0.0, 0.0, 0.0, 0.0, 0.0, 0.0, 0.0, -0.4942145755317246, 0.0, 0.0, 0.0, 0.0, 0.0, 0.0, 0.0, 0.0, 0.0, 0.0, 0.0, 0.0, 0.0, 0.0, 0.0, 0.0, 0.0, 0.0, 0.0, 0.0, 0.0, 0.0, 0.0, 0.0, 0.0, 0.0, 0.0, 0.0, 0.0, 0.0, 0.0, 0.0, 0.0, 0.0, 0.0, 0.0, 0.0, 0.0, 0.0]",[9]
burgers,256×256,0.5,349.850859020756,13,WSINDy,0.011247905287073756,0.011247905287073756,True,True,1,0,0,1.0,1.0,1.0,1.0,True,MSTLS support stable,4,0.009202916990034282,0.04085295900586061,"[0.0, 0.0, 0.0, 0.0, 0.0, 0.0, 0.0, 0.0, 0.0, -0.5056239526435369, 0.0, 0.0, 0.0, 0.0, 0.0, 0.0, 0.0, 0.0, 0.0, 0.0, 0.0, 0.0, 0.0, 0.0, 0.0, 0.0, 0.0, 0.0, 0.0, 0.0, 0.0, 0.0, 0.0, 0.0, 0.0, 0.0, 0.0, 0.0, 0.0, 0.0, 0.0, 0.0, 0.0, 0.0, 0.0, 0.0, 0.0, 0.0, 0.0]",[9]
burgers,256×256,0.5,349.850859020756,14,WSINDy,0.014286180740259224,0.014286180740259224,True,True,1,0,0,1.0,1.0,1.0,1.0,True,MSTLS support stable,5,0.009123249998083338,0.04082224998273887,"[0.0, 0.0, 0.0, 0.0, 0.0, 0.0, 0.0, 0.0, 0.0, -0.5071430903701296, 0.0, 0.0, 0.0, 0.0, 0.0, 0.0, 0.0, 0.0, 0.0, 0.0, 0.0, 0.0, 0.0, 0.0, 0.0, 0.0, 0.0, 0.0, 0.0, 0.0, 0.0, 0.0, 0.0, 0.0, 0.0, 0.0, 0.0, 0.0, 0.0, 0.0, 0.0, 0.0, 0.0, 0.0, 0.0, 0.0, 0.0, 0.0, 0.0]",[9]
burgers,256×256,0.5,349.850859020756,15,WSINDy,0.014238395231970236,0.014238395231970236,True,True,1,0,0,1.0,1.0,1.0,1.0,True,MSTLS support stable,4,0.008300916000735015,0.03990349901141599,"[0.0, 0.0, 0.0, 0.0, 0.0, 0.0, 0.0, 0.0, 0.0, -0.4928808023840149, 0.0, 0.0, 0.0, 0.0, 0.0, 0.0, 0.0, 0.0, 0.0, 0.0, 0.0, 0.0, 0.0, 0.0, 0.0, 0.0, 0.0, 0.0, 0.0, 0.0, 0.0, 0.0, 0.0, 0.0, 0.0, 0.0, 0.0, 0.0, 0.0, 0.0, 0.0, 0.0, 0.0, 0.0, 0.0, 0.0, 0.0, 0.0, 0.0]",[9]
burgers,256×256,0.5,349.850859020756,16,WSINDy,0.028295005056794498,0.028295005056794498,True,True,1,0,0,1.0,1.0,1.0,1.0,True,MSTLS support stable,4,0.008272749983007088,0.0399730829813052,"[0.0, 0.0, 0.0, 0.0, 0.0, 0.0, 0.0, 0.0, 0.0, -0.48585249747160275, 0.0, 0.0, 0.0, 0.0, 0.0, 0.0, 0.0, 0.0, 0.0, 0.0, 0.0, 0.0, 0.0, 0.0, 0.0, 0.0, 0.0, 0.0, 0.0, 0.0, 0.0, 0.0, 0.0, 0.0, 0.0, 0.0, 0.0, 0.0, 0.0, 0.0, 0.0, 0.0, 0.0, 0.0, 0.0, 0.0, 0.0, 0.0, 0.0]",[9]
burgers,256×256,0.5,349.850859020756,17,WSINDy,0.0059303321012995625,0.0059303321012995625,True,True,1,0,0,1.0,1.0,1.0,1.0,True,MSTLS support stable,5,0.009259875019779429,0.04116158399847336,"[0.0, 0.0, 0.0, 0.0, 0.0, 0.0, 0.0, 0.0, 0.0, -0.4970348339493502, 0.0, 0.0, 0.0, 0.0, 0.0, 0.0, 0.0, 0.0, 0.0, 0.0, 0.0, 0.0, 0.0, 0.0, 0.0, 0.0, 0.0, 0.0, 0.0, 0.0, 0.0, 0.0, 0.0, 0.0, 0.0, 0.0, 0.0, 0.0, 0.0, 0.0, 0.0, 0.0, 0.0, 0.0, 0.0, 0.0, 0.0, 0.0, 0.0]",[9]
burgers,256×256,0.5,349.850859020756,18,WSINDy,0.018426347382257013,0.018426347382257013,True,True,1,0,0,1.0,1.0,1.0,1.0,True,MSTLS support stable,3,0.008056709019001573,0.03968833401449956,"[0.0, 0.0, 0.0, 0.0, 0.0, 0.0, 0.0, 0.0, 0.0, -0.5092131736911285, 0.0, 0.0, 0.0, 0.0, 0.0, 0.0, 0.0, 0.0, 0.0, 0.0, 0.0, 0.0, 0.0, 0.0, 0.0, 0.0, 0.0, 0.0, 0.0, 0.0, 0.0, 0.0, 0.0, 0.0, 0.0, 0.0, 0.0, 0.0, 0.0, 0.0, 0.0, 0.0, 0.0, 0.0, 0.0, 0.0, 0.0, 0.0, 0.0]",[9]
burgers,256×256,0.5,349.850859020756,19,WSINDy,0.031358009965864686,0.031358009965864686,True,True,1,0,0,1.0,1.0,1.0,1.0,True,MSTLS support stable,4,0.008236082998337224,0.039610917010577396,"[0.0, 0.0, 0.0, 0.0, 0.0, 0.0, 0.0, 0.0, 0.0, -0.48432099501706766, 0.0, 0.0, 0.0, 0.0, 0.0, 0.0, 0.0, 0.0, 0.0, 0.0, 0.0, 0.0, 0.0, 0.0, 0.0, 0.0, 0.0, 0.0, 0.0, 0.0, 0.0, 0.0, 0.0, 0.0, 0.0, 0.0, 0.0, 0.0, 0.0, 0.0, 0.0, 0.0, 0.0, 0.0, 0.0, 0.0, 0.0, 0.0, 0.0]",[9]
burgers,256×256,0.5,349.850859020756,20,WSINDy,0.007676092282139724,0.007676092282139724,True,True,1,0,0,1.0,1.0,1.0,1.0,True,MSTLS support stable,4,0.008713374991202727,0.04007624997757375,"[0.0, 0.0, 0.0, 0.0, 0.0, 0.0, 0.0, 0.0, 0.0, -0.5038380461410699, 0.0, 0.0, 0.0, 0.0, 0.0, 0.0, 0.0, 0.0, 0.0, 0.0, 0.0, 0.0, 0.0, 0.0, 0.0, 0.0, 0.0, 0.0, 0.0, 0.0, 0.0, 0.0, 0.0, 0.0, 0.0, 0.0, 0.0, 0.0, 0.0, 0.0, 0.0, 0.0, 0.0, 0.0, 0.0, 0.0, 0.0, 0.0, 0.0]",[9]
burgers,256×256,0.5,349.850859020756,21,WSINDy,0.004632390551478238,0.004632390551478238,True,True,1,0,0,1.0,1.0,1.0,1.0,True,MSTLS support stable,4,0.008319375017890707,0.0396367080102209,"[0.0, 0.0, 0.0, 0.0, 0.0, 0.0, 0.0, 0.0, 0.0, -0.5023161952757391, 0.0, 0.0, 0.0, 0.0, 0.0, 0.0, 0.0, 0.0, 0.0, 0.0, 0.0, 0.0, 0.0, 0.0, 0.0, 0.0, 0.0, 0.0, 0.0, 0.0, 0.0, 0.0, 0.0, 0.0, 0.0, 0.0, 0.0, 0.0, 0.0, 0.0, 0.0, 0.0, 0.0, 0.0, 0.0, 0.0, 0.0, 0.0, 0.0]",[9]
burgers,256×256,0.5,349.850859020756,22,WSINDy,0.0011591748595501938,0.0011591748595501938,True,True,1,0,0,1.0,1.0,1.0,1.0,True,MSTLS support stable,4,0.008530624996637926,0.04019029199844226,"[0.0, 0.0, 0.0, 0.0, 0.0, 0.0, 0.0, 0.0, 0.0, -0.4994204125702249, 0.0, 0.0, 0.0, 0.0, 0.0, 0.0, 0.0, 0.0, 0.0, 0.0, 0.0, 0.0, 0.0, 0.0, 0.0, 0.0, 0.0, 0.0, 0.0, 0.0, 0.0, 0.0, 0.0, 0.0, 0.0, 0.0, 0.0, 0.0, 0.0, 0.0, 0.0, 0.0, 0.0, 0.0, 0.0, 0.0, 0.0, 0.0, 0.0]",[9]
burgers,256×256,0.5,349.850859020756,23,WSINDy,0.004576537678082193,0.004576537678082193,True,True,1,0,0,1.0,1.0,1.0,1.0,True,MSTLS support stable,5,0.009133792016655207,0.04082479199860245,"[0.0, 0.0, 0.0, 0.0, 0.0, 0.0, 0.0, 0.0, 0.0, -0.4977117311609589, 0.0, 0.0, 0.0, 0.0, 0.0, 0.0, 0.0, 0.0, 0.0, 0.0, 0.0, 0.0, 0.0, 0.0, 0.0, 0.0, 0.0, 0.0, 0.0, 0.0, 0.0, 0.0, 0.0, 0.0, 0.0, 0.0, 0.0, 0.0, 0.0, 0.0, 0.0, 0.0, 0.0, 0.0, 0.0, 0.0, 0.0, 0.0, 0.0]",[9]
burgers,256×256,0.5,349.850859020756,24,WSINDy,0.014691900771784727,0.014691900771784727,True,True,1,0,0,1.0,1.0,1.0,1.0,True,MSTLS support stable,4,0.008488833002047613,0.04073858301853761,"[0.0, 0.0, 0.0, 0.0, 0.0, 0.0, 0.0, 0.0, 0.0, -0.49265404961410764, 0.0, 0.0, 0.0, 0.0, 0.0, 0.0, 0.0, 0.0, 0.0, 0.0, 0.0, 0.0, 0.0, 0.0, 0.0, 0.0, 0.0, 0.0, 0.0, 0.0, 0.0, 0.0, 0.0, 0.0, 0.0, 0.0, 0.0, 0.0, 0.0, 0.0, 0.0, 0.0, 0.0, 0.0, 0.0, 0.0, 0.0, 0.0, 0.0]",[9]
burgers,256×256,0.5,349.850859020756,25,WSINDy,0.005096820253710721,0.005096820253710721,True,True,1,0,0,1.0,1.0,1.0,1.0,True,MSTLS support stable,6,0.009846334025496617,0.041444209025939927,"[0.0, 0.0, 0.0, 0.0, 0.0, 0.0, 0.0, 0.0, 0.0, -0.5025484101268554, 0.0, 0.0, 0.0, 0.0, 0.0, 0.0, 0.0, 0.0, 0.0, 0.0, 0.0, 0.0, 0.0, 0.0, 0.0, 0.0, 0.0, 0.0, 0.0, 0.0, 0.0, 0.0, 0.0, 0.0, 0.0, 0.0, 0.0, 0.0, 0.0, 0.0, 0.0, 0.0, 0.0, 0.0, 0.0, 0.0, 0.0, 0.0, 0.0]",[9]
burgers,256×256,0.5,349.850859020756,26,WSINDy,0.011982176343535378,0.011982176343535378,True,True,1,0,0,1.0,1.0,1.0,1.0,True,MSTLS support stable,4,0.008777667011599988,0.04075837502023205,"[0.0, 0.0, 0.0, 0.0, 0.0, 0.0, 0.0, 0.0, 0.0, -0.4940089118282323, 0.0, 0.0, 0.0, 0.0, 0.0, 0.0, 0.0, 0.0, 0.0, 0.0, 0.0, 0.0, 0.0, 0.0, 0.0, 0.0, 0.0, 0.0, 0.0, 0.0, 0.0, 0.0, 0.0, 0.0, 0.0, 0.0, 0.0, 0.0, 0.0, 0.0, 0.0, 0.0, 0.0, 0.0, 0.0, 0.0, 0.0, 0.0, 0.0]",[9]
burgers,256×256,0.5,349.850859020756,27,WSINDy,0.003297460204237934,0.003297460204237934,True,True,1,0,0,1.0,1.0,1.0,1.0,True,MSTLS support stable,6,0.009496499988017604,0.039786624984117225,"[0.0, 0.0, 0.0, 0.0, 0.0, 0.0, 0.0, 0.0, 0.0, -0.49835126989788103, 0.0, 0.0, 0.0, 0.0, 0.0, 0.0, 0.0, 0.0, 0.0, 0.0, 0.0, 0.0, 0.0, 0.0, 0.0, 0.0, 0.0, 0.0, 0.0, 0.0, 0.0, 0.0, 0.0, 0.0, 0.0, 0.0, 0.0, 0.0, 0.0, 0.0, 0.0, 0.0, 0.0, 0.0, 0.0, 0.0, 0.0, 0.0, 0.0]",[9]
burgers,256×256,0.5,349.850859020756,28,WSINDy,0.0007740067360403335,0.0007740067360403335,True,True,1,0,0,1.0,1.0,1.0,1.0,True,MSTLS support stable,4,0.00815079198218882,0.03919616696657613,"[0.0, 0.0, 0.0, 0.0, 0.0, 0.0, 0.0, 0.0, 0.0, -0.49961299663197983, 0.0, 0.0, 0.0, 0.0, 0.0, 0.0, 0.0, 0.0, 0.0, 0.0, 0.0, 0.0, 0.0, 0.0, 0.0, 0.0, 0.0, 0.0, 0.0, 0.0, 0.0, 0.0, 0.0, 0.0, 0.0, 0.0, 0.0, 0.0, 0.0, 0.0, 0.0, 0.0, 0.0, 0.0, 0.0, 0.0, 0.0, 0.0, 0.0]",[9]
burgers,256×256,0.5,349.850859020756,29,WSINDy,0.010784862723061117,0.010784862723061117,True,True,1,0,0,1.0,1.0,1.0,1.0,True,MSTLS support stable,4,0.009637667011702433,0.04075720900436863,"[0.0, 0.0, 0.0, 0.0, 0.0, 0.0, 0.0, 0.0, 0.0, -0.49460756863846944, 0.0, 0.0, 0.0, 0.0, 0.0, 0.0, 0.0, 0.0, 0.0, 0.0, 0.0, 0.0, 0.0, 0.0, 0.0, 0.0, 0.0, 0.0, 0.0, 0.0, 0.0, 0.0, 0.0, 0.0, 0.0, 0.0, 0.0, 0.0, 0.0, 0.0, 0.0, 0.0, 0.0, 0.0, 0.0, 0.0, 0.0, 0.0, 0.0]",[9]
burgers,256×256,0.5,349.850859020756,30,WSINDy,0.026038015342751852,0.026038015342751852,True,True,1,0,0,1.0,1.0,1.0,1.0,True,MSTLS support stable,5,0.008770707994699478,0.040949290996650234,"[0.0, 0.0, 0.0, 0.0, 0.0, 0.0, 0.0, 0.0, 0.0, -0.4869809923286241, 0.0, 0.0, 0.0, 0.0, 0.0, 0.0, 0.0, 0.0, 0.0, 0.0, 0.0, 0.0, 0.0, 0.0, 0.0, 0.0, 0.0, 0.0, 0.0, 0.0, 0.0, 0.0, 0.0, 0.0, 0.0, 0.0, 0.0, 0.0, 0.0, 0.0, 0.0, 0.0, 0.0, 0.0, 0.0, 0.0, 0.0, 0.0, 0.0]",[9]
burgers,256×256,0.5,349.850859020756,31,WSINDy,0.018270807823637325,0.018270807823637325,True,True,1,0,0,1.0,1.0,1.0,1.0,True,MSTLS support stable,6,0.00893458299105987,0.040833957988070324,"[0.0, 0.0, 0.0, 0.0, 0.0, 0.0, 0.0, 0.0, 0.0, -0.49086459608818134, 0.0, 0.0, 0.0, 0.0, 0.0, 0.0, 0.0, 0.0, 0.0, 0.0, 0.0, 0.0, 0.0, 0.0, 0.0, 0.0, 0.0, 0.0, 0.0, 0.0, 0.0, 0.0, 0.0, 0.0, 0.0, 0.0, 0.0, 0.0, 0.0, 0.0, 0.0, 0.0, 0.0, 0.0, 0.0, 0.0, 0.0, 0.0, 0.0]",[9]
burgers,256×256,0.5,349.850859020756,32,WSINDy,0.005812725396428742,0.005812725396428742,True,True,1,0,0,1.0,1.0,1.0,1.0,True,MSTLS support stable,6,0.008760416996665299,0.03967141700559296,"[0.0, 0.0, 0.0, 0.0, 0.0, 0.0, 0.0, 0.0, 0.0, -0.49709363730178563, 0.0, 0.0, 0.0, 0.0, 0.0, 0.0, 0.0, 0.0, 0.0, 0.0, 0.0, 0.0, 0.0, 0.0, 0.0, 0.0, 0.0, 0.0, 0.0, 0.0, 0.0, 0.0, 0.0, 0.0, 0.0, 0.0, 0.0, 0.0, 0.0, 0.0, 0.0, 0.0, 0.0, 0.0, 0.0, 0.0, 0.0, 0.0, 0.0]",[9]
burgers,256×256,0.5,349.850859020756,33,WSINDy,0.006303742946037527,0.006303742946037527,True,True,1,0,0,1.0,1.0,1.0,1.0,True,MSTLS support stable,4,0.009190584009047598,0.04143974999897182,"[0.0, 0.0, 0.0, 0.0, 0.0, 0.0, 0.0, 0.0, 0.0, -0.5031518714730188, 0.0, 0.0, 0.0, 0.0, 0.0, 0.0, 0.0, 0.0, 0.0, 0.0, 0.0, 0.0, 0.0, 0.0, 0.0, 0.0, 0.0, 0.0, 0.0, 0.0, 0.0, 0.0, 0.0, 0.0, 0.0, 0.0, 0.0, 0.0, 0.0, 0.0, 0.0, 0.0, 0.0, 0.0, 0.0, 0.0, 0.0, 0.0, 0.0]",[9]
burgers,256×256,0.5,349.850859020756,34,WSINDy,0.013628077387231041,0.013628077387231041,True,True,1,0,0,1.0,1.0,1.0,1.0,True,MSTLS support stable,4,0.008806583005934954,0.04156899999361485,"[0.0, 0.0, 0.0, 0.0, 0.0, 0.0, 0.0, 0.0, 0.0, -0.5068140386936155, 0.0, 0.0, 0.0, 0.0, 0.0, 0.0, 0.0, 0.0, 0.0, 0.0, 0.0, 0.0, 0.0, 0.0, 0.0, 0.0, 0.0, 0.0, 0.0, 0.0, 0.0, 0.0, 0.0, 0.0, 0.0, 0.0, 0.0, 0.0, 0.0, 0.0, 0.0, 0.0, 0.0, 0.0, 0.0, 0.0, 0.0, 0.0, 0.0]",[9]
burgers,256×256,0.5,349.850859020756,35,WSINDy,0.013121489408490006,0.013121489408490006,True,True,1,0,0,1.0,1.0,1.0,1.0,True,MSTLS support stable,4,0.008615083992481232,0.040589251002529636,"[0.0, 0.0, 0.0, 0.0, 0.0, 0.0, 0.0, 0.0, 0.0, -0.493439255295755, 0.0, 0.0, 0.0, 0.0, 0.0, 0.0, 0.0, 0.0, 0.0, 0.0, 0.0, 0.0, 0.0, 0.0, 0.0, 0.0, 0.0, 0.0, 0.0, 0.0, 0.0, 0.0, 0.0, 0.0, 0.0, 0.0, 0.0, 0.0, 0.0, 0.0, 0.0, 0.0, 0.0, 0.0, 0.0, 0.0, 0.0, 0.0, 0.0]",[9]
burgers,256×256,0.5,349.850859020756,36,WSINDy,0.003423427341523122,0.003423427341523122,True,True,1,0,0,1.0,1.0,1.0,1.0,True,MSTLS support stable,4,0.00833195899031125,0.039033584005665034,"[0.0, 0.0, 0.0, 0.0, 0.0, 0.0, 0.0, 0.0, 0.0, -0.49828828632923844, 0.0, 0.0, 0.0, 0.0, 0.0, 0.0, 0.0, 0.0, 0.0, 0.0, 0.0, 0.0, 0.0, 0.0, 0.0, 0.0, 0.0, 0.0, 0.0, 0.0, 0.0, 0.0, 0.0, 0.0, 0.0, 0.0, 0.0, 0.0, 0.0, 0.0, 0.0, 0.0, 0.0, 0.0, 0.0, 0.0, 0.0, 0.0, 0.0]",[9]
burgers,256×256,0.5,349.850859020756,37,WSINDy,0.013804437320545815,0.013804437320545815,True,True,1,0,0,1.0,1.0,1.0,1.0,True,MSTLS support stable,6,0.00865608299500309,0.04072975000599399,"[0.0, 0.0, 0.0, 0.0, 0.0, 0.0, 0.0, 0.0, 0.0, -0.4930977813397271, 0.0, 0.0, 0.0, 0.0, 0.0, 0.0, 0.0, 0.0, 0.0, 0.0, 0.0, 0.0, 0.0, 0.0, 0.0, 0.0, 0.0, 0.0, 0.0, 0.0, 0.0, 0.0, 0.0, 0.0, 0.0, 0.0, 0.0, 0.0, 0.0, 0.0, 0.0, 0.0, 0.0, 0.0, 0.0, 0.0, 0.0, 0.0, 0.0]",[9]
burgers,256×256,0.5,349.850859020756,38,WSINDy,0.014495974585243765,0.014495974585243765,True,True,1,0,0,1.0,1.0,1.0,1.0,True,MSTLS support stable,5,0.008447708998573944,0.03940254301414825,"[0.0, 0.0, 0.0, 0.0, 0.0, 0.0, 0.0, 0.0, 0.0, -0.4927520127073781, 0.0, 0.0, 0.0, 0.0, 0.0, 0.0, 0.0, 0.0, 0.0, 0.0, 0.0, 0.0, 0.0, 0.0, 0.0, 0.0, 0.0, 0.0, 0.0, 0.0, 0.0, 0.0, 0.0, 0.0, 0.0, 0.0, 0.0, 0.0, 0.0, 0.0, 0.0, 0.0, 0.0, 0.0, 0.0, 0.0, 0.0, 0.0, 0.0]",[9]
burgers,256×256,0.5,349.850859020756,39,WSINDy,0.008645008016013311,0.008645008016013311,True,True,1,0,0,1.0,1.0,1.0,1.0,True,MSTLS support stable,5,0.008683333027875051,0.04111370802274905,"[0.0, 0.0, 0.0, 0.0, 0.0, 0.0, 0.0, 0.0, 0.0, -0.49567749599199334, 0.0, 0.0, 0.0, 0.0, 0.0, 0.0, 0.0, 0.0, 0.0, 0.0, 0.0, 0.0, 0.0, 0.0, 0.0, 0.0, 0.0, 0.0, 0.0, 0.0, 0.0, 0.0, 0.0, 0.0, 0.0, 0.0, 0.0, 0.0, 0.0, 0.0, 0.0, 0.0, 0.0, 0.0, 0.0, 0.0, 0.0, 0.0, 0.0]",[9]
burgers,256×256,0.5,349.850859020756,40,WSINDy,0.018309622494305677,0.018309622494305677,True,True,1,0,0,1.0,1.0,1.0,1.0,True,MSTLS support stable,5,0.008811333012999967,0.0407058330019936,"[0.0, 0.0, 0.0, 0.0, 0.0, 0.0, 0.0, 0.0, 0.0, -0.49084518875284716, 0.0, 0.0, 0.0, 0.0, 0.0, 0.0, 0.0, 0.0, 0.0, 0.0, 0.0, 0.0, 0.0, 0.0, 0.0, 0.0, 0.0, 0.0, 0.0, 0.0, 0.0, 0.0, 0.0, 0.0, 0.0, 0.0, 0.0, 0.0, 0.0, 0.0, 0.0, 0.0, 0.0, 0.0, 0.0, 0.0, 0.0, 0.0, 0.0]",[9]
burgers,256×256,0.5,349.850859020756,41,WSINDy,0.014896402507359907,0.014896402507359907,True,True,1,0,0,1.0,1.0,1.0,1.0,True,MSTLS support stable,4,0.008494167006574571,0.04036891701980494,"[0.0, 0.0, 0.0, 0.0, 0.0, 0.0, 0.0, 0.0, 0.0, -0.50744820125368, 0.0, 0.0, 0.0, 0.0, 0.0, 0.0, 0.0, 0.0, 0.0, 0.0, 0.0, 0.0, 0.0, 0.0, 0.0, 0.0, 0.0, 0.0, 0.0, 0.0, 0.0, 0.0, 0.0, 0.0, 0.0, 0.0, 0.0, 0.0, 0.0, 0.0, 0.0, 0.0, 0.0, 0.0, 0.0, 0.0, 0.0, 0.0, 0.0]",[9]
burgers,256×256,0.5,349.850859020756,42,WSINDy,0.01486293766285629,0.01486293766285629,True,True,1,0,0,1.0,1.0,1.0,1.0,True,MSTLS support stable,6,0.008376709010917693,0.04038591802236624,"[0.0, 0.0, 0.0, 0.0, 0.0, 0.0, 0.0, 0.0, 0.0, -0.49256853116857185, 0.0, 0.0, 0.0, 0.0, 0.0, 0.0, 0.0, 0.0, 0.0, 0.0, 0.0, 0.0, 0.0, 0.0, 0.0, 0.0, 0.0, 0.0, 0.0, 0.0, 0.0, 0.0, 0.0, 0.0, 0.0, 0.0, 0.0, 0.0, 0.0, 0.0, 0.0, 0.0, 0.0, 0.0, 0.0, 0.0, 0.0, 0.0, 0.0]",[9]
burgers,256×256,0.5,349.850859020756,43,WSINDy,0.0058773757757808465,0.0058773757757808465,True,True,1,0,0,1.0,1.0,1.0,1.0,True,MSTLS support stable,4,0.009576707991072908,0.0401421659917105,"[0.0, 0.0, 0.0, 0.0, 0.0, 0.0, 0.0, 0.0, 0.0, -0.5029386878878904, 0.0, 0.0, 0.0, 0.0, 0.0, 0.0, 0.0, 0.0, 0.0, 0.0, 0.0, 0.0, 0.0, 0.0, 0.0, 0.0, 0.0, 0.0, 0.0, 0.0, 0.0, 0.0, 0.0, 0.0, 0.0, 0.0, 0.0, 0.0, 0.0, 0.0, 0.0, 0.0, 0.0, 0.0, 0.0, 0.0, 0.0, 0.0, 0.0]",[9]
burgers,256×256,0.5,349.850859020756,44,WSINDy,0.0291764547331802,0.0291764547331802,True,True,1,0,0,1.0,1.0,1.0,1.0,True,MSTLS support stable,4,0.008465582999633625,0.0390609169844538,"[0.0, 0.0, 0.0, 0.0, 0.0, 0.0, 0.0, 0.0, 0.0, -0.4854117726334099, 0.0, 0.0, 0.0, 0.0, 0.0, 0.0, 0.0, 0.0, 0.0, 0.0, 0.0, 0.0, 0.0, 0.0, 0.0, 0.0, 0.0, 0.0, 0.0, 0.0, 0.0, 0.0, 0.0, 0.0, 0.0, 0.0, 0.0, 0.0, 0.0, 0.0, 0.0, 0.0, 0.0, 0.0, 0.0, 0.0, 0.0, 0.0, 0.0]",[9]
burgers,256×256,0.5,349.850859020756,45,WSINDy,0.0005273345160816678,0.0005273345160816678,True,True,1,0,0,1.0,1.0,1.0,1.0,True,MSTLS support stable,4,0.008319459011545405,0.03939679200993851,"[0.0, 0.0, 0.0, 0.0, 0.0, 0.0, 0.0, 0.0, 0.0, -0.5002636672580408, 0.0, 0.0, 0.0, 0.0, 0.0, 0.0, 0.0, 0.0, 0.0, 0.0, 0.0, 0.0, 0.0, 0.0, 0.0, 0.0, 0.0, 0.0, 0.0, 0.0, 0.0, 0.0, 0.0, 0.0, 0.0, 0.0, 0.0, 0.0, 0.0, 0.0, 0.0, 0.0, 0.0, 0.0, 0.0, 0.0, 0.0, 0.0, 0.0]",[9]
burgers,256×256,0.5,349.850859020756,46,WSINDy,0.00774412718255979,0.00774412718255979,True,True,1,0,0,1.0,1.0,1.0,1.0,True,MSTLS support stable,4,0.009376750007504597,0.04158112499862909,"[0.0, 0.0, 0.0, 0.0, 0.0, 0.0, 0.0, 0.0, 0.0, -0.5038720635912799, 0.0, 0.0, 0.0, 0.0, 0.0, 0.0, 0.0, 0.0, 0.0, 0.0, 0.0, 0.0, 0.0, 0.0, 0.0, 0.0, 0.0, 0.0, 0.0, 0.0, 0.0, 0.0, 0.0, 0.0, 0.0, 0.0, 0.0, 0.0, 0.0, 0.0, 0.0, 0.0, 0.0, 0.0, 0.0, 0.0, 0.0, 0.0, 0.0]",[9]
burgers,256×256,0.5,349.850859020756,47,WSINDy,0.006245944175170992,0.006245944175170992,True,True,1,0,0,1.0,1.0,1.0,1.0,True,MSTLS support stable,4,0.009640000003855675,0.04144641701714136,"[0.0, 0.0, 0.0, 0.0, 0.0, 0.0, 0.0, 0.0, 0.0, -0.4968770279124145, 0.0, 0.0, 0.0, 0.0, 0.0, 0.0, 0.0, 0.0, 0.0, 0.0, 0.0, 0.0, 0.0, 0.0, 0.0, 0.0, 0.0, 0.0, 0.0, 0.0, 0.0, 0.0, 0.0, 0.0, 0.0, 0.0, 0.0, 0.0, 0.0, 0.0, 0.0, 0.0, 0.0, 0.0, 0.0, 0.0, 0.0, 0.0, 0.0]",[9]
burgers,256×256,0.5,349.850859020756,48,WSINDy,0.022670086223843255,0.022670086223843255,True,True,1,0,0,1.0,1.0,1.0,1.0,True,MSTLS support stable,4,0.008406834007473662,0.04087179200723767,"[0.0, 0.0, 0.0, 0.0, 0.0, 0.0, 0.0, 0.0, 0.0, -0.4886649568880784, 0.0, 0.0, 0.0, 0.0, 0.0, 0.0, 0.0, 0.0, 0.0, 0.0, 0.0, 0.0, 0.0, 0.0, 0.0, 0.0, 0.0, 0.0, 0.0, 0.0, 0.0, 0.0, 0.0, 0.0, 0.0, 0.0, 0.0, 0.0, 0.0, 0.0, 0.0, 0.0, 0.0, 0.0, 0.0, 0.0, 0.0, 0.0, 0.0]",[9]
burgers,256×256,0.5,349.850859020756,49,WSINDy,0.0024736842948640536,0.0024736842948640536,True,True,1,0,0,1.0,1.0,1.0,1.0,True,MSTLS support stable,4,0.008797791000688449,0.0406220410077367,"[0.0, 0.0, 0.0, 0.0, 0.0, 0.0, 0.0, 0.0, 0.0, -0.501236842147432, 0.0, 0.0, 0.0, 0.0, 0.0, 0.0, 0.0, 0.0, 0.0, 0.0, 0.0, 0.0, 0.0, 0.0, 0.0, 0.0, 0.0, 0.0, 0.0, 0.0, 0.0, 0.0, 0.0, 0.0, 0.0, 0.0, 0.0, 0.0, 0.0, 0.0, 0.0, 0.0, 0.0, 0.0, 0.0, 0.0, 0.0, 0.0, 0.0]",[9]
burgers,256×256,0.5,349.850859020756,50,WSINDy,0.00014228638923974302,0.00014228638923974302,True,True,1,0,0,1.0,1.0,1.0,1.0,True,MSTLS support stable,4,0.008862667018547654,0.04143445900990628,"[0.0, 0.0, 0.0, 0.0, 0.0, 0.0, 0.0, 0.0, 0.0, -0.5000711431946199, 0.0, 0.0, 0.0, 0.0, 0.0, 0.0, 0.0, 0.0, 0.0, 0.0, 0.0, 0.0, 0.0, 0.0, 0.0, 0.0, 0.0, 0.0, 0.0, 0.0, 0.0, 0.0, 0.0, 0.0, 0.0, 0.0, 0.0, 0.0, 0.0, 0.0, 0.0, 0.0, 0.0, 0.0, 0.0, 0.0, 0.0, 0.0, 0.0]",[9]
burgers,256×256,0.5,349.850859020756,51,WSINDy,0.01630491097092479,0.01630491097092479,True,True,1,0,0,1.0,1.0,1.0,1.0,True,MSTLS support stable,4,0.008697416982613504,0.04090245900442824,"[0.0, 0.0, 0.0, 0.0, 0.0, 0.0, 0.0, 0.0, 0.0, -0.5081524554854624, 0.0, 0.0, 0.0, 0.0, 0.0, 0.0, 0.0, 0.0, 0.0, 0.0, 0.0, 0.0, 0.0, 0.0, 0.0, 0.0, 0.0, 0.0, 0.0, 0.0, 0.0, 0.0, 0.0, 0.0, 0.0, 0.0, 0.0, 0.0, 0.0, 0.0, 0.0, 0.0, 0.0, 0.0, 0.0, 0.0, 0.0, 0.0, 0.0]",[9]
burgers,256×256,0.5,349.850859020756,52,WSINDy,0.016185537058915678,0.016185537058915678,True,True,1,0,0,1.0,1.0,1.0,1.0,True,MSTLS support stable,5,0.009078708011657,0.039520249993074685,"[0.0, 0.0, 0.0, 0.0, 0.0, 0.0, 0.0, 0.0, 0.0, -0.5080927685294578, 0.0, 0.0, 0.0, 0.0, 0.0, 0.0, 0.0, 0.0, 0.0, 0.0, 0.0, 0.0, 0.0, 0.0, 0.0, 0.0, 0.0, 0.0, 0.0, 0.0, 0.0, 0.0, 0.0, 0.0, 0.0, 0.0, 0.0, 0.0, 0.0, 0.0, 0.0, 0.0, 0.0, 0.0, 0.0, 0.0, 0.0, 0.0, 0.0]",[9]
burgers,256×256,0.5,349.850859020756,53,WSINDy,0.010404546517716384,0.010404546517716384,True,True,1,0,0,1.0,1.0,1.0,1.0,True,MSTLS support stable,5,0.008762291981838644,0.04067183399456553,"[0.0, 0.0, 0.0, 0.0, 0.0, 0.0, 0.0, 0.0, 0.0, -0.4947977267411418, 0.0, 0.0, 0.0, 0.0, 0.0, 0.0, 0.0, 0.0, 0.0, 0.0, 0.0, 0.0, 0.0, 0.0, 0.0, 0.0, 0.0, 0.0, 0.0, 0.0, 0.0, 0.0, 0.0, 0.0, 0.0, 0.0, 0.0, 0.0, 0.0, 0.0, 0.0, 0.0, 0.0, 0.0, 0.0, 0.0, 0.0, 0.0, 0.0]",[9]
burgers,256×256,0.5,349.850859020756,54,WSINDy,0.0009957163704608085,0.0009957163704608085,True,True,1,0,0,1.0,1.0,1.0,1.0,True,MSTLS support stable,5,0.009320958983153105,0.039835833973484114,"[0.0, 0.0, 0.0, 0.0, 0.0, 0.0, 0.0, 0.0, 0.0, -0.4995021418147696, 0.0, 0.0, 0.0, 0.0, 0.0, 0.0, 0.0, 0.0, 0.0, 0.0, 0.0, 0.0, 0.0, 0.0, 0.0, 0.0, 0.0, 0.0, 0.0, 0.0, 0.0, 0.0, 0.0, 0.0, 0.0, 0.0, 0.0, 0.0, 0.0, 0.0, 0.0, 0.0, 0.0, 0.0, 0.0, 0.0, 0.0, 0.0, 0.0]",[9]
burgers,256×256,0.5,349.850859020756,55,WSINDy,0.014521032182953308,0.014521032182953308,True,True,1,0,0,1.0,1.0,1.0,1.0,True,MSTLS support stable,5,0.008889249991625547,0.04112279196851887,"[0.0, 0.0, 0.0, 0.0, 0.0, 0.0, 0.0, 0.0, 0.0, -0.49273948390852335, 0.0, 0.0, 0.0, 0.0, 0.0, 0.0, 0.0, 0.0, 0.0, 0.0, 0.0, 0.0, 0.0, 0.0, 0.0, 0.0, 0.0, 0.0, 0.0, 0.0, 0.0, 0.0, 0.0, 0.0, 0.0, 0.0, 0.0, 0.0, 0.0, 0.0, 0.0, 0.0, 0.0, 0.0, 0.0, 0.0, 0.0, 0.0, 0.0]",[9]
burgers,256×256,0.5,349.850859020756,56,WSINDy,0.010218940813237376,0.010218940813237376,True,True,1,0,0,1.0,1.0,1.0,1.0,True,MSTLS support stable,4,0.008972082985565066,0.039479500002926216,"[0.0, 0.0, 0.0, 0.0, 0.0, 0.0, 0.0, 0.0, 0.0, -0.5051094704066187, 0.0, 0.0, 0.0, 0.0, 0.0, 0.0, 0.0, 0.0, 0.0, 0.0, 0.0, 0.0, 0.0, 0.0, 0.0, 0.0, 0.0, 0.0, 0.0, 0.0, 0.0, 0.0, 0.0, 0.0, 0.0, 0.0, 0.0, 0.0, 0.0, 0.0, 0.0, 0.0, 0.0, 0.0, 0.0, 0.0, 0.0, 0.0, 0.0]",[9]
burgers,256×256,0.5,349.850859020756,57,WSINDy,0.009405815505629578,0.009405815505629578,True,True,1,0,0,1.0,1.0,1.0,1.0,True,MSTLS support stable,4,0.00808562501333654,0.039228000037837774,"[0.0, 0.0, 0.0, 0.0, 0.0, 0.0, 0.0, 0.0, 0.0, -0.5047029077528148, 0.0, 0.0, 0.0, 0.0, 0.0, 0.0, 0.0, 0.0, 0.0, 0.0, 0.0, 0.0, 0.0, 0.0, 0.0, 0.0, 0.0, 0.0, 0.0, 0.0, 0.0, 0.0, 0.0, 0.0, 0.0, 0.0, 0.0, 0.0, 0.0, 0.0, 0.0, 0.0, 0.0, 0.0, 0.0, 0.0, 0.0, 0.0, 0.0]",[9]
burgers,256×256,0.5,349.850859020756,58,WSINDy,0.02838136006994174,0.02838136006994174,True,True,1,0,0,1.0,1.0,1.0,1.0,True,MSTLS support stable,5,0.01056095797684975,0.04163875000085682,"[0.0, 0.0, 0.0, 0.0, 0.0, 0.0, 0.0, 0.0, 0.0, -0.48580931996502913, 0.0, 0.0, 0.0, 0.0, 0.0, 0.0, 0.0, 0.0, 0.0, 0.0, 0.0, 0.0, 0.0, 0.0, 0.0, 0.0, 0.0, 0.0, 0.0, 0.0, 0.0, 0.0, 0.0, 0.0, 0.0, 0.0, 0.0, 0.0, 0.0, 0.0, 0.0, 0.0, 0.0, 0.0, 0.0, 0.0, 0.0, 0.0, 0.0]",[9]
burgers,256×256,0.5,349.850859020756,59,WSINDy,0.004261966419078389,0.004261966419078389,True,True,1,0,0,1.0,1.0,1.0,1.0,True,MSTLS support stable,5,0.008698125020600855,0.04160975001286715,"[0.0, 0.0, 0.0, 0.0, 0.0, 0.0, 0.0, 0.0, 0.0, -0.5021309832095392, 0.0, 0.0, 0.0, 0.0, 0.0, 0.0, 0.0, 0.0, 0.0, 0.0, 0.0, 0.0, 0.0, 0.0, 0.0, 0.0, 0.0, 0.0, 0.0, 0.0, 0.0, 0.0, 0.0, 0.0, 0.0, 0.0, 0.0, 0.0, 0.0, 0.0, 0.0, 0.0, 0.0, 0.0, 0.0, 0.0, 0.0, 0.0, 0.0]",[9]
burgers,256×256,0.5,349.850859020756,60,WSINDy,0.0026243893396609153,0.0026243893396609153,True,True,1,0,0,1.0,1.0,1.0,1.0,True,MSTLS support stable,6,0.008814333006739616,0.04117858299287036,"[0.0, 0.0, 0.0, 0.0, 0.0, 0.0, 0.0, 0.0, 0.0, -0.5013121946698305, 0.0, 0.0, 0.0, 0.0, 0.0, 0.0, 0.0, 0.0, 0.0, 0.0, 0.0, 0.0, 0.0, 0.0, 0.0, 0.0, 0.0, 0.0, 0.0, 0.0, 0.0, 0.0, 0.0, 0.0, 0.0, 0.0, 0.0, 0.0, 0.0, 0.0, 0.0, 0.0, 0.0, 0.0, 0.0, 0.0, 0.0, 0.0, 0.0]",[9]
burgers,256×256,0.5,349.850859020756,61,WSINDy,0.009819366887171554,0.009819366887171554,True,True,1,0,0,1.0,1.0,1.0,1.0,True,MSTLS support stable,5,0.007766500028083101,0.04009158303961158,"[0.0, 0.0, 0.0, 0.0, 0.0, 0.0, 0.0, 0.0, 0.0, -0.5049096834435858, 0.0, 0.0, 0.0, 0.0, 0.0, 0.0, 0.0, 0.0, 0.0, 0.0, 0.0, 0.0, 0.0, 0.0, 0.0, 0.0, 0.0, 0.0, 0.0, 0.0, 0.0, 0.0, 0.0, 0.0, 0.0, 0.0, 0.0, 0.0, 0.0, 0.0, 0.0, 0.0, 0.0, 0.0, 0.0, 0.0, 0.0, 0.0, 0.0]",[9]
burgers,256×256,0.5,349.850859020756,62,WSINDy,0.0015201277781227152,0.0015201277781227152,True,True,1,0,0,1.0,1.0,1.0,1.0,True,MSTLS support stable,4,0.00797995799803175,0.03990037500625476,"[0.0, 0.0, 0.0, 0.0, 0.0, 0.0, 0.0, 0.0, 0.0, -0.5007600638890614, 0.0, 0.0, 0.0, 0.0, 0.0, 0.0, 0.0, 0.0, 0.0, 0.0, 0.0, 0.0, 0.0, 0.0, 0.0, 0.0, 0.0, 0.0, 0.0, 0.0, 0.0, 0.0, 0.0, 0.0, 0.0, 0.0, 0.0, 0.0, 0.0, 0.0, 0.0, 0.0, 0.0, 0.0, 0.0, 0.0, 0.0, 0.0, 0.0]",[9]
burgers,256×256,0.5,349.850859020756,63,WSINDy,0.00457842125154917,0.00457842125154917,True,True,1,0,0,1.0,1.0,1.0,1.0,True,MSTLS support stable,4,0.008795375004410744,0.04070312500698492,"[0.0, 0.0, 0.0, 0.0, 0.0, 0.0, 0.0, 0.0, 0.0, -0.5022892106257746, 0.0, 0.0, 0.0, 0.0, 0.0, 0.0, 0.0, 0.0, 0.0, 0.0, 0.0, 0.0, 0.0, 0.0, 0.0, 0.0, 0.0, 0.0, 0.0, 0.0, 0.0, 0.0, 0.0, 0.0, 0.0, 0.0, 0.0, 0.0, 0.0, 0.0, 0.0, 0.0, 0.0, 0.0, 0.0, 0.0, 0.0, 0.0, 0.0]",[9]
burgers,256×256,0.5,349.850859020756,64,WSINDy,0.0021797161489636174,0.0021797161489636174,True,True,1,0,0,1.0,1.0,1.0,1.0,True,MSTLS support stable,4,0.008607583004049957,0.0406045000127051,"[0.0, 0.0, 0.0, 0.0, 0.0, 0.0, 0.0, 0.0, 0.0, -0.5010898580744818, 0.0, 0.0, 0.0, 0.0, 0.0, 0.0, 0.0, 0.0, 0.0, 0.0, 0.0, 0.0, 0.0, 0.0, 0.0, 0.0, 0.0, 0.0, 0.0, 0.0, 0.0, 0.0, 0.0, 0.0, 0.0, 0.0, 0.0, 0.0, 0.0, 0.0, 0.0, 0.0, 0.0, 0.0, 0.0, 0.0, 0.0, 0.0, 0.0]",[9]
burgers,256×256,0.5,349.850859020756,65,WSINDy,0.029413844450896454,0.029413844450896454,True,True,1,0,0,1.0,1.0,1.0,1.0,True,MSTLS support stable,5,0.008593416976509616,0.03901487498660572,"[0.0, 0.0, 0.0, 0.0, 0.0, 0.0, 0.0, 0.0, 0.0, -0.5147069222254482, 0.0, 0.0, 0.0, 0.0, 0.0, 0.0, 0.0, 0.0, 0.0, 0.0, 0.0, 0.0, 0.0, 0.0, 0.0, 0.0, 0.0, 0.0, 0.0, 0.0, 0.0, 0.0, 0.0, 0.0, 0.0, 0.0, 0.0, 0.0, 0.0, 0.0, 0.0, 0.0, 0.0, 0.0, 0.0, 0.0, 0.0, 0.0, 0.0]",[9]
burgers,256×256,0.5,349.850859020756,66,WSINDy,0.0009167276718571316,0.0009167276718571316,True,True,1,0,0,1.0,1.0,1.0,1.0,True,MSTLS support stable,5,0.008977083984063938,0.04008316699764691,"[0.0, 0.0, 0.0, 0.0, 0.0, 0.0, 0.0, 0.0, 0.0, -0.5004583638359286, 0.0, 0.0, 0.0, 0.0, 0.0, 0.0, 0.0, 0.0, 0.0, 0.0, 0.0, 0.0, 0.0, 0.0, 0.0, 0.0, 0.0, 0.0, 0.0, 0.0, 0.0, 0.0, 0.0, 0.0, 0.0, 0.0, 0.0, 0.0, 0.0, 0.0, 0.0, 0.0, 0.0, 0.0, 0.0, 0.0, 0.0, 0.0, 0.0]",[9]
burgers,256×256,0.5,349.850859020756,67,WSINDy,0.00971757846189214,0.00971757846189214,True,True,1,0,0,1.0,1.0,1.0,1.0,True,MSTLS support stable,5,0.008448750013485551,0.03964354199706577,"[0.0, 0.0, 0.0, 0.0, 0.0, 0.0, 0.0, 0.0, 0.0, -0.49514121076905393, 0.0, 0.0, 0.0, 0.0, 0.0, 0.0, 0.0, 0.0, 0.0, 0.0, 0.0, 0.0, 0.0, 0.0, 0.0, 0.0, 0.0, 0.0, 0.0, 0.0, 0.0, 0.0, 0.0, 0.0, 0.0, 0.0, 0.0, 0.0, 0.0, 0.0, 0.0, 0.0, 0.0, 0.0, 0.0, 0.0, 0.0, 0.0, 0.0]",[9]
burgers,256×256,0.5,349.850859020756,68,WSINDy,0.005261590129269633,0.005261590129269633,True,True,1,0,0,1.0,1.0,1.0,1.0,True,MSTLS support stable,6,0.008811958017759025,0.03933095801039599,"[0.0, 0.0, 0.0, 0.0, 0.0, 0.0, 0.0, 0.0, 0.0, -0.5026307950646348, 0.0, 0.0, 0.0, 0.0, 0.0, 0.0, 0.0, 0.0, 0.0, 0.0, 0.0, 0.0, 0.0, 0.0, 0.0, 0.0, 0.0, 0.0, 0.0, 0.0, 0.0, 0.0, 0.0, 0.0, 0.0, 0.0, 0.0, 0.0, 0.0, 0.0, 0.0, 0.0, 0.0, 0.0, 0.0, 0.0, 0.0, 0.0, 0.0]",[9]
burgers,256×256,0.5,349.850859020756,69,WSINDy,0.002713860931996326,0.002713860931996326,True,True,1,0,0,1.0,1.0,1.0,1.0,True,MSTLS support stable,5,0.008323458023369312,0.03884554101387039,"[0.0, 0.0, 0.0, 0.0, 0.0, 0.0, 0.0, 0.0, 0.0, -0.5013569304659982, 0.0, 0.0, 0.0, 0.0, 0.0, 0.0, 0.0, 0.0, 0.0, 0.0, 0.0, 0.0, 0.0, 0.0, 0.0, 0.0, 0.0, 0.0, 0.0, 0.0, 0.0, 0.0, 0.0, 0.0, 0.0, 0.0, 0.0, 0.0, 0.0, 0.0, 0.0, 0.0, 0.0, 0.0, 0.0, 0.0, 0.0, 0.0, 0.0]",[9]
burgers,256×256,0.5,349.850859020756,70,WSINDy,7.239872691999771e-05,7.239872691999771e-05,True,True,1,0,0,1.0,1.0,1.0,1.0,True,MSTLS support stable,4,0.009005458006868139,0.040891458018450066,"[0.0, 0.0, 0.0, 0.0, 0.0, 0.0, 0.0, 0.0, 0.0, -0.50003619936346, 0.0, 0.0, 0.0, 0.0, 0.0, 0.0, 0.0, 0.0, 0.0, 0.0, 0.0, 0.0, 0.0, 0.0, 0.0, 0.0, 0.0, 0.0, 0.0, 0.0, 0.0, 0.0, 0.0, 0.0, 0.0, 0.0, 0.0, 0.0, 0.0, 0.0, 0.0, 0.0, 0.0, 0.0, 0.0, 0.0, 0.0, 0.0, 0.0]",[9]
burgers,256×256,0.5,349.850859020756,71,WSINDy,0.0003691203982001401,0.0003691203982001401,True,True,1,0,0,1.0,1.0,1.0,1.0,True,MSTLS support stable,4,0.008310500008519739,0.04022037499817088,"[0.0, 0.0, 0.0, 0.0, 0.0, 0.0, 0.0, 0.0, 0.0, -0.5001845601991001, 0.0, 0.0, 0.0, 0.0, 0.0, 0.0, 0.0, 0.0, 0.0, 0.0, 0.0, 0.0, 0.0, 0.0, 0.0, 0.0, 0.0, 0.0, 0.0, 0.0, 0.0, 0.0, 0.0, 0.0, 0.0, 0.0, 0.0, 0.0, 0.0, 0.0, 0.0, 0.0, 0.0, 0.0, 0.0, 0.0, 0.0, 0.0, 0.0]",[9]
burgers,256×256,0.5,349.850859020756,72,WSINDy,0.014821194137124905,0.014821194137124905,True,True,1,0,0,1.0,1.0,1.0,1.0,True,MSTLS support stable,7,0.00833474998944439,0.04009324999060482,"[0.0, 0.0, 0.0, 0.0, 0.0, 0.0, 0.0, 0.0, 0.0, -0.49258940293143755, 0.0, 0.0, 0.0, 0.0, 0.0, 0.0, 0.0, 0.0, 0.0, 0.0, 0.0, 0.0, 0.0, 0.0, 0.0, 0.0, 0.0, 0.0, 0.0, 0.0, 0.0, 0.0, 0.0, 0.0, 0.0, 0.0, 0.0, 0.0, 0.0, 0.0, 0.0, 0.0, 0.0, 0.0, 0.0, 0.0, 0.0, 0.0, 0.0]",[9]
burgers,256×256,0.5,349.850859020756,73,WSINDy,0.007394051740349239,0.007394051740349239,True,True,1,0,0,1.0,1.0,1.0,1.0,True,MSTLS support stable,4,0.00846691700280644,0.04038204200332984,"[0.0, 0.0, 0.0, 0.0, 0.0, 0.0, 0.0, 0.0, 0.0, -0.5036970258701746, 0.0, 0.0, 0.0, 0.0, 0.0, 0.0, 0.0, 0.0, 0.0, 0.0, 0.0, 0.0, 0.0, 0.0, 0.0, 0.0, 0.0, 0.0, 0.0, 0.0, 0.0, 0.0, 0.0, 0.0, 0.0, 0.0, 0.0, 0.0, 0.0, 0.0, 0.0, 0.0, 0.0, 0.0, 0.0, 0.0, 0.0, 0.0, 0.0]",[9]
burgers,256×256,0.5,349.850859020756,74,WSINDy,0.01239837295257007,0.01239837295257007,True,True,1,0,0,1.0,1.0,1.0,1.0,True,MSTLS support stable,5,0.009279290999984369,0.041213541000615805,"[0.0, 0.0, 0.0, 0.0, 0.0, 0.0, 0.0, 0.0, 0.0, -0.49380081352371497, 0.0, 0.0, 0.0, 0.0, 0.0, 0.0, 0.0, 0.0, 0.0, 0.0, 0.0, 0.0, 0.0, 0.0, 0.0, 0.0, 0.0, 0.0, 0.0, 0.0, 0.0, 0.0, 0.0, 0.0, 0.0, 0.0, 0.0, 0.0, 0.0, 0.0, 0.0, 0.0, 0.0, 0.0, 0.0, 0.0, 0.0, 0.0, 0.0]",[9]
burgers,256×256,0.5,349.850859020756,75,WSINDy,0.00027352520830992155,0.00027352520830992155,True,True,1,0,0,1.0,1.0,1.0,1.0,True,MSTLS support stable,6,0.009200708009302616,0.03971008298685774,"[0.0, 0.0, 0.0, 0.0, 0.0, 0.0, 0.0, 0.0, 0.0, -0.500136762604155, 0.0, 0.0, 0.0, 0.0, 0.0, 0.0, 0.0, 0.0, 0.0, 0.0, 0.0, 0.0, 0.0, 0.0, 0.0, 0.0, 0.0, 0.0, 0.0, 0.0, 0.0, 0.0, 0.0, 0.0, 0.0, 0.0, 0.0, 0.0, 0.0, 0.0, 0.0, 0.0, 0.0, 0.0, 0.0, 0.0, 0.0, 0.0, 0.0]",[9]
burgers,256×256,0.5,349.850859020756,76,WSINDy,0.005190251713060867,0.005190251713060867,True,True,1,0,0,1.0,1.0,1.0,1.0,True,MSTLS support stable,4,0.00799291700241156,0.04088116699131206,"[0.0, 0.0, 0.0, 0.0, 0.0, 0.0, 0.0, 0.0, 0.0, -0.49740487414346957, 0.0, 0.0, 0.0, 0.0, 0.0, 0.0, 0.0, 0.0, 0.0, 0.0, 0.0, 0.0, 0.0, 0.0, 0.0, 0.0, 0.0, 0.0, 0.0, 0.0, 0.0, 0.0, 0.0, 0.0, 0.0, 0.0, 0.0, 0.0, 0.0, 0.0, 0.0, 0.0, 0.0, 0.0, 0.0, 0.0, 0.0, 0.0, 0.0]",[9]
burgers,256×256,0.5,349.850859020756,77,WSINDy,0.0070263091978428616,0.0070263091978428616,True,True,1,0,0,1.0,1.0,1.0,1.0,True,MSTLS support stable,5,0.008147249987814575,0.03846624997095205,"[0.0, 0.0, 0.0, 0.0, 0.0, 0.0, 0.0, 0.0, 0.0, -0.5035131545989214, 0.0, 0.0, 0.0, 0.0, 0.0, 0.0, 0.0, 0.0, 0.0, 0.0, 0.0, 0.0, 0.0, 0.0, 0.0, 0.0, 0.0, 0.0, 0.0, 0.0, 0.0, 0.0, 0.0, 0.0, 0.0, 0.0, 0.0, 0.0, 0.0, 0.0, 0.0, 0.0, 0.0, 0.0, 0.0, 0.0, 0.0, 0.0, 0.0]",[9]
burgers,256×256,0.5,349.850859020756,78,WSINDy,0.0010333406922937716,0.0010333406922937716,True,True,1,0,0,1.0,1.0,1.0,1.0,True,MSTLS support stable,4,0.008121708000544459,0.039538957993499935,"[0.0, 0.0, 0.0, 0.0, 0.0, 0.0, 0.0, 0.0, 0.0, -0.5005166703461469, 0.0, 0.0, 0.0, 0.0, 0.0, 0.0, 0.0, 0.0, 0.0, 0.0, 0.0, 0.0, 0.0, 0.0, 0.0, 0.0, 0.0, 0.0, 0.0, 0.0, 0.0, 0.0, 0.0, 0.0, 0.0, 0.0, 0.0, 0.0, 0.0, 0.0, 0.0, 0.0, 0.0, 0.0, 0.0, 0.0, 0.0, 0.0, 0.0]",[9]
burgers,256×256,0.5,349.850859020756,79,WSINDy,0.009306057652119226,0.009306057652119226,True,True,1,0,0,1.0,1.0,1.0,1.0,True,MSTLS support stable,4,0.00880337500711903,0.04032375002861954,"[0.0, 0.0, 0.0, 0.0, 0.0, 0.0, 0.0, 0.0, 0.0, -0.4953469711739404, 0.0, 0.0, 0.0, 0.0, 0.0, 0.0, 0.0, 0.0, 0.0, 0.0, 0.0, 0.0, 0.0, 0.0, 0.0, 0.0, 0.0, 0.0, 0.0, 0.0, 0.0, 0.0, 0.0, 0.0, 0.0, 0.0, 0.0, 0.0, 0.0, 0.0, 0.0, 0.0, 0.0, 0.0, 0.0, 0.0, 0.0, 0.0, 0.0]",[9]
burgers,256×256,0.5,349.850859020756,80,WSINDy,0.01504228423855103,0.01504228423855103,True,True,1,0,0,1.0,1.0,1.0,1.0,True,MSTLS support stable,4,0.008161290985299274,0.039526832988485694,"[0.0, 0.0, 0.0, 0.0, 0.0, 0.0, 0.0, 0.0, 0.0, -0.4924788578807245, 0.0, 0.0, 0.0, 0.0, 0.0, 0.0, 0.0, 0.0, 0.0, 0.0, 0.0, 0.0, 0.0, 0.0, 0.0, 0.0, 0.0, 0.0, 0.0, 0.0, 0.0, 0.0, 0.0, 0.0, 0.0, 0.0, 0.0, 0.0, 0.0, 0.0, 0.0, 0.0, 0.0, 0.0, 0.0, 0.0, 0.0, 0.0, 0.0]",[9]
burgers,256×256,0.5,349.850859020756,81,WSINDy,0.005567793498382434,0.005567793498382434,True,True,1,0,0,1.0,1.0,1.0,1.0,True,MSTLS support stable,4,0.009239708015229553,0.040594000020064414,"[0.0, 0.0, 0.0, 0.0, 0.0, 0.0, 0.0, 0.0, 0.0, -0.4972161032508088, 0.0, 0.0, 0.0, 0.0, 0.0, 0.0, 0.0, 0.0, 0.0, 0.0, 0.0, 0.0, 0.0, 0.0, 0.0, 0.0, 0.0, 0.0, 0.0, 0.0, 0.0, 0.0, 0.0, 0.0, 0.0, 0.0, 0.0, 0.0, 0.0, 0.0, 0.0, 0.0, 0.0, 0.0, 0.0, 0.0, 0.0, 0.0, 0.0]",[9]
burgers,256×256,0.5,349.850859020756,82,WSINDy,0.004397026122238801,0.004397026122238801,True,True,1,0,0,1.0,1.0,1.0,1.0,True,MSTLS support stable,4,0.008954499993706122,0.04025204200297594,"[0.0, 0.0, 0.0, 0.0, 0.0, 0.0, 0.0, 0.0, 0.0, -0.5021985130611194, 0.0, 0.0, 0.0, 0.0, 0.0, 0.0, 0.0, 0.0, 0.0, 0.0, 0.0, 0.0, 0.0, 0.0, 0.0, 0.0, 0.0, 0.0, 0.0, 0.0, 0.0, 0.0, 0.0, 0.0, 0.0, 0.0, 0.0, 0.0, 0.0, 0.0, 0.0, 0.0, 0.0, 0.0, 0.0, 0.0, 0.0, 0.0, 0.0]",[9]
burgers,256×256,0.5,349.850859020756,83,WSINDy,0.007518511227189717,0.007518511227189717,True,True,1,0,0,1.0,1.0,1.0,1.0,True,MSTLS support stable,6,0.008406292006839067,0.039090125006623566,"[0.0, 0.0, 0.0, 0.0, 0.0, 0.0, 0.0, 0.0, 0.0, -0.49624074438640514, 0.0, 0.0, 0.0, 0.0, 0.0, 0.0, 0.0, 0.0, 0.0, 0.0, 0.0, 0.0, 0.0, 0.0, 0.0, 0.0, 0.0, 0.0, 0.0, 0.0, 0.0, 0.0, 0.0, 0.0, 0.0, 0.0, 0.0, 0.0, 0.0, 0.0, 0.0, 0.0, 0.0, 0.0, 0.0, 0.0, 0.0, 0.0, 0.0]",[9]
burgers,256×256,0.5,349.850859020756,84,WSINDy,0.015186714914911192,0.015186714914911192,True,True,1,0,0,1.0,1.0,1.0,1.0,True,MSTLS support stable,4,0.008582541981013492,0.03975025098770857,"[0.0, 0.0, 0.0, 0.0, 0.0, 0.0, 0.0, 0.0, 0.0, -0.4924066425425444, 0.0, 0.0, 0.0, 0.0, 0.0, 0.0, 0.0, 0.0, 0.0, 0.0, 0.0, 0.0, 0.0, 0.0, 0.0, 0.0, 0.0, 0.0, 0.0, 0.0, 0.0, 0.0, 0.0, 0.0, 0.0, 0.0, 0.0, 0.0, 0.0, 0.0, 0.0, 0.0, 0.0, 0.0, 0.0, 0.0, 0.0, 0.0, 0.0]",[9]
burgers,256×256,0.5,349.850859020756,85,WSINDy,0.008047533850822797,0.008047533850822797,True,True,1,0,0,1.0,1.0,1.0,1.0,True,MSTLS support stable,4,0.009422208007890731,0.04181841600802727,"[0.0, 0.0, 0.0, 0.0, 0.0, 0.0, 0.0, 0.0, 0.0, -0.5040237669254114, 0.0, 0.0, 0.0, 0.0, 0.0, 0.0, 0.0, 0.0, 0.0, 0.0, 0.0, 0.0, 0.0, 0.0, 0.0, 0.0, 0.0, 0.0, 0.0, 0.0, 0.0, 0.0, 0.0, 0.0, 0.0, 0.0, 0.0, 0.0, 0.0, 0.0, 0.0, 0.0, 0.0, 0.0, 0.0, 0.0, 0.0, 0.0, 0.0]",[9]
burgers,256×256,0.5,349.850859020756,86,WSINDy,0.001903626603187658,0.001903626603187658,True,True,1,0,0,1.0,1.0,1.0,1.0,True,MSTLS support stable,4,0.008015958010219038,0.04067099999519996,"[0.0, 0.0, 0.0, 0.0, 0.0, 0.0, 0.0, 0.0, 0.0, -0.49904818669840617, 0.0, 0.0, 0.0, 0.0, 0.0, 0.0, 0.0, 0.0, 0.0, 0.0, 0.0, 0.0, 0.0, 0.0, 0.0, 0.0, 0.0, 0.0, 0.0, 0.0, 0.0, 0.0, 0.0, 0.0, 0.0, 0.0, 0.0, 0.0, 0.0, 0.0, 0.0, 0.0, 0.0, 0.0, 0.0, 0.0, 0.0, 0.0, 0.0]",[9]
burgers,256×256,0.5,349.850859020756,87,WSINDy,0.02242944302686234,0.02242944302686234,True,True,1,0,0,1.0,1.0,1.0,1.0,True,MSTLS support stable,5,0.009651667001890019,0.04171608400065452,"[0.0, 0.0, 0.0, 0.0, 0.0, 0.0, 0.0, 0.0, 0.0, -0.5112147215134312, 0.0, 0.0, 0.0, 0.0, 0.0, 0.0, 0.0, 0.0, 0.0, 0.0, 0.0, 0.0, 0.0, 0.0, 0.0, 0.0, 0.0, 0.0, 0.0, 0.0, 0.0, 0.0, 0.0, 0.0, 0.0, 0.0, 0.0, 0.0, 0.0, 0.0, 0.0, 0.0, 0.0, 0.0, 0.0, 0.0, 0.0, 0.0, 0.0]",[9]
burgers,256×256,0.5,349.850859020756,88,WSINDy,0.007897316903117568,0.007897316903117568,True,True,1,0,0,1.0,1.0,1.0,1.0,True,MSTLS support stable,4,0.008473750000121072,0.04112266699667089,"[0.0, 0.0, 0.0, 0.0, 0.0, 0.0, 0.0, 0.0, 0.0, -0.4960513415484412, 0.0, 0.0, 0.0, 0.0, 0.0, 0.0, 0.0, 0.0, 0.0, 0.0, 0.0, 0.0, 0.0, 0.0, 0.0, 0.0, 0.0, 0.0, 0.0, 0.0, 0.0, 0.0, 0.0, 0.0, 0.0, 0.0, 0.0, 0.0, 0.0, 0.0, 0.0, 0.0, 0.0, 0.0, 0.0, 0.0, 0.0, 0.0, 0.0]",[9]
burgers,256×256,0.5,349.850859020756,89,WSINDy,0.01151333529037546,0.01151333529037546,True,True,1,0,0,1.0,1.0,1.0,1.0,True,MSTLS support stable,4,0.008700124977622181,0.04044791596243158,"[0.0, 0.0, 0.0, 0.0, 0.0, 0.0, 0.0, 0.0, 0.0, -0.49424333235481227, 0.0, 0.0, 0.0, 0.0, 0.0, 0.0, 0.0, 0.0, 0.0, 0.0, 0.0, 0.0, 0.0, 0.0, 0.0, 0.0, 0.0, 0.0, 0.0, 0.0, 0.0, 0.0, 0.0, 0.0, 0.0, 0.0, 0.0, 0.0, 0.0, 0.0, 0.0, 0.0, 0.0, 0.0, 0.0, 0.0, 0.0, 0.0, 0.0]",[9]
burgers,256×256,0.5,349.850859020756,90,WSINDy,0.0021528690494996283,0.0021528690494996283,True,True,1,0,0,1.0,1.0,1.0,1.0,True,MSTLS support stable,5,0.007550249982159585,0.037917374982498586,"[0.0, 0.0, 0.0, 0.0, 0.0, 0.0, 0.0, 0.0, 0.0, -0.4989235654752502, 0.0, 0.0, 0.0, 0.0, 0.0, 0.0, 0.0, 0.0, 0.0, 0.0, 0.0, 0.0, 0.0, 0.0, 0.0, 0.0, 0.0, 0.0, 0.0, 0.0, 0.0, 0.0, 0.0, 0.0, 0.0, 0.0, 0.0, 0.0, 0.0, 0.0, 0.0, 0.0, 0.0, 0.0, 0.0, 0.0, 0.0, 0.0, 0.0]",[9]
burgers,256×256,0.5,349.850859020756,91,WSINDy,0.01852152739611168,0.01852152739611168,True,True,1,0,0,1.0,1.0,1.0,1.0,True,MSTLS support stable,4,0.008056541992118582,0.039463833993067965,"[0.0, 0.0, 0.0, 0.0, 0.0, 0.0, 0.0, 0.0, 0.0, -0.5092607636980558, 0.0, 0.0, 0.0, 0.0, 0.0, 0.0, 0.0, 0.0, 0.0, 0.0, 0.0, 0.0, 0.0, 0.0, 0.0, 0.0, 0.0, 0.0, 0.0, 0.0, 0.0, 0.0, 0.0, 0.0, 0.0, 0.0, 0.0, 0.0, 0.0, 0.0, 0.0, 0.0, 0.0, 0.0, 0.0, 0.0, 0.0, 0.0, 0.0]",[9]
burgers,256×256,0.5,349.850859020756,92,WSINDy,0.04625109275565176,0.04625109275565176,True,True,1,0,0,1.0,1.0,1.0,1.0,True,MSTLS support stable,6,0.009559916972648352,0.03985162597382441,"[0.0, 0.0, 0.0, 0.0, 0.0, 0.0, 0.0, 0.0, 0.0, -0.4768744536221741, 0.0, 0.0, 0.0, 0.0, 0.0, 0.0, 0.0, 0.0, 0.0, 0.0, 0.0, 0.0, 0.0, 0.0, 0.0, 0.0, 0.0, 0.0, 0.0, 0.0, 0.0, 0.0, 0.0, 0.0, 0.0, 0.0, 0.0, 0.0, 0.0, 0.0, 0.0, 0.0, 0.0, 0.0, 0.0, 0.0, 0.0, 0.0, 0.0]",[9]
burgers,256×256,0.5,349.850859020756,93,WSINDy,0.008952621420701079,0.008952621420701079,True,True,1,0,0,1.0,1.0,1.0,1.0,True,MSTLS support stable,4,0.008204042009310797,0.03980454200063832,"[0.0, 0.0, 0.0, 0.0, 0.0, 0.0, 0.0, 0.0, 0.0, -0.49552368928964946, 0.0, 0.0, 0.0, 0.0, 0.0, 0.0, 0.0, 0.0, 0.0, 0.0, 0.0, 0.0, 0.0, 0.0, 0.0, 0.0, 0.0, 0.0, 0.0, 0.0, 0.0, 0.0, 0.0, 0.0, 0.0, 0.0, 0.0, 0.0, 0.0, 0.0, 0.0, 0.0, 0.0, 0.0, 0.0, 0.0, 0.0, 0.0, 0.0]",[9]
burgers,256×256,0.5,349.850859020756,94,WSINDy,0.011895618454452084,0.011895618454452084,True,True,1,0,0,1.0,1.0,1.0,1.0,True,MSTLS support stable,5,0.009140875015873462,0.04081416700500995,"[0.0, 0.0, 0.0, 0.0, 0.0, 0.0, 0.0, 0.0, 0.0, -0.505947809227226, 0.0, 0.0, 0.0, 0.0, 0.0, 0.0, 0.0, 0.0, 0.0, 0.0, 0.0, 0.0, 0.0, 0.0, 0.0, 0.0, 0.0, 0.0, 0.0, 0.0, 0.0, 0.0, 0.0, 0.0, 0.0, 0.0, 0.0, 0.0, 0.0, 0.0, 0.0, 0.0, 0.0, 0.0, 0.0, 0.0, 0.0, 0.0, 0.0]",[9]
burgers,256×256,0.5,349.850859020756,95,WSINDy,0.00960704299348658,0.00960704299348658,True,True,1,0,0,1.0,1.0,1.0,1.0,True,MSTLS support stable,4,0.008974083990324289,0.04061516700312495,"[0.0, 0.0, 0.0, 0.0, 0.0, 0.0, 0.0, 0.0, 0.0, -0.4951964785032567, 0.0, 0.0, 0.0, 0.0, 0.0, 0.0, 0.0, 0.0, 0.0, 0.0, 0.0, 0.0, 0.0, 0.0, 0.0, 0.0, 0.0, 0.0, 0.0, 0.0, 0.0, 0.0, 0.0, 0.0, 0.0, 0.0, 0.0, 0.0, 0.0, 0.0, 0.0, 0.0, 0.0, 0.0, 0.0, 0.0, 0.0, 0.0, 0.0]",[9]
burgers,256×256,0.5,349.850859020756,96,WSINDy,0.00021015769952525964,0.00021015769952525964,True,True,1,0,0,1.0,1.0,1.0,1.0,True,MSTLS support stable,6,0.008855584019329399,0.04091154201887548,"[0.0, 0.0, 0.0, 0.0, 0.0, 0.0, 0.0, 0.0, 0.0, -0.5001050788497626, 0.0, 0.0, 0.0, 0.0, 0.0, 0.0, 0.0, 0.0, 0.0, 0.0, 0.0, 0.0, 0.0, 0.0, 0.0, 0.0, 0.0, 0.0, 0.0, 0.0, 0.0, 0.0, 0.0, 0.0, 0.0, 0.0, 0.0, 0.0, 0.0, 0.0, 0.0, 0.0, 0.0, 0.0, 0.0, 0.0, 0.0, 0.0, 0.0]",[9]
burgers,256×256,0.5,349.850859020756,97,WSINDy,0.00768673458871183,0.00768673458871183,True,True,1,0,0,1.0,1.0,1.0,1.0,True,MSTLS support stable,5,0.008615083992481232,0.04022600100142881,"[0.0, 0.0, 0.0, 0.0, 0.0, 0.0, 0.0, 0.0, 0.0, -0.4961566327056441, 0.0, 0.0, 0.0, 0.0, 0.0, 0.0, 0.0, 0.0, 0.0, 0.0, 0.0, 0.0, 0.0, 0.0, 0.0, 0.0, 0.0, 0.0, 0.0, 0.0, 0.0, 0.0, 0.0, 0.0, 0.0, 0.0, 0.0, 0.0, 0.0, 0.0, 0.0, 0.0, 0.0, 0.0, 0.0, 0.0, 0.0, 0.0, 0.0]",[9]
burgers,256×256,0.5,349.850859020756,98,WSINDy,0.019160387626157016,0.019160387626157016,True,True,1,0,0,1.0,1.0,1.0,1.0,True,MSTLS support stable,5,0.008881332993041724,0.040850624995073304,"[0.0, 0.0, 0.0, 0.0, 0.0, 0.0, 0.0, 0.0, 0.0, -0.4904198061869215, 0.0, 0.0, 0.0, 0.0, 0.0, 0.0, 0.0, 0.0, 0.0, 0.0, 0.0, 0.0, 0.0, 0.0, 0.0, 0.0, 0.0, 0.0, 0.0, 0.0, 0.0, 0.0, 0.0, 0.0, 0.0, 0.0, 0.0, 0.0, 0.0, 0.0, 0.0, 0.0, 0.0, 0.0, 0.0, 0.0, 0.0, 0.0, 0.0]",[9]
burgers,256×256,0.5,349.850859020756,99,WSINDy,0.00819269808517964,0.00819269808517964,True,True,1,0,0,1.0,1.0,1.0,1.0,True,MSTLS support stable,6,0.0085635420109611,0.04035616701003164,"[0.0, 0.0, 0.0, 0.0, 0.0, 0.0, 0.0, 0.0, 0.0, -0.5040963490425898, 0.0, 0.0, 0.0, 0.0, 0.0, 0.0, 0.0, 0.0, 0.0, 0.0, 0.0, 0.0, 0.0, 0.0, 0.0, 0.0, 0.0, 0.0, 0.0, 0.0, 0.0, 0.0, 0.0, 0.0, 0.0, 0.0, 0.0, 0.0, 0.0, 0.0, 0.0, 0.0, 0.0, 0.0, 0.0, 0.0, 0.0, 0.0, 0.0]",[9]
burgers,256×256,0.5,349.850859020756,100,WSINDy,0.012628938825953284,0.012628938825953284,True,True,1,0,0,1.0,1.0,1.0,1.0,True,MSTLS support stable,5,0.008647000009659678,0.041022749996045604,"[0.0, 0.0, 0.0, 0.0, 0.0, 0.0, 0.0, 0.0, 0.0, -0.49368553058702336, 0.0, 0.0, 0.0, 0.0, 0.0, 0.0, 0.0, 0.0, 0.0, 0.0, 0.0, 0.0, 0.0, 0.0, 0.0, 0.0, 0.0, 0.0, 0.0, 0.0, 0.0, 0.0, 0.0, 0.0, 0.0, 0.0, 0.0, 0.0, 0.0, 0.0, 0.0, 0.0, 0.0, 0.0, 0.0, 0.0, 0.0, 0.0, 0.0]",[9]
burgers,256×256,0.5,349.850859020756,101,WSINDy,0.0016551005828215892,0.0016551005828215892,True,True,1,0,0,1.0,1.0,1.0,1.0,True,MSTLS support stable,5,0.008955083001637831,0.04113620801945217,"[0.0, 0.0, 0.0, 0.0, 0.0, 0.0, 0.0, 0.0, 0.0, -0.5008275502914108, 0.0, 0.0, 0.0, 0.0, 0.0, 0.0, 0.0, 0.0, 0.0, 0.0, 0.0, 0.0, 0.0, 0.0, 0.0, 0.0, 0.0, 0.0, 0.0, 0.0, 0.0, 0.0, 0.0, 0.0, 0.0, 0.0, 0.0, 0.0, 0.0, 0.0, 0.0, 0.0, 0.0, 0.0, 0.0, 0.0, 0.0, 0.0, 0.0]",[9]
burgers,256×256,0.5,349.850859020756,102,WSINDy,0.006363343677971756,0.006363343677971756,True,True,1,0,0,1.0,1.0,1.0,1.0,True,MSTLS support stable,4,0.00851291700382717,0.03901554201729596,"[0.0, 0.0, 0.0, 0.0, 0.0, 0.0, 0.0, 0.0, 0.0, -0.5031816718389859, 0.0, 0.0, 0.0, 0.0, 0.0, 0.0, 0.0, 0.0, 0.0, 0.0, 0.0, 0.0, 0.0, 0.0, 0.0, 0.0, 0.0, 0.0, 0.0, 0.0, 0.0, 0.0, 0.0, 0.0, 0.0, 0.0, 0.0, 0.0, 0.0, 0.0, 0.0, 0.0, 0.0, 0.0, 0.0, 0.0, 0.0, 0.0, 0.0]",[9]
burgers,256×256,0.5,349.850859020756,103,WSINDy,0.0243963416373546,0.0243963416373546,True,True,1,0,0,1.0,1.0,1.0,1.0,True,MSTLS support stable,5,0.008471583016216755,0.03967249902780168,"[0.0, 0.0, 0.0, 0.0, 0.0, 0.0, 0.0, 0.0, 0.0, -0.4878018291813227, 0.0, 0.0, 0.0, 0.0, 0.0, 0.0, 0.0, 0.0, 0.0, 0.0, 0.0, 0.0, 0.0, 0.0, 0.0, 0.0, 0.0, 0.0, 0.0, 0.0, 0.0, 0.0, 0.0, 0.0, 0.0, 0.0, 0.0, 0.0, 0.0, 0.0, 0.0, 0.0, 0.0, 0.0, 0.0, 0.0, 0.0, 0.0, 0.0]",[9]
burgers,256×256,0.5,349.850859020756,104,WSINDy,0.03004836644277309,0.03004836644277309,True,True,1,0,0,1.0,1.0,1.0,1.0,True,MSTLS support stable,4,0.009216374979587272,0.0403198329731822,"[0.0, 0.0, 0.0, 0.0, 0.0, 0.0, 0.0, 0.0, 0.0, -0.5150241832213865, 0.0, 0.0, 0.0, 0.0, 0.0, 0.0, 0.0, 0.0, 0.0, 0.0, 0.0, 0.0, 0.0, 0.0, 0.0, 0.0, 0.0, 0.0, 0.0, 0.0, 0.0, 0.0, 0.0, 0.0, 0.0, 0.0, 0.0, 0.0, 0.0, 0.0, 0.0, 0.0, 0.0, 0.0, 0.0, 0.0, 0.0, 0.0, 0.0]",[9]
burgers,256×256,0.5,349.850859020756,105,WSINDy,0.018347338928598966,0.018347338928598966,True,True,1,0,0,1.0,1.0,1.0,1.0,True,MSTLS support stable,5,0.008282374998088926,0.04036816701409407,"[0.0, 0.0, 0.0, 0.0, 0.0, 0.0, 0.0, 0.0, 0.0, -0.4908263305357005, 0.0, 0.0, 0.0, 0.0, 0.0, 0.0, 0.0, 0.0, 0.0, 0.0, 0.0, 0.0, 0.0, 0.0, 0.0, 0.0, 0.0, 0.0, 0.0, 0.0, 0.0, 0.0, 0.0, 0.0, 0.0, 0.0, 0.0, 0.0, 0.0, 0.0, 0.0, 0.0, 0.0, 0.0, 0.0, 0.0, 0.0, 0.0, 0.0]",[9]
burgers,256×256,0.5,349.850859020756,106,WSINDy,0.0022737333517710567,0.0022737333517710567,True,True,1,0,0,1.0,1.0,1.0,1.0,True,MSTLS support stable,4,0.009253416006686166,0.03975654099485837,"[0.0, 0.0, 0.0, 0.0, 0.0, 0.0, 0.0, 0.0, 0.0, -0.49886313332411447, 0.0, 0.0, 0.0, 0.0, 0.0, 0.0, 0.0, 0.0, 0.0, 0.0, 0.0, 0.0, 0.0, 0.0, 0.0, 0.0, 0.0, 0.0, 0.0, 0.0, 0.0, 0.0, 0.0, 0.0, 0.0, 0.0, 0.0, 0.0, 0.0, 0.0, 0.0, 0.0, 0.0, 0.0, 0.0, 0.0, 0.0, 0.0, 0.0]",[9]
burgers,256×256,0.5,349.850859020756,107,WSINDy,0.03212390397191889,0.03212390397191889,True,True,1,0,0,1.0,1.0,1.0,1.0,True,MSTLS support stable,5,0.009168499993393198,0.04047629199340008,"[0.0, 0.0, 0.0, 0.0, 0.0, 0.0, 0.0, 0.0, 0.0, -0.48393804801404056, 0.0, 0.0, 0.0, 0.0, 0.0, 0.0, 0.0, 0.0, 0.0, 0.0, 0.0, 0.0, 0.0, 0.0, 0.0, 0.0, 0.0, 0.0, 0.0, 0.0, 0.0, 0.0, 0.0, 0.0, 0.0, 0.0, 0.0, 0.0, 0.0, 0.0, 0.0, 0.0, 0.0, 0.0, 0.0, 0.0, 0.0, 0.0, 0.0]",[9]
burgers,256×256,0.5,349.850859020756,108,WSINDy,0.009597150313362612,0.009597150313362612,True,True,1,0,0,1.0,1.0,1.0,1.0,True,MSTLS support stable,3,0.008902583009330556,0.040070874005323276,"[0.0, 0.0, 0.0, 0.0, 0.0, 0.0, 0.0, 0.0, 0.0, -0.4952014248433187, 0.0, 0.0, 0.0, 0.0, 0.0, 0.0, 0.0, 0.0, 0.0, 0.0, 0.0, 0.0, 0.0, 0.0, 0.0, 0.0, 0.0, 0.0, 0.0, 0.0, 0.0, 0.0, 0.0, 0.0, 0.0, 0.0, 0.0, 0.0, 0.0, 0.0, 0.0, 0.0, 0.0, 0.0, 0.0, 0.0, 0.0, 0.0, 0.0]",[9]
burgers,256×256,0.5,349.850859020756,109,WSINDy,0.015640293107190617,0.015640293107190617,True,True,1,0,0,1.0,1.0,1.0,1.0,True,MSTLS support stable,4,0.009394416003488004,0.04151533302501775,"[0.0, 0.0, 0.0, 0.0, 0.0, 0.0, 0.0, 0.0, 0.0, -0.5078201465535953, 0.0, 0.0, 0.0, 0.0, 0.0, 0.0, 0.0, 0.0, 0.0, 0.0, 0.0, 0.0, 0.0, 0.0, 0.0, 0.0, 0.0, 0.0, 0.0, 0.0, 0.0, 0.0, 0.0, 0.0, 0.0, 0.0, 0.0, 0.0, 0.0, 0.0, 0.0, 0.0, 0.0, 0.0, 0.0, 0.0, 0.0, 0.0, 0.0]",[9]
burgers,256×256,0.5,349.850859020756,110,WSINDy,0.018031317207111375,0.018031317207111375,True,True,1,0,0,1.0,1.0,1.0,1.0,True,MSTLS support stable,4,0.008511791005730629,0.03905829100403935,"[0.0, 0.0, 0.0, 0.0, 0.0, 0.0, 0.0, 0.0, 0.0, -0.5090156586035557, 0.0, 0.0, 0.0, 0.0, 0.0, 0.0, 0.0, 0.0, 0.0, 0.0, 0.0, 0.0, 0.0, 0.0, 0.0, 0.0, 0.0, 0.0, 0.0, 0.0, 0.0, 0.0, 0.0, 0.0, 0.0, 0.0, 0.0, 0.0, 0.0, 0.0, 0.0, 0.0, 0.0, 0.0, 0.0, 0.0, 0.0, 0.0, 0.0]",[9]
burgers,256×256,0.5,349.850859020756,111,WSINDy,0.006259853294491524,0.006259853294491524,True,True,1,0,0,1.0,1.0,1.0,1.0,True,MSTLS support stable,5,0.008214958012104034,0.040285208029672503,"[0.0, 0.0, 0.0, 0.0, 0.0, 0.0, 0.0, 0.0, 0.0, -0.5031299266472458, 0.0, 0.0, 0.0, 0.0, 0.0, 0.0, 0.0, 0.0, 0.0, 0.0, 0.0, 0.0, 0.0, 0.0, 0.0, 0.0, 0.0, 0.0, 0.0, 0.0, 0.0, 0.0, 0.0, 0.0, 0.0, 0.0, 0.0, 0.0, 0.0, 0.0, 0.0, 0.0, 0.0, 0.0, 0.0, 0.0, 0.0, 0.0, 0.0]",[9]
burgers,256×256,0.5,349.850859020756,112,WSINDy,0.005165110204269685,0.005165110204269685,True,True,1,0,0,1.0,1.0,1.0,1.0,True,MSTLS support stable,4,0.00925383300636895,0.04199058300582692,"[0.0, 0.0, 0.0, 0.0, 0.0, 0.0, 0.0, 0.0, 0.0, -0.49741744489786516, 0.0, 0.0, 0.0, 0.0, 0.0, 0.0, 0.0, 0.0, 0.0, 0.0, 0.0, 0.0, 0.0, 0.0, 0.0, 0.0, 0.0, 0.0, 0.0, 0.0, 0.0, 0.0, 0.0, 0.0, 0.0, 0.0, 0.0, 0.0, 0.0, 0.0, 0.0, 0.0, 0.0, 0.0, 0.0, 0.0, 0.0, 0.0, 0.0]",[9]
burgers,256×256,0.5,349.850859020756,113,WSINDy,0.004669017882790616,0.004669017882790616,True,True,1,0,0,1.0,1.0,1.0,1.0,True,MSTLS support stable,5,0.008462083002086729,0.03998516601859592,"[0.0, 0.0, 0.0, 0.0, 0.0, 0.0, 0.0, 0.0, 0.0, -0.5023345089413953, 0.0, 0.0, 0.0, 0.0, 0.0, 0.0, 0.0, 0.0, 0.0, 0.0, 0.0, 0.0, 0.0, 0.0, 0.0, 0.0, 0.0, 0.0, 0.0, 0.0, 0.0, 0.0, 0.0, 0.0, 0.0, 0.0, 0.0, 0.0, 0.0, 0.0, 0.0, 0.0, 0.0, 0.0, 0.0, 0.0, 0.0, 0.0, 0.0]",[9]
burgers,256×256,0.5,349.850859020756,114,WSINDy,0.00020258451154886448,0.00020258451154886448,True,True,1,0,0,1.0,1.0,1.0,1.0,True,MSTLS support stable,5,0.009057084011146799,0.04083420900860801,"[0.0, 0.0, 0.0, 0.0, 0.0, 0.0, 0.0, 0.0, 0.0, -0.49989870774422557, 0.0, 0.0, 0.0, 0.0, 0.0, 0.0, 0.0, 0.0, 0.0, 0.0, 0.0, 0.0, 0.0, 0.0, 0.0, 0.0, 0.0, 0.0, 0.0, 0.0, 0.0, 0.0, 0.0, 0.0, 0.0, 0.0, 0.0, 0.0, 0.0, 0.0, 0.0, 0.0, 0.0, 0.0, 0.0, 0.0, 0.0, 0.0, 0.0]",[9]
burgers,256×256,0.5,349.850859020756,115,WSINDy,0.00947039187741261,0.00947039187741261,True,True,1,0,0,1.0,1.0,1.0,1.0,True,MSTLS support stable,5,0.00883662499836646,0.040613166987895966,"[0.0, 0.0, 0.0, 0.0, 0.0, 0.0, 0.0, 0.0, 0.0, -0.4952648040612937, 0.0, 0.0, 0.0, 0.0, 0.0, 0.0, 0.0, 0.0, 0.0, 0.0, 0.0, 0.0, 0.0, 0.0, 0.0, 0.0, 0.0, 0.0, 0.0, 0.0, 0.0, 0.0, 0.0, 0.0, 0.0, 0.0, 0.0, 0.0, 0.0, 0.0, 0.0, 0.0, 0.0, 0.0, 0.0, 0.0, 0.0, 0.0, 0.0]",[9]
burgers,256×256,0.5,349.850859020756,116,WSINDy,0.020330548630021372,0.020330548630021372,True,True,1,0,0,1.0,1.0,1.0,1.0,True,MSTLS support stable,4,0.008495707996189594,0.03878674897714518,"[0.0, 0.0, 0.0, 0.0, 0.0, 0.0, 0.0, 0.0, 0.0, -0.5101652743150107, 0.0, 0.0, 0.0, 0.0, 0.0, 0.0, 0.0, 0.0, 0.0, 0.0, 0.0, 0.0, 0.0, 0.0, 0.0, 0.0, 0.0, 0.0, 0.0, 0.0, 0.0, 0.0, 0.0, 0.0, 0.0, 0.0, 0.0, 0.0, 0.0, 0.0, 0.0, 0.0, 0.0, 0.0, 0.0, 0.0, 0.0, 0.0, 0.0]",[9]
burgers,256×256,0.5,349.850859020756,117,WSINDy,0.01867496386683698,0.01867496386683698,True,True,1,0,0,1.0,1.0,1.0,1.0,True,MSTLS support stable,6,0.008469583000987768,0.03999083300004713,"[0.0, 0.0, 0.0, 0.0, 0.0, 0.0, 0.0, 0.0, 0.0, -0.4906625180665815, 0.0, 0.0, 0.0, 0.0, 0.0, 0.0, 0.0, 0.0, 0.0, 0.0, 0.0, 0.0, 0.0, 0.0, 0.0, 0.0, 0.0, 0.0, 0.0, 0.0, 0.0, 0.0, 0.0, 0.0, 0.0, 0.0, 0.0, 0.0, 0.0, 0.0, 0.0, 0.0, 0.0, 0.0, 0.0, 0.0, 0.0, 0.0, 0.0]",[9]
burgers,256×256,0.5,349.850859020756,118,WSINDy,0.009842202529474209,0.009842202529474209,True,True,1,0,0,1.0,1.0,1.0,1.0,True,MSTLS support stable,8,0.009399707982083783,0.03974841698072851,"[0.0, 0.0, 0.0, 0.0, 0.0, 0.0, 0.0, 0.0, 0.0, -0.5049211012647371, 0.0, 0.0, 0.0, 0.0, 0.0, 0.0, 0.0, 0.0, 0.0, 0.0, 0.0, 0.0, 0.0, 0.0, 0.0, 0.0, 0.0, 0.0, 0.0, 0.0, 0.0, 0.0, 0.0, 0.0, 0.0, 0.0, 0.0, 0.0, 0.0, 0.0, 0.0, 0.0, 0.0, 0.0, 0.0, 0.0, 0.0, 0.0, 0.0]",[9]
burgers,256×256,0.5,349.850859020756,119,WSINDy,0.006269383237288206,0.006269383237288206,True,True,1,0,0,1.0,1.0,1.0,1.0,True,MSTLS support stable,3,0.008430249989032745,0.040067583991913125,"[0.0, 0.0, 0.0, 0.0, 0.0, 0.0, 0.0, 0.0, 0.0, -0.4968653083813559, 0.0, 0.0, 0.0, 0.0, 0.0, 0.0, 0.0, 0.0, 0.0, 0.0, 0.0, 0.0, 0.0, 0.0, 0.0, 0.0, 0.0, 0.0, 0.0, 0.0, 0.0, 0.0, 0.0, 0.0, 0.0, 0.0, 0.0, 0.0, 0.0, 0.0, 0.0, 0.0, 0.0, 0.0, 0.0, 0.0, 0.0, 0.0, 0.0]",[9]
burgers,256×256,0.5,349.850859020756,120,WSINDy,0.019441120784295163,0.019441120784295163,True,True,1,0,0,1.0,1.0,1.0,1.0,True,MSTLS support stable,6,0.009177874977467582,0.04097441700287163,"[0.0, 0.0, 0.0, 0.0, 0.0, 0.0, 0.0, 0.0, 0.0, -0.4902794396078524, 0.0, 0.0, 0.0, 0.0, 0.0, 0.0, 0.0, 0.0, 0.0, 0.0, 0.0, 0.0, 0.0, 0.0, 0.0, 0.0, 0.0, 0.0, 0.0, 0.0, 0.0, 0.0, 0.0, 0.0, 0.0, 0.0, 0.0, 0.0, 0.0, 0.0, 0.0, 0.0, 0.0, 0.0, 0.0, 0.0, 0.0, 0.0, 0.0]",[9]
burgers,256×256,0.5,349.850859020756,121,WSINDy,0.031188463918784826,0.031188463918784826,True,True,1,0,0,1.0,1.0,1.0,1.0,True,MSTLS support stable,4,0.008151499991072342,0.03993800000171177,"[0.0, 0.0, 0.0, 0.0, 0.0, 0.0, 0.0, 0.0, 0.0, -0.4844057680406076, 0.0, 0.0, 0.0, 0.0, 0.0, 0.0, 0.0, 0.0, 0.0, 0.0, 0.0, 0.0, 0.0, 0.0, 0.0, 0.0, 0.0, 0.0, 0.0, 0.0, 0.0, 0.0, 0.0, 0.0, 0.0, 0.0, 0.0, 0.0, 0.0, 0.0, 0.0, 0.0, 0.0, 0.0, 0.0, 0.0, 0.0, 0.0, 0.0]",[9]
burgers,256×256,0.5,349.850859020756,122,WSINDy,0.009295972900491112,0.009295972900491112,True,True,1,0,0,1.0,1.0,1.0,1.0,True,MSTLS support stable,5,0.008276999986264855,0.03995004098396748,"[0.0, 0.0, 0.0, 0.0, 0.0, 0.0, 0.0, 0.0, 0.0, -0.49535201354975444, 0.0, 0.0, 0.0, 0.0, 0.0, 0.0, 0.0, 0.0, 0.0, 0.0, 0.0, 0.0, 0.0, 0.0, 0.0, 0.0, 0.0, 0.0, 0.0, 0.0, 0.0, 0.0, 0.0, 0.0, 0.0, 0.0, 0.0, 0.0, 0.0, 0.0, 0.0, 0.0, 0.0, 0.0, 0.0, 0.0, 0.0, 0.0, 0.0]",[9]
burgers,256×256,0.5,349.850859020756,123,WSINDy,0.010838822201954534,0.010838822201954534,True,True,1,0,0,1.0,1.0,1.0,1.0,True,MSTLS support stable,4,0.009168208023766056,0.04104262503096834,"[0.0, 0.0, 0.0, 0.0, 0.0, 0.0, 0.0, 0.0, 0.0, -0.49458058889902273, 0.0, 0.0, 0.0, 0.0, 0.0, 0.0, 0.0, 0.0, 0.0, 0.0, 0.0, 0.0, 0.0, 0.0, 0.0, 0.0, 0.0, 0.0, 0.0, 0.0, 0.0, 0.0, 0.0, 0.0, 0.0, 0.0, 0.0, 0.0, 0.0, 0.0, 0.0, 0.0, 0.0, 0.0, 0.0, 0.0, 0.0, 0.0, 0.0]",[9]
burgers,256×256,0.5,349.850859020756,124,WSINDy,0.012904277380307194,0.012904277380307194,True,True,1,0,0,1.0,1.0,1.0,1.0,True,MSTLS support stable,4,0.008427916996879503,0.040501208015484735,"[0.0, 0.0, 0.0, 0.0, 0.0, 0.0, 0.0, 0.0, 0.0, -0.5064521386901536, 0.0, 0.0, 0.0, 0.0, 0.0, 0.0, 0.0, 0.0, 0.0, 0.0, 0.0, 0.0, 0.0, 0.0, 0.0, 0.0, 0.0, 0.0, 0.0, 0.0, 0.0, 0.0, 0.0, 0.0, 0.0, 0.0, 0.0, 0.0, 0.0, 0.0, 0.0, 0.0, 0.0, 0.0, 0.0, 0.0, 0.0, 0.0, 0.0]",[9]
burgers,256×256,0.5,349.850859020756,125,WSINDy,0.0006757588162442651,0.0006757588162442651,True,True,1,0,0,1.0,1.0,1.0,1.0,True,MSTLS support stable,4,0.008156540978234261,0.03979270797572099,"[0.0, 0.0, 0.0, 0.0, 0.0, 0.0, 0.0, 0.0, 0.0, -0.5003378794081221, 0.0, 0.0, 0.0, 0.0, 0.0, 0.0, 0.0, 0.0, 0.0, 0.0, 0.0, 0.0, 0.0, 0.0, 0.0, 0.0, 0.0, 0.0, 0.0, 0.0, 0.0, 0.0, 0.0, 0.0, 0.0, 0.0, 0.0, 0.0, 0.0, 0.0, 0.0, 0.0, 0.0, 0.0, 0.0, 0.0, 0.0, 0.0, 0.0]",[9]
burgers,256×256,0.5,349.850859020756,126,WSINDy,0.013232727821438917,0.013232727821438917,True,True,1,0,0,1.0,1.0,1.0,1.0,True,MSTLS support stable,4,0.008889249991625547,0.04084320898982696,"[0.0, 0.0, 0.0, 0.0, 0.0, 0.0, 0.0, 0.0, 0.0, -0.49338363608928054, 0.0, 0.0, 0.0, 0.0, 0.0, 0.0, 0.0, 0.0, 0.0, 0.0, 0.0, 0.0, 0.0, 0.0, 0.0, 0.0, 0.0, 0.0, 0.0, 0.0, 0.0, 0.0, 0.0, 0.0, 0.0, 0.0, 0.0, 0.0, 0.0, 0.0, 0.0, 0.0, 0.0, 0.0, 0.0, 0.0, 0.0, 0.0, 0.0]",[9]
burgers,256×256,0.5,349.850859020756,127,WSINDy,0.010971987976812092,0.010971987976812092,True,True,1,0,0,1.0,1.0,1.0,1.0,True,MSTLS support stable,4,0.008730000001378357,0.04001575001166202,"[0.0, 0.0, 0.0, 0.0, 0.0, 0.0, 0.0, 0.0, 0.0, -0.49451400601159395, 0.0, 0.0, 0.0, 0.0, 0.0, 0.0, 0.0, 0.0, 0.0, 0.0, 0.0, 0.0, 0.0, 0.0, 0.0, 0.0, 0.0, 0.0, 0.0, 0.0, 0.0, 0.0, 0.0, 0.0, 0.0, 0.0, 0.0, 0.0, 0.0, 0.0, 0.0, 0.0, 0.0, 0.0, 0.0, 0.0, 0.0, 0.0, 0.0]",[9]
burgers,256×256,0.5,349.850859020756,128,WSINDy,0.007585241800356801,0.007585241800356801,True,True,1,0,0,1.0,1.0,1.0,1.0,True,MSTLS support stable,4,0.008922165987314656,0.03971283297869377,"[0.0, 0.0, 0.0, 0.0, 0.0, 0.0, 0.0, 0.0, 0.0, -0.5037926209001784, 0.0, 0.0, 0.0, 0.0, 0.0, 0.0, 0.0, 0.0, 0.0, 0.0, 0.0, 0.0, 0.0, 0.0, 0.0, 0.0, 0.0, 0.0, 0.0, 0.0, 0.0, 0.0, 0.0, 0.0, 0.0, 0.0, 0.0, 0.0, 0.0, 0.0, 0.0, 0.0, 0.0, 0.0, 0.0, 0.0, 0.0, 0.0, 0.0]",[9]
burgers,256×256,0.5,349.850859020756,129,WSINDy,0.015568427950775954,0.015568427950775954,True,True,1,0,0,1.0,1.0,1.0,1.0,True,MSTLS support stable,4,0.0087484170217067,0.03905291701084934,"[0.0, 0.0, 0.0, 0.0, 0.0, 0.0, 0.0, 0.0, 0.0, -0.507784213975388, 0.0, 0.0, 0.0, 0.0, 0.0, 0.0, 0.0, 0.0, 0.0, 0.0, 0.0, 0.0, 0.0, 0.0, 0.0, 0.0, 0.0, 0.0, 0.0, 0.0, 0.0, 0.0, 0.0, 0.0, 0.0, 0.0, 0.0, 0.0, 0.0, 0.0, 0.0, 0.0, 0.0, 0.0, 0.0, 0.0, 0.0, 0.0, 0.0]",[9]
burgers,256×256,0.5,349.850859020756,130,WSINDy,0.021262562006080454,0.021262562006080454,True,True,1,0,0,1.0,1.0,1.0,1.0,True,MSTLS support stable,5,0.008747999992920086,0.04071770896553062,"[0.0, 0.0, 0.0, 0.0, 0.0, 0.0, 0.0, 0.0, 0.0, -0.5106312810030402, 0.0, 0.0, 0.0, 0.0, 0.0, 0.0, 0.0, 0.0, 0.0, 0.0, 0.0, 0.0, 0.0, 0.0, 0.0, 0.0, 0.0, 0.0, 0.0, 0.0, 0.0, 0.0, 0.0, 0.0, 0.0, 0.0, 0.0, 0.0, 0.0, 0.0, 0.0, 0.0, 0.0, 0.0, 0.0, 0.0, 0.0, 0.0, 0.0]",[9]
burgers,256×256,0.5,349.850859020756,131,WSINDy,0.006343205062396162,0.006343205062396162,True,True,1,0,0,1.0,1.0,1.0,1.0,True,MSTLS support stable,4,0.008585874980781227,0.03947158300434239,"[0.0, 0.0, 0.0, 0.0, 0.0, 0.0, 0.0, 0.0, 0.0, -0.5031716025311981, 0.0, 0.0, 0.0, 0.0, 0.0, 0.0, 0.0, 0.0, 0.0, 0.0, 0.0, 0.0, 0.0, 0.0, 0.0, 0.0, 0.0, 0.0, 0.0, 0.0, 0.0, 0.0, 0.0, 0.0, 0.0, 0.0, 0.0, 0.0, 0.0, 0.0, 0.0, 0.0, 0.0, 0.0, 0.0, 0.0, 0.0, 0.0, 0.0]",[9]
burgers,256×256,0.5,349.850859020756,132,WSINDy,0.005438641810810774,0.005438641810810774,True,True,1,0,0,1.0,1.0,1.0,1.0,True,MSTLS support stable,4,0.008477333001792431,0.03854175002197735,"[0.0, 0.0, 0.0, 0.0, 0.0, 0.0, 0.0, 0.0, 0.0, -0.4972806790945946, 0.0, 0.0, 0.0, 0.0, 0.0, 0.0, 0.0, 0.0, 0.0, 0.0, 0.0, 0.0, 0.0, 0.0, 0.0, 0.0, 0.0, 0.0, 0.0, 0.0, 0.0, 0.0, 0.0, 0.0, 0.0, 0.0, 0.0, 0.0, 0.0, 0.0, 0.0, 0.0, 0.0, 0.0, 0.0, 0.0, 0.0, 0.0, 0.0]",[9]
burgers,256×256,0.5,349.850859020756,133,WSINDy,0.005184944865394447,0.005184944865394447,True,True,1,0,0,1.0,1.0,1.0,1.0,True,MSTLS support stable,4,0.009120792004978284,0.040956332988571376,"[0.0, 0.0, 0.0, 0.0, 0.0, 0.0, 0.0, 0.0, 0.0, -0.5025924724326972, 0.0, 0.0, 0.0, 0.0, 0.0, 0.0, 0.0, 0.0, 0.0, 0.0, 0.0, 0.0, 0.0, 0.0, 0.0, 0.0, 0.0, 0.0, 0.0, 0.0, 0.0, 0.0, 0.0, 0.0, 0.0, 0.0, 0.0, 0.0, 0.0, 0.0, 0.0, 0.0, 0.0, 0.0, 0.0, 0.0, 0.0, 0.0, 0.0]",[9]
burgers,256×256,0.5,349.850859020756,134,WSINDy,0.014299968370485416,0.014299968370485416,True,True,1,0,0,1.0,1.0,1.0,1.0,True,MSTLS support stable,4,0.009232832991983742,0.04060341598233208,"[0.0, 0.0, 0.0, 0.0, 0.0, 0.0, 0.0, 0.0, 0.0, -0.5071499841852427, 0.0, 0.0, 0.0, 0.0, 0.0, 0.0, 0.0, 0.0, 0.0, 0.0, 0.0, 0.0, 0.0, 0.0, 0.0, 0.0, 0.0, 0.0, 0.0, 0.0, 0.0, 0.0, 0.0, 0.0, 0.0, 0.0, 0.0, 0.0, 0.0, 0.0, 0.0, 0.0, 0.0, 0.0, 0.0, 0.0, 0.0, 0.0, 0.0]",[9]
burgers,256×256,0.5,349.850859020756,135,WSINDy,0.003922655390253604,0.003922655390253604,True,True,1,0,0,1.0,1.0,1.0,1.0,True,MSTLS support stable,5,0.0076352919859346,0.038877416984178126,"[0.0, 0.0, 0.0, 0.0, 0.0, 0.0, 0.0, 0.0, 0.0, -0.5019613276951268, 0.0, 0.0, 0.0, 0.0, 0.0, 0.0, 0.0, 0.0, 0.0, 0.0, 0.0, 0.0, 0.0, 0.0, 0.0, 0.0, 0.0, 0.0, 0.0, 0.0, 0.0, 0.0, 0.0, 0.0, 0.0, 0.0, 0.0, 0.0, 0.0, 0.0, 0.0, 0.0, 0.0, 0.0, 0.0, 0.0, 0.0, 0.0, 0.0]",[9]
burgers,256×256,0.5,349.850859020756,136,WSINDy,0.01947659936222812,0.01947659936222812,True,True,1,0,0,1.0,1.0,1.0,1.0,True,MSTLS support stable,4,0.008777459006523713,0.04009000101359561,"[0.0, 0.0, 0.0, 0.0, 0.0, 0.0, 0.0, 0.0, 0.0, -0.49026170031888594, 0.0, 0.0, 0.0, 0.0, 0.0, 0.0, 0.0, 0.0, 0.0, 0.0, 0.0, 0.0, 0.0, 0.0, 0.0, 0.0, 0.0, 0.0, 0.0, 0.0, 0.0, 0.0, 0.0, 0.0, 0.0, 0.0, 0.0, 0.0, 0.0, 0.0, 0.0, 0.0, 0.0, 0.0, 0.0, 0.0, 0.0, 0.0, 0.0]",[9]
burgers,256×256,0.5,349.850859020756,137,WSINDy,0.010545816374868178,0.010545816374868178,True,True,1,0,0,1.0,1.0,1.0,1.0,True,MSTLS support stable,5,0.009404499985976145,0.04151524996268563,"[0.0, 0.0, 0.0, 0.0, 0.0, 0.0, 0.0, 0.0, 0.0, -0.5052729081874341, 0.0, 0.0, 0.0, 0.0, 0.0, 0.0, 0.0, 0.0, 0.0, 0.0, 0.0, 0.0, 0.0, 0.0, 0.0, 0.0, 0.0, 0.0, 0.0, 0.0, 0.0, 0.0, 0.0, 0.0, 0.0, 0.0, 0.0, 0.0, 0.0, 0.0, 0.0, 0.0, 0.0, 0.0, 0.0, 0.0, 0.0, 0.0, 0.0]",[9]
burgers,256×256,0.5,349.850859020756,138,WSINDy,0.0038273348009004726,0.0038273348009004726,True,True,1,0,0,1.0,1.0,1.0,1.0,True,MSTLS support stable,5,0.008336625003721565,0.03872300000512041,"[0.0, 0.0, 0.0, 0.0, 0.0, 0.0, 0.0, 0.0, 0.0, -0.49808633259954976, 0.0, 0.0, 0.0, 0.0, 0.0, 0.0, 0.0, 0.0, 0.0, 0.0, 0.0, 0.0, 0.0, 0.0, 0.0, 0.0, 0.0, 0.0, 0.0, 0.0, 0.0, 0.0, 0.0, 0.0, 0.0, 0.0, 0.0, 0.0, 0.0, 0.0, 0.0, 0.0, 0.0, 0.0, 0.0, 0.0, 0.0, 0.0, 0.0]",[9]
burgers,256×256,0.5,349.850859020756,139,WSINDy,0.010182099926389743,0.010182099926389743,True,True,1,0,0,1.0,1.0,1.0,1.0,True,MSTLS support stable,6,0.00881704199127853,0.03910954200546257,"[0.0, 0.0, 0.0, 0.0, 0.0, 0.0, 0.0, 0.0, 0.0, -0.5050910499631949, 0.0, 0.0, 0.0, 0.0, 0.0, 0.0, 0.0, 0.0, 0.0, 0.0, 0.0, 0.0, 0.0, 0.0, 0.0, 0.0, 0.0, 0.0, 0.0, 0.0, 0.0, 0.0, 0.0, 0.0, 0.0, 0.0, 0.0, 0.0, 0.0, 0.0, 0.0, 0.0, 0.0, 0.0, 0.0, 0.0, 0.0, 0.0, 0.0]",[9]
burgers,256×256,0.5,349.850859020756,140,WSINDy,0.017584049018736003,0.017584049018736003,True,True,1,0,0,1.0,1.0,1.0,1.0,True,MSTLS support stable,4,0.008348875009687617,0.03933158301515505,"[0.0, 0.0, 0.0, 0.0, 0.0, 0.0, 0.0, 0.0, 0.0, -0.508792024509368, 0.0, 0.0, 0.0, 0.0, 0.0, 0.0, 0.0, 0.0, 0.0, 0.0, 0.0, 0.0, 0.0, 0.0, 0.0, 0.0, 0.0, 0.0, 0.0, 0.0, 0.0, 0.0, 0.0, 0.0, 0.0, 0.0, 0.0, 0.0, 0.0, 0.0, 0.0, 0.0, 0.0, 0.0, 0.0, 0.0, 0.0, 0.0, 0.0]",[9]
burgers,256×256,0.5,349.850859020756,141,WSINDy,0.004945579431520408,0.004945579431520408,True,True,1,0,0,1.0,1.0,1.0,1.0,True,MSTLS support stable,6,0.007904916012194008,0.04009558301186189,"[0.0, 0.0, 0.0, 0.0, 0.0, 0.0, 0.0, 0.0, 0.0, -0.4975272102842398, 0.0, 0.0, 0.0, 0.0, 0.0, 0.0, 0.0, 0.0, 0.0, 0.0, 0.0, 0.0, 0.0, 0.0, 0.0, 0.0, 0.0, 0.0, 0.0, 0.0, 0.0, 0.0, 0.0, 0.0, 0.0, 0.0, 0.0, 0.0, 0.0, 0.0, 0.0, 0.0, 0.0, 0.0, 0.0, 0.0, 0.0, 0.0, 0.0]",[9]
burgers,256×256,0.5,349.850859020756,142,WSINDy,0.004572449627463171,0.004572449627463171,True,True,1,0,0,1.0,1.0,1.0,1.0,True,MSTLS support stable,6,0.008707208005944267,0.03898770798696205,"[0.0, 0.0, 0.0, 0.0, 0.0, 0.0, 0.0, 0.0, 0.0, -0.4977137751862684, 0.0, 0.0, 0.0, 0.0, 0.0, 0.0, 0.0, 0.0, 0.0, 0.0, 0.0, 0.0, 0.0, 0.0, 0.0, 0.0, 0.0, 0.0, 0.0, 0.0, 0.0, 0.0, 0.0, 0.0, 0.0, 0.0, 0.0, 0.0, 0.0, 0.0, 0.0, 0.0, 0.0, 0.0, 0.0, 0.0, 0.0, 0.0, 0.0]",[9]
burgers,256×256,0.5,349.850859020756,143,WSINDy,0.006335119911576204,0.006335119911576204,True,True,1,0,0,1.0,1.0,1.0,1.0,True,MSTLS support stable,4,0.00835137499962002,0.039213209005538374,"[0.0, 0.0, 0.0, 0.0, 0.0, 0.0, 0.0, 0.0, 0.0, -0.5031675599557881, 0.0, 0.0, 0.0, 0.0, 0.0, 0.0, 0.0, 0.0, 0.0, 0.0, 0.0, 0.0, 0.0, 0.0, 0.0, 0.0, 0.0, 0.0, 0.0, 0.0, 0.0, 0.0, 0.0, 0.0, 0.0, 0.0, 0.0, 0.0, 0.0, 0.0, 0.0, 0.0, 0.0, 0.0, 0.0, 0.0, 0.0, 0.0, 0.0]",[9]
burgers,256×256,0.5,349.850859020756,144,WSINDy,0.005868622221777087,0.005868622221777087,True,True,1,0,0,1.0,1.0,1.0,1.0,True,MSTLS support stable,5,0.009658666996983811,0.040529416990466416,"[0.0, 0.0, 0.0, 0.0, 0.0, 0.0, 0.0, 0.0, 0.0, -0.49706568888911146, 0.0, 0.0, 0.0, 0.0, 0.0, 0.0, 0.0, 0.0, 0.0, 0.0, 0.0, 0.0, 0.0, 0.0, 0.0, 0.0, 0.0, 0.0, 0.0, 0.0, 0.0, 0.0, 0.0, 0.0, 0.0, 0.0, 0.0, 0.0, 0.0, 0.0, 0.0, 0.0, 0.0, 0.0, 0.0, 0.0, 0.0, 0.0, 0.0]",[9]
burgers,256×256,0.5,349.850859020756,145,WSINDy,0.0006143479024907084,0.0006143479024907084,True,True,1,0,0,1.0,1.0,1.0,1.0,True,MSTLS support stable,5,0.008914999983971938,0.03917637499398552,"[0.0, 0.0, 0.0, 0.0, 0.0, 0.0, 0.0, 0.0, 0.0, -0.49969282604875465, 0.0, 0.0, 0.0, 0.0, 0.0, 0.0, 0.0, 0.0, 0.0, 0.0, 0.0, 0.0, 0.0, 0.0, 0.0, 0.0, 0.0, 0.0, 0.0, 0.0, 0.0, 0.0, 0.0, 0.0, 0.0, 0.0, 0.0, 0.0, 0.0, 0.0, 0.0, 0.0, 0.0, 0.0, 0.0, 0.0, 0.0, 0.0, 0.0]",[9]
burgers,256×256,0.5,349.850859020756,146,WSINDy,0.010337430288114291,0.010337430288114291,True,True,1,0,0,1.0,1.0,1.0,1.0,True,MSTLS support stable,6,0.009002999984659255,0.03924387498409487,"[0.0, 0.0, 0.0, 0.0, 0.0, 0.0, 0.0, 0.0, 0.0, -0.49483128485594285, 0.0, 0.0, 0.0, 0.0, 0.0, 0.0, 0.0, 0.0, 0.0, 0.0, 0.0, 0.0, 0.0, 0.0, 0.0, 0.0, 0.0, 0.0, 0.0, 0.0, 0.0, 0.0, 0.0, 0.0, 0.0, 0.0, 0.0, 0.0, 0.0, 0.0, 0.0, 0.0, 0.0, 0.0, 0.0, 0.0, 0.0, 0.0, 0.0]",[9]
burgers,256×256,0.5,349.850859020756,147,WSINDy,0.004298901885639861,0.004298901885639861,True,True,1,0,0,1.0,1.0,1.0,1.0,True,MSTLS support stable,4,0.008480792021146044,0.03946812602225691,"[0.0, 0.0, 0.0, 0.0, 0.0, 0.0, 0.0, 0.0, 0.0, -0.5021494509428199, 0.0, 0.0, 0.0, 0.0, 0.0, 0.0, 0.0, 0.0, 0.0, 0.0, 0.0, 0.0, 0.0, 0.0, 0.0, 0.0, 0.0, 0.0, 0.0, 0.0, 0.0, 0.0, 0.0, 0.0, 0.0, 0.0, 0.0, 0.0, 0.0, 0.0, 0.0, 0.0, 0.0, 0.0, 0.0, 0.0, 0.0, 0.0, 0.0]",[9]
burgers,256×256,0.5,349.850859020756,148,WSINDy,0.000946610622512889,0.000946610622512889,True,True,1,0,0,1.0,1.0,1.0,1.0,True,MSTLS support stable,4,0.009542290994431823,0.04062829099711962,"[0.0, 0.0, 0.0, 0.0, 0.0, 0.0, 0.0, 0.0, 0.0, -0.5004733053112564, 0.0, 0.0, 0.0, 0.0, 0.0, 0.0, 0.0, 0.0, 0.0, 0.0, 0.0, 0.0, 0.0, 0.0, 0.0, 0.0, 0.0, 0.0, 0.0, 0.0, 0.0, 0.0, 0.0, 0.0, 0.0, 0.0, 0.0, 0.0, 0.0, 0.0, 0.0, 0.0, 0.0, 0.0, 0.0, 0.0, 0.0, 0.0, 0.0]",[9]
burgers,256×256,0.5,349.850859020756,149,WSINDy,0.0035556733131563156,0.0035556733131563156,True,True,1,0,0,1.0,1.0,1.0,1.0,True,MSTLS support stable,8,0.009323957987362519,0.03958383298595436,"[0.0, 0.0, 0.0, 0.0, 0.0, 0.0, 0.0, 0.0, 0.0, -0.5017778366565782, 0.0, 0.0, 0.0, 0.0, 0.0, 0.0, 0.0, 0.0, 0.0, 0.0, 0.0, 0.0, 0.0, 0.0, 0.0, 0.0, 0.0, 0.0, 0.0, 0.0, 0.0, 0.0, 0.0, 0.0, 0.0, 0.0, 0.0, 0.0, 0.0, 0.0, 0.0, 0.0, 0.0, 0.0, 0.0, 0.0, 0.0, 0.0, 0.0]",[9]
burgers,256×256,0.5,349.850859020756,150,WSINDy,0.0027041349689562733,0.0027041349689562733,True,True,1,0,0,1.0,1.0,1.0,1.0,True,MSTLS support stable,4,0.008371874981094152,0.038079666992416605,"[0.0, 0.0, 0.0, 0.0, 0.0, 0.0, 0.0, 0.0, 0.0, -0.5013520674844781, 0.0, 0.0, 0.0, 0.0, 0.0, 0.0, 0.0, 0.0, 0.0, 0.0, 0.0, 0.0, 0.0, 0.0, 0.0, 0.0, 0.0, 0.0, 0.0, 0.0, 0.0, 0.0, 0.0, 0.0, 0.0, 0.0, 0.0, 0.0, 0.0, 0.0, 0.0, 0.0, 0.0, 0.0, 0.0, 0.0, 0.0, 0.0, 0.0]",[9]
burgers,256×256,0.5,349.850859020756,151,WSINDy,0.011229917117970056,0.011229917117970056,True,True,1,0,0,1.0,1.0,1.0,1.0,True,MSTLS support stable,4,0.008179958997061476,0.0395305419806391,"[0.0, 0.0, 0.0, 0.0, 0.0, 0.0, 0.0, 0.0, 0.0, -0.49438504144101497, 0.0, 0.0, 0.0, 0.0, 0.0, 0.0, 0.0, 0.0, 0.0, 0.0, 0.0, 0.0, 0.0, 0.0, 0.0, 0.0, 0.0, 0.0, 0.0, 0.0, 0.0, 0.0, 0.0, 0.0, 0.0, 0.0, 0.0, 0.0, 0.0, 0.0, 0.0, 0.0, 0.0, 0.0, 0.0, 0.0, 0.0, 0.0, 0.0]",[9]
burgers,256×256,0.5,349.850859020756,152,WSINDy,0.03248667608289568,0.03248667608289568,True,True,1,0,0,1.0,1.0,1.0,1.0,True,MSTLS support stable,4,0.009042958990903571,0.041340125986607745,"[0.0, 0.0, 0.0, 0.0, 0.0, 0.0, 0.0, 0.0, 0.0, -0.5162433380414478, 0.0, 0.0, 0.0, 0.0, 0.0, 0.0, 0.0, 0.0, 0.0, 0.0, 0.0, 0.0, 0.0, 0.0, 0.0, 0.0, 0.0, 0.0, 0.0, 0.0, 0.0, 0.0, 0.0, 0.0, 0.0, 0.0, 0.0, 0.0, 0.0, 0.0, 0.0, 0.0, 0.0, 0.0, 0.0, 0.0, 0.0, 0.0, 0.0]",[9]
burgers,256×256,0.5,349.850859020756,153,WSINDy,0.004284728324416953,0.004284728324416953,True,True,1,0,0,1.0,1.0,1.0,1.0,True,MSTLS support stable,3,0.008740083023440093,0.040217458008555695,"[0.0, 0.0, 0.0, 0.0, 0.0, 0.0, 0.0, 0.0, 0.0, -0.5021423641622085, 0.0, 0.0, 0.0, 0.0, 0.0, 0.0, 0.0, 0.0, 0.0, 0.0, 0.0, 0.0, 0.0, 0.0, 0.0, 0.0, 0.0, 0.0, 0.0, 0.0, 0.0, 0.0, 0.0, 0.0, 0.0, 0.0, 0.0, 0.0, 0.0, 0.0, 0.0, 0.0, 0.0, 0.0, 0.0, 0.0, 0.0, 0.0, 0.0]",[9]
burgers,256×256,0.5,349.850859020756,154,WSINDy,0.0069848840443274,0.0069848840443274,True,True,1,0,0,1.0,1.0,1.0,1.0,True,MSTLS support stable,4,0.009186582989059389,0.040893041994422674,"[0.0, 0.0, 0.0, 0.0, 0.0, 0.0, 0.0, 0.0, 0.0, -0.5034924420221637, 0.0, 0.0, 0.0, 0.0, 0.0, 0.0, 0.0, 0.0, 0.0, 0.0, 0.0, 0.0, 0.0, 0.0, 0.0, 0.0, 0.0, 0.0, 0.0, 0.0, 0.0, 0.0, 0.0, 0.0, 0.0, 0.0, 0.0, 0.0, 0.0, 0.0, 0.0, 0.0, 0.0, 0.0, 0.0, 0.0, 0.0, 0.0, 0.0]",[9]
burgers,256×256,0.5,349.850859020756,155,WSINDy,0.0008834458269906253,0.0008834458269906253,True,True,1,0,0,1.0,1.0,1.0,1.0,True,MSTLS support stable,4,0.00872708301176317,0.040455833019223064,"[0.0, 0.0, 0.0, 0.0, 0.0, 0.0, 0.0, 0.0, 0.0, -0.5004417229134953, 0.0, 0.0, 0.0, 0.0, 0.0, 0.0, 0.0, 0.0, 0.0, 0.0, 0.0, 0.0, 0.0, 0.0, 0.0, 0.0, 0.0, 0.0, 0.0, 0.0, 0.0, 0.0, 0.0, 0.0, 0.0, 0.0, 0.0, 0.0, 0.0, 0.0, 0.0, 0.0, 0.0, 0.0, 0.0, 0.0, 0.0, 0.0, 0.0]",[9]
burgers,256×256,0.5,349.850859020756,156,WSINDy,0.015368234027519634,0.015368234027519634,True,True,1,0,0,1.0,1.0,1.0,1.0,True,MSTLS support stable,4,0.00926770898513496,0.03959720899001695,"[0.0, 0.0, 0.0, 0.0, 0.0, 0.0, 0.0, 0.0, 0.0, -0.5076841170137598, 0.0, 0.0, 0.0, 0.0, 0.0, 0.0, 0.0, 0.0, 0.0, 0.0, 0.0, 0.0, 0.0, 0.0, 0.0, 0.0, 0.0, 0.0, 0.0, 0.0, 0.0, 0.0, 0.0, 0.0, 0.0, 0.0, 0.0, 0.0, 0.0, 0.0, 0.0, 0.0, 0.0, 0.0, 0.0, 0.0, 0.0, 0.0, 0.0]",[9]
burgers,256×256,0.5,349.850859020756,157,WSINDy,0.0063852015695660125,0.0063852015695660125,True,True,1,0,0,1.0,1.0,1.0,1.0,True,MSTLS support stable,5,0.009337499999674037,0.0407338330114726,"[0.0, 0.0, 0.0, 0.0, 0.0, 0.0, 0.0, 0.0, 0.0, -0.503192600784783, 0.0, 0.0, 0.0, 0.0, 0.0, 0.0, 0.0, 0.0, 0.0, 0.0, 0.0, 0.0, 0.0, 0.0, 0.0, 0.0, 0.0, 0.0, 0.0, 0.0, 0.0, 0.0, 0.0, 0.0, 0.0, 0.0, 0.0, 0.0, 0.0, 0.0, 0.0, 0.0, 0.0, 0.0, 0.0, 0.0, 0.0, 0.0, 0.0]",[9]
burgers,256×256,0.5,349.850859020756,158,WSINDy,0.0010345189882132733,0.0010345189882132733,True,True,1,0,0,1.0,1.0,1.0,1.0,True,MSTLS support stable,5,0.008042375004151836,0.03828449998400174,"[0.0, 0.0, 0.0, 0.0, 0.0, 0.0, 0.0, 0.0, 0.0, -0.5005172594941066, 0.0, 0.0, 0.0, 0.0, 0.0, 0.0, 0.0, 0.0, 0.0, 0.0, 0.0, 0.0, 0.0, 0.0, 0.0, 0.0, 0.0, 0.0, 0.0, 0.0, 0.0, 0.0, 0.0, 0.0, 0.0, 0.0, 0.0, 0.0, 0.0, 0.0, 0.0, 0.0, 0.0, 0.0, 0.0, 0.0, 0.0, 0.0, 0.0]",[9]
burgers,256×256,0.5,349.850859020756,159,WSINDy,0.007251225192752786,0.007251225192752786,True,True,1,0,0,1.0,1.0,1.0,1.0,True,MSTLS support stable,4,0.007912749977549538,0.0394927499582991,"[0.0, 0.0, 0.0, 0.0, 0.0, 0.0, 0.0, 0.0, 0.0, -0.4963743874036236, 0.0, 0.0, 0.0, 0.0, 0.0, 0.0, 0.0, 0.0, 0.0, 0.0, 0.0, 0.0, 0.0, 0.0, 0.0, 0.0, 0.0, 0.0, 0.0, 0.0, 0.0, 0.0, 0.0, 0.0, 0.0, 0.0, 0.0, 0.0, 0.0, 0.0, 0.0, 0.0, 0.0, 0.0, 0.0, 0.0, 0.0, 0.0, 0.0]",[9]
burgers,256×256,0.5,349.850859020756,160,WSINDy,0.021267722871726402,0.021267722871726402,True,True,1,0,0,1.0,1.0,1.0,1.0,True,MSTLS support stable,4,0.008289457997307181,0.0398403330182191,"[0.0, 0.0, 0.0, 0.0, 0.0, 0.0, 0.0, 0.0, 0.0, -0.4893661385641368, 0.0, 0.0, 0.0, 0.0, 0.0, 0.0, 0.0, 0.0, 0.0, 0.0, 0.0, 0.0, 0.0, 0.0, 0.0, 0.0, 0.0, 0.0, 0.0, 0.0, 0.0, 0.0, 0.0, 0.0, 0.0, 0.0, 0.0, 0.0, 0.0, 0.0, 0.0, 0.0, 0.0, 0.0, 0.0, 0.0, 0.0, 0.0, 0.0]",[9]
burgers,256×256,0.5,349.850859020756,161,WSINDy,0.024108973906794895,0.024108973906794895,True,True,1,0,0,1.0,1.0,1.0,1.0,True,MSTLS support stable,5,0.007862667000154033,0.03973287501139566,"[0.0, 0.0, 0.0, 0.0, 0.0, 0.0, 0.0, 0.0, 0.0, -0.48794551304660255, 0.0, 0.0, 0.0, 0.0, 0.0, 0.0, 0.0, 0.0, 0.0, 0.0, 0.0, 0.0, 0.0, 0.0, 0.0, 0.0, 0.0, 0.0, 0.0, 0.0, 0.0, 0.0, 0.0, 0.0, 0.0, 0.0, 0.0, 0.0, 0.0, 0.0, 0.0, 0.0, 0.0, 0.0, 0.0, 0.0, 0.0, 0.0, 0.0]",[9]
burgers,256×256,0.5,349.850859020756,162,WSINDy,0.011093154658081916,0.011093154658081916,True,True,1,0,0,1.0,1.0,1.0,1.0,True,MSTLS support stable,6,0.008912458986742422,0.040678208984900266,"[0.0, 0.0, 0.0, 0.0, 0.0, 0.0, 0.0, 0.0, 0.0, -0.49445342267095904, 0.0, 0.0, 0.0, 0.0, 0.0, 0.0, 0.0, 0.0, 0.0, 0.0, 0.0, 0.0, 0.0, 0.0, 0.0, 0.0, 0.0, 0.0, 0.0, 0.0, 0.0, 0.0, 0.0, 0.0, 0.0, 0.0, 0.0, 0.0, 0.0, 0.0, 0.0, 0.0, 0.0, 0.0, 0.0, 0.0, 0.0, 0.0, 0.0]",[9]
burgers,256×256,0.5,349.850859020756,163,WSINDy,0.023476574768286018,0.023476574768286018,True,True,1,0,0,1.0,1.0,1.0,1.0,True,MSTLS support stable,4,0.008864832983817905,0.041168332973029464,"[0.0, 0.0, 0.0, 0.0, 0.0, 0.0, 0.0, 0.0, 0.0, -0.488261712615857, 0.0, 0.0, 0.0, 0.0, 0.0, 0.0, 0.0, 0.0, 0.0, 0.0, 0.0, 0.0, 0.0, 0.0, 0.0, 0.0, 0.0, 0.0, 0.0, 0.0, 0.0, 0.0, 0.0, 0.0, 0.0, 0.0, 0.0, 0.0, 0.0, 0.0, 0.0, 0.0, 0.0, 0.0, 0.0, 0.0, 0.0, 0.0, 0.0]",[9]
burgers,256×256,0.5,349.850859020756,164,WSINDy,0.01104824581946251,0.01104824581946251,True,True,1,0,0,1.0,1.0,1.0,1.0,True,MSTLS support stable,5,0.00872054198407568,0.04130258297664113,"[0.0, 0.0, 0.0, 0.0, 0.0, 0.0, 0.0, 0.0, 0.0, -0.5055241229097313, 0.0, 0.0, 0.0, 0.0, 0.0, 0.0, 0.0, 0.0, 0.0, 0.0, 0.0, 0.0, 0.0, 0.0, 0.0, 0.0, 0.0, 0.0, 0.0, 0.0, 0.0, 0.0, 0.0, 0.0, 0.0, 0.0, 0.0, 0.0, 0.0, 0.0, 0.0, 0.0, 0.0, 0.0, 0.0, 0.0, 0.0, 0.0, 0.0]",[9]
burgers,256×256,0.5,349.850859020756,165,WSINDy,0.0015476941751915163,0.0015476941751915163,True,True,1,0,0,1.0,1.0,1.0,1.0,True,MSTLS support stable,6,0.00863904200377874,0.04105295898625627,"[0.0, 0.0, 0.0, 0.0, 0.0, 0.0, 0.0, 0.0, 0.0, -0.5007738470875958, 0.0, 0.0, 0.0, 0.0, 0.0, 0.0, 0.0, 0.0, 0.0, 0.0, 0.0, 0.0, 0.0, 0.0, 0.0, 0.0, 0.0, 0.0, 0.0, 0.0, 0.0, 0.0, 0.0, 0.0, 0.0, 0.0, 0.0, 0.0, 0.0, 0.0, 0.0, 0.0, 0.0, 0.0, 0.0, 0.0, 0.0, 0.0, 0.0]",[9]
burgers,256×256,0.5,349.850859020756,166,WSINDy,0.00170117651882995,0.00170117651882995,True,True,1,0,0,1.0,1.0,1.0,1.0,True,MSTLS support stable,5,0.008977958001196384,0.03947254200465977,"[0.0, 0.0, 0.0, 0.0, 0.0, 0.0, 0.0, 0.0, 0.0, -0.500850588259415, 0.0, 0.0, 0.0, 0.0, 0.0, 0.0, 0.0, 0.0, 0.0, 0.0, 0.0, 0.0, 0.0, 0.0, 0.0, 0.0, 0.0, 0.0, 0.0, 0.0, 0.0, 0.0, 0.0, 0.0, 0.0, 0.0, 0.0, 0.0, 0.0, 0.0, 0.0, 0.0, 0.0, 0.0, 0.0, 0.0, 0.0, 0.0, 0.0]",[9]
burgers,256×256,0.5,349.850859020756,167,WSINDy,0.003355227552744866,0.003355227552744866,True,True,1,0,0,1.0,1.0,1.0,1.0,True,MSTLS support stable,4,0.008252207975601777,0.03879433296970092,"[0.0, 0.0, 0.0, 0.0, 0.0, 0.0, 0.0, 0.0, 0.0, -0.49832238622362757, 0.0, 0.0, 0.0, 0.0, 0.0, 0.0, 0.0, 0.0, 0.0, 0.0, 0.0, 0.0, 0.0, 0.0, 0.0, 0.0, 0.0, 0.0, 0.0, 0.0, 0.0, 0.0, 0.0, 0.0, 0.0, 0.0, 0.0, 0.0, 0.0, 0.0, 0.0, 0.0, 0.0, 0.0, 0.0, 0.0, 0.0, 0.0, 0.0]",[9]
burgers,256×256,0.5,349.850859020756,168,WSINDy,0.000853958223404061,0.000853958223404061,True,True,1,0,0,1.0,1.0,1.0,1.0,True,MSTLS support stable,6,0.009376792004331946,0.04055158299161121,"[0.0, 0.0, 0.0, 0.0, 0.0, 0.0, 0.0, 0.0, 0.0, -0.49957302088829797, 0.0, 0.0, 0.0, 0.0, 0.0, 0.0, 0.0, 0.0, 0.0, 0.0, 0.0, 0.0, 0.0, 0.0, 0.0, 0.0, 0.0, 0.0, 0.0, 0.0, 0.0, 0.0, 0.0, 0.0, 0.0, 0.0, 0.0, 0.0, 0.0, 0.0, 0.0, 0.0, 0.0, 0.0, 0.0, 0.0, 0.0, 0.0, 0.0]",[9]
burgers,256×256,0.5,349.850859020756,169,WSINDy,0.015611167861378172,0.015611167861378172,True,True,1,0,0,1.0,1.0,1.0,1.0,True,MSTLS support stable,4,0.008102375024463981,0.039956417022040114,"[0.0, 0.0, 0.0, 0.0, 0.0, 0.0, 0.0, 0.0, 0.0, -0.5078055839306891, 0.0, 0.0, 0.0, 0.0, 0.0, 0.0, 0.0, 0.0, 0.0, 0.0, 0.0, 0.0, 0.0, 0.0, 0.0, 0.0, 0.0, 0.0, 0.0, 0.0, 0.0, 0.0, 0.0, 0.0, 0.0, 0.0, 0.0, 0.0, 0.0, 0.0, 0.0, 0.0, 0.0, 0.0, 0.0, 0.0, 0.0, 0.0, 0.0]",[9]
burgers,256×256,0.5,349.850859020756,170,WSINDy,0.014514150218191135,0.014514150218191135,True,True,1,0,0,1.0,1.0,1.0,1.0,True,MSTLS support stable,5,0.009391249972395599,0.04137783296755515,"[0.0, 0.0, 0.0, 0.0, 0.0, 0.0, 0.0, 0.0, 0.0, -0.49274292489090443, 0.0, 0.0, 0.0, 0.0, 0.0, 0.0, 0.0, 0.0, 0.0, 0.0, 0.0, 0.0, 0.0, 0.0, 0.0, 0.0, 0.0, 0.0, 0.0, 0.0, 0.0, 0.0, 0.0, 0.0, 0.0, 0.0, 0.0, 0.0, 0.0, 0.0, 0.0, 0.0, 0.0, 0.0, 0.0, 0.0, 0.0, 0.0, 0.0]",[9]
burgers,256×256,0.5,349.850859020756,171,WSINDy,0.018094225561036792,0.018094225561036792,True,True,1,0,0,1.0,1.0,1.0,1.0,True,MSTLS support stable,4,0.008413500007009134,0.040462000033585355,"[0.0, 0.0, 0.0, 0.0, 0.0, 0.0, 0.0, 0.0, 0.0, -0.4909528872194816, 0.0, 0.0, 0.0, 0.0, 0.0, 0.0, 0.0, 0.0, 0.0, 0.0, 0.0, 0.0, 0.0, 0.0, 0.0, 0.0, 0.0, 0.0, 0.0, 0.0, 0.0, 0.0, 0.0, 0.0, 0.0, 0.0, 0.0, 0.0, 0.0, 0.0, 0.0, 0.0, 0.0, 0.0, 0.0, 0.0, 0.0, 0.0, 0.0]",[9]
burgers,256×256,0.5,349.850859020756,172,WSINDy,0.011684640700223348,0.011684640700223348,True,True,1,0,0,1.0,1.0,1.0,1.0,True,MSTLS support stable,4,0.008677083009388298,0.039125667011830956,"[0.0, 0.0, 0.0, 0.0, 0.0, 0.0, 0.0, 0.0, 0.0, -0.5058423203501117, 0.0, 0.0, 0.0, 0.0, 0.0, 0.0, 0.0, 0.0, 0.0, 0.0, 0.0, 0.0, 0.0, 0.0, 0.0, 0.0, 0.0, 0.0, 0.0, 0.0, 0.0, 0.0, 0.0, 0.0, 0.0, 0.0, 0.0, 0.0, 0.0, 0.0, 0.0, 0.0, 0.0, 0.0, 0.0, 0.0, 0.0, 0.0, 0.0]",[9]
burgers,256×256,0.5,349.850859020756,173,WSINDy,0.00033446015107296834,0.00033446015107296834,True,True,1,0,0,1.0,1.0,1.0,1.0,True,MSTLS support stable,5,0.008049708005273715,0.039271125016966835,"[0.0, 0.0, 0.0, 0.0, 0.0, 0.0, 0.0, 0.0, 0.0, -0.4998327699244635, 0.0, 0.0, 0.0, 0.0, 0.0, 0.0, 0.0, 0.0, 0.0, 0.0, 0.0, 0.0, 0.0, 0.0, 0.0, 0.0, 0.0, 0.0, 0.0, 0.0, 0.0, 0.0, 0.0, 0.0, 0.0, 0.0, 0.0, 0.0, 0.0, 0.0, 0.0, 0.0, 0.0, 0.0, 0.0, 0.0, 0.0, 0.0, 0.0]",[9]
burgers,256×256,0.5,349.850859020756,174,WSINDy,0.014811952291496677,0.014811952291496677,True,True,1,0,0,1.0,1.0,1.0,1.0,True,MSTLS support stable,4,0.009192416997393593,0.04049275099532679,"[0.0, 0.0, 0.0, 0.0, 0.0, 0.0, 0.0, 0.0, 0.0, -0.5074059761457483, 0.0, 0.0, 0.0, 0.0, 0.0, 0.0, 0.0, 0.0, 0.0, 0.0, 0.0, 0.0, 0.0, 0.0, 0.0, 0.0, 0.0, 0.0, 0.0, 0.0, 0.0, 0.0, 0.0, 0.0, 0.0, 0.0, 0.0, 0.0, 0.0, 0.0, 0.0, 0.0, 0.0, 0.0, 0.0, 0.0, 0.0, 0.0, 0.0]",[9]
burgers,256×256,0.5,349.850859020756,175,WSINDy,0.015623170943697806,0.015623170943697806,True,True,1,0,0,1.0,1.0,1.0,1.0,True,MSTLS support stable,6,0.0091254580183886,0.04076899902429432,"[0.0, 0.0, 0.0, 0.0, 0.0, 0.0, 0.0, 0.0, 0.0, -0.5078115854718489, 0.0, 0.0, 0.0, 0.0, 0.0, 0.0, 0.0, 0.0, 0.0, 0.0, 0.0, 0.0, 0.0, 0.0, 0.0, 0.0, 0.0, 0.0, 0.0, 0.0, 0.0, 0.0, 0.0, 0.0, 0.0, 0.0, 0.0, 0.0, 0.0, 0.0, 0.0, 0.0, 0.0, 0.0, 0.0, 0.0, 0.0, 0.0, 0.0]",[9]
burgers,256×256,0.5,349.850859020756,176,WSINDy,0.016467673841177533,0.016467673841177533,True,True,1,0,0,1.0,1.0,1.0,1.0,True,MSTLS support stable,4,0.008040208020247519,0.04014637501677498,"[0.0, 0.0, 0.0, 0.0, 0.0, 0.0, 0.0, 0.0, 0.0, -0.5082338369205888, 0.0, 0.0, 0.0, 0.0, 0.0, 0.0, 0.0, 0.0, 0.0, 0.0, 0.0, 0.0, 0.0, 0.0, 0.0, 0.0, 0.0, 0.0, 0.0, 0.0, 0.0, 0.0, 0.0, 0.0, 0.0, 0.0, 0.0, 0.0, 0.0, 0.0, 0.0, 0.0, 0.0, 0.0, 0.0, 0.0, 0.0, 0.0, 0.0]",[9]
burgers,256×256,0.5,349.850859020756,177,WSINDy,0.009649547439082085,0.009649547439082085,True,True,1,0,0,1.0,1.0,1.0,1.0,True,MSTLS support stable,5,0.007627000013599172,0.0392235420003999,"[0.0, 0.0, 0.0, 0.0, 0.0, 0.0, 0.0, 0.0, 0.0, -0.504824773719541, 0.0, 0.0, 0.0, 0.0, 0.0, 0.0, 0.0, 0.0, 0.0, 0.0, 0.0, 0.0, 0.0, 0.0, 0.0, 0.0, 0.0, 0.0, 0.0, 0.0, 0.0, 0.0, 0.0, 0.0, 0.0, 0.0, 0.0, 0.0, 0.0, 0.0, 0.0, 0.0, 0.0, 0.0, 0.0, 0.0, 0.0, 0.0, 0.0]",[9]
burgers,256×256,0.5,349.850859020756,178,WSINDy,0.0016863444838469688,0.0016863444838469688,True,True,1,0,0,1.0,1.0,1.0,1.0,True,MSTLS support stable,3,0.008233750006183982,0.03963445799308829,"[0.0, 0.0, 0.0, 0.0, 0.0, 0.0, 0.0, 0.0, 0.0, -0.4991568277580765, 0.0, 0.0, 0.0, 0.0, 0.0, 0.0, 0.0, 0.0, 0.0, 0.0, 0.0, 0.0, 0.0, 0.0, 0.0, 0.0, 0.0, 0.0, 0.0, 0.0, 0.0, 0.0, 0.0, 0.0, 0.0, 0.0, 0.0, 0.0, 0.0, 0.0, 0.0, 0.0, 0.0, 0.0, 0.0, 0.0, 0.0, 0.0, 0.0]",[9]
burgers,256×256,0.5,349.850859020756,179,WSINDy,0.013770735615471041,0.013770735615471041,True,True,1,0,0,1.0,1.0,1.0,1.0,True,MSTLS support stable,4,0.009375082998303697,0.03971920799813233,"[0.0, 0.0, 0.0, 0.0, 0.0, 0.0, 0.0, 0.0, 0.0, -0.4931146321922645, 0.0, 0.0, 0.0, 0.0, 0.0, 0.0, 0.0, 0.0, 0.0, 0.0, 0.0, 0.0, 0.0, 0.0, 0.0, 0.0, 0.0, 0.0, 0.0, 0.0, 0.0, 0.0, 0.0, 0.0, 0.0, 0.0, 0.0, 0.0, 0.0, 0.0, 0.0, 0.0, 0.0, 0.0, 0.0, 0.0, 0.0, 0.0, 0.0]",[9]
burgers,256×256,0.5,349.850859020756,180,WSINDy,0.018242307370438193,0.018242307370438193,True,True,1,0,0,1.0,1.0,1.0,1.0,True,MSTLS support stable,4,0.01014004199532792,0.04107391700381413,"[0.0, 0.0, 0.0, 0.0, 0.0, 0.0, 0.0, 0.0, 0.0, -0.4908788463147809, 0.0, 0.0, 0.0, 0.0, 0.0, 0.0, 0.0, 0.0, 0.0, 0.0, 0.0, 0.0, 0.0, 0.0, 0.0, 0.0, 0.0, 0.0, 0.0, 0.0, 0.0, 0.0, 0.0, 0.0, 0.0, 0.0, 0.0, 0.0, 0.0, 0.0, 0.0, 0.0, 0.0, 0.0, 0.0, 0.0, 0.0, 0.0, 0.0]",[9]
burgers,256×256,0.5,349.850859020756,181,WSINDy,0.011087784689834512,0.011087784689834512,True,True,1,0,0,1.0,1.0,1.0,1.0,True,MSTLS support stable,6,0.00943062498117797,0.04075795799144544,"[0.0, 0.0, 0.0, 0.0, 0.0, 0.0, 0.0, 0.0, 0.0, -0.49445610765508274, 0.0, 0.0, 0.0, 0.0, 0.0, 0.0, 0.0, 0.0, 0.0, 0.0, 0.0, 0.0, 0.0, 0.0, 0.0, 0.0, 0.0, 0.0, 0.0, 0.0, 0.0, 0.0, 0.0, 0.0, 0.0, 0.0, 0.0, 0.0, 0.0, 0.0, 0.0, 0.0, 0.0, 0.0, 0.0, 0.0, 0.0, 0.0, 0.0]",[9]
burgers,256×256,0.5,349.850859020756,182,WSINDy,0.00960241066149492,0.00960241066149492,True,True,1,0,0,1.0,1.0,1.0,1.0,True,MSTLS support stable,4,0.008772792003583163,0.04021362500498071,"[0.0, 0.0, 0.0, 0.0, 0.0, 0.0, 0.0, 0.0, 0.0, -0.49519879466925254, 0.0, 0.0, 0.0, 0.0, 0.0, 0.0, 0.0, 0.0, 0.0, 0.0, 0.0, 0.0, 0.0, 0.0, 0.0, 0.0, 0.0, 0.0, 0.0, 0.0, 0.0, 0.0, 0.0, 0.0, 0.0, 0.0, 0.0, 0.0, 0.0, 0.0, 0.0, 0.0, 0.0, 0.0, 0.0, 0.0, 0.0, 0.0, 0.0]",[9]
burgers,256×256,0.5,349.850859020756,183,WSINDy,0.022714550602387362,0.022714550602387362,True,True,1,0,0,1.0,1.0,1.0,1.0,True,MSTLS support stable,4,0.008015042025363073,0.039982167014386505,"[0.0, 0.0, 0.0, 0.0, 0.0, 0.0, 0.0, 0.0, 0.0, -0.5113572753011937, 0.0, 0.0, 0.0, 0.0, 0.0, 0.0, 0.0, 0.0, 0.0, 0.0, 0.0, 0.0, 0.0, 0.0, 0.0, 0.0, 0.0, 0.0, 0.0, 0.0, 0.0, 0.0, 0.0, 0.0, 0.0, 0.0, 0.0, 0.0, 0.0, 0.0, 0.0, 0.0, 0.0, 0.0, 0.0, 0.0, 0.0, 0.0, 0.0]",[9]
burgers,256×256,0.5,349.850859020756,184,WSINDy,0.01009934049200134,0.01009934049200134,True,True,1,0,0,1.0,1.0,1.0,1.0,True,MSTLS support stable,6,0.009395500004757196,0.04069283397984691,"[0.0, 0.0, 0.0, 0.0, 0.0, 0.0, 0.0, 0.0, 0.0, -0.5050496702460007, 0.0, 0.0, 0.0, 0.0, 0.0, 0.0, 0.0, 0.0, 0.0, 0.0, 0.0, 0.0, 0.0, 0.0, 0.0, 0.0, 0.0, 0.0, 0.0, 0.0, 0.0, 0.0, 0.0, 0.0, 0.0, 0.0, 0.0, 0.0, 0.0, 0.0, 0.0, 0.0, 0.0, 0.0, 0.0, 0.0, 0.0, 0.0, 0.0]",[9]
burgers,256×256,0.5,349.850859020756,185,WSINDy,0.008624445486223653,0.008624445486223653,True,True,1,0,0,1.0,1.0,1.0,1.0,True,MSTLS support stable,4,0.009014583978569135,0.04064054196351208,"[0.0, 0.0, 0.0, 0.0, 0.0, 0.0, 0.0, 0.0, 0.0, -0.5043122227431118, 0.0, 0.0, 0.0, 0.0, 0.0, 0.0, 0.0, 0.0, 0.0, 0.0, 0.0, 0.0, 0.0, 0.0, 0.0, 0.0, 0.0, 0.0, 0.0, 0.0, 0.0, 0.0, 0.0, 0.0, 0.0, 0.0, 0.0, 0.0, 0.0, 0.0, 0.0, 0.0, 0.0, 0.0, 0.0, 0.0, 0.0, 0.0, 0.0]",[9]
burgers,256×256,0.5,349.850859020756,186,WSINDy,0.017830061420055054,0.017830061420055054,True,True,1,0,0,1.0,1.0,1.0,1.0,True,MSTLS support stable,4,0.008733124996069819,0.0403657499991823,"[0.0, 0.0, 0.0, 0.0, 0.0, 0.0, 0.0, 0.0, 0.0, -0.5089150307100275, 0.0, 0.0, 0.0, 0.0, 0.0, 0.0, 0.0, 0.0, 0.0, 0.0, 0.0, 0.0, 0.0, 0.0, 0.0, 0.0, 0.0, 0.0, 0.0, 0.0, 0.0, 0.0, 0.0, 0.0, 0.0, 0.0, 0.0, 0.0, 0.0, 0.0, 0.0, 0.0, 0.0, 0.0, 0.0, 0.0, 0.0, 0.0, 0.0]",[9]
burgers,256×256,0.5,349.850859020756,187,WSINDy,0.005503046556624924,0.005503046556624924,True,True,1,0,0,1.0,1.0,1.0,1.0,True,MSTLS support stable,4,0.009192833007546142,0.04087958301533945,"[0.0, 0.0, 0.0, 0.0, 0.0, 0.0, 0.0, 0.0, 0.0, -0.49724847672168754, 0.0, 0.0, 0.0, 0.0, 0.0, 0.0, 0.0, 0.0, 0.0, 0.0, 0.0, 0.0, 0.0, 0.0, 0.0, 0.0, 0.0, 0.0, 0.0, 0.0, 0.0, 0.0, 0.0, 0.0, 0.0, 0.0, 0.0, 0.0, 0.0, 0.0, 0.0, 0.0, 0.0, 0.0, 0.0, 0.0, 0.0, 0.0, 0.0]",[9]
burgers,256×256,0.5,349.850859020756,188,WSINDy,0.024302201788624078,0.024302201788624078,True,True,1,0,0,1.0,1.0,1.0,1.0,True,MSTLS support stable,4,0.009136334003414959,0.040836708998540416,"[0.0, 0.0, 0.0, 0.0, 0.0, 0.0, 0.0, 0.0, 0.0, -0.512151100894312, 0.0, 0.0, 0.0, 0.0, 0.0, 0.0, 0.0, 0.0, 0.0, 0.0, 0.0, 0.0, 0.0, 0.0, 0.0, 0.0, 0.0, 0.0, 0.0, 0.0, 0.0, 0.0, 0.0, 0.0, 0.0, 0.0, 0.0, 0.0, 0.0, 0.0, 0.0, 0.0, 0.0, 0.0, 0.0, 0.0, 0.0, 0.0, 0.0]",[9]
burgers,256×256,0.5,349.850859020756,189,WSINDy,0.01068980672134745,0.01068980672134745,True,True,1,0,0,1.0,1.0,1.0,1.0,True,MSTLS support stable,4,0.009865375002846122,0.04252275000908412,"[0.0, 0.0, 0.0, 0.0, 0.0, 0.0, 0.0, 0.0, 0.0, -0.4946550966393263, 0.0, 0.0, 0.0, 0.0, 0.0, 0.0, 0.0, 0.0, 0.0, 0.0, 0.0, 0.0, 0.0, 0.0, 0.0, 0.0, 0.0, 0.0, 0.0, 0.0, 0.0, 0.0, 0.0, 0.0, 0.0, 0.0, 0.0, 0.0, 0.0, 0.0, 0.0, 0.0, 0.0, 0.0, 0.0, 0.0, 0.0, 0.0, 0.0]",[9]
burgers,256×256,0.5,349.850859020756,190,WSINDy,0.018489912055233093,0.018489912055233093,True,True,1,0,0,1.0,1.0,1.0,1.0,True,MSTLS support stable,4,0.008666792011354119,0.04084804203012027,"[0.0, 0.0, 0.0, 0.0, 0.0, 0.0, 0.0, 0.0, 0.0, -0.49075504397238345, 0.0, 0.0, 0.0, 0.0, 0.0, 0.0, 0.0, 0.0, 0.0, 0.0, 0.0, 0.0, 0.0, 0.0, 0.0, 0.0, 0.0, 0.0, 0.0, 0.0, 0.0, 0.0, 0.0, 0.0, 0.0, 0.0, 0.0, 0.0, 0.0, 0.0, 0.0, 0.0, 0.0, 0.0, 0.0, 0.0, 0.0, 0.0, 0.0]",[9]
burgers,256×256,0.5,349.850859020756,191,WSINDy,0.006368708906755893,0.006368708906755893,True,True,1,0,0,1.0,1.0,1.0,1.0,True,MSTLS support stable,4,0.009091249987250194,0.04089249999378808,"[0.0, 0.0, 0.0, 0.0, 0.0, 0.0, 0.0, 0.0, 0.0, -0.503184354453378, 0.0, 0.0, 0.0, 0.0, 0.0, 0.0, 0.0, 0.0, 0.0, 0.0, 0.0, 0.0, 0.0, 0.0, 0.0, 0.0, 0.0, 0.0, 0.0, 0.0, 0.0, 0.0, 0.0, 0.0, 0.0, 0.0, 0.0, 0.0, 0.0, 0.0, 0.0, 0.0, 0.0, 0.0, 0.0, 0.0, 0.0, 0.0, 0.0]",[9]
burgers,256×256,0.5,349.850859020756,192,WSINDy,0.010297700030849621,0.010297700030849621,True,True,1,0,0,1.0,1.0,1.0,1.0,True,MSTLS support stable,4,0.008448833017610013,0.03980166601832025,"[0.0, 0.0, 0.0, 0.0, 0.0, 0.0, 0.0, 0.0, 0.0, -0.4948511499845752, 0.0, 0.0, 0.0, 0.0, 0.0, 0.0, 0.0, 0.0, 0.0, 0.0, 0.0, 0.0, 0.0, 0.0, 0.0, 0.0, 0.0, 0.0, 0.0, 0.0, 0.0, 0.0, 0.0, 0.0, 0.0, 0.0, 0.0, 0.0, 0.0, 0.0, 0.0, 0.0, 0.0, 0.0, 0.0, 0.0, 0.0, 0.0, 0.0]",[9]
burgers,256×256,0.5,349.850859020756,193,WSINDy,0.005325173659335047,0.005325173659335047,True,True,1,0,0,1.0,1.0,1.0,1.0,True,MSTLS support stable,5,0.007986625016201288,0.038130166998598725,"[0.0, 0.0, 0.0, 0.0, 0.0, 0.0, 0.0, 0.0, 0.0, -0.4973374131703325, 0.0, 0.0, 0.0, 0.0, 0.0, 0.0, 0.0, 0.0, 0.0, 0.0, 0.0, 0.0, 0.0, 0.0, 0.0, 0.0, 0.0, 0.0, 0.0, 0.0, 0.0, 0.0, 0.0, 0.0, 0.0, 0.0, 0.0, 0.0, 0.0, 0.0, 0.0, 0.0, 0.0, 0.0, 0.0, 0.0, 0.0, 0.0, 0.0]",[9]
burgers,256×256,0.5,349.850859020756,194,WSINDy,0.03505501290803137,0.03505501290803137,True,True,1,0,0,1.0,1.0,1.0,1.0,True,MSTLS support stable,4,0.008580082998378202,0.04060299901175313,"[0.0, 0.0, 0.0, 0.0, 0.0, 0.0, 0.0, 0.0, 0.0, -0.5175275064540157, 0.0, 0.0, 0.0, 0.0, 0.0, 0.0, 0.0, 0.0, 0.0, 0.0, 0.0, 0.0, 0.0, 0.0, 0.0, 0.0, 0.0, 0.0, 0.0, 0.0, 0.0, 0.0, 0.0, 0.0, 0.0, 0.0, 0.0, 0.0, 0.0, 0.0, 0.0, 0.0, 0.0, 0.0, 0.0, 0.0, 0.0, 0.0, 0.0]",[9]
burgers,256×256,0.5,349.850859020756,195,WSINDy,0.0015322335279562838,0.0015322335279562838,True,True,1,0,0,1.0,1.0,1.0,1.0,True,MSTLS support stable,4,0.008659832994453609,0.039528873981907964,"[0.0, 0.0, 0.0, 0.0, 0.0, 0.0, 0.0, 0.0, 0.0, -0.49923388323602186, 0.0, 0.0, 0.0, 0.0, 0.0, 0.0, 0.0, 0.0, 0.0, 0.0, 0.0, 0.0, 0.0, 0.0, 0.0, 0.0, 0.0, 0.0, 0.0, 0.0, 0.0, 0.0, 0.0, 0.0, 0.0, 0.0, 0.0, 0.0, 0.0, 0.0, 0.0, 0.0, 0.0, 0.0, 0.0, 0.0, 0.0, 0.0, 0.0]",[9]
burgers,256×256,0.5,349.850859020756,196,WSINDy,0.0073089609232974695,0.0073089609232974695,True,True,1,0,0,1.0,1.0,1.0,1.0,True,MSTLS support stable,4,0.00862075001350604,0.04004912500386126,"[0.0, 0.0, 0.0, 0.0, 0.0, 0.0, 0.0, 0.0, 0.0, -0.49634551953835127, 0.0, 0.0, 0.0, 0.0, 0.0, 0.0, 0.0, 0.0, 0.0, 0.0, 0.0, 0.0, 0.0, 0.0, 0.0, 0.0, 0.0, 0.0, 0.0, 0.0, 0.0, 0.0, 0.0, 0.0, 0.0, 0.0, 0.0, 0.0, 0.0, 0.0, 0.0, 0.0, 0.0, 0.0, 0.0, 0.0, 0.0, 0.0, 0.0]",[9]
burgers,256×256,0.5,349.850859020756,197,WSINDy,0.01984034507219845,0.01984034507219845,True,True,1,0,0,1.0,1.0,1.0,1.0,True,MSTLS support stable,4,0.007982166018337011,0.03831899902434088,"[0.0, 0.0, 0.0, 0.0, 0.0, 0.0, 0.0, 0.0, 0.0, -0.5099201725360992, 0.0, 0.0, 0.0, 0.0, 0.0, 0.0, 0.0, 0.0, 0.0, 0.0, 0.0, 0.0, 0.0, 0.0, 0.0, 0.0, 0.0, 0.0, 0.0, 0.0, 0.0, 0.0, 0.0, 0.0, 0.0, 0.0, 0.0, 0.0, 0.0, 0.0, 0.0, 0.0, 0.0, 0.0, 0.0, 0.0, 0.0, 0.0, 0.0]",[9]
burgers,256×256,0.5,349.850859020756,198,WSINDy,0.02305480552503425,0.02305480552503425,True,True,1,0,0,1.0,1.0,1.0,1.0,True,MSTLS support stable,5,0.00837079097982496,0.038661208003759384,"[0.0, 0.0, 0.0, 0.0, 0.0, 0.0, 0.0, 0.0, 0.0, -0.4884725972374829, 0.0, 0.0, 0.0, 0.0, 0.0, 0.0, 0.0, 0.0, 0.0, 0.0, 0.0, 0.0, 0.0, 0.0, 0.0, 0.0, 0.0, 0.0, 0.0, 0.0, 0.0, 0.0, 0.0, 0.0, 0.0, 0.0, 0.0, 0.0, 0.0, 0.0, 0.0, 0.0, 0.0, 0.0, 0.0, 0.0, 0.0, 0.0, 0.0]",[9]
burgers,256×256,0.5,349.850859020756,199,WSINDy,0.005743671786090809,0.005743671786090809,True,True,1,0,0,1.0,1.0,1.0,1.0,True,MSTLS support stable,4,0.008272790990304202,0.039250374014955014,"[0.0, 0.0, 0.0, 0.0, 0.0, 0.0, 0.0, 0.0, 0.0, -0.5028718358930454, 0.0, 0.0, 0.0, 0.0, 0.0, 0.0, 0.0, 0.0, 0.0, 0.0, 0.0, 0.0, 0.0, 0.0, 0.0, 0.0, 0.0, 0.0, 0.0, 0.0, 0.0, 0.0, 0.0, 0.0, 0.0, 0.0, 0.0, 0.0, 0.0, 0.0, 0.0, 0.0, 0.0, 0.0, 0.0, 0.0, 0.0, 0.0, 0.0]",[9]
burgers,256×256,1.0,699.701718041512,0,WSINDy,0.013408050298823637,0.013408050298823637,True,True,1,0,0,1.0,1.0,1.0,1.0,True,MSTLS support stable,3,0.00866429097368382,0.04166437397361733,"[0.0, 0.0, 0.0, 0.0, 0.0, 0.0, 0.0, 0.0, 0.0, -0.4932959748505882, 0.0, 0.0, 0.0, 0.0, 0.0, 0.0, 0.0, 0.0, 0.0, 0.0, 0.0, 0.0, 0.0, 0.0, 0.0, 0.0, 0.0, 0.0, 0.0, 0.0, 0.0, 0.0, 0.0, 0.0, 0.0, 0.0, 0.0, 0.0, 0.0, 0.0, 0.0, 0.0, 0.0, 0.0, 0.0, 0.0, 0.0, 0.0, 0.0]",[9]
burgers,256×256,1.0,699.701718041512,1,WSINDy,0.0358212627511727,0.0358212627511727,True,True,1,0,0,1.0,1.0,1.0,1.0,True,MSTLS support stable,4,0.00812333298381418,0.04104512499179691,"[0.0, 0.0, 0.0, 0.0, 0.0, 0.0, 0.0, 0.0, 0.0, -0.5179106313755863, 0.0, 0.0, 0.0, 0.0, 0.0, 0.0, 0.0, 0.0, 0.0, 0.0, 0.0, 0.0, 0.0, 0.0, 0.0, 0.0, 0.0, 0.0, 0.0, 0.0, 0.0, 0.0, 0.0, 0.0, 0.0, 0.0, 0.0, 0.0, 0.0, 0.0, 0.0, 0.0, 0.0, 0.0, 0.0, 0.0, 0.0, 0.0, 0.0]",[9]
burgers,256×256,1.0,699.701718041512,2,WSINDy,0.026499659285552535,0.026499659285552535,True,True,1,0,0,1.0,1.0,1.0,1.0,True,MSTLS support stable,4,0.00890966597944498,0.04127291598706506,"[0.0, 0.0, 0.0, 0.0, 0.0, 0.0, 0.0, 0.0, 0.0, -0.48675017035722373, 0.0, 0.0, 0.0, 0.0, 0.0, 0.0, 0.0, 0.0, 0.0, 0.0, 0.0, 0.0, 0.0, 0.0, 0.0, 0.0, 0.0, 0.0, 0.0, 0.0, 0.0, 0.0, 0.0, 0.0, 0.0, 0.0, 0.0, 0.0, 0.0, 0.0, 0.0, 0.0, 0.0, 0.0, 0.0, 0.0, 0.0, 0.0, 0.0]",[9]
burgers,256×256,1.0,699.701718041512,3,WSINDy,0.016420540876303513,0.016420540876303513,True,True,1,0,0,1.0,1.0,1.0,1.0,True,MSTLS support stable,3,0.008579334011301398,0.0409718340379186,"[0.0, 0.0, 0.0, 0.0, 0.0, 0.0, 0.0, 0.0, 0.0, -0.49178972956184824, 0.0, 0.0, 0.0, 0.0, 0.0, 0.0, 0.0, 0.0, 0.0, 0.0, 0.0, 0.0, 0.0, 0.0, 0.0, 0.0, 0.0, 0.0, 0.0, 0.0, 0.0, 0.0, 0.0, 0.0, 0.0, 0.0, 0.0, 0.0, 0.0, 0.0, 0.0, 0.0, 0.0, 0.0, 0.0, 0.0, 0.0, 0.0, 0.0]",[9]
burgers,256×256,1.0,699.701718041512,4,WSINDy,0.007691625446325068,0.007691625446325068,True,True,1,0,0,1.0,1.0,1.0,1.0,True,MSTLS support stable,5,0.009029833978274837,0.0417455839633476,"[0.0, 0.0, 0.0, 0.0, 0.0, 0.0, 0.0, 0.0, 0.0, -0.5038458127231625, 0.0, 0.0, 0.0, 0.0, 0.0, 0.0, 0.0, 0.0, 0.0, 0.0, 0.0, 0.0, 0.0, 0.0, 0.0, 0.0, 0.0, 0.0, 0.0, 0.0, 0.0, 0.0, 0.0, 0.0, 0.0, 0.0, 0.0, 0.0, 0.0, 0.0, 0.0, 0.0, 0.0, 0.0, 0.0, 0.0, 0.0, 0.0, 0.0]",[9]
burgers,256×256,1.0,699.701718041512,5,WSINDy,0.0269711241065399,0.0269711241065399,True,True,1,0,0,1.0,1.0,1.0,1.0,True,MSTLS support stable,4,0.008464207989163697,0.04145462499582209,"[0.0, 0.0, 0.0, 0.0, 0.0, 0.0, 0.0, 0.0, 0.0, -0.48651443794673005, 0.0, 0.0, 0.0, 0.0, 0.0, 0.0, 0.0, 0.0, 0.0, 0.0, 0.0, 0.0, 0.0, 0.0, 0.0, 0.0, 0.0, 0.0, 0.0, 0.0, 0.0, 0.0, 0.0, 0.0, 0.0, 0.0, 0.0, 0.0, 0.0, 0.0, 0.0, 0.0, 0.0, 0.0, 0.0, 0.0, 0.0, 0.0, 0.0]",[9]
burgers,256×256,1.0,699.701718041512,6,WSINDy,0.031329864681235,0.031329864681235,True,True,1,0,0,1.0,1.0,1.0,1.0,True,MSTLS support stable,4,0.008952332980697975,0.04142462500021793,"[0.0, 0.0, 0.0, 0.0, 0.0, 0.0, 0.0, 0.0, 0.0, -0.4843350676593825, 0.0, 0.0, 0.0, 0.0, 0.0, 0.0, 0.0, 0.0, 0.0, 0.0, 0.0, 0.0, 0.0, 0.0, 0.0, 0.0, 0.0, 0.0, 0.0, 0.0, 0.0, 0.0, 0.0, 0.0, 0.0, 0.0, 0.0, 0.0, 0.0, 0.0, 0.0, 0.0, 0.0, 0.0, 0.0, 0.0, 0.0, 0.0, 0.0]",[9]
burgers,256×256,1.0,699.701718041512,7,WSINDy,0.03397702672803171,0.03397702672803171,True,True,1,0,0,1.0,1.0,1.0,1.0,True,MSTLS support stable,4,0.008643750014016405,0.04110904200933874,"[0.0, 0.0, 0.0, 0.0, 0.0, 0.0, 0.0, 0.0, 0.0, -0.5169885133640159, 0.0, 0.0, 0.0, 0.0, 0.0, 0.0, 0.0, 0.0, 0.0, 0.0, 0.0, 0.0, 0.0, 0.0, 0.0, 0.0, 0.0, 0.0, 0.0, 0.0, 0.0, 0.0, 0.0, 0.0, 0.0, 0.0, 0.0, 0.0, 0.0, 0.0, 0.0, 0.0, 0.0, 0.0, 0.0, 0.0, 0.0, 0.0, 0.0]",[9]
burgers,256×256,1.0,699.701718041512,8,WSINDy,0.0039068568365123735,0.0039068568365123735,True,True,1,0,0,1.0,1.0,1.0,1.0,True,MSTLS support stable,4,0.008958499995060265,0.0414517080062069,"[0.0, 0.0, 0.0, 0.0, 0.0, 0.0, 0.0, 0.0, 0.0, -0.4980465715817438, 0.0, 0.0, 0.0, 0.0, 0.0, 0.0, 0.0, 0.0, 0.0, 0.0, 0.0, 0.0, 0.0, 0.0, 0.0, 0.0, 0.0, 0.0, 0.0, 0.0, 0.0, 0.0, 0.0, 0.0, 0.0, 0.0, 0.0, 0.0, 0.0, 0.0, 0.0, 0.0, 0.0, 0.0, 0.0, 0.0, 0.0, 0.0, 0.0]",[9]
burgers,256×256,1.0,699.701718041512,9,WSINDy,0.0004004273978016615,0.0004004273978016615,True,True,1,0,0,1.0,1.0,1.0,1.0,True,MSTLS support stable,4,0.00825716700637713,0.0407024169981014,"[0.0, 0.0, 0.0, 0.0, 0.0, 0.0, 0.0, 0.0, 0.0, -0.49979978630109917, 0.0, 0.0, 0.0, 0.0, 0.0, 0.0, 0.0, 0.0, 0.0, 0.0, 0.0, 0.0, 0.0, 0.0, 0.0, 0.0, 0.0, 0.0, 0.0, 0.0, 0.0, 0.0, 0.0, 0.0, 0.0, 0.0, 0.0, 0.0, 0.0, 0.0, 0.0, 0.0, 0.0, 0.0, 0.0, 0.0, 0.0, 0.0, 0.0]",[9]
burgers,256×256,1.0,699.701718041512,10,WSINDy,0.003614400654074479,0.003614400654074479,True,True,1,0,0,1.0,1.0,1.0,1.0,True,MSTLS support stable,4,0.008698667021235451,0.041194209014065564,"[0.0, 0.0, 0.0, 0.0, 0.0, 0.0, 0.0, 0.0, 0.0, -0.49819279967296276, 0.0, 0.0, 0.0, 0.0, 0.0, 0.0, 0.0, 0.0, 0.0, 0.0, 0.0, 0.0, 0.0, 0.0, 0.0, 0.0, 0.0, 0.0, 0.0, 0.0, 0.0, 0.0, 0.0, 0.0, 0.0, 0.0, 0.0, 0.0, 0.0, 0.0, 0.0, 0.0, 0.0, 0.0, 0.0, 0.0, 0.0, 0.0, 0.0]",[9]
burgers,256×256,1.0,699.701718041512,11,WSINDy,0.0004576412518432216,0.0004576412518432216,True,True,1,0,0,1.0,1.0,1.0,1.0,True,MSTLS support stable,4,0.00885099999140948,0.04120666699600406,"[0.0, 0.0, 0.0, 0.0, 0.0, 0.0, 0.0, 0.0, 0.0, -0.4997711793740784, 0.0, 0.0, 0.0, 0.0, 0.0, 0.0, 0.0, 0.0, 0.0, 0.0, 0.0, 0.0, 0.0, 0.0, 0.0, 0.0, 0.0, 0.0, 0.0, 0.0, 0.0, 0.0, 0.0, 0.0, 0.0, 0.0, 0.0, 0.0, 0.0, 0.0, 0.0, 0.0, 0.0, 0.0, 0.0, 0.0, 0.0, 0.0, 0.0]",[9]
burgers,256×256,1.0,699.701718041512,12,WSINDy,0.025588587997268375,0.025588587997268375,True,True,1,0,0,1.0,1.0,1.0,1.0,True,MSTLS support stable,3,0.0076705839892383665,0.04023716799565591,"[0.0, 0.0, 0.0, 0.0, 0.0, 0.0, 0.0, 0.0, 0.0, -0.4872057060013658, 0.0, 0.0, 0.0, 0.0, 0.0, 0.0, 0.0, 0.0, 0.0, 0.0, 0.0, 0.0, 0.0, 0.0, 0.0, 0.0, 0.0, 0.0, 0.0, 0.0, 0.0, 0.0, 0.0, 0.0, 0.0, 0.0, 0.0, 0.0, 0.0, 0.0, 0.0, 0.0, 0.0, 0.0, 0.0, 0.0, 0.0, 0.0, 0.0]",[9]
burgers,256×256,1.0,699.701718041512,13,WSINDy,0.020529129561393855,0.020529129561393855,True,True,1,0,0,1.0,1.0,1.0,1.0,True,MSTLS support stable,4,0.008595250023063272,0.041310208005597815,"[0.0, 0.0, 0.0, 0.0, 0.0, 0.0, 0.0, 0.0, 0.0, -0.5102645647806969, 0.0, 0.0, 0.0, 0.0, 0.0, 0.0, 0.0, 0.0, 0.0, 0.0, 0.0, 0.0, 0.0, 0.0, 0.0, 0.0, 0.0, 0.0, 0.0, 0.0, 0.0, 0.0, 0.0, 0.0, 0.0, 0.0, 0.0, 0.0, 0.0, 0.0, 0.0, 0.0, 0.0, 0.0, 0.0, 0.0, 0.0, 0.0, 0.0]",[9]
burgers,256×256,1.0,699.701718041512,14,WSINDy,0.016077635589784478,0.016077635589784478,True,True,1,0,0,1.0,1.0,1.0,1.0,True,MSTLS support stable,4,0.008327958988957107,0.04083637599251233,"[0.0, 0.0, 0.0, 0.0, 0.0, 0.0, 0.0, 0.0, 0.0, -0.5080388177948922, 0.0, 0.0, 0.0, 0.0, 0.0, 0.0, 0.0, 0.0, 0.0, 0.0, 0.0, 0.0, 0.0, 0.0, 0.0, 0.0, 0.0, 0.0, 0.0, 0.0, 0.0, 0.0, 0.0, 0.0, 0.0, 0.0, 0.0, 0.0, 0.0, 0.0, 0.0, 0.0, 0.0, 0.0, 0.0, 0.0, 0.0, 0.0, 0.0]",[9]
burgers,256×256,1.0,699.701718041512,15,WSINDy,0.033591698425244565,0.033591698425244565,True,True,1,0,0,1.0,1.0,1.0,1.0,True,MSTLS support stable,3,0.008870666002621874,0.04163979098666459,"[0.0, 0.0, 0.0, 0.0, 0.0, 0.0, 0.0, 0.0, 0.0, -0.4832041507873777, 0.0, 0.0, 0.0, 0.0, 0.0, 0.0, 0.0, 0.0, 0.0, 0.0, 0.0, 0.0, 0.0, 0.0, 0.0, 0.0, 0.0, 0.0, 0.0, 0.0, 0.0, 0.0, 0.0, 0.0, 0.0, 0.0, 0.0, 0.0, 0.0, 0.0, 0.0, 0.0, 0.0, 0.0, 0.0, 0.0, 0.0, 0.0, 0.0]",[9]
burgers,256×256,1.0,699.701718041512,16,WSINDy,0.0705027187031605,0.0705027187031605,True,True,1,0,0,1.0,1.0,1.0,1.0,True,MSTLS support stable,4,0.007774917001370341,0.0406394169840496,"[0.0, 0.0, 0.0, 0.0, 0.0, 0.0, 0.0, 0.0, 0.0, -0.46474864064841975, 0.0, 0.0, 0.0, 0.0, 0.0, 0.0, 0.0, 0.0, 0.0, 0.0, 0.0, 0.0, 0.0, 0.0, 0.0, 0.0, 0.0, 0.0, 0.0, 0.0, 0.0, 0.0, 0.0, 0.0, 0.0, 0.0, 0.0, 0.0, 0.0, 0.0, 0.0, 0.0, 0.0, 0.0, 0.0, 0.0, 0.0, 0.0, 0.0]",[9]
burgers,256×256,1.0,699.701718041512,17,WSINDy,0.02000052348845105,0.02000052348845105,True,True,1,0,0,1.0,1.0,1.0,1.0,True,MSTLS support stable,4,0.008508874976541847,0.040842499991413206,"[0.0, 0.0, 0.0, 0.0, 0.0, 0.0, 0.0, 0.0, 0.0, -0.4899997382557745, 0.0, 0.0, 0.0, 0.0, 0.0, 0.0, 0.0, 0.0, 0.0, 0.0, 0.0, 0.0, 0.0, 0.0, 0.0, 0.0, 0.0, 0.0, 0.0, 0.0, 0.0, 0.0, 0.0, 0.0, 0.0, 0.0, 0.0, 0.0, 0.0, 0.0, 0.0, 0.0, 0.0, 0.0, 0.0, 0.0, 0.0, 0.0, 0.0]",[9]
burgers,256×256,1.0,699.701718041512,18,WSINDy,0.03155021252166734,0.03155021252166734,True,True,1,0,0,1.0,1.0,1.0,1.0,True,MSTLS support stable,3,0.009039125026902184,0.0412637920526322,"[0.0, 0.0, 0.0, 0.0, 0.0, 0.0, 0.0, 0.0, 0.0, -0.5157751062608337, 0.0, 0.0, 0.0, 0.0, 0.0, 0.0, 0.0, 0.0, 0.0, 0.0, 0.0, 0.0, 0.0, 0.0, 0.0, 0.0, 0.0, 0.0, 0.0, 0.0, 0.0, 0.0, 0.0, 0.0, 0.0, 0.0, 0.0, 0.0, 0.0, 0.0, 0.0, 0.0, 0.0, 0.0, 0.0, 0.0, 0.0, 0.0, 0.0]",[9]
burgers,256×256,1.0,699.701718041512,19,WSINDy,0.07252298461529905,0.07252298461529905,True,True,1,0,0,1.0,1.0,1.0,1.0,True,MSTLS support stable,3,0.007651708001503721,0.04006574998493306,"[0.0, 0.0, 0.0, 0.0, 0.0, 0.0, 0.0, 0.0, 0.0, -0.4637385076923505, 0.0, 0.0, 0.0, 0.0, 0.0, 0.0, 0.0, 0.0, 0.0, 0.0, 0.0, 0.0, 0.0, 0.0, 0.0, 0.0, 0.0, 0.0, 0.0, 0.0, 0.0, 0.0, 0.0, 0.0, 0.0, 0.0, 0.0, 0.0, 0.0, 0.0, 0.0, 0.0, 0.0, 0.0, 0.0, 0.0, 0.0, 0.0, 0.0]",[9]
burgers,256×256,1.0,699.701718041512,20,WSINDy,0.00437100854295136,0.00437100854295136,True,True,1,0,0,1.0,1.0,1.0,1.0,True,MSTLS support stable,5,0.007989749981788918,0.038852375000715256,"[0.0, 0.0, 0.0, 0.0, 0.0, 0.0, 0.0, 0.0, 0.0, -0.5021855042714757, 0.0, 0.0, 0.0, 0.0, 0.0, 0.0, 0.0, 0.0, 0.0, 0.0, 0.0, 0.0, 0.0, 0.0, 0.0, 0.0, 0.0, 0.0, 0.0, 0.0, 0.0, 0.0, 0.0, 0.0, 0.0, 0.0, 0.0, 0.0, 0.0, 0.0, 0.0, 0.0, 0.0, 0.0, 0.0, 0.0, 0.0, 0.0, 0.0]",[9]
burgers,256×256,1.0,699.701718041512,21,WSINDy,0.010289447074820712,0.010289447074820712,True,True,1,0,0,1.0,1.0,1.0,1.0,True,MSTLS support stable,4,0.008017041982384399,0.03904850099934265,"[0.0, 0.0, 0.0, 0.0, 0.0, 0.0, 0.0, 0.0, 0.0, -0.5051447235374104, 0.0, 0.0, 0.0, 0.0, 0.0, 0.0, 0.0, 0.0, 0.0, 0.0, 0.0, 0.0, 0.0, 0.0, 0.0, 0.0, 0.0, 0.0, 0.0, 0.0, 0.0, 0.0, 0.0, 0.0, 0.0, 0.0, 0.0, 0.0, 0.0, 0.0, 0.0, 0.0, 0.0, 0.0, 0.0, 0.0, 0.0, 0.0, 0.0]",[9]
burgers,256×256,1.0,699.701718041512,22,WSINDy,0.0031364452087966344,0.0031364452087966344,True,True,1,0,0,1.0,1.0,1.0,1.0,True,MSTLS support stable,4,0.007956040994031355,0.03946099997847341,"[0.0, 0.0, 0.0, 0.0, 0.0, 0.0, 0.0, 0.0, 0.0, -0.4984317773956017, 0.0, 0.0, 0.0, 0.0, 0.0, 0.0, 0.0, 0.0, 0.0, 0.0, 0.0, 0.0, 0.0, 0.0, 0.0, 0.0, 0.0, 0.0, 0.0, 0.0, 0.0, 0.0, 0.0, 0.0, 0.0, 0.0, 0.0, 0.0, 0.0, 0.0, 0.0, 0.0, 0.0, 0.0, 0.0, 0.0, 0.0, 0.0, 0.0]",[9]
burgers,256×256,1.0,699.701718041512,23,WSINDy,0.01711248559836387,0.01711248559836387,True,True,1,0,0,1.0,1.0,1.0,1.0,True,MSTLS support stable,4,0.008226415986428037,0.040915374003816396,"[0.0, 0.0, 0.0, 0.0, 0.0, 0.0, 0.0, 0.0, 0.0, -0.49144375720081807, 0.0, 0.0, 0.0, 0.0, 0.0, 0.0, 0.0, 0.0, 0.0, 0.0, 0.0, 0.0, 0.0, 0.0, 0.0, 0.0, 0.0, 0.0, 0.0, 0.0, 0.0, 0.0, 0.0, 0.0, 0.0, 0.0, 0.0, 0.0, 0.0, 0.0, 0.0, 0.0, 0.0, 0.0, 0.0, 0.0, 0.0, 0.0, 0.0]",[9]
burgers,256×256,1.0,699.701718041512,24,WSINDy,0.04376018973923301,0.04376018973923301,True,True,1,0,0,1.0,1.0,1.0,1.0,True,MSTLS support stable,4,0.008421375008765608,0.039409459015587345,"[0.0, 0.0, 0.0, 0.0, 0.0, 0.0, 0.0, 0.0, 0.0, -0.4781199051303835, 0.0, 0.0, 0.0, 0.0, 0.0, 0.0, 0.0, 0.0, 0.0, 0.0, 0.0, 0.0, 0.0, 0.0, 0.0, 0.0, 0.0, 0.0, 0.0, 0.0, 0.0, 0.0, 0.0, 0.0, 0.0, 0.0, 0.0, 0.0, 0.0, 0.0, 0.0, 0.0, 0.0, 0.0, 0.0, 0.0, 0.0, 0.0, 0.0]",[9]
burgers,256×256,1.0,699.701718041512,25,WSINDy,0.004098747181729423,0.004098747181729423,True,True,1,0,0,1.0,1.0,1.0,1.0,True,MSTLS support stable,6,0.009228500013705343,0.042035582999233156,"[0.0, 0.0, 0.0, 0.0, 0.0, 0.0, 0.0, 0.0, 0.0, -0.4979506264091353, 0.0, 0.0, 0.0, 0.0, 0.0, 0.0, 0.0, 0.0, 0.0, 0.0, 0.0, 0.0, 0.0, 0.0, 0.0, 0.0, 0.0, 0.0, 0.0, 0.0, 0.0, 0.0, 0.0, 0.0, 0.0, 0.0, 0.0, 0.0, 0.0, 0.0, 0.0, 0.0, 0.0, 0.0, 0.0, 0.0, 0.0, 0.0, 0.0]",[9]
burgers,256×256,1.0,699.701718041512,26,WSINDy,0.043838585034169486,0.043838585034169486,True,True,1,0,0,1.0,1.0,1.0,1.0,True,MSTLS support stable,4,0.009313000016845763,0.04167604199028574,"[0.0, 0.0, 0.0, 0.0, 0.0, 0.0, 0.0, 0.0, 0.0, -0.47808070748291526, 0.0, 0.0, 0.0, 0.0, 0.0, 0.0, 0.0, 0.0, 0.0, 0.0, 0.0, 0.0, 0.0, 0.0, 0.0, 0.0, 0.0, 0.0, 0.0, 0.0, 0.0, 0.0, 0.0, 0.0, 0.0, 0.0, 0.0, 0.0, 0.0, 0.0, 0.0, 0.0, 0.0, 0.0, 0.0, 0.0, 0.0, 0.0, 0.0]",[9]
burgers,256×256,1.0,699.701718041512,27,WSINDy,0.01536691529299905,0.01536691529299905,True,True,1,0,0,1.0,1.0,1.0,1.0,True,MSTLS support stable,4,0.009123334020841867,0.04190570901846513,"[0.0, 0.0, 0.0, 0.0, 0.0, 0.0, 0.0, 0.0, 0.0, -0.4923165423535005, 0.0, 0.0, 0.0, 0.0, 0.0, 0.0, 0.0, 0.0, 0.0, 0.0, 0.0, 0.0, 0.0, 0.0, 0.0, 0.0, 0.0, 0.0, 0.0, 0.0, 0.0, 0.0, 0.0, 0.0, 0.0, 0.0, 0.0, 0.0, 0.0, 0.0, 0.0, 0.0, 0.0, 0.0, 0.0, 0.0, 0.0, 0.0, 0.0]",[9]
burgers,256×256,1.0,699.701718041512,28,WSINDy,0.020809434109966274,0.020809434109966274,True,True,1,0,0,1.0,1.0,1.0,1.0,True,MSTLS support stable,4,0.008335834019817412,0.04058862500824034,"[0.0, 0.0, 0.0, 0.0, 0.0, 0.0, 0.0, 0.0, 0.0, -0.48959528294501686, 0.0, 0.0, 0.0, 0.0, 0.0, 0.0, 0.0, 0.0, 0.0, 0.0, 0.0, 0.0, 0.0, 0.0, 0.0, 0.0, 0.0, 0.0, 0.0, 0.0, 0.0, 0.0, 0.0, 0.0, 0.0, 0.0, 0.0, 0.0, 0.0, 0.0, 0.0, 0.0, 0.0, 0.0, 0.0, 0.0, 0.0, 0.0, 0.0]",[9]
burgers,256×256,1.0,699.701718041512,29,WSINDy,0.025733503211651354,0.025733503211651354,True,True,1,0,0,1.0,1.0,1.0,1.0,True,MSTLS support stable,4,0.00829083300777711,0.04078866701456718,"[0.0, 0.0, 0.0, 0.0, 0.0, 0.0, 0.0, 0.0, 0.0, -0.4871332483941743, 0.0, 0.0, 0.0, 0.0, 0.0, 0.0, 0.0, 0.0, 0.0, 0.0, 0.0, 0.0, 0.0, 0.0, 0.0, 0.0, 0.0, 0.0, 0.0, 0.0, 0.0, 0.0, 0.0, 0.0, 0.0, 0.0, 0.0, 0.0, 0.0, 0.0, 0.0, 0.0, 0.0, 0.0, 0.0, 0.0, 0.0, 0.0, 0.0]",[9]
burgers,256×256,1.0,699.701718041512,30,WSINDy,0.06548511328298423,0.06548511328298423,True,True,1,0,0,1.0,1.0,1.0,1.0,True,MSTLS support stable,4,0.008447625004919246,0.041061416995944455,"[0.0, 0.0, 0.0, 0.0, 0.0, 0.0, 0.0, 0.0, 0.0, -0.4672574433585079, 0.0, 0.0, 0.0, 0.0, 0.0, 0.0, 0.0, 0.0, 0.0, 0.0, 0.0, 0.0, 0.0, 0.0, 0.0, 0.0, 0.0, 0.0, 0.0, 0.0, 0.0, 0.0, 0.0, 0.0, 0.0, 0.0, 0.0, 0.0, 0.0, 0.0, 0.0, 0.0, 0.0, 0.0, 0.0, 0.0, 0.0, 0.0, 0.0]",[9]
burgers,256×256,1.0,699.701718041512,31,WSINDy,0.04850341976146577,0.04850341976146577,True,True,1,0,0,1.0,1.0,1.0,1.0,True,MSTLS support stable,3,0.008167291001882404,0.04003479101811536,"[0.0, 0.0, 0.0, 0.0, 0.0, 0.0, 0.0, 0.0, 0.0, -0.4757482901192671, 0.0, 0.0, 0.0, 0.0, 0.0, 0.0, 0.0, 0.0, 0.0, 0.0, 0.0, 0.0, 0.0, 0.0, 0.0, 0.0, 0.0, 0.0, 0.0, 0.0, 0.0, 0.0, 0.0, 0.0, 0.0, 0.0, 0.0, 0.0, 0.0, 0.0, 0.0, 0.0, 0.0, 0.0, 0.0, 0.0, 0.0, 0.0, 0.0]",[9]
burgers,256×256,1.0,699.701718041512,32,WSINDy,0.009455401933908147,0.009455401933908147,True,True,1,0,0,1.0,1.0,1.0,1.0,True,MSTLS support stable,6,0.00802537499112077,0.04013608398963697,"[0.0, 0.0, 0.0, 0.0, 0.0, 0.0, 0.0, 0.0, 0.0, -0.4952722990330459, 0.0, 0.0, 0.0, 0.0, 0.0, 0.0, 0.0, 0.0, 0.0, 0.0, 0.0, 0.0, 0.0, 0.0, 0.0, 0.0, 0.0, 0.0, 0.0, 0.0, 0.0, 0.0, 0.0, 0.0, 0.0, 0.0, 0.0, 0.0, 0.0, 0.0, 0.0, 0.0, 0.0, 0.0, 0.0, 0.0, 0.0, 0.0, 0.0]",[9]
burgers,256×256,1.0,699.701718041512,33,WSINDy,0.008646463905451984,0.008646463905451984,True,True,1,0,0,1.0,1.0,1.0,1.0,True,MSTLS support stable,4,0.008129166002618149,0.04026970700942911,"[0.0, 0.0, 0.0, 0.0, 0.0, 0.0, 0.0, 0.0, 0.0, -0.504323231952726, 0.0, 0.0, 0.0, 0.0, 0.0, 0.0, 0.0, 0.0, 0.0, 0.0, 0.0, 0.0, 0.0, 0.0, 0.0, 0.0, 0.0, 0.0, 0.0, 0.0, 0.0, 0.0, 0.0, 0.0, 0.0, 0.0, 0.0, 0.0, 0.0, 0.0, 0.0, 0.0, 0.0, 0.0, 0.0, 0.0, 0.0, 0.0, 0.0]",[9]
burgers,256×256,1.0,699.701718041512,34,WSINDy,0.03747291142289488,0.03747291142289488,True,True,1,0,0,1.0,1.0,1.0,1.0,True,MSTLS support stable,4,0.008774499990977347,0.03957491699839011,"[0.0, 0.0, 0.0, 0.0, 0.0, 0.0, 0.0, 0.0, 0.0, -0.5187364557114474, 0.0, 0.0, 0.0, 0.0, 0.0, 0.0, 0.0, 0.0, 0.0, 0.0, 0.0, 0.0, 0.0, 0.0, 0.0, 0.0, 0.0, 0.0, 0.0, 0.0, 0.0, 0.0, 0.0, 0.0, 0.0, 0.0, 0.0, 0.0, 0.0, 0.0, 0.0, 0.0, 0.0, 0.0, 0.0, 0.0, 0.0, 0.0, 0.0]",[9]
burgers,256×256,1.0,699.701718041512,35,WSINDy,0.030528831153595948,0.030528831153595948,True,True,1,0,0,1.0,1.0,1.0,1.0,True,MSTLS support stable,4,0.007931250002002344,0.03991970801143907,"[0.0, 0.0, 0.0, 0.0, 0.0, 0.0, 0.0, 0.0, 0.0, -0.484735584423202, 0.0, 0.0, 0.0, 0.0, 0.0, 0.0, 0.0, 0.0, 0.0, 0.0, 0.0, 0.0, 0.0, 0.0, 0.0, 0.0, 0.0, 0.0, 0.0, 0.0, 0.0, 0.0, 0.0, 0.0, 0.0, 0.0, 0.0, 0.0, 0.0, 0.0, 0.0, 0.0, 0.0, 0.0, 0.0, 0.0, 0.0, 0.0, 0.0]",[9]
burgers,256×256,1.0,699.701718041512,36,WSINDy,0.01327080873718034,0.01327080873718034,True,True,1,0,0,1.0,1.0,1.0,1.0,True,MSTLS support stable,4,0.00783754198346287,0.038585124973906204,"[0.0, 0.0, 0.0, 0.0, 0.0, 0.0, 0.0, 0.0, 0.0, -0.49336459563140983, 0.0, 0.0, 0.0, 0.0, 0.0, 0.0, 0.0, 0.0, 0.0, 0.0, 0.0, 0.0, 0.0, 0.0, 0.0, 0.0, 0.0, 0.0, 0.0, 0.0, 0.0, 0.0, 0.0, 0.0, 0.0, 0.0, 0.0, 0.0, 0.0, 0.0, 0.0, 0.0, 0.0, 0.0, 0.0, 0.0, 0.0, 0.0, 0.0]",[9]
burgers,256×256,1.0,699.701718041512,37,WSINDy,0.03816957394618403,0.03816957394618403,True,True,1,0,0,1.0,1.0,1.0,1.0,True,MSTLS support stable,4,0.007544082996901125,0.0397672500112094,"[0.0, 0.0, 0.0, 0.0, 0.0, 0.0, 0.0, 0.0, 0.0, -0.480915213026908, 0.0, 0.0, 0.0, 0.0, 0.0, 0.0, 0.0, 0.0, 0.0, 0.0, 0.0, 0.0, 0.0, 0.0, 0.0, 0.0, 0.0, 0.0, 0.0, 0.0, 0.0, 0.0, 0.0, 0.0, 0.0, 0.0, 0.0, 0.0, 0.0, 0.0, 0.0, 0.0, 0.0, 0.0, 0.0, 0.0, 0.0, 0.0, 0.0]",[9]
burgers,256×256,1.0,699.701718041512,38,WSINDy,0.028866910419776626,0.028866910419776626,True,True,1,0,0,1.0,1.0,1.0,1.0,True,MSTLS support stable,3,0.008340333006344736,0.04057091602589935,"[0.0, 0.0, 0.0, 0.0, 0.0, 0.0, 0.0, 0.0, 0.0, -0.4855665447901117, 0.0, 0.0, 0.0, 0.0, 0.0, 0.0, 0.0, 0.0, 0.0, 0.0, 0.0, 0.0, 0.0, 0.0, 0.0, 0.0, 0.0, 0.0, 0.0, 0.0, 0.0, 0.0, 0.0, 0.0, 0.0, 0.0, 0.0, 0.0, 0.0, 0.0, 0.0, 0.0, 0.0, 0.0, 0.0, 0.0, 0.0, 0.0, 0.0]",[9]
burgers,256×256,1.0,699.701718041512,39,WSINDy,0.016796991105976544,0.016796991105976544,True,True,1,0,0,1.0,1.0,1.0,1.0,True,MSTLS support stable,4,0.008794166991719976,0.04089808400021866,"[0.0, 0.0, 0.0, 0.0, 0.0, 0.0, 0.0, 0.0, 0.0, -0.49160150444701173, 0.0, 0.0, 0.0, 0.0, 0.0, 0.0, 0.0, 0.0, 0.0, 0.0, 0.0, 0.0, 0.0, 0.0, 0.0, 0.0, 0.0, 0.0, 0.0, 0.0, 0.0, 0.0, 0.0, 0.0, 0.0, 0.0, 0.0, 0.0, 0.0, 0.0, 0.0, 0.0, 0.0, 0.0, 0.0, 0.0, 0.0, 0.0, 0.0]",[9]
burgers,256×256,1.0,699.701718041512,40,WSINDy,0.04037907337079971,0.04037907337079971,True,True,1,0,0,1.0,1.0,1.0,1.0,True,MSTLS support stable,3,0.007647124992217869,0.03975929197622463,"[0.0, 0.0, 0.0, 0.0, 0.0, 0.0, 0.0, 0.0, 0.0, -0.47981046331460014, 0.0, 0.0, 0.0, 0.0, 0.0, 0.0, 0.0, 0.0, 0.0, 0.0, 0.0, 0.0, 0.0, 0.0, 0.0, 0.0, 0.0, 0.0, 0.0, 0.0, 0.0, 0.0, 0.0, 0.0, 0.0, 0.0, 0.0, 0.0, 0.0, 0.0, 0.0, 0.0, 0.0, 0.0, 0.0, 0.0, 0.0, 0.0, 0.0]",[9]
burgers,256×256,1.0,699.701718041512,41,WSINDy,0.025720554589590883,0.025720554589590883,True,True,1,0,0,1.0,1.0,1.0,1.0,True,MSTLS support stable,4,0.009177875006571412,0.042295167018892244,"[0.0, 0.0, 0.0, 0.0, 0.0, 0.0, 0.0, 0.0, 0.0, -0.5128602772947954, 0.0, 0.0, 0.0, 0.0, 0.0, 0.0, 0.0, 0.0, 0.0, 0.0, 0.0, 0.0, 0.0, 0.0, 0.0, 0.0, 0.0, 0.0, 0.0, 0.0, 0.0, 0.0, 0.0, 0.0, 0.0, 0.0, 0.0, 0.0, 0.0, 0.0, 0.0, 0.0, 0.0, 0.0, 0.0, 0.0, 0.0, 0.0, 0.0]",[9]
burgers,256×256,1.0,699.701718041512,42,WSINDy,0.031221915621444274,0.031221915621444274,True,True,1,0,0,1.0,1.0,1.0,1.0,True,MSTLS support stable,4,0.00870750000467524,0.041727500007255,"[0.0, 0.0, 0.0, 0.0, 0.0, 0.0, 0.0, 0.0, 0.0, -0.48438904218927786, 0.0, 0.0, 0.0, 0.0, 0.0, 0.0, 0.0, 0.0, 0.0, 0.0, 0.0, 0.0, 0.0, 0.0, 0.0, 0.0, 0.0, 0.0, 0.0, 0.0, 0.0, 0.0, 0.0, 0.0, 0.0, 0.0, 0.0, 0.0, 0.0, 0.0, 0.0, 0.0, 0.0, 0.0, 0.0, 0.0, 0.0, 0.0, 0.0]",[9]
burgers,256×256,1.0,699.701718041512,43,WSINDy,0.0028816978764147905,0.0028816978764147905,True,True,1,0,0,1.0,1.0,1.0,1.0,True,MSTLS support stable,4,0.008563457988202572,0.041054332978092134,"[0.0, 0.0, 0.0, 0.0, 0.0, 0.0, 0.0, 0.0, 0.0, -0.5014408489382074, 0.0, 0.0, 0.0, 0.0, 0.0, 0.0, 0.0, 0.0, 0.0, 0.0, 0.0, 0.0, 0.0, 0.0, 0.0, 0.0, 0.0, 0.0, 0.0, 0.0, 0.0, 0.0, 0.0, 0.0, 0.0, 0.0, 0.0, 0.0, 0.0, 0.0, 0.0, 0.0, 0.0, 0.0, 0.0, 0.0, 0.0, 0.0, 0.0]",[9]
burgers,256×256,1.0,699.701718041512,44,WSINDy,0.06066957080854929,0.06066957080854929,True,True,1,0,0,1.0,1.0,1.0,1.0,True,MSTLS support stable,4,0.008457250020001084,0.03957487500156276,"[0.0, 0.0, 0.0, 0.0, 0.0, 0.0, 0.0, 0.0, 0.0, -0.46966521459572536, 0.0, 0.0, 0.0, 0.0, 0.0, 0.0, 0.0, 0.0, 0.0, 0.0, 0.0, 0.0, 0.0, 0.0, 0.0, 0.0, 0.0, 0.0, 0.0, 0.0, 0.0, 0.0, 0.0, 0.0, 0.0, 0.0, 0.0, 0.0, 0.0, 0.0, 0.0, 0.0, 0.0, 0.0, 0.0, 0.0, 0.0, 0.0, 0.0]",[9]
burgers,256×256,1.0,699.701718041512,45,WSINDy,0.003996689134558085,0.003996689134558085,True,True,1,0,0,1.0,1.0,1.0,1.0,True,MSTLS support stable,3,0.008542333991499618,0.04098545899614692,"[0.0, 0.0, 0.0, 0.0, 0.0, 0.0, 0.0, 0.0, 0.0, -0.49800165543272096, 0.0, 0.0, 0.0, 0.0, 0.0, 0.0, 0.0, 0.0, 0.0, 0.0, 0.0, 0.0, 0.0, 0.0, 0.0, 0.0, 0.0, 0.0, 0.0, 0.0, 0.0, 0.0, 0.0, 0.0, 0.0, 0.0, 0.0, 0.0, 0.0, 0.0, 0.0, 0.0, 0.0, 0.0, 0.0, 0.0, 0.0, 0.0, 0.0]",[9]
burgers,256×256,1.0,699.701718041512,46,WSINDy,0.014612797344439654,0.014612797344439654,True,True,1,0,0,1.0,1.0,1.0,1.0,True,MSTLS support stable,4,0.008220957999583334,0.039330792002147064,"[0.0, 0.0, 0.0, 0.0, 0.0, 0.0, 0.0, 0.0, 0.0, -0.5073063986722198, 0.0, 0.0, 0.0, 0.0, 0.0, 0.0, 0.0, 0.0, 0.0, 0.0, 0.0, 0.0, 0.0, 0.0, 0.0, 0.0, 0.0, 0.0, 0.0, 0.0, 0.0, 0.0, 0.0, 0.0, 0.0, 0.0, 0.0, 0.0, 0.0, 0.0, 0.0, 0.0, 0.0, 0.0, 0.0, 0.0, 0.0, 0.0, 0.0]",[9]
burgers,256×256,1.0,699.701718041512,47,WSINDy,0.022520372423756818,0.022520372423756818,True,True,1,0,0,1.0,1.0,1.0,1.0,True,MSTLS support stable,4,0.008946874993853271,0.0418840829806868,"[0.0, 0.0, 0.0, 0.0, 0.0, 0.0, 0.0, 0.0, 0.0, -0.4887398137881216, 0.0, 0.0, 0.0, 0.0, 0.0, 0.0, 0.0, 0.0, 0.0, 0.0, 0.0, 0.0, 0.0, 0.0, 0.0, 0.0, 0.0, 0.0, 0.0, 0.0, 0.0, 0.0, 0.0, 0.0, 0.0, 0.0, 0.0, 0.0, 0.0, 0.0, 0.0, 0.0, 0.0, 0.0, 0.0, 0.0, 0.0, 0.0, 0.0]",[9]
burgers,256×256,1.0,699.701718041512,48,WSINDy,0.050250814102515196,0.050250814102515196,True,True,1,0,0,1.0,1.0,1.0,1.0,True,MSTLS support stable,5,0.007900042022811249,0.04025975099648349,"[0.0, 0.0, 0.0, 0.0, 0.0, 0.0, 0.0, 0.0, 0.0, -0.4748745929487424, 0.0, 0.0, 0.0, 0.0, 0.0, 0.0, 0.0, 0.0, 0.0, 0.0, 0.0, 0.0, 0.0, 0.0, 0.0, 0.0, 0.0, 0.0, 0.0, 0.0, 0.0, 0.0, 0.0, 0.0, 0.0, 0.0, 0.0, 0.0, 0.0, 0.0, 0.0, 0.0, 0.0, 0.0, 0.0, 0.0, 0.0, 0.0, 0.0]",[9]
burgers,256×256,1.0,699.701718041512,49,WSINDy,0.007191322329599181,0.007191322329599181,True,True,1,0,0,1.0,1.0,1.0,1.0,True,MSTLS support stable,5,0.008503375021973625,0.04088341700844467,"[0.0, 0.0, 0.0, 0.0, 0.0, 0.0, 0.0, 0.0, 0.0, -0.5035956611647996, 0.0, 0.0, 0.0, 0.0, 0.0, 0.0, 0.0, 0.0, 0.0, 0.0, 0.0, 0.0, 0.0, 0.0, 0.0, 0.0, 0.0, 0.0, 0.0, 0.0, 0.0, 0.0, 0.0, 0.0, 0.0, 0.0, 0.0, 0.0, 0.0, 0.0, 0.0, 0.0, 0.0, 0.0, 0.0, 0.0, 0.0, 0.0, 0.0]",[9]
burgers,256×256,1.0,699.701718041512,50,WSINDy,0.00019339619210123615,0.00019339619210123615,True,True,1,0,0,1.0,1.0,1.0,1.0,True,MSTLS support stable,3,0.007946833007736132,0.039729833020828664,"[0.0, 0.0, 0.0, 0.0, 0.0, 0.0, 0.0, 0.0, 0.0, -0.5000966980960506, 0.0, 0.0, 0.0, 0.0, 0.0, 0.0, 0.0, 0.0, 0.0, 0.0, 0.0, 0.0, 0.0, 0.0, 0.0, 0.0, 0.0, 0.0, 0.0, 0.0, 0.0, 0.0, 0.0, 0.0, 0.0, 0.0, 0.0, 0.0, 0.0, 0.0, 0.0, 0.0, 0.0, 0.0, 0.0, 0.0, 0.0, 0.0, 0.0]",[9]
burgers,256×256,1.0,699.701718041512,51,WSINDy,0.01699859174895213,0.01699859174895213,True,True,1,0,0,1.0,1.0,1.0,1.0,True,MSTLS support stable,4,0.007761665998259559,0.040586998977232724,"[0.0, 0.0, 0.0, 0.0, 0.0, 0.0, 0.0, 0.0, 0.0, -0.5084992958744761, 0.0, 0.0, 0.0, 0.0, 0.0, 0.0, 0.0, 0.0, 0.0, 0.0, 0.0, 0.0, 0.0, 0.0, 0.0, 0.0, 0.0, 0.0, 0.0, 0.0, 0.0, 0.0, 0.0, 0.0, 0.0, 0.0, 0.0, 0.0, 0.0, 0.0, 0.0, 0.0, 0.0, 0.0, 0.0, 0.0, 0.0, 0.0, 0.0]",[9]
burgers,256×256,1.0,699.701718041512,52,WSINDy,0.02626867273148137,0.02626867273148137,True,True,1,0,0,1.0,1.0,1.0,1.0,True,MSTLS support stable,3,0.008639542007585987,0.04116670900839381,"[0.0, 0.0, 0.0, 0.0, 0.0, 0.0, 0.0, 0.0, 0.0, -0.5131343363657407, 0.0, 0.0, 0.0, 0.0, 0.0, 0.0, 0.0, 0.0, 0.0, 0.0, 0.0, 0.0, 0.0, 0.0, 0.0, 0.0, 0.0, 0.0, 0.0, 0.0, 0.0, 0.0, 0.0, 0.0, 0.0, 0.0, 0.0, 0.0, 0.0, 0.0, 0.0, 0.0, 0.0, 0.0, 0.0, 0.0, 0.0, 0.0, 0.0]",[9]
burgers,256×256,1.0,699.701718041512,53,WSINDy,0.028345452891963885,0.028345452891963885,True,True,1,0,0,1.0,1.0,1.0,1.0,True,MSTLS support stable,4,0.008678208017954603,0.04117333301110193,"[0.0, 0.0, 0.0, 0.0, 0.0, 0.0, 0.0, 0.0, 0.0, -0.48582727355401806, 0.0, 0.0, 0.0, 0.0, 0.0, 0.0, 0.0, 0.0, 0.0, 0.0, 0.0, 0.0, 0.0, 0.0, 0.0, 0.0, 0.0, 0.0, 0.0, 0.0, 0.0, 0.0, 0.0, 0.0, 0.0, 0.0, 0.0, 0.0, 0.0, 0.0, 0.0, 0.0, 0.0, 0.0, 0.0, 0.0, 0.0, 0.0, 0.0]",[9]
burgers,256×256,1.0,699.701718041512,54,WSINDy,0.006085253402343005,0.006085253402343005,True,True,1,0,0,1.0,1.0,1.0,1.0,True,MSTLS support stable,4,0.008252915984485298,0.04056858297553845,"[0.0, 0.0, 0.0, 0.0, 0.0, 0.0, 0.0, 0.0, 0.0, -0.4969573732988285, 0.0, 0.0, 0.0, 0.0, 0.0, 0.0, 0.0, 0.0, 0.0, 0.0, 0.0, 0.0, 0.0, 0.0, 0.0, 0.0, 0.0, 0.0, 0.0, 0.0, 0.0, 0.0, 0.0, 0.0, 0.0, 0.0, 0.0, 0.0, 0.0, 0.0, 0.0, 0.0, 0.0, 0.0, 0.0, 0.0, 0.0, 0.0, 0.0]",[9]
burgers,256×256,1.0,699.701718041512,55,WSINDy,0.032225727641901236,0.032225727641901236,True,True,1,0,0,1.0,1.0,1.0,1.0,True,MSTLS support stable,4,0.007629582978552207,0.03989399899728596,"[0.0, 0.0, 0.0, 0.0, 0.0, 0.0, 0.0, 0.0, 0.0, -0.4838871361790494, 0.0, 0.0, 0.0, 0.0, 0.0, 0.0, 0.0, 0.0, 0.0, 0.0, 0.0, 0.0, 0.0, 0.0, 0.0, 0.0, 0.0, 0.0, 0.0, 0.0, 0.0, 0.0, 0.0, 0.0, 0.0, 0.0, 0.0, 0.0, 0.0, 0.0, 0.0, 0.0, 0.0, 0.0, 0.0, 0.0, 0.0, 0.0, 0.0]",[9]
burgers,256×256,1.0,699.701718041512,56,WSINDy,0.07681200242035502,0.04540409955622171,True,False,1,1,0,0.5,1.0,0.6666666666666666,0.5,True,MSTLS support stable,4,0.008629250020021573,0.04113320802571252,"[0.0, 0.030978022287233464, 0.0, 0.0, 0.0, 0.0, 0.0, 0.0, 0.0, -0.47729795022188914, 0.0, 0.0, 0.0, 0.0, 0.0, 0.0, 0.0, 0.0, 0.0, 0.0, 0.0, 0.0, 0.0, 0.0, 0.0, 0.0, 0.0, 0.0, 0.0, 0.0, 0.0, 0.0, 0.0, 0.0, 0.0, 0.0, 0.0, 0.0, 0.0, 0.0, 0.0, 0.0, 0.0, 0.0, 0.0, 0.0, 0.0, 0.0, 0.0]","[1, 9]"
burgers,256×256,1.0,699.701718041512,57,WSINDy,0.024684368384760624,0.024684368384760624,True,True,1,0,0,1.0,1.0,1.0,1.0,True,MSTLS support stable,3,0.008107125002425164,0.03895641700364649,"[0.0, 0.0, 0.0, 0.0, 0.0, 0.0, 0.0, 0.0, 0.0, -0.5123421841923803, 0.0, 0.0, 0.0, 0.0, 0.0, 0.0, 0.0, 0.0, 0.0, 0.0, 0.0, 0.0, 0.0, 0.0, 0.0, 0.0, 0.0, 0.0, 0.0, 0.0, 0.0, 0.0, 0.0, 0.0, 0.0, 0.0, 0.0, 0.0, 0.0, 0.0, 0.0, 0.0, 0.0, 0.0, 0.0, 0.0, 0.0, 0.0, 0.0]",[9]
burgers,256×256,1.0,699.701718041512,58,WSINDy,0.06886902258303662,0.06886902258303662,True,True,1,0,0,1.0,1.0,1.0,1.0,True,MSTLS support stable,4,0.009067957988008857,0.04067724899505265,"[0.0, 0.0, 0.0, 0.0, 0.0, 0.0, 0.0, 0.0, 0.0, -0.4655654887084817, 0.0, 0.0, 0.0, 0.0, 0.0, 0.0, 0.0, 0.0, 0.0, 0.0, 0.0, 0.0, 0.0, 0.0, 0.0, 0.0, 0.0, 0.0, 0.0, 0.0, 0.0, 0.0, 0.0, 0.0, 0.0, 0.0, 0.0, 0.0, 0.0, 0.0, 0.0, 0.0, 0.0, 0.0, 0.0, 0.0, 0.0, 0.0, 0.0]",[9]
burgers,256×256,1.0,699.701718041512,59,WSINDy,0.0031516126550084067,0.0031516126550084067,True,True,1,0,0,1.0,1.0,1.0,1.0,True,MSTLS support stable,5,0.009969417005777359,0.04168670900980942,"[0.0, 0.0, 0.0, 0.0, 0.0, 0.0, 0.0, 0.0, 0.0, -0.4984241936724958, 0.0, 0.0, 0.0, 0.0, 0.0, 0.0, 0.0, 0.0, 0.0, 0.0, 0.0, 0.0, 0.0, 0.0, 0.0, 0.0, 0.0, 0.0, 0.0, 0.0, 0.0, 0.0, 0.0, 0.0, 0.0, 0.0, 0.0, 0.0, 0.0, 0.0, 0.0, 0.0, 0.0, 0.0, 0.0, 0.0, 0.0, 0.0, 0.0]",[9]
burgers,256×256,1.0,699.701718041512,60,WSINDy,0.0010534900282896942,0.0010534900282896942,True,True,1,0,0,1.0,1.0,1.0,1.0,True,MSTLS support stable,5,0.008401667000725865,0.041094707994489,"[0.0, 0.0, 0.0, 0.0, 0.0, 0.0, 0.0, 0.0, 0.0, -0.5005267450141448, 0.0, 0.0, 0.0, 0.0, 0.0, 0.0, 0.0, 0.0, 0.0, 0.0, 0.0, 0.0, 0.0, 0.0, 0.0, 0.0, 0.0, 0.0, 0.0, 0.0, 0.0, 0.0, 0.0, 0.0, 0.0, 0.0, 0.0, 0.0, 0.0, 0.0, 0.0, 0.0, 0.0, 0.0, 0.0, 0.0, 0.0, 0.0, 0.0]",[9]
burgers,256×256,1.0,699.701718041512,61,WSINDy,0.0179445296430647,0.0179445296430647,True,True,1,0,0,1.0,1.0,1.0,1.0,True,MSTLS support stable,5,0.008138791978126392,0.03907916697789915,"[0.0, 0.0, 0.0, 0.0, 0.0, 0.0, 0.0, 0.0, 0.0, -0.5089722648215323, 0.0, 0.0, 0.0, 0.0, 0.0, 0.0, 0.0, 0.0, 0.0, 0.0, 0.0, 0.0, 0.0, 0.0, 0.0, 0.0, 0.0, 0.0, 0.0, 0.0, 0.0, 0.0, 0.0, 0.0, 0.0, 0.0, 0.0, 0.0, 0.0, 0.0, 0.0, 0.0, 0.0, 0.0, 0.0, 0.0, 0.0, 0.0, 0.0]",[9]
burgers,256×256,1.0,699.701718041512,62,WSINDy,0.00824850102927599,0.00824850102927599,True,True,1,0,0,1.0,1.0,1.0,1.0,True,MSTLS support stable,4,0.008854832994984463,0.04060445798677392,"[0.0, 0.0, 0.0, 0.0, 0.0, 0.0, 0.0, 0.0, 0.0, -0.495875749485362, 0.0, 0.0, 0.0, 0.0, 0.0, 0.0, 0.0, 0.0, 0.0, 0.0, 0.0, 0.0, 0.0, 0.0, 0.0, 0.0, 0.0, 0.0, 0.0, 0.0, 0.0, 0.0, 0.0, 0.0, 0.0, 0.0, 0.0, 0.0, 0.0, 0.0, 0.0, 0.0, 0.0, 0.0, 0.0, 0.0, 0.0, 0.0, 0.0]",[9]
burgers,256×256,1.0,699.701718041512,63,WSINDy,0.003369755942367325,0.003369755942367325,True,True,1,0,0,1.0,1.0,1.0,1.0,True,MSTLS support stable,4,0.00868108301074244,0.04030529101146385,"[0.0, 0.0, 0.0, 0.0, 0.0, 0.0, 0.0, 0.0, 0.0, -0.5016848779711837, 0.0, 0.0, 0.0, 0.0, 0.0, 0.0, 0.0, 0.0, 0.0, 0.0, 0.0, 0.0, 0.0, 0.0, 0.0, 0.0, 0.0, 0.0, 0.0, 0.0, 0.0, 0.0, 0.0, 0.0, 0.0, 0.0, 0.0, 0.0, 0.0, 0.0, 0.0, 0.0, 0.0, 0.0, 0.0, 0.0, 0.0, 0.0, 0.0]",[9]
burgers,256×256,1.0,699.701718041512,64,WSINDy,0.003592042807983864,0.003592042807983864,True,True,1,0,0,1.0,1.0,1.0,1.0,True,MSTLS support stable,4,0.008561666996683925,0.04125987598672509,"[0.0, 0.0, 0.0, 0.0, 0.0, 0.0, 0.0, 0.0, 0.0, -0.5017960214039919, 0.0, 0.0, 0.0, 0.0, 0.0, 0.0, 0.0, 0.0, 0.0, 0.0, 0.0, 0.0, 0.0, 0.0, 0.0, 0.0, 0.0, 0.0, 0.0, 0.0, 0.0, 0.0, 0.0, 0.0, 0.0, 0.0, 0.0, 0.0, 0.0, 0.0, 0.0, 0.0, 0.0, 0.0, 0.0, 0.0, 0.0, 0.0, 0.0]",[9]
burgers,256×256,1.0,699.701718041512,65,WSINDy,0.04931742967862962,0.04931742967862962,True,True,1,0,0,1.0,1.0,1.0,1.0,True,MSTLS support stable,4,0.008059667015913874,0.03900312501355074,"[0.0, 0.0, 0.0, 0.0, 0.0, 0.0, 0.0, 0.0, 0.0, -0.5246587148393148, 0.0, 0.0, 0.0, 0.0, 0.0, 0.0, 0.0, 0.0, 0.0, 0.0, 0.0, 0.0, 0.0, 0.0, 0.0, 0.0, 0.0, 0.0, 0.0, 0.0, 0.0, 0.0, 0.0, 0.0, 0.0, 0.0, 0.0, 0.0, 0.0, 0.0, 0.0, 0.0, 0.0, 0.0, 0.0, 0.0, 0.0, 0.0, 0.0]",[9]
burgers,256×256,1.0,699.701718041512,66,WSINDy,0.002420506286405999,0.002420506286405999,True,True,1,0,0,1.0,1.0,1.0,1.0,True,MSTLS support stable,5,0.008538541995221749,0.04027529200538993,"[0.0, 0.0, 0.0, 0.0, 0.0, 0.0, 0.0, 0.0, 0.0, -0.501210253143203, 0.0, 0.0, 0.0, 0.0, 0.0, 0.0, 0.0, 0.0, 0.0, 0.0, 0.0, 0.0, 0.0, 0.0, 0.0, 0.0, 0.0, 0.0, 0.0, 0.0, 0.0, 0.0, 0.0, 0.0, 0.0, 0.0, 0.0, 0.0, 0.0, 0.0, 0.0, 0.0, 0.0, 0.0, 0.0, 0.0, 0.0, 0.0, 0.0]",[9]
burgers,256×256,1.0,699.701718041512,67,WSINDy,0.017172118943857728,0.017172118943857728,True,True,1,0,0,1.0,1.0,1.0,1.0,True,MSTLS support stable,5,0.007478375016944483,0.04016691603465006,"[0.0, 0.0, 0.0, 0.0, 0.0, 0.0, 0.0, 0.0, 0.0, -0.49141394052807114, 0.0, 0.0, 0.0, 0.0, 0.0, 0.0, 0.0, 0.0, 0.0, 0.0, 0.0, 0.0, 0.0, 0.0, 0.0, 0.0, 0.0, 0.0, 0.0, 0.0, 0.0, 0.0, 0.0, 0.0, 0.0, 0.0, 0.0, 0.0, 0.0, 0.0, 0.0, 0.0, 0.0, 0.0, 0.0, 0.0, 0.0, 0.0, 0.0]",[9]
burgers,256×256,1.0,699.701718041512,68,WSINDy,0.003334328909273543,0.003334328909273543,True,True,1,0,0,1.0,1.0,1.0,1.0,True,MSTLS support stable,5,0.008108209003694355,0.04075575098977424,"[0.0, 0.0, 0.0, 0.0, 0.0, 0.0, 0.0, 0.0, 0.0, -0.5016671644546368, 0.0, 0.0, 0.0, 0.0, 0.0, 0.0, 0.0, 0.0, 0.0, 0.0, 0.0, 0.0, 0.0, 0.0, 0.0, 0.0, 0.0, 0.0, 0.0, 0.0, 0.0, 0.0, 0.0, 0.0, 0.0, 0.0, 0.0, 0.0, 0.0, 0.0, 0.0, 0.0, 0.0, 0.0, 0.0, 0.0, 0.0, 0.0, 0.0]",[9]
burgers,256×256,1.0,699.701718041512,69,WSINDy,0.004550269637704996,0.004550269637704996,True,True,1,0,0,1.0,1.0,1.0,1.0,True,MSTLS support stable,3,0.007488708011806011,0.039467958005843684,"[0.0, 0.0, 0.0, 0.0, 0.0, 0.0, 0.0, 0.0, 0.0, -0.4977248651811475, 0.0, 0.0, 0.0, 0.0, 0.0, 0.0, 0.0, 0.0, 0.0, 0.0, 0.0, 0.0, 0.0, 0.0, 0.0, 0.0, 0.0, 0.0, 0.0, 0.0, 0.0, 0.0, 0.0, 0.0, 0.0, 0.0, 0.0, 0.0, 0.0, 0.0, 0.0, 0.0, 0.0, 0.0, 0.0, 0.0, 0.0, 0.0, 0.0]",[9]
burgers,256×256,1.0,699.701718041512,70,WSINDy,0.007809005767418387,0.007809005767418387,True,True,1,0,0,1.0,1.0,1.0,1.0,True,MSTLS support stable,4,0.007969541009515524,0.04016029101330787,"[0.0, 0.0, 0.0, 0.0, 0.0, 0.0, 0.0, 0.0, 0.0, -0.4960954971162908, 0.0, 0.0, 0.0, 0.0, 0.0, 0.0, 0.0, 0.0, 0.0, 0.0, 0.0, 0.0, 0.0, 0.0, 0.0, 0.0, 0.0, 0.0, 0.0, 0.0, 0.0, 0.0, 0.0, 0.0, 0.0, 0.0, 0.0, 0.0, 0.0, 0.0, 0.0, 0.0, 0.0, 0.0, 0.0, 0.0, 0.0, 0.0, 0.0]",[9]
burgers,256×256,1.0,699.701718041512,71,WSINDy,0.002762691475570511,0.002762691475570511,True,True,1,0,0,1.0,1.0,1.0,1.0,True,MSTLS support stable,5,0.008015665982384235,0.04023587398114614,"[0.0, 0.0, 0.0, 0.0, 0.0, 0.0, 0.0, 0.0, 0.0, -0.5013813457377853, 0.0, 0.0, 0.0, 0.0, 0.0, 0.0, 0.0, 0.0, 0.0, 0.0, 0.0, 0.0, 0.0, 0.0, 0.0, 0.0, 0.0, 0.0, 0.0, 0.0, 0.0, 0.0, 0.0, 0.0, 0.0, 0.0, 0.0, 0.0, 0.0, 0.0, 0.0, 0.0, 0.0, 0.0, 0.0, 0.0, 0.0, 0.0, 0.0]",[9]
burgers,256×256,1.0,699.701718041512,72,WSINDy,0.04409169598873053,0.04409169598873053,True,True,1,0,0,1.0,1.0,1.0,1.0,True,MSTLS support stable,3,0.008431416004896164,0.03925758198602125,"[0.0, 0.0, 0.0, 0.0, 0.0, 0.0, 0.0, 0.0, 0.0, -0.47795415200563474, 0.0, 0.0, 0.0, 0.0, 0.0, 0.0, 0.0, 0.0, 0.0, 0.0, 0.0, 0.0, 0.0, 0.0, 0.0, 0.0, 0.0, 0.0, 0.0, 0.0, 0.0, 0.0, 0.0, 0.0, 0.0, 0.0, 0.0, 0.0, 0.0, 0.0, 0.0, 0.0, 0.0, 0.0, 0.0, 0.0, 0.0, 0.0, 0.0]",[9]
burgers,256×256,1.0,699.701718041512,73,WSINDy,0.014762450892730206,0.014762450892730206,True,True,1,0,0,1.0,1.0,1.0,1.0,True,MSTLS support stable,3,0.008573416998842731,0.04053358398959972,"[0.0, 0.0, 0.0, 0.0, 0.0, 0.0, 0.0, 0.0, 0.0, -0.5073812254463651, 0.0, 0.0, 0.0, 0.0, 0.0, 0.0, 0.0, 0.0, 0.0, 0.0, 0.0, 0.0, 0.0, 0.0, 0.0, 0.0, 0.0, 0.0, 0.0, 0.0, 0.0, 0.0, 0.0, 0.0, 0.0, 0.0, 0.0, 0.0, 0.0, 0.0, 0.0, 0.0, 0.0, 0.0, 0.0, 0.0, 0.0, 0.0, 0.0]",[9]
burgers,256×256,1.0,699.701718041512,74,WSINDy,0.02564807983800499,0.02564807983800499,True,True,1,0,0,1.0,1.0,1.0,1.0,True,MSTLS support stable,3,0.007395791995804757,0.038524750008946285,"[0.0, 0.0, 0.0, 0.0, 0.0, 0.0, 0.0, 0.0, 0.0, -0.4871759600809975, 0.0, 0.0, 0.0, 0.0, 0.0, 0.0, 0.0, 0.0, 0.0, 0.0, 0.0, 0.0, 0.0, 0.0, 0.0, 0.0, 0.0, 0.0, 0.0, 0.0, 0.0, 0.0, 0.0, 0.0, 0.0, 0.0, 0.0, 0.0, 0.0, 0.0, 0.0, 0.0, 0.0, 0.0, 0.0, 0.0, 0.0, 0.0, 0.0]",[9]
burgers,256×256,1.0,699.701718041512,75,WSINDy,0.0008889032054602009,0.0008889032054602009,True,True,1,0,0,1.0,1.0,1.0,1.0,True,MSTLS support stable,7,0.008277707995148376,0.03952674998436123,"[0.0, 0.0, 0.0, 0.0, 0.0, 0.0, 0.0, 0.0, 0.0, -0.5004444516027301, 0.0, 0.0, 0.0, 0.0, 0.0, 0.0, 0.0, 0.0, 0.0, 0.0, 0.0, 0.0, 0.0, 0.0, 0.0, 0.0, 0.0, 0.0, 0.0, 0.0, 0.0, 0.0, 0.0, 0.0, 0.0, 0.0, 0.0, 0.0, 0.0, 0.0, 0.0, 0.0, 0.0, 0.0, 0.0, 0.0, 0.0, 0.0, 0.0]",[9]
burgers,256×256,1.0,699.701718041512,76,WSINDy,0.01856600007454834,0.01856600007454834,True,True,1,0,0,1.0,1.0,1.0,1.0,True,MSTLS support stable,4,0.007664958015084267,0.04046616700361483,"[0.0, 0.0, 0.0, 0.0, 0.0, 0.0, 0.0, 0.0, 0.0, -0.49071699996272583, 0.0, 0.0, 0.0, 0.0, 0.0, 0.0, 0.0, 0.0, 0.0, 0.0, 0.0, 0.0, 0.0, 0.0, 0.0, 0.0, 0.0, 0.0, 0.0, 0.0, 0.0, 0.0, 0.0, 0.0, 0.0, 0.0, 0.0, 0.0, 0.0, 0.0, 0.0, 0.0, 0.0, 0.0, 0.0, 0.0, 0.0, 0.0, 0.0]",[9]
burgers,256×256,1.0,699.701718041512,77,WSINDy,0.011710702769556214,0.011710702769556214,True,True,1,0,0,1.0,1.0,1.0,1.0,True,MSTLS support stable,4,0.00914000000921078,0.040141375007806346,"[0.0, 0.0, 0.0, 0.0, 0.0, 0.0, 0.0, 0.0, 0.0, -0.5058553513847781, 0.0, 0.0, 0.0, 0.0, 0.0, 0.0, 0.0, 0.0, 0.0, 0.0, 0.0, 0.0, 0.0, 0.0, 0.0, 0.0, 0.0, 0.0, 0.0, 0.0, 0.0, 0.0, 0.0, 0.0, 0.0, 0.0, 0.0, 0.0, 0.0, 0.0, 0.0, 0.0, 0.0, 0.0, 0.0, 0.0, 0.0, 0.0, 0.0]",[9]
burgers,256×256,1.0,699.701718041512,78,WSINDy,0.00474330308523796,0.00474330308523796,True,True,1,0,0,1.0,1.0,1.0,1.0,True,MSTLS support stable,4,0.008463792008114979,0.04085404201759957,"[0.0, 0.0, 0.0, 0.0, 0.0, 0.0, 0.0, 0.0, 0.0, -0.497628348457381, 0.0, 0.0, 0.0, 0.0, 0.0, 0.0, 0.0, 0.0, 0.0, 0.0, 0.0, 0.0, 0.0, 0.0, 0.0, 0.0, 0.0, 0.0, 0.0, 0.0, 0.0, 0.0, 0.0, 0.0, 0.0, 0.0, 0.0, 0.0, 0.0, 0.0, 0.0, 0.0, 0.0, 0.0, 0.0, 0.0, 0.0, 0.0, 0.0]",[9]
burgers,256×256,1.0,699.701718041512,79,WSINDy,0.030342028633407958,0.030342028633407958,True,True,1,0,0,1.0,1.0,1.0,1.0,True,MSTLS support stable,4,0.008075000019744039,0.040679542027646676,"[0.0, 0.0, 0.0, 0.0, 0.0, 0.0, 0.0, 0.0, 0.0, -0.484828985683296, 0.0, 0.0, 0.0, 0.0, 0.0, 0.0, 0.0, 0.0, 0.0, 0.0, 0.0, 0.0, 0.0, 0.0, 0.0, 0.0, 0.0, 0.0, 0.0, 0.0, 0.0, 0.0, 0.0, 0.0, 0.0, 0.0, 0.0, 0.0, 0.0, 0.0, 0.0, 0.0, 0.0, 0.0, 0.0, 0.0, 0.0, 0.0, 0.0]",[9]
burgers,256×256,1.0,699.701718041512,80,WSINDy,0.03701880650298617,0.03701880650298617,True,True,1,0,0,1.0,1.0,1.0,1.0,True,MSTLS support stable,4,0.008435666997684166,0.041106875985860825,"[0.0, 0.0, 0.0, 0.0, 0.0, 0.0, 0.0, 0.0, 0.0, -0.4814905967485069, 0.0, 0.0, 0.0, 0.0, 0.0, 0.0, 0.0, 0.0, 0.0, 0.0, 0.0, 0.0, 0.0, 0.0, 0.0, 0.0, 0.0, 0.0, 0.0, 0.0, 0.0, 0.0, 0.0, 0.0, 0.0, 0.0, 0.0, 0.0, 0.0, 0.0, 0.0, 0.0, 0.0, 0.0, 0.0, 0.0, 0.0, 0.0, 0.0]",[9]
burgers,256×256,1.0,699.701718041512,81,WSINDy,0.01715531028402162,0.01715531028402162,True,True,1,0,0,1.0,1.0,1.0,1.0,True,MSTLS support stable,4,0.0092228330031503,0.04026224999688566,"[0.0, 0.0, 0.0, 0.0, 0.0, 0.0, 0.0, 0.0, 0.0, -0.4914223448579892, 0.0, 0.0, 0.0, 0.0, 0.0, 0.0, 0.0, 0.0, 0.0, 0.0, 0.0, 0.0, 0.0, 0.0, 0.0, 0.0, 0.0, 0.0, 0.0, 0.0, 0.0, 0.0, 0.0, 0.0, 0.0, 0.0, 0.0, 0.0, 0.0, 0.0, 0.0, 0.0, 0.0, 0.0, 0.0, 0.0, 0.0, 0.0, 0.0]",[9]
burgers,256×256,1.0,699.701718041512,82,WSINDy,0.008081016878225267,0.008081016878225267,True,True,1,0,0,1.0,1.0,1.0,1.0,True,MSTLS support stable,4,0.008287958014989272,0.03938308299984783,"[0.0, 0.0, 0.0, 0.0, 0.0, 0.0, 0.0, 0.0, 0.0, -0.5040405084391126, 0.0, 0.0, 0.0, 0.0, 0.0, 0.0, 0.0, 0.0, 0.0, 0.0, 0.0, 0.0, 0.0, 0.0, 0.0, 0.0, 0.0, 0.0, 0.0, 0.0, 0.0, 0.0, 0.0, 0.0, 0.0, 0.0, 0.0, 0.0, 0.0, 0.0, 0.0, 0.0, 0.0, 0.0, 0.0, 0.0, 0.0, 0.0, 0.0]",[9]
burgers,256×256,1.0,699.701718041512,83,WSINDy,0.020817800461716107,0.020817800461716107,True,True,1,0,0,1.0,1.0,1.0,1.0,True,MSTLS support stable,4,0.008348083996679634,0.03992229298455641,"[0.0, 0.0, 0.0, 0.0, 0.0, 0.0, 0.0, 0.0, 0.0, -0.48959109976914195, 0.0, 0.0, 0.0, 0.0, 0.0, 0.0, 0.0, 0.0, 0.0, 0.0, 0.0, 0.0, 0.0, 0.0, 0.0, 0.0, 0.0, 0.0, 0.0, 0.0, 0.0, 0.0, 0.0, 0.0, 0.0, 0.0, 0.0, 0.0, 0.0, 0.0, 0.0, 0.0, 0.0, 0.0, 0.0, 0.0, 0.0, 0.0, 0.0]",[9]
burgers,256×256,1.0,699.701718041512,84,WSINDy,0.03833531483043384,0.03833531483043384,True,True,1,0,0,1.0,1.0,1.0,1.0,True,MSTLS support stable,4,0.008174250018782914,0.04046029201708734,"[0.0, 0.0, 0.0, 0.0, 0.0, 0.0, 0.0, 0.0, 0.0, -0.4808323425847831, 0.0, 0.0, 0.0, 0.0, 0.0, 0.0, 0.0, 0.0, 0.0, 0.0, 0.0, 0.0, 0.0, 0.0, 0.0, 0.0, 0.0, 0.0, 0.0, 0.0, 0.0, 0.0, 0.0, 0.0, 0.0, 0.0, 0.0, 0.0, 0.0, 0.0, 0.0, 0.0, 0.0, 0.0, 0.0, 0.0, 0.0, 0.0, 0.0]",[9]
burgers,256×256,1.0,699.701718041512,85,WSINDy,0.011944124745216556,0.011944124745216556,True,True,1,0,0,1.0,1.0,1.0,1.0,True,MSTLS support stable,3,0.00827958300942555,0.040668083005584776,"[0.0, 0.0, 0.0, 0.0, 0.0, 0.0, 0.0, 0.0, 0.0, -0.5059720623726083, 0.0, 0.0, 0.0, 0.0, 0.0, 0.0, 0.0, 0.0, 0.0, 0.0, 0.0, 0.0, 0.0, 0.0, 0.0, 0.0, 0.0, 0.0, 0.0, 0.0, 0.0, 0.0, 0.0, 0.0, 0.0, 0.0, 0.0, 0.0, 0.0, 0.0, 0.0, 0.0, 0.0, 0.0, 0.0, 0.0, 0.0, 0.0, 0.0]",[9]
burgers,256×256,1.0,699.701718041512,86,WSINDy,0.0087011563882321,0.0087011563882321,True,True,1,0,0,1.0,1.0,1.0,1.0,True,MSTLS support stable,3,0.008395416982239112,0.040780709008686244,"[0.0, 0.0, 0.0, 0.0, 0.0, 0.0, 0.0, 0.0, 0.0, -0.49564942180588395, 0.0, 0.0, 0.0, 0.0, 0.0, 0.0, 0.0, 0.0, 0.0, 0.0, 0.0, 0.0, 0.0, 0.0, 0.0, 0.0, 0.0, 0.0, 0.0, 0.0, 0.0, 0.0, 0.0, 0.0, 0.0, 0.0, 0.0, 0.0, 0.0, 0.0, 0.0, 0.0, 0.0, 0.0, 0.0, 0.0, 0.0, 0.0, 0.0]",[9]
burgers,256×256,1.0,699.701718041512,87,WSINDy,0.04889676174160518,0.04889676174160518,True,True,1,0,0,1.0,1.0,1.0,1.0,True,MSTLS support stable,3,0.008726250001927838,0.0395976250001695,"[0.0, 0.0, 0.0, 0.0, 0.0, 0.0, 0.0, 0.0, 0.0, -0.5244483808708026, 0.0, 0.0, 0.0, 0.0, 0.0, 0.0, 0.0, 0.0, 0.0, 0.0, 0.0, 0.0, 0.0, 0.0, 0.0, 0.0, 0.0, 0.0, 0.0, 0.0, 0.0, 0.0, 0.0, 0.0, 0.0, 0.0, 0.0, 0.0, 0.0, 0.0, 0.0, 0.0, 0.0, 0.0, 0.0, 0.0, 0.0, 0.0, 0.0]",[9]
burgers,256×256,1.0,699.701718041512,88,WSINDy,0.029020655408703022,0.029020655408703022,True,True,1,0,0,1.0,1.0,1.0,1.0,True,MSTLS support stable,4,0.007992833008756861,0.039698915992630646,"[0.0, 0.0, 0.0, 0.0, 0.0, 0.0, 0.0, 0.0, 0.0, -0.4854896722956485, 0.0, 0.0, 0.0, 0.0, 0.0, 0.0, 0.0, 0.0, 0.0, 0.0, 0.0, 0.0, 0.0, 0.0, 0.0, 0.0, 0.0, 0.0, 0.0, 0.0, 0.0, 0.0, 0.0, 0.0, 0.0, 0.0, 0.0, 0.0, 0.0, 0.0, 0.0, 0.0, 0.0, 0.0, 0.0, 0.0, 0.0, 0.0, 0.0]",[9]
burgers,256×256,1.0,699.701718041512,89,WSINDy,0.02233078176345482,0.02233078176345482,True,True,1,0,0,1.0,1.0,1.0,1.0,True,MSTLS support stable,4,0.008138291974319145,0.039883458986878395,"[0.0, 0.0, 0.0, 0.0, 0.0, 0.0, 0.0, 0.0, 0.0, -0.4888346091182726, 0.0, 0.0, 0.0, 0.0, 0.0, 0.0, 0.0, 0.0, 0.0, 0.0, 0.0, 0.0, 0.0, 0.0, 0.0, 0.0, 0.0, 0.0, 0.0, 0.0, 0.0, 0.0, 0.0, 0.0, 0.0, 0.0, 0.0, 0.0, 0.0, 0.0, 0.0, 0.0, 0.0, 0.0, 0.0, 0.0, 0.0, 0.0, 0.0]",[9]
burgers,256×256,1.0,699.701718041512,90,WSINDy,0.00607855394587431,0.00607855394587431,True,True,1,0,0,1.0,1.0,1.0,1.0,True,MSTLS support stable,4,0.00847212501685135,0.041216583020286635,"[0.0, 0.0, 0.0, 0.0, 0.0, 0.0, 0.0, 0.0, 0.0, -0.5030392769729372, 0.0, 0.0, 0.0, 0.0, 0.0, 0.0, 0.0, 0.0, 0.0, 0.0, 0.0, 0.0, 0.0, 0.0, 0.0, 0.0, 0.0, 0.0, 0.0, 0.0, 0.0, 0.0, 0.0, 0.0, 0.0, 0.0, 0.0, 0.0, 0.0, 0.0, 0.0, 0.0, 0.0, 0.0, 0.0, 0.0, 0.0, 0.0, 0.0]",[9]
burgers,256×256,1.0,699.701718041512,91,WSINDy,0.03948007641708595,0.03948007641708595,True,True,1,0,0,1.0,1.0,1.0,1.0,True,MSTLS support stable,4,0.008390125003643334,0.04084225001861341,"[0.0, 0.0, 0.0, 0.0, 0.0, 0.0, 0.0, 0.0, 0.0, -0.519740038208543, 0.0, 0.0, 0.0, 0.0, 0.0, 0.0, 0.0, 0.0, 0.0, 0.0, 0.0, 0.0, 0.0, 0.0, 0.0, 0.0, 0.0, 0.0, 0.0, 0.0, 0.0, 0.0, 0.0, 0.0, 0.0, 0.0, 0.0, 0.0, 0.0, 0.0, 0.0, 0.0, 0.0, 0.0, 0.0, 0.0, 0.0, 0.0, 0.0]",[9]
burgers,256×256,1.0,699.701718041512,92,WSINDy,0.1021353324077251,0.1021353324077251,True,True,1,0,0,1.0,1.0,1.0,1.0,True,MSTLS support stable,5,0.008571207989007235,0.03953804197954014,"[0.0, 0.0, 0.0, 0.0, 0.0, 0.0, 0.0, 0.0, 0.0, -0.44893233379613745, 0.0, 0.0, 0.0, 0.0, 0.0, 0.0, 0.0, 0.0, 0.0, 0.0, 0.0, 0.0, 0.0, 0.0, 0.0, 0.0, 0.0, 0.0, 0.0, 0.0, 0.0, 0.0, 0.0, 0.0, 0.0, 0.0, 0.0, 0.0, 0.0, 0.0, 0.0, 0.0, 0.0, 0.0, 0.0, 0.0, 0.0, 0.0, 0.0]",[9]
burgers,256×256,1.0,699.701718041512,93,WSINDy,0.020919144240019283,0.020919144240019283,True,True,1,0,0,1.0,1.0,1.0,1.0,True,MSTLS support stable,4,0.008714959025382996,0.04121058402233757,"[0.0, 0.0, 0.0, 0.0, 0.0, 0.0, 0.0, 0.0, 0.0, -0.48954042787999036, 0.0, 0.0, 0.0, 0.0, 0.0, 0.0, 0.0, 0.0, 0.0, 0.0, 0.0, 0.0, 0.0, 0.0, 0.0, 0.0, 0.0, 0.0, 0.0, 0.0, 0.0, 0.0, 0.0, 0.0, 0.0, 0.0, 0.0, 0.0, 0.0, 0.0, 0.0, 0.0, 0.0, 0.0, 0.0, 0.0, 0.0, 0.0, 0.0]",[9]
burgers,256×256,1.0,699.701718041512,94,WSINDy,0.013198643806233035,0.013198643806233035,True,True,1,0,0,1.0,1.0,1.0,1.0,True,MSTLS support stable,4,0.009737750020576641,0.04247404102352448,"[0.0, 0.0, 0.0, 0.0, 0.0, 0.0, 0.0, 0.0, 0.0, -0.5065993219031165, 0.0, 0.0, 0.0, 0.0, 0.0, 0.0, 0.0, 0.0, 0.0, 0.0, 0.0, 0.0, 0.0, 0.0, 0.0, 0.0, 0.0, 0.0, 0.0, 0.0, 0.0, 0.0, 0.0, 0.0, 0.0, 0.0, 0.0, 0.0, 0.0, 0.0, 0.0, 0.0, 0.0, 0.0, 0.0, 0.0, 0.0, 0.0, 0.0]",[9]
burgers,256×256,1.0,699.701718041512,95,WSINDy,0.025936675553999478,0.025936675553999478,True,True,1,0,0,1.0,1.0,1.0,1.0,True,MSTLS support stable,5,0.009402541007148102,0.04238220799015835,"[0.0, 0.0, 0.0, 0.0, 0.0, 0.0, 0.0, 0.0, 0.0, -0.48703166222300026, 0.0, 0.0, 0.0, 0.0, 0.0, 0.0, 0.0, 0.0, 0.0, 0.0, 0.0, 0.0, 0.0, 0.0, 0.0, 0.0, 0.0, 0.0, 0.0, 0.0, 0.0, 0.0, 0.0, 0.0, 0.0, 0.0, 0.0, 0.0, 0.0, 0.0, 0.0, 0.0, 0.0, 0.0, 0.0, 0.0, 0.0, 0.0, 0.0]",[9]
burgers,256×256,1.0,699.701718041512,96,WSINDy,0.013288465792296145,0.013288465792296145,True,True,1,0,0,1.0,1.0,1.0,1.0,True,MSTLS support stable,3,0.008638333005364984,0.041021999990334734,"[0.0, 0.0, 0.0, 0.0, 0.0, 0.0, 0.0, 0.0, 0.0, -0.4933557671038519, 0.0, 0.0, 0.0, 0.0, 0.0, 0.0, 0.0, 0.0, 0.0, 0.0, 0.0, 0.0, 0.0, 0.0, 0.0, 0.0, 0.0, 0.0, 0.0, 0.0, 0.0, 0.0, 0.0, 0.0, 0.0, 0.0, 0.0, 0.0, 0.0, 0.0, 0.0, 0.0, 0.0, 0.0, 0.0, 0.0, 0.0, 0.0, 0.0]",[9]
burgers,256×256,1.0,699.701718041512,97,WSINDy,0.021297108762812544,0.021297108762812544,True,True,1,0,0,1.0,1.0,1.0,1.0,True,MSTLS support stable,5,0.009007541986647993,0.0400593749654945,"[0.0, 0.0, 0.0, 0.0, 0.0, 0.0, 0.0, 0.0, 0.0, -0.48935144561859373, 0.0, 0.0, 0.0, 0.0, 0.0, 0.0, 0.0, 0.0, 0.0, 0.0, 0.0, 0.0, 0.0, 0.0, 0.0, 0.0, 0.0, 0.0, 0.0, 0.0, 0.0, 0.0, 0.0, 0.0, 0.0, 0.0, 0.0, 0.0, 0.0, 0.0, 0.0, 0.0, 0.0, 0.0, 0.0, 0.0, 0.0, 0.0, 0.0]",[9]
burgers,256×256,1.0,699.701718041512,98,WSINDy,0.048038678912790234,0.048038678912790234,True,True,1,0,0,1.0,1.0,1.0,1.0,True,MSTLS support stable,4,0.008149250003043562,0.0406050420133397,"[0.0, 0.0, 0.0, 0.0, 0.0, 0.0, 0.0, 0.0, 0.0, -0.4759806605436049, 0.0, 0.0, 0.0, 0.0, 0.0, 0.0, 0.0, 0.0, 0.0, 0.0, 0.0, 0.0, 0.0, 0.0, 0.0, 0.0, 0.0, 0.0, 0.0, 0.0, 0.0, 0.0, 0.0, 0.0, 0.0, 0.0, 0.0, 0.0, 0.0, 0.0, 0.0, 0.0, 0.0, 0.0, 0.0, 0.0, 0.0, 0.0, 0.0]",[9]
burgers,256×256,1.0,699.701718041512,99,WSINDy,0.017747200053767287,0.017747200053767287,True,True,1,0,0,1.0,1.0,1.0,1.0,True,MSTLS support stable,4,0.008921958011342213,0.040062125015538186,"[0.0, 0.0, 0.0, 0.0, 0.0, 0.0, 0.0, 0.0, 0.0, -0.5088736000268836, 0.0, 0.0, 0.0, 0.0, 0.0, 0.0, 0.0, 0.0, 0.0, 0.0, 0.0, 0.0, 0.0, 0.0, 0.0, 0.0, 0.0, 0.0, 0.0, 0.0, 0.0, 0.0, 0.0, 0.0, 0.0, 0.0, 0.0, 0.0, 0.0, 0.0, 0.0, 0.0, 0.0, 0.0, 0.0, 0.0, 0.0, 0.0, 0.0]",[9]
burgers,256×256,1.0,699.701718041512,100,WSINDy,0.030716588810499545,0.030716588810499545,True,True,1,0,0,1.0,1.0,1.0,1.0,True,MSTLS support stable,4,0.008130667003570125,0.03909216698957607,"[0.0, 0.0, 0.0, 0.0, 0.0, 0.0, 0.0, 0.0, 0.0, -0.4846417055947502, 0.0, 0.0, 0.0, 0.0, 0.0, 0.0, 0.0, 0.0, 0.0, 0.0, 0.0, 0.0, 0.0, 0.0, 0.0, 0.0, 0.0, 0.0, 0.0, 0.0, 0.0, 0.0, 0.0, 0.0, 0.0, 0.0, 0.0, 0.0, 0.0, 0.0, 0.0, 0.0, 0.0, 0.0, 0.0, 0.0, 0.0, 0.0, 0.0]",[9]
burgers,256×256,1.0,699.701718041512,101,WSINDy,0.001899909738635852,0.001899909738635852,True,True,1,0,0,1.0,1.0,1.0,1.0,True,MSTLS support stable,4,0.00800187501590699,0.04044525002245791,"[0.0, 0.0, 0.0, 0.0, 0.0, 0.0, 0.0, 0.0, 0.0, -0.4990500451306821, 0.0, 0.0, 0.0, 0.0, 0.0, 0.0, 0.0, 0.0, 0.0, 0.0, 0.0, 0.0, 0.0, 0.0, 0.0, 0.0, 0.0, 0.0, 0.0, 0.0, 0.0, 0.0, 0.0, 0.0, 0.0, 0.0, 0.0, 0.0, 0.0, 0.0, 0.0, 0.0, 0.0, 0.0, 0.0, 0.0, 0.0, 0.0, 0.0]",[9]
burgers,256×256,1.0,699.701718041512,102,WSINDy,0.011983105041173392,0.011983105041173392,True,True,1,0,0,1.0,1.0,1.0,1.0,True,MSTLS support stable,4,0.00789175002137199,0.04028079201816581,"[0.0, 0.0, 0.0, 0.0, 0.0, 0.0, 0.0, 0.0, 0.0, -0.5059915525205867, 0.0, 0.0, 0.0, 0.0, 0.0, 0.0, 0.0, 0.0, 0.0, 0.0, 0.0, 0.0, 0.0, 0.0, 0.0, 0.0, 0.0, 0.0, 0.0, 0.0, 0.0, 0.0, 0.0, 0.0, 0.0, 0.0, 0.0, 0.0, 0.0, 0.0, 0.0, 0.0, 0.0, 0.0, 0.0, 0.0, 0.0, 0.0, 0.0]",[9]
burgers,256×256,1.0,699.701718041512,103,WSINDy,0.0445488486755975,0.0445488486755975,True,True,1,0,0,1.0,1.0,1.0,1.0,True,MSTLS support stable,3,0.008398041012696922,0.04061737400479615,"[0.0, 0.0, 0.0, 0.0, 0.0, 0.0, 0.0, 0.0, 0.0, -0.47772557566220125, 0.0, 0.0, 0.0, 0.0, 0.0, 0.0, 0.0, 0.0, 0.0, 0.0, 0.0, 0.0, 0.0, 0.0, 0.0, 0.0, 0.0, 0.0, 0.0, 0.0, 0.0, 0.0, 0.0, 0.0, 0.0, 0.0, 0.0, 0.0, 0.0, 0.0, 0.0, 0.0, 0.0, 0.0, 0.0, 0.0, 0.0, 0.0, 0.0]",[9]
burgers,256×256,1.0,699.701718041512,104,WSINDy,0.052489924241482244,0.052489924241482244,True,True,1,0,0,1.0,1.0,1.0,1.0,True,MSTLS support stable,4,0.008016666019102558,0.04009337502066046,"[0.0, 0.0, 0.0, 0.0, 0.0, 0.0, 0.0, 0.0, 0.0, -0.5262449621207411, 0.0, 0.0, 0.0, 0.0, 0.0, 0.0, 0.0, 0.0, 0.0, 0.0, 0.0, 0.0, 0.0, 0.0, 0.0, 0.0, 0.0, 0.0, 0.0, 0.0, 0.0, 0.0, 0.0, 0.0, 0.0, 0.0, 0.0, 0.0, 0.0, 0.0, 0.0, 0.0, 0.0, 0.0, 0.0, 0.0, 0.0, 0.0, 0.0]",[9]
burgers,256×256,1.0,699.701718041512,105,WSINDy,0.04465830633519319,0.04465830633519319,True,True,1,0,0,1.0,1.0,1.0,1.0,True,MSTLS support stable,4,0.007863499980885535,0.04009020797093399,"[0.0, 0.0, 0.0, 0.0, 0.0, 0.0, 0.0, 0.0, 0.0, -0.4776708468324034, 0.0, 0.0, 0.0, 0.0, 0.0, 0.0, 0.0, 0.0, 0.0, 0.0, 0.0, 0.0, 0.0, 0.0, 0.0, 0.0, 0.0, 0.0, 0.0, 0.0, 0.0, 0.0, 0.0, 0.0, 0.0, 0.0, 0.0, 0.0, 0.0, 0.0, 0.0, 0.0, 0.0, 0.0, 0.0, 0.0, 0.0, 0.0, 0.0]",[9]
burgers,256×256,1.0,699.701718041512,106,WSINDy,0.0073802731204518635,0.0073802731204518635,True,True,1,0,0,1.0,1.0,1.0,1.0,True,MSTLS support stable,4,0.008321542001795024,0.040721625002333894,"[0.0, 0.0, 0.0, 0.0, 0.0, 0.0, 0.0, 0.0, 0.0, -0.49630986343977407, 0.0, 0.0, 0.0, 0.0, 0.0, 0.0, 0.0, 0.0, 0.0, 0.0, 0.0, 0.0, 0.0, 0.0, 0.0, 0.0, 0.0, 0.0, 0.0, 0.0, 0.0, 0.0, 0.0, 0.0, 0.0, 0.0, 0.0, 0.0, 0.0, 0.0, 0.0, 0.0, 0.0, 0.0, 0.0, 0.0, 0.0, 0.0, 0.0]",[9]
burgers,256×256,1.0,699.701718041512,107,WSINDy,0.07869473760815526,0.07869473760815526,True,True,1,0,0,1.0,1.0,1.0,1.0,True,MSTLS support stable,4,0.007873249996919185,0.04000437501235865,"[0.0, 0.0, 0.0, 0.0, 0.0, 0.0, 0.0, 0.0, 0.0, -0.46065263119592237, 0.0, 0.0, 0.0, 0.0, 0.0, 0.0, 0.0, 0.0, 0.0, 0.0, 0.0, 0.0, 0.0, 0.0, 0.0, 0.0, 0.0, 0.0, 0.0, 0.0, 0.0, 0.0, 0.0, 0.0, 0.0, 0.0, 0.0, 0.0, 0.0, 0.0, 0.0, 0.0, 0.0, 0.0, 0.0, 0.0, 0.0, 0.0, 0.0]",[9]
burgers,256×256,1.0,699.701718041512,108,WSINDy,0.02658507036915503,0.02658507036915503,True,True,1,0,0,1.0,1.0,1.0,1.0,True,MSTLS support stable,3,0.007745791983325034,0.04003420897061005,"[0.0, 0.0, 0.0, 0.0, 0.0, 0.0, 0.0, 0.0, 0.0, -0.4867074648154225, 0.0, 0.0, 0.0, 0.0, 0.0, 0.0, 0.0, 0.0, 0.0, 0.0, 0.0, 0.0, 0.0, 0.0, 0.0, 0.0, 0.0, 0.0, 0.0, 0.0, 0.0, 0.0, 0.0, 0.0, 0.0, 0.0, 0.0, 0.0, 0.0, 0.0, 0.0, 0.0, 0.0, 0.0, 0.0, 0.0, 0.0, 0.0, 0.0]",[9]
burgers,256×256,1.0,699.701718041512,109,WSINDy,0.024356056377218938,0.024356056377218938,True,True,1,0,0,1.0,1.0,1.0,1.0,True,MSTLS support stable,6,0.0085461669950746,0.04053087599459104,"[0.0, 0.0, 0.0, 0.0, 0.0, 0.0, 0.0, 0.0, 0.0, -0.5121780281886095, 0.0, 0.0, 0.0, 0.0, 0.0, 0.0, 0.0, 0.0, 0.0, 0.0, 0.0, 0.0, 0.0, 0.0, 0.0, 0.0, 0.0, 0.0, 0.0, 0.0, 0.0, 0.0, 0.0, 0.0, 0.0, 0.0, 0.0, 0.0, 0.0, 0.0, 0.0, 0.0, 0.0, 0.0, 0.0, 0.0, 0.0, 0.0, 0.0]",[9]
burgers,256×256,1.0,699.701718041512,110,WSINDy,0.03221637069199912,0.03221637069199912,True,True,1,0,0,1.0,1.0,1.0,1.0,True,MSTLS support stable,3,0.007939833012642339,0.03990504200919531,"[0.0, 0.0, 0.0, 0.0, 0.0, 0.0, 0.0, 0.0, 0.0, -0.5161081853459996, 0.0, 0.0, 0.0, 0.0, 0.0, 0.0, 0.0, 0.0, 0.0, 0.0, 0.0, 0.0, 0.0, 0.0, 0.0, 0.0, 0.0, 0.0, 0.0, 0.0, 0.0, 0.0, 0.0, 0.0, 0.0, 0.0, 0.0, 0.0, 0.0, 0.0, 0.0, 0.0, 0.0, 0.0, 0.0, 0.0, 0.0, 0.0, 0.0]",[9]
burgers,256×256,1.0,699.701718041512,111,WSINDy,0.0044287630389268084,0.0044287630389268084,True,True,1,0,0,1.0,1.0,1.0,1.0,True,MSTLS support stable,3,0.007905625010607764,0.04022970801452175,"[0.0, 0.0, 0.0, 0.0, 0.0, 0.0, 0.0, 0.0, 0.0, -0.5022143815194634, 0.0, 0.0, 0.0, 0.0, 0.0, 0.0, 0.0, 0.0, 0.0, 0.0, 0.0, 0.0, 0.0, 0.0, 0.0, 0.0, 0.0, 0.0, 0.0, 0.0, 0.0, 0.0, 0.0, 0.0, 0.0, 0.0, 0.0, 0.0, 0.0, 0.0, 0.0, 0.0, 0.0, 0.0, 0.0, 0.0, 0.0, 0.0, 0.0]",[9]
burgers,256×256,1.0,699.701718041512,112,WSINDy,0.009612356160302205,0.009612356160302205,True,True,1,0,0,1.0,1.0,1.0,1.0,True,MSTLS support stable,4,0.008223375014495105,0.040103458013618365,"[0.0, 0.0, 0.0, 0.0, 0.0, 0.0, 0.0, 0.0, 0.0, -0.4951938219198489, 0.0, 0.0, 0.0, 0.0, 0.0, 0.0, 0.0, 0.0, 0.0, 0.0, 0.0, 0.0, 0.0, 0.0, 0.0, 0.0, 0.0, 0.0, 0.0, 0.0, 0.0, 0.0, 0.0, 0.0, 0.0, 0.0, 0.0, 0.0, 0.0, 0.0, 0.0, 0.0, 0.0, 0.0, 0.0, 0.0, 0.0, 0.0, 0.0]",[9]
burgers,256×256,1.0,699.701718041512,113,WSINDy,0.0034413797066191743,0.0034413797066191743,True,True,1,0,0,1.0,1.0,1.0,1.0,True,MSTLS support stable,4,0.007978000008733943,0.03999525003018789,"[0.0, 0.0, 0.0, 0.0, 0.0, 0.0, 0.0, 0.0, 0.0, -0.4982793101466904, 0.0, 0.0, 0.0, 0.0, 0.0, 0.0, 0.0, 0.0, 0.0, 0.0, 0.0, 0.0, 0.0, 0.0, 0.0, 0.0, 0.0, 0.0, 0.0, 0.0, 0.0, 0.0, 0.0, 0.0, 0.0, 0.0, 0.0, 0.0, 0.0, 0.0, 0.0, 0.0, 0.0, 0.0, 0.0, 0.0, 0.0, 0.0, 0.0]",[9]
burgers,256×256,1.0,699.701718041512,114,WSINDy,0.01018697777836064,0.01018697777836064,True,True,1,0,0,1.0,1.0,1.0,1.0,True,MSTLS support stable,5,0.007909958017989993,0.03996575000928715,"[0.0, 0.0, 0.0, 0.0, 0.0, 0.0, 0.0, 0.0, 0.0, -0.4949065111108197, 0.0, 0.0, 0.0, 0.0, 0.0, 0.0, 0.0, 0.0, 0.0, 0.0, 0.0, 0.0, 0.0, 0.0, 0.0, 0.0, 0.0, 0.0, 0.0, 0.0, 0.0, 0.0, 0.0, 0.0, 0.0, 0.0, 0.0, 0.0, 0.0, 0.0, 0.0, 0.0, 0.0, 0.0, 0.0, 0.0, 0.0, 0.0, 0.0]",[9]
burgers,256×256,1.0,699.701718041512,115,WSINDy,0.035587299776854375,0.035587299776854375,True,True,1,0,0,1.0,1.0,1.0,1.0,True,MSTLS support stable,5,0.007558209006674588,0.03979091701330617,"[0.0, 0.0, 0.0, 0.0, 0.0, 0.0, 0.0, 0.0, 0.0, -0.4822063501115728, 0.0, 0.0, 0.0, 0.0, 0.0, 0.0, 0.0, 0.0, 0.0, 0.0, 0.0, 0.0, 0.0, 0.0, 0.0, 0.0, 0.0, 0.0, 0.0, 0.0, 0.0, 0.0, 0.0, 0.0, 0.0, 0.0, 0.0, 0.0, 0.0, 0.0, 0.0, 0.0, 0.0, 0.0, 0.0, 0.0, 0.0, 0.0, 0.0]",[9]
burgers,256×256,1.0,699.701718041512,116,WSINDy,0.03861040872601751,0.03861040872601751,True,True,1,0,0,1.0,1.0,1.0,1.0,True,MSTLS support stable,4,0.007965083001181483,0.04007662500953302,"[0.0, 0.0, 0.0, 0.0, 0.0, 0.0, 0.0, 0.0, 0.0, -0.5193052043630088, 0.0, 0.0, 0.0, 0.0, 0.0, 0.0, 0.0, 0.0, 0.0, 0.0, 0.0, 0.0, 0.0, 0.0, 0.0, 0.0, 0.0, 0.0, 0.0, 0.0, 0.0, 0.0, 0.0, 0.0, 0.0, 0.0, 0.0, 0.0, 0.0, 0.0, 0.0, 0.0, 0.0, 0.0, 0.0, 0.0, 0.0, 0.0, 0.0]",[9]
burgers,256×256,1.0,699.701718041512,117,WSINDy,0.04501207844273358,0.04501207844273358,True,True,1,0,0,1.0,1.0,1.0,1.0,True,MSTLS support stable,4,0.007955625012982637,0.04099033400416374,"[0.0, 0.0, 0.0, 0.0, 0.0, 0.0, 0.0, 0.0, 0.0, -0.4774939607786332, 0.0, 0.0, 0.0, 0.0, 0.0, 0.0, 0.0, 0.0, 0.0, 0.0, 0.0, 0.0, 0.0, 0.0, 0.0, 0.0, 0.0, 0.0, 0.0, 0.0, 0.0, 0.0, 0.0, 0.0, 0.0, 0.0, 0.0, 0.0, 0.0, 0.0, 0.0, 0.0, 0.0, 0.0, 0.0, 0.0, 0.0, 0.0, 0.0]",[9]
burgers,256×256,1.0,699.701718041512,118,WSINDy,0.018330763266235728,0.018330763266235728,True,True,1,0,0,1.0,1.0,1.0,1.0,True,MSTLS support stable,5,0.008318958018207923,0.04104041602113284,"[0.0, 0.0, 0.0, 0.0, 0.0, 0.0, 0.0, 0.0, 0.0, -0.5091653816331179, 0.0, 0.0, 0.0, 0.0, 0.0, 0.0, 0.0, 0.0, 0.0, 0.0, 0.0, 0.0, 0.0, 0.0, 0.0, 0.0, 0.0, 0.0, 0.0, 0.0, 0.0, 0.0, 0.0, 0.0, 0.0, 0.0, 0.0, 0.0, 0.0, 0.0, 0.0, 0.0, 0.0, 0.0, 0.0, 0.0, 0.0, 0.0, 0.0]",[9]
burgers,256×256,1.0,699.701718041512,119,WSINDy,0.02328099656625271,0.02328099656625271,True,True,1,0,0,1.0,1.0,1.0,1.0,True,MSTLS support stable,4,0.007924707984784618,0.04077875000075437,"[0.0, 0.0, 0.0, 0.0, 0.0, 0.0, 0.0, 0.0, 0.0, -0.48835950171687365, 0.0, 0.0, 0.0, 0.0, 0.0, 0.0, 0.0, 0.0, 0.0, 0.0, 0.0, 0.0, 0.0, 0.0, 0.0, 0.0, 0.0, 0.0, 0.0, 0.0, 0.0, 0.0, 0.0, 0.0, 0.0, 0.0, 0.0, 0.0, 0.0, 0.0, 0.0, 0.0, 0.0, 0.0, 0.0, 0.0, 0.0, 0.0, 0.0]",[9]
burgers,256×256,1.0,699.701718041512,120,WSINDy,0.0500799773402405,0.0500799773402405,True,True,1,0,0,1.0,1.0,1.0,1.0,True,MSTLS support stable,5,0.008676750003360212,0.041740708984434605,"[0.0, 0.0, 0.0, 0.0, 0.0, 0.0, 0.0, 0.0, 0.0, -0.47496001132987975, 0.0, 0.0, 0.0, 0.0, 0.0, 0.0, 0.0, 0.0, 0.0, 0.0, 0.0, 0.0, 0.0, 0.0, 0.0, 0.0, 0.0, 0.0, 0.0, 0.0, 0.0, 0.0, 0.0, 0.0, 0.0, 0.0, 0.0, 0.0, 0.0, 0.0, 0.0, 0.0, 0.0, 0.0, 0.0, 0.0, 0.0, 0.0, 0.0]",[9]
burgers,256×256,1.0,699.701718041512,121,WSINDy,0.07521014526797587,0.07521014526797587,True,True,1,0,0,1.0,1.0,1.0,1.0,True,MSTLS support stable,4,0.008272208011476323,0.04060883302008733,"[0.0, 0.0, 0.0, 0.0, 0.0, 0.0, 0.0, 0.0, 0.0, -0.46239492736601207, 0.0, 0.0, 0.0, 0.0, 0.0, 0.0, 0.0, 0.0, 0.0, 0.0, 0.0, 0.0, 0.0, 0.0, 0.0, 0.0, 0.0, 0.0, 0.0, 0.0, 0.0, 0.0, 0.0, 0.0, 0.0, 0.0, 0.0, 0.0, 0.0, 0.0, 0.0, 0.0, 0.0, 0.0, 0.0, 0.0, 0.0, 0.0, 0.0]",[9]
burgers,256×256,1.0,699.701718041512,122,WSINDy,0.020982025158432727,0.020982025158432727,True,True,1,0,0,1.0,1.0,1.0,1.0,True,MSTLS support stable,4,0.008319916989421472,0.04058866700506769,"[0.0, 0.0, 0.0, 0.0, 0.0, 0.0, 0.0, 0.0, 0.0, -0.48950898742078364, 0.0, 0.0, 0.0, 0.0, 0.0, 0.0, 0.0, 0.0, 0.0, 0.0, 0.0, 0.0, 0.0, 0.0, 0.0, 0.0, 0.0, 0.0, 0.0, 0.0, 0.0, 0.0, 0.0, 0.0, 0.0, 0.0, 0.0, 0.0, 0.0, 0.0, 0.0, 0.0, 0.0, 0.0, 0.0, 0.0, 0.0, 0.0, 0.0]",[9]
burgers,256×256,1.0,699.701718041512,123,WSINDy,0.02998945555876087,0.02998945555876087,True,True,1,0,0,1.0,1.0,1.0,1.0,True,MSTLS support stable,4,0.007461083005182445,0.039799291000235826,"[0.0, 0.0, 0.0, 0.0, 0.0, 0.0, 0.0, 0.0, 0.0, -0.48500527222061957, 0.0, 0.0, 0.0, 0.0, 0.0, 0.0, 0.0, 0.0, 0.0, 0.0, 0.0, 0.0, 0.0, 0.0, 0.0, 0.0, 0.0, 0.0, 0.0, 0.0, 0.0, 0.0, 0.0, 0.0, 0.0, 0.0, 0.0, 0.0, 0.0, 0.0, 0.0, 0.0, 0.0, 0.0, 0.0, 0.0, 0.0, 0.0, 0.0]",[9]
burgers,256×256,1.0,699.701718041512,124,WSINDy,0.03222391439860939,0.03222391439860939,True,True,1,0,0,1.0,1.0,1.0,1.0,True,MSTLS support stable,4,0.008518666989402846,0.03939929199987091,"[0.0, 0.0, 0.0, 0.0, 0.0, 0.0, 0.0, 0.0, 0.0, -0.5161119571993047, 0.0, 0.0, 0.0, 0.0, 0.0, 0.0, 0.0, 0.0, 0.0, 0.0, 0.0, 0.0, 0.0, 0.0, 0.0, 0.0, 0.0, 0.0, 0.0, 0.0, 0.0, 0.0, 0.0, 0.0, 0.0, 0.0, 0.0, 0.0, 0.0, 0.0, 0.0, 0.0, 0.0, 0.0, 0.0, 0.0, 0.0, 0.0, 0.0]",[9]
burgers,256×256,1.0,699.701718041512,125,WSINDy,0.0015105145252025665,0.0015105145252025665,True,True,1,0,0,1.0,1.0,1.0,1.0,True,MSTLS support stable,4,0.008439917000941932,0.04057945901877247,"[0.0, 0.0, 0.0, 0.0, 0.0, 0.0, 0.0, 0.0, 0.0, -0.4992447427373987, 0.0, 0.0, 0.0, 0.0, 0.0, 0.0, 0.0, 0.0, 0.0, 0.0, 0.0, 0.0, 0.0, 0.0, 0.0, 0.0, 0.0, 0.0, 0.0, 0.0, 0.0, 0.0, 0.0, 0.0, 0.0, 0.0, 0.0, 0.0, 0.0, 0.0, 0.0, 0.0, 0.0, 0.0, 0.0, 0.0, 0.0, 0.0, 0.0]",[9]
burgers,256×256,1.0,699.701718041512,126,WSINDy,0.030971360754846744,0.030971360754846744,True,True,1,0,0,1.0,1.0,1.0,1.0,True,MSTLS support stable,4,0.007877708005253226,0.040535832988098264,"[0.0, 0.0, 0.0, 0.0, 0.0, 0.0, 0.0, 0.0, 0.0, -0.48451431962257663, 0.0, 0.0, 0.0, 0.0, 0.0, 0.0, 0.0, 0.0, 0.0, 0.0, 0.0, 0.0, 0.0, 0.0, 0.0, 0.0, 0.0, 0.0, 0.0, 0.0, 0.0, 0.0, 0.0, 0.0, 0.0, 0.0, 0.0, 0.0, 0.0, 0.0, 0.0, 0.0, 0.0, 0.0, 0.0, 0.0, 0.0, 0.0, 0.0]",[9]
burgers,256×256,1.0,699.701718041512,127,WSINDy,0.025578389593747475,0.025578389593747475,True,True,1,0,0,1.0,1.0,1.0,1.0,True,MSTLS support stable,3,0.008116957993479446,0.03993637501844205,"[0.0, 0.0, 0.0, 0.0, 0.0, 0.0, 0.0, 0.0, 0.0, -0.48721080520312626, 0.0, 0.0, 0.0, 0.0, 0.0, 0.0, 0.0, 0.0, 0.0, 0.0, 0.0, 0.0, 0.0, 0.0, 0.0, 0.0, 0.0, 0.0, 0.0, 0.0, 0.0, 0.0, 0.0, 0.0, 0.0, 0.0, 0.0, 0.0, 0.0, 0.0, 0.0, 0.0, 0.0, 0.0, 0.0, 0.0, 0.0, 0.0, 0.0]",[9]
burgers,256×256,1.0,699.701718041512,128,WSINDy,0.016475061851761508,0.016475061851761508,True,True,1,0,0,1.0,1.0,1.0,1.0,True,MSTLS support stable,4,0.007815374992787838,0.03957608301425353,"[0.0, 0.0, 0.0, 0.0, 0.0, 0.0, 0.0, 0.0, 0.0, -0.5082375309258808, 0.0, 0.0, 0.0, 0.0, 0.0, 0.0, 0.0, 0.0, 0.0, 0.0, 0.0, 0.0, 0.0, 0.0, 0.0, 0.0, 0.0, 0.0, 0.0, 0.0, 0.0, 0.0, 0.0, 0.0, 0.0, 0.0, 0.0, 0.0, 0.0, 0.0, 0.0, 0.0, 0.0, 0.0, 0.0, 0.0, 0.0, 0.0, 0.0]",[9]
burgers,256×256,1.0,699.701718041512,129,WSINDy,0.02002706183388714,0.02002706183388714,True,True,1,0,0,1.0,1.0,1.0,1.0,True,MSTLS support stable,3,0.008399250014917925,0.04068133400869556,"[0.0, 0.0, 0.0, 0.0, 0.0, 0.0, 0.0, 0.0, 0.0, -0.5100135309169436, 0.0, 0.0, 0.0, 0.0, 0.0, 0.0, 0.0, 0.0, 0.0, 0.0, 0.0, 0.0, 0.0, 0.0, 0.0, 0.0, 0.0, 0.0, 0.0, 0.0, 0.0, 0.0, 0.0, 0.0, 0.0, 0.0, 0.0, 0.0, 0.0, 0.0, 0.0, 0.0, 0.0, 0.0, 0.0, 0.0, 0.0, 0.0, 0.0]",[9]
burgers,256×256,1.0,699.701718041512,130,WSINDy,0.026640394529227507,0.026640394529227507,True,True,1,0,0,1.0,1.0,1.0,1.0,True,MSTLS support stable,4,0.008149749977746978,0.0403699169983156,"[0.0, 0.0, 0.0, 0.0, 0.0, 0.0, 0.0, 0.0, 0.0, -0.5133201972646138, 0.0, 0.0, 0.0, 0.0, 0.0, 0.0, 0.0, 0.0, 0.0, 0.0, 0.0, 0.0, 0.0, 0.0, 0.0, 0.0, 0.0, 0.0, 0.0, 0.0, 0.0, 0.0, 0.0, 0.0, 0.0, 0.0, 0.0, 0.0, 0.0, 0.0, 0.0, 0.0, 0.0, 0.0, 0.0, 0.0, 0.0, 0.0, 0.0]",[9]
burgers,256×256,1.0,699.701718041512,131,WSINDy,0.00230947412662319,0.00230947412662319,True,True,1,0,0,1.0,1.0,1.0,1.0,True,MSTLS support stable,6,0.008478042000206187,0.04058050099411048,"[0.0, 0.0, 0.0, 0.0, 0.0, 0.0, 0.0, 0.0, 0.0, -0.5011547370633116, 0.0, 0.0, 0.0, 0.0, 0.0, 0.0, 0.0, 0.0, 0.0, 0.0, 0.0, 0.0, 0.0, 0.0, 0.0, 0.0, 0.0, 0.0, 0.0, 0.0, 0.0, 0.0, 0.0, 0.0, 0.0, 0.0, 0.0, 0.0, 0.0, 0.0, 0.0, 0.0, 0.0, 0.0, 0.0, 0.0, 0.0, 0.0, 0.0]",[9]
burgers,256×256,1.0,699.701718041512,132,WSINDy,0.005193917580271767,0.005193917580271767,True,True,1,0,0,1.0,1.0,1.0,1.0,True,MSTLS support stable,4,0.008025042014196515,0.0405038750031963,"[0.0, 0.0, 0.0, 0.0, 0.0, 0.0, 0.0, 0.0, 0.0, -0.4974030412098641, 0.0, 0.0, 0.0, 0.0, 0.0, 0.0, 0.0, 0.0, 0.0, 0.0, 0.0, 0.0, 0.0, 0.0, 0.0, 0.0, 0.0, 0.0, 0.0, 0.0, 0.0, 0.0, 0.0, 0.0, 0.0, 0.0, 0.0, 0.0, 0.0, 0.0, 0.0, 0.0, 0.0, 0.0, 0.0, 0.0, 0.0, 0.0, 0.0]",[9]
burgers,256×256,1.0,699.701718041512,133,WSINDy,0.0002758538272027433,0.0002758538272027433,True,True,1,0,0,1.0,1.0,1.0,1.0,True,MSTLS support stable,4,0.00799883299623616,0.03986737399827689,"[0.0, 0.0, 0.0, 0.0, 0.0, 0.0, 0.0, 0.0, 0.0, -0.5001379269136014, 0.0, 0.0, 0.0, 0.0, 0.0, 0.0, 0.0, 0.0, 0.0, 0.0, 0.0, 0.0, 0.0, 0.0, 0.0, 0.0, 0.0, 0.0, 0.0, 0.0, 0.0, 0.0, 0.0, 0.0, 0.0, 0.0, 0.0, 0.0, 0.0, 0.0, 0.0, 0.0, 0.0, 0.0, 0.0, 0.0, 0.0, 0.0, 0.0]",[9]
burgers,256×256,1.0,699.701718041512,134,WSINDy,0.025547187013346573,0.025547187013346573,True,True,1,0,0,1.0,1.0,1.0,1.0,True,MSTLS support stable,4,0.008171291003236547,0.040067958005238324,"[0.0, 0.0, 0.0, 0.0, 0.0, 0.0, 0.0, 0.0, 0.0, -0.5127735935066733, 0.0, 0.0, 0.0, 0.0, 0.0, 0.0, 0.0, 0.0, 0.0, 0.0, 0.0, 0.0, 0.0, 0.0, 0.0, 0.0, 0.0, 0.0, 0.0, 0.0, 0.0, 0.0, 0.0, 0.0, 0.0, 0.0, 0.0, 0.0, 0.0, 0.0, 0.0, 0.0, 0.0, 0.0, 0.0, 0.0, 0.0, 0.0, 0.0]",[9]
burgers,256×256,1.0,699.701718041512,135,WSINDy,0.0016802873393938489,0.0016802873393938489,True,True,1,0,0,1.0,1.0,1.0,1.0,True,MSTLS support stable,4,0.007481542008463293,0.03975362499477342,"[0.0, 0.0, 0.0, 0.0, 0.0, 0.0, 0.0, 0.0, 0.0, -0.4991598563303031, 0.0, 0.0, 0.0, 0.0, 0.0, 0.0, 0.0, 0.0, 0.0, 0.0, 0.0, 0.0, 0.0, 0.0, 0.0, 0.0, 0.0, 0.0, 0.0, 0.0, 0.0, 0.0, 0.0, 0.0, 0.0, 0.0, 0.0, 0.0, 0.0, 0.0, 0.0, 0.0, 0.0, 0.0, 0.0, 0.0, 0.0, 0.0, 0.0]",[9]
burgers,256×256,1.0,699.701718041512,136,WSINDy,0.04157346612008839,0.04157346612008839,True,True,1,0,0,1.0,1.0,1.0,1.0,True,MSTLS support stable,3,0.007574208022560924,0.03980945801595226,"[0.0, 0.0, 0.0, 0.0, 0.0, 0.0, 0.0, 0.0, 0.0, -0.4792132669399558, 0.0, 0.0, 0.0, 0.0, 0.0, 0.0, 0.0, 0.0, 0.0, 0.0, 0.0, 0.0, 0.0, 0.0, 0.0, 0.0, 0.0, 0.0, 0.0, 0.0, 0.0, 0.0, 0.0, 0.0, 0.0, 0.0, 0.0, 0.0, 0.0, 0.0, 0.0, 0.0, 0.0, 0.0, 0.0, 0.0, 0.0, 0.0, 0.0]",[9]
burgers,256×256,1.0,699.701718041512,137,WSINDy,0.0131482217328307,0.0131482217328307,True,True,1,0,0,1.0,1.0,1.0,1.0,True,MSTLS support stable,3,0.00808037500246428,0.040299917018273845,"[0.0, 0.0, 0.0, 0.0, 0.0, 0.0, 0.0, 0.0, 0.0, -0.5065741108664154, 0.0, 0.0, 0.0, 0.0, 0.0, 0.0, 0.0, 0.0, 0.0, 0.0, 0.0, 0.0, 0.0, 0.0, 0.0, 0.0, 0.0, 0.0, 0.0, 0.0, 0.0, 0.0, 0.0, 0.0, 0.0, 0.0, 0.0, 0.0, 0.0, 0.0, 0.0, 0.0, 0.0, 0.0, 0.0, 0.0, 0.0, 0.0, 0.0]",[9]
burgers,256×256,1.0,699.701718041512,138,WSINDy,0.014688163453367986,0.014688163453367986,True,True,1,0,0,1.0,1.0,1.0,1.0,True,MSTLS support stable,4,0.008551999984774739,0.040921959007391706,"[0.0, 0.0, 0.0, 0.0, 0.0, 0.0, 0.0, 0.0, 0.0, -0.492655918273316, 0.0, 0.0, 0.0, 0.0, 0.0, 0.0, 0.0, 0.0, 0.0, 0.0, 0.0, 0.0, 0.0, 0.0, 0.0, 0.0, 0.0, 0.0, 0.0, 0.0, 0.0, 0.0, 0.0, 0.0, 0.0, 0.0, 0.0, 0.0, 0.0, 0.0, 0.0, 0.0, 0.0, 0.0, 0.0, 0.0, 0.0, 0.0, 0.0]",[9]
burgers,256×256,1.0,699.701718041512,139,WSINDy,0.013667458120258935,0.013667458120258935,True,True,1,0,0,1.0,1.0,1.0,1.0,True,MSTLS support stable,4,0.007924916018964723,0.03968912403797731,"[0.0, 0.0, 0.0, 0.0, 0.0, 0.0, 0.0, 0.0, 0.0, -0.5068337290601295, 0.0, 0.0, 0.0, 0.0, 0.0, 0.0, 0.0, 0.0, 0.0, 0.0, 0.0, 0.0, 0.0, 0.0, 0.0, 0.0, 0.0, 0.0, 0.0, 0.0, 0.0, 0.0, 0.0, 0.0, 0.0, 0.0, 0.0, 0.0, 0.0, 0.0, 0.0, 0.0, 0.0, 0.0, 0.0, 0.0, 0.0, 0.0, 0.0]",[9]
burgers,256×256,1.0,699.701718041512,140,WSINDy,0.037394392270182486,0.037394392270182486,True,True,1,0,0,1.0,1.0,1.0,1.0,True,MSTLS support stable,4,0.0076358749938663095,0.03950562499812804,"[0.0, 0.0, 0.0, 0.0, 0.0, 0.0, 0.0, 0.0, 0.0, -0.5186971961350912, 0.0, 0.0, 0.0, 0.0, 0.0, 0.0, 0.0, 0.0, 0.0, 0.0, 0.0, 0.0, 0.0, 0.0, 0.0, 0.0, 0.0, 0.0, 0.0, 0.0, 0.0, 0.0, 0.0, 0.0, 0.0, 0.0, 0.0, 0.0, 0.0, 0.0, 0.0, 0.0, 0.0, 0.0, 0.0, 0.0, 0.0, 0.0, 0.0]",[9]
burgers,256×256,1.0,699.701718041512,141,WSINDy,0.014564273630330415,0.014564273630330415,True,True,1,0,0,1.0,1.0,1.0,1.0,True,MSTLS support stable,4,0.008429207984590903,0.04064241598825902,"[0.0, 0.0, 0.0, 0.0, 0.0, 0.0, 0.0, 0.0, 0.0, -0.4927178631848348, 0.0, 0.0, 0.0, 0.0, 0.0, 0.0, 0.0, 0.0, 0.0, 0.0, 0.0, 0.0, 0.0, 0.0, 0.0, 0.0, 0.0, 0.0, 0.0, 0.0, 0.0, 0.0, 0.0, 0.0, 0.0, 0.0, 0.0, 0.0, 0.0, 0.0, 0.0, 0.0, 0.0, 0.0, 0.0, 0.0, 0.0, 0.0, 0.0]",[9]
burgers,256×256,1.0,699.701718041512,142,WSINDy,0.01965645339881894,0.01965645339881894,True,True,1,0,0,1.0,1.0,1.0,1.0,True,MSTLS support stable,4,0.008463291014777496,0.040840833011316136,"[0.0, 0.0, 0.0, 0.0, 0.0, 0.0, 0.0, 0.0, 0.0, -0.49017177330059053, 0.0, 0.0, 0.0, 0.0, 0.0, 0.0, 0.0, 0.0, 0.0, 0.0, 0.0, 0.0, 0.0, 0.0, 0.0, 0.0, 0.0, 0.0, 0.0, 0.0, 0.0, 0.0, 0.0, 0.0, 0.0, 0.0, 0.0, 0.0, 0.0, 0.0, 0.0, 0.0, 0.0, 0.0, 0.0, 0.0, 0.0, 0.0, 0.0]",[9]
burgers,256×256,1.0,699.701718041512,143,WSINDy,0.016662780447651793,0.016662780447651793,True,True,1,0,0,1.0,1.0,1.0,1.0,True,MSTLS support stable,4,0.008670125011121854,0.040758959017693996,"[0.0, 0.0, 0.0, 0.0, 0.0, 0.0, 0.0, 0.0, 0.0, -0.5083313902238259, 0.0, 0.0, 0.0, 0.0, 0.0, 0.0, 0.0, 0.0, 0.0, 0.0, 0.0, 0.0, 0.0, 0.0, 0.0, 0.0, 0.0, 0.0, 0.0, 0.0, 0.0, 0.0, 0.0, 0.0, 0.0, 0.0, 0.0, 0.0, 0.0, 0.0, 0.0, 0.0, 0.0, 0.0, 0.0, 0.0, 0.0, 0.0, 0.0]",[9]
burgers,256×256,1.0,699.701718041512,144,WSINDy,0.019041617075244766,0.019041617075244766,True,True,1,0,0,1.0,1.0,1.0,1.0,True,MSTLS support stable,4,0.008222875010687858,0.040616209007566795,"[0.0, 0.0, 0.0, 0.0, 0.0, 0.0, 0.0, 0.0, 0.0, -0.4904791914623776, 0.0, 0.0, 0.0, 0.0, 0.0, 0.0, 0.0, 0.0, 0.0, 0.0, 0.0, 0.0, 0.0, 0.0, 0.0, 0.0, 0.0, 0.0, 0.0, 0.0, 0.0, 0.0, 0.0, 0.0, 0.0, 0.0, 0.0, 0.0, 0.0, 0.0, 0.0, 0.0, 0.0, 0.0, 0.0, 0.0, 0.0, 0.0, 0.0]",[9]
burgers,256×256,1.0,699.701718041512,145,WSINDy,0.009810848772799252,0.009810848772799252,True,True,1,0,0,1.0,1.0,1.0,1.0,True,MSTLS support stable,4,0.008505083009367809,0.04106320801656693,"[0.0, 0.0, 0.0, 0.0, 0.0, 0.0, 0.0, 0.0, 0.0, -0.4950945756136004, 0.0, 0.0, 0.0, 0.0, 0.0, 0.0, 0.0, 0.0, 0.0, 0.0, 0.0, 0.0, 0.0, 0.0, 0.0, 0.0, 0.0, 0.0, 0.0, 0.0, 0.0, 0.0, 0.0, 0.0, 0.0, 0.0, 0.0, 0.0, 0.0, 0.0, 0.0, 0.0, 0.0, 0.0, 0.0, 0.0, 0.0, 0.0, 0.0]",[9]
burgers,256×256,1.0,699.701718041512,146,WSINDy,0.02113777102393133,0.02113777102393133,True,True,1,0,0,1.0,1.0,1.0,1.0,True,MSTLS support stable,6,0.009024707978824154,0.041510915965773165,"[0.0, 0.0, 0.0, 0.0, 0.0, 0.0, 0.0, 0.0, 0.0, -0.48943111448803434, 0.0, 0.0, 0.0, 0.0, 0.0, 0.0, 0.0, 0.0, 0.0, 0.0, 0.0, 0.0, 0.0, 0.0, 0.0, 0.0, 0.0, 0.0, 0.0, 0.0, 0.0, 0.0, 0.0, 0.0, 0.0, 0.0, 0.0, 0.0, 0.0, 0.0, 0.0, 0.0, 0.0, 0.0, 0.0, 0.0, 0.0, 0.0, 0.0]",[9]
burgers,256×256,1.0,699.701718041512,147,WSINDy,0.007523637267218053,0.007523637267218053,True,True,1,0,0,1.0,1.0,1.0,1.0,True,MSTLS support stable,4,0.00890375001472421,0.04208454099716619,"[0.0, 0.0, 0.0, 0.0, 0.0, 0.0, 0.0, 0.0, 0.0, -0.503761818633609, 0.0, 0.0, 0.0, 0.0, 0.0, 0.0, 0.0, 0.0, 0.0, 0.0, 0.0, 0.0, 0.0, 0.0, 0.0, 0.0, 0.0, 0.0, 0.0, 0.0, 0.0, 0.0, 0.0, 0.0, 0.0, 0.0, 0.0, 0.0, 0.0, 0.0, 0.0, 0.0, 0.0, 0.0, 0.0, 0.0, 0.0, 0.0, 0.0]",[9]
burgers,256×256,1.0,699.701718041512,148,WSINDy,0.006006196640413464,0.006006196640413464,True,True,1,0,0,1.0,1.0,1.0,1.0,True,MSTLS support stable,4,0.008311166981002316,0.04087770899059251,"[0.0, 0.0, 0.0, 0.0, 0.0, 0.0, 0.0, 0.0, 0.0, -0.49699690167979327, 0.0, 0.0, 0.0, 0.0, 0.0, 0.0, 0.0, 0.0, 0.0, 0.0, 0.0, 0.0, 0.0, 0.0, 0.0, 0.0, 0.0, 0.0, 0.0, 0.0, 0.0, 0.0, 0.0, 0.0, 0.0, 0.0, 0.0, 0.0, 0.0, 0.0, 0.0, 0.0, 0.0, 0.0, 0.0, 0.0, 0.0, 0.0, 0.0]",[9]
burgers,256×256,1.0,699.701718041512,149,WSINDy,0.006192042418559085,0.006192042418559085,True,True,1,0,0,1.0,1.0,1.0,1.0,True,MSTLS support stable,4,0.008285999996587634,0.03941324999323115,"[0.0, 0.0, 0.0, 0.0, 0.0, 0.0, 0.0, 0.0, 0.0, -0.49690397879072046, 0.0, 0.0, 0.0, 0.0, 0.0, 0.0, 0.0, 0.0, 0.0, 0.0, 0.0, 0.0, 0.0, 0.0, 0.0, 0.0, 0.0, 0.0, 0.0, 0.0, 0.0, 0.0, 0.0, 0.0, 0.0, 0.0, 0.0, 0.0, 0.0, 0.0, 0.0, 0.0, 0.0, 0.0, 0.0, 0.0, 0.0, 0.0, 0.0]",[9]
burgers,256×256,1.0,699.701718041512,150,WSINDy,0.002705931183866195,0.002705931183866195,True,True,1,0,0,1.0,1.0,1.0,1.0,True,MSTLS support stable,4,0.008938459010096267,0.04161529301200062,"[0.0, 0.0, 0.0, 0.0, 0.0, 0.0, 0.0, 0.0, 0.0, -0.5013529655919331, 0.0, 0.0, 0.0, 0.0, 0.0, 0.0, 0.0, 0.0, 0.0, 0.0, 0.0, 0.0, 0.0, 0.0, 0.0, 0.0, 0.0, 0.0, 0.0, 0.0, 0.0, 0.0, 0.0, 0.0, 0.0, 0.0, 0.0, 0.0, 0.0, 0.0, 0.0, 0.0, 0.0, 0.0, 0.0, 0.0, 0.0, 0.0, 0.0]",[9]
burgers,256×256,1.0,699.701718041512,151,WSINDy,0.025775367268703664,0.025775367268703664,True,True,1,0,0,1.0,1.0,1.0,1.0,True,MSTLS support stable,3,0.007034874986857176,0.03947541699744761,"[0.0, 0.0, 0.0, 0.0, 0.0, 0.0, 0.0, 0.0, 0.0, -0.48711231636564817, 0.0, 0.0, 0.0, 0.0, 0.0, 0.0, 0.0, 0.0, 0.0, 0.0, 0.0, 0.0, 0.0, 0.0, 0.0, 0.0, 0.0, 0.0, 0.0, 0.0, 0.0, 0.0, 0.0, 0.0, 0.0, 0.0, 0.0, 0.0, 0.0, 0.0, 0.0, 0.0, 0.0, 0.0, 0.0, 0.0, 0.0, 0.0, 0.0]",[9]
burgers,256×256,1.0,699.701718041512,152,WSINDy,0.07220779101896602,0.07220779101896602,True,True,1,0,0,1.0,1.0,1.0,1.0,True,MSTLS support stable,3,0.008241375006036833,0.04027820800547488,"[0.0, 0.0, 0.0, 0.0, 0.0, 0.0, 0.0, 0.0, 0.0, -0.536103895509483, 0.0, 0.0, 0.0, 0.0, 0.0, 0.0, 0.0, 0.0, 0.0, 0.0, 0.0, 0.0, 0.0, 0.0, 0.0, 0.0, 0.0, 0.0, 0.0, 0.0, 0.0, 0.0, 0.0, 0.0, 0.0, 0.0, 0.0, 0.0, 0.0, 0.0, 0.0, 0.0, 0.0, 0.0, 0.0, 0.0, 0.0, 0.0, 0.0]",[9]
burgers,256×256,1.0,699.701718041512,153,WSINDy,0.009087272701286953,0.009087272701286953,True,True,1,0,0,1.0,1.0,1.0,1.0,True,MSTLS support stable,4,0.007312958012335002,0.03965141603839584,"[0.0, 0.0, 0.0, 0.0, 0.0, 0.0, 0.0, 0.0, 0.0, -0.4954563636493565, 0.0, 0.0, 0.0, 0.0, 0.0, 0.0, 0.0, 0.0, 0.0, 0.0, 0.0, 0.0, 0.0, 0.0, 0.0, 0.0, 0.0, 0.0, 0.0, 0.0, 0.0, 0.0, 0.0, 0.0, 0.0, 0.0, 0.0, 0.0, 0.0, 0.0, 0.0, 0.0, 0.0, 0.0, 0.0, 0.0, 0.0, 0.0, 0.0]",[9]
burgers,256×256,1.0,699.701718041512,154,WSINDy,0.0076647564907799115,0.0076647564907799115,True,True,1,0,0,1.0,1.0,1.0,1.0,True,MSTLS support stable,3,0.008057166007347405,0.04036774902488105,"[0.0, 0.0, 0.0, 0.0, 0.0, 0.0, 0.0, 0.0, 0.0, -0.50383237824539, 0.0, 0.0, 0.0, 0.0, 0.0, 0.0, 0.0, 0.0, 0.0, 0.0, 0.0, 0.0, 0.0, 0.0, 0.0, 0.0, 0.0, 0.0, 0.0, 0.0, 0.0, 0.0, 0.0, 0.0, 0.0, 0.0, 0.0, 0.0, 0.0, 0.0, 0.0, 0.0, 0.0, 0.0, 0.0, 0.0, 0.0, 0.0, 0.0]",[9]
burgers,256×256,1.0,699.701718041512,155,WSINDy,0.0017509115135510012,0.0017509115135510012,True,True,1,0,0,1.0,1.0,1.0,1.0,True,MSTLS support stable,4,0.008266791002824903,0.039077082998119295,"[0.0, 0.0, 0.0, 0.0, 0.0, 0.0, 0.0, 0.0, 0.0, -0.5008754557567755, 0.0, 0.0, 0.0, 0.0, 0.0, 0.0, 0.0, 0.0, 0.0, 0.0, 0.0, 0.0, 0.0, 0.0, 0.0, 0.0, 0.0, 0.0, 0.0, 0.0, 0.0, 0.0, 0.0, 0.0, 0.0, 0.0, 0.0, 0.0, 0.0, 0.0, 0.0, 0.0, 0.0, 0.0, 0.0, 0.0, 0.0, 0.0, 0.0]",[9]
burgers,256×256,1.0,699.701718041512,156,WSINDy,0.022192887632182856,0.022192887632182856,True,True,1,0,0,1.0,1.0,1.0,1.0,True,MSTLS support stable,4,0.007988708995981142,0.0387803339981474,"[0.0, 0.0, 0.0, 0.0, 0.0, 0.0, 0.0, 0.0, 0.0, -0.5110964438160914, 0.0, 0.0, 0.0, 0.0, 0.0, 0.0, 0.0, 0.0, 0.0, 0.0, 0.0, 0.0, 0.0, 0.0, 0.0, 0.0, 0.0, 0.0, 0.0, 0.0, 0.0, 0.0, 0.0, 0.0, 0.0, 0.0, 0.0, 0.0, 0.0, 0.0, 0.0, 0.0, 0.0, 0.0, 0.0, 0.0, 0.0, 0.0, 0.0]",[9]
burgers,256×256,1.0,699.701718041512,157,WSINDy,0.009712801401629667,0.009712801401629667,True,True,1,0,0,1.0,1.0,1.0,1.0,True,MSTLS support stable,5,0.008410375012317672,0.04029229099978693,"[0.0, 0.0, 0.0, 0.0, 0.0, 0.0, 0.0, 0.0, 0.0, -0.5048564007008148, 0.0, 0.0, 0.0, 0.0, 0.0, 0.0, 0.0, 0.0, 0.0, 0.0, 0.0, 0.0, 0.0, 0.0, 0.0, 0.0, 0.0, 0.0, 0.0, 0.0, 0.0, 0.0, 0.0, 0.0, 0.0, 0.0, 0.0, 0.0, 0.0, 0.0, 0.0, 0.0, 0.0, 0.0, 0.0, 0.0, 0.0, 0.0, 0.0]",[9]
burgers,256×256,1.0,699.701718041512,158,WSINDy,0.004033370256811275,0.004033370256811275,True,True,1,0,0,1.0,1.0,1.0,1.0,True,MSTLS support stable,4,0.007706707983743399,0.03965079097542912,"[0.0, 0.0, 0.0, 0.0, 0.0, 0.0, 0.0, 0.0, 0.0, -0.49798331487159436, 0.0, 0.0, 0.0, 0.0, 0.0, 0.0, 0.0, 0.0, 0.0, 0.0, 0.0, 0.0, 0.0, 0.0, 0.0, 0.0, 0.0, 0.0, 0.0, 0.0, 0.0, 0.0, 0.0, 0.0, 0.0, 0.0, 0.0, 0.0, 0.0, 0.0, 0.0, 0.0, 0.0, 0.0, 0.0, 0.0, 0.0, 0.0, 0.0]",[9]
burgers,256×256,1.0,699.701718041512,159,WSINDy,0.025639151010358296,0.025639151010358296,True,True,1,0,0,1.0,1.0,1.0,1.0,True,MSTLS support stable,4,0.008988332992885262,0.04144554099184461,"[0.0, 0.0, 0.0, 0.0, 0.0, 0.0, 0.0, 0.0, 0.0, -0.48718042449482085, 0.0, 0.0, 0.0, 0.0, 0.0, 0.0, 0.0, 0.0, 0.0, 0.0, 0.0, 0.0, 0.0, 0.0, 0.0, 0.0, 0.0, 0.0, 0.0, 0.0, 0.0, 0.0, 0.0, 0.0, 0.0, 0.0, 0.0, 0.0, 0.0, 0.0, 0.0, 0.0, 0.0, 0.0, 0.0, 0.0, 0.0, 0.0, 0.0]",[9]
burgers,256×256,1.0,699.701718041512,160,WSINDy,0.0484139073424229,0.0484139073424229,True,True,1,0,0,1.0,1.0,1.0,1.0,True,MSTLS support stable,4,0.008171416993718594,0.03998637499171309,"[0.0, 0.0, 0.0, 0.0, 0.0, 0.0, 0.0, 0.0, 0.0, -0.47579304632878855, 0.0, 0.0, 0.0, 0.0, 0.0, 0.0, 0.0, 0.0, 0.0, 0.0, 0.0, 0.0, 0.0, 0.0, 0.0, 0.0, 0.0, 0.0, 0.0, 0.0, 0.0, 0.0, 0.0, 0.0, 0.0, 0.0, 0.0, 0.0, 0.0, 0.0, 0.0, 0.0, 0.0, 0.0, 0.0, 0.0, 0.0, 0.0, 0.0]",[9]
burgers,256×256,1.0,699.701718041512,161,WSINDy,0.05818688043771869,0.05818688043771869,True,True,1,0,0,1.0,1.0,1.0,1.0,True,MSTLS support stable,3,0.007728124997811392,0.03985633299453184,"[0.0, 0.0, 0.0, 0.0, 0.0, 0.0, 0.0, 0.0, 0.0, -0.47090655978114065, 0.0, 0.0, 0.0, 0.0, 0.0, 0.0, 0.0, 0.0, 0.0, 0.0, 0.0, 0.0, 0.0, 0.0, 0.0, 0.0, 0.0, 0.0, 0.0, 0.0, 0.0, 0.0, 0.0, 0.0, 0.0, 0.0, 0.0, 0.0, 0.0, 0.0, 0.0, 0.0, 0.0, 0.0, 0.0, 0.0, 0.0, 0.0, 0.0]",[9]
burgers,256×256,1.0,699.701718041512,162,WSINDy,0.019215306977970248,0.019215306977970248,True,True,1,0,0,1.0,1.0,1.0,1.0,True,MSTLS support stable,4,0.00794891599798575,0.04020429099909961,"[0.0, 0.0, 0.0, 0.0, 0.0, 0.0, 0.0, 0.0, 0.0, -0.4903923465110149, 0.0, 0.0, 0.0, 0.0, 0.0, 0.0, 0.0, 0.0, 0.0, 0.0, 0.0, 0.0, 0.0, 0.0, 0.0, 0.0, 0.0, 0.0, 0.0, 0.0, 0.0, 0.0, 0.0, 0.0, 0.0, 0.0, 0.0, 0.0, 0.0, 0.0, 0.0, 0.0, 0.0, 0.0, 0.0, 0.0, 0.0, 0.0, 0.0]",[9]
burgers,256×256,1.0,699.701718041512,163,WSINDy,0.05500149204212845,0.05500149204212845,True,True,1,0,0,1.0,1.0,1.0,1.0,True,MSTLS support stable,4,0.008750542008783668,0.04088754201075062,"[0.0, 0.0, 0.0, 0.0, 0.0, 0.0, 0.0, 0.0, 0.0, -0.4724992539789358, 0.0, 0.0, 0.0, 0.0, 0.0, 0.0, 0.0, 0.0, 0.0, 0.0, 0.0, 0.0, 0.0, 0.0, 0.0, 0.0, 0.0, 0.0, 0.0, 0.0, 0.0, 0.0, 0.0, 0.0, 0.0, 0.0, 0.0, 0.0, 0.0, 0.0, 0.0, 0.0, 0.0, 0.0, 0.0, 0.0, 0.0, 0.0, 0.0]",[9]
burgers,256×256,1.0,699.701718041512,164,WSINDy,0.020158081877907907,0.020158081877907907,True,True,1,0,0,1.0,1.0,1.0,1.0,True,MSTLS support stable,4,0.00793100000009872,0.040053665987215936,"[0.0, 0.0, 0.0, 0.0, 0.0, 0.0, 0.0, 0.0, 0.0, -0.510079040938954, 0.0, 0.0, 0.0, 0.0, 0.0, 0.0, 0.0, 0.0, 0.0, 0.0, 0.0, 0.0, 0.0, 0.0, 0.0, 0.0, 0.0, 0.0, 0.0, 0.0, 0.0, 0.0, 0.0, 0.0, 0.0, 0.0, 0.0, 0.0, 0.0, 0.0, 0.0, 0.0, 0.0, 0.0, 0.0, 0.0, 0.0, 0.0, 0.0]",[9]
burgers,256×256,1.0,699.701718041512,165,WSINDy,0.0033754361496303176,0.0033754361496303176,True,True,1,0,0,1.0,1.0,1.0,1.0,True,MSTLS support stable,5,0.00830524999764748,0.04068066700710915,"[0.0, 0.0, 0.0, 0.0, 0.0, 0.0, 0.0, 0.0, 0.0, -0.5016877180748152, 0.0, 0.0, 0.0, 0.0, 0.0, 0.0, 0.0, 0.0, 0.0, 0.0, 0.0, 0.0, 0.0, 0.0, 0.0, 0.0, 0.0, 0.0, 0.0, 0.0, 0.0, 0.0, 0.0, 0.0, 0.0, 0.0, 0.0, 0.0, 0.0, 0.0, 0.0, 0.0, 0.0, 0.0, 0.0, 0.0, 0.0, 0.0, 0.0]",[9]
burgers,256×256,1.0,699.701718041512,166,WSINDy,0.00844629601917335,0.00844629601917335,True,True,1,0,0,1.0,1.0,1.0,1.0,True,MSTLS support stable,3,0.008335249993251637,0.04084674999467097,"[0.0, 0.0, 0.0, 0.0, 0.0, 0.0, 0.0, 0.0, 0.0, -0.4957768519904133, 0.0, 0.0, 0.0, 0.0, 0.0, 0.0, 0.0, 0.0, 0.0, 0.0, 0.0, 0.0, 0.0, 0.0, 0.0, 0.0, 0.0, 0.0, 0.0, 0.0, 0.0, 0.0, 0.0, 0.0, 0.0, 0.0, 0.0, 0.0, 0.0, 0.0, 0.0, 0.0, 0.0, 0.0, 0.0, 0.0, 0.0, 0.0, 0.0]",[9]
burgers,256×256,1.0,699.701718041512,167,WSINDy,0.0037937936152022678,0.0037937936152022678,True,True,1,0,0,1.0,1.0,1.0,1.0,True,MSTLS support stable,4,0.0076695000170730054,0.03981854201992974,"[0.0, 0.0, 0.0, 0.0, 0.0, 0.0, 0.0, 0.0, 0.0, -0.49810310319239887, 0.0, 0.0, 0.0, 0.0, 0.0, 0.0, 0.0, 0.0, 0.0, 0.0, 0.0, 0.0, 0.0, 0.0, 0.0, 0.0, 0.0, 0.0, 0.0, 0.0, 0.0, 0.0, 0.0, 0.0, 0.0, 0.0, 0.0, 0.0, 0.0, 0.0, 0.0, 0.0, 0.0, 0.0, 0.0, 0.0, 0.0, 0.0, 0.0]",[9]
burgers,256×256,1.0,699.701718041512,168,WSINDy,0.013619246382785666,0.013619246382785666,True,True,1,0,0,1.0,1.0,1.0,1.0,True,MSTLS support stable,3,0.008138292003422976,0.040030417003436014,"[0.0, 0.0, 0.0, 0.0, 0.0, 0.0, 0.0, 0.0, 0.0, -0.49319037680860717, 0.0, 0.0, 0.0, 0.0, 0.0, 0.0, 0.0, 0.0, 0.0, 0.0, 0.0, 0.0, 0.0, 0.0, 0.0, 0.0, 0.0, 0.0, 0.0, 0.0, 0.0, 0.0, 0.0, 0.0, 0.0, 0.0, 0.0, 0.0, 0.0, 0.0, 0.0, 0.0, 0.0, 0.0, 0.0, 0.0, 0.0, 0.0, 0.0]",[9]
burgers,256×256,1.0,699.701718041512,169,WSINDy,0.02256582656546069,0.02256582656546069,True,True,1,0,0,1.0,1.0,1.0,1.0,True,MSTLS support stable,4,0.007926999998744577,0.03971258399542421,"[0.0, 0.0, 0.0, 0.0, 0.0, 0.0, 0.0, 0.0, 0.0, -0.5112829132827303, 0.0, 0.0, 0.0, 0.0, 0.0, 0.0, 0.0, 0.0, 0.0, 0.0, 0.0, 0.0, 0.0, 0.0, 0.0, 0.0, 0.0, 0.0, 0.0, 0.0, 0.0, 0.0, 0.0, 0.0, 0.0, 0.0, 0.0, 0.0, 0.0, 0.0, 0.0, 0.0, 0.0, 0.0, 0.0, 0.0, 0.0, 0.0, 0.0]",[9]
burgers,256×256,1.0,699.701718041512,170,WSINDy,0.02506205474556933,0.02506205474556933,True,True,1,0,0,1.0,1.0,1.0,1.0,True,MSTLS support stable,4,0.00805679100449197,0.03990366600919515,"[0.0, 0.0, 0.0, 0.0, 0.0, 0.0, 0.0, 0.0, 0.0, -0.48746897262721534, 0.0, 0.0, 0.0, 0.0, 0.0, 0.0, 0.0, 0.0, 0.0, 0.0, 0.0, 0.0, 0.0, 0.0, 0.0, 0.0, 0.0, 0.0, 0.0, 0.0, 0.0, 0.0, 0.0, 0.0, 0.0, 0.0, 0.0, 0.0, 0.0, 0.0, 0.0, 0.0, 0.0, 0.0, 0.0, 0.0, 0.0, 0.0, 0.0]",[9]
burgers,256×256,1.0,699.701718041512,171,WSINDy,0.04710644039720635,0.04710644039720635,True,True,1,0,0,1.0,1.0,1.0,1.0,True,MSTLS support stable,4,0.007931667001685128,0.041060708987060934,"[0.0, 0.0, 0.0, 0.0, 0.0, 0.0, 0.0, 0.0, 0.0, -0.4764467798013968, 0.0, 0.0, 0.0, 0.0, 0.0, 0.0, 0.0, 0.0, 0.0, 0.0, 0.0, 0.0, 0.0, 0.0, 0.0, 0.0, 0.0, 0.0, 0.0, 0.0, 0.0, 0.0, 0.0, 0.0, 0.0, 0.0, 0.0, 0.0, 0.0, 0.0, 0.0, 0.0, 0.0, 0.0, 0.0, 0.0, 0.0, 0.0, 0.0]",[9]
burgers,256×256,1.0,699.701718041512,172,WSINDy,0.02881261517101108,0.02881261517101108,True,True,1,0,0,1.0,1.0,1.0,1.0,True,MSTLS support stable,4,0.008145666011841968,0.04118983302032575,"[0.0, 0.0, 0.0, 0.0, 0.0, 0.0, 0.0, 0.0, 0.0, -0.5144063075855055, 0.0, 0.0, 0.0, 0.0, 0.0, 0.0, 0.0, 0.0, 0.0, 0.0, 0.0, 0.0, 0.0, 0.0, 0.0, 0.0, 0.0, 0.0, 0.0, 0.0, 0.0, 0.0, 0.0, 0.0, 0.0, 0.0, 0.0, 0.0, 0.0, 0.0, 0.0, 0.0, 0.0, 0.0, 0.0, 0.0, 0.0, 0.0, 0.0]",[9]
burgers,256×256,1.0,699.701718041512,173,WSINDy,0.0001892752503905859,0.0001892752503905859,True,True,1,0,0,1.0,1.0,1.0,1.0,True,MSTLS support stable,3,0.008827625017147511,0.04119141699629836,"[0.0, 0.0, 0.0, 0.0, 0.0, 0.0, 0.0, 0.0, 0.0, -0.4999053623748047, 0.0, 0.0, 0.0, 0.0, 0.0, 0.0, 0.0, 0.0, 0.0, 0.0, 0.0, 0.0, 0.0, 0.0, 0.0, 0.0, 0.0, 0.0, 0.0, 0.0, 0.0, 0.0, 0.0, 0.0, 0.0, 0.0, 0.0, 0.0, 0.0, 0.0, 0.0, 0.0, 0.0, 0.0, 0.0, 0.0, 0.0, 0.0, 0.0]",[9]
burgers,256×256,1.0,699.701718041512,174,WSINDy,0.031850459363259365,0.031850459363259365,True,True,1,0,0,1.0,1.0,1.0,1.0,True,MSTLS support stable,4,0.008484250021865591,0.0395759170060046,"[0.0, 0.0, 0.0, 0.0, 0.0, 0.0, 0.0, 0.0, 0.0, -0.5159252296816297, 0.0, 0.0, 0.0, 0.0, 0.0, 0.0, 0.0, 0.0, 0.0, 0.0, 0.0, 0.0, 0.0, 0.0, 0.0, 0.0, 0.0, 0.0, 0.0, 0.0, 0.0, 0.0, 0.0, 0.0, 0.0, 0.0, 0.0, 0.0, 0.0, 0.0, 0.0, 0.0, 0.0, 0.0, 0.0, 0.0, 0.0, 0.0, 0.0]",[9]
burgers,256×256,1.0,699.701718041512,175,WSINDy,0.02503607381054307,0.02503607381054307,True,True,1,0,0,1.0,1.0,1.0,1.0,True,MSTLS support stable,5,0.00942954100901261,0.042503123986534774,"[0.0, 0.0, 0.0, 0.0, 0.0, 0.0, 0.0, 0.0, 0.0, -0.5125180369052715, 0.0, 0.0, 0.0, 0.0, 0.0, 0.0, 0.0, 0.0, 0.0, 0.0, 0.0, 0.0, 0.0, 0.0, 0.0, 0.0, 0.0, 0.0, 0.0, 0.0, 0.0, 0.0, 0.0, 0.0, 0.0, 0.0, 0.0, 0.0, 0.0, 0.0, 0.0, 0.0, 0.0, 0.0, 0.0, 0.0, 0.0, 0.0, 0.0]",[9]
burgers,256×256,1.0,699.701718041512,176,WSINDy,0.03231689842767005,0.03231689842767005,True,True,1,0,0,1.0,1.0,1.0,1.0,True,MSTLS support stable,3,0.008120707992929965,0.04091112400055863,"[0.0, 0.0, 0.0, 0.0, 0.0, 0.0, 0.0, 0.0, 0.0, -0.516158449213835, 0.0, 0.0, 0.0, 0.0, 0.0, 0.0, 0.0, 0.0, 0.0, 0.0, 0.0, 0.0, 0.0, 0.0, 0.0, 0.0, 0.0, 0.0, 0.0, 0.0, 0.0, 0.0, 0.0, 0.0, 0.0, 0.0, 0.0, 0.0, 0.0, 0.0, 0.0, 0.0, 0.0, 0.0, 0.0, 0.0, 0.0, 0.0, 0.0]",[9]
burgers,256×256,1.0,699.701718041512,177,WSINDy,0.015086143614104985,0.015086143614104985,True,True,1,0,0,1.0,1.0,1.0,1.0,True,MSTLS support stable,4,0.008067417016718537,0.03904758399585262,"[0.0, 0.0, 0.0, 0.0, 0.0, 0.0, 0.0, 0.0, 0.0, -0.5075430718070525, 0.0, 0.0, 0.0, 0.0, 0.0, 0.0, 0.0, 0.0, 0.0, 0.0, 0.0, 0.0, 0.0, 0.0, 0.0, 0.0, 0.0, 0.0, 0.0, 0.0, 0.0, 0.0, 0.0, 0.0, 0.0, 0.0, 0.0, 0.0, 0.0, 0.0, 0.0, 0.0, 0.0, 0.0, 0.0, 0.0, 0.0, 0.0, 0.0]",[9]
burgers,256×256,1.0,699.701718041512,178,WSINDy,0.01151794081043156,0.01151794081043156,True,True,1,0,0,1.0,1.0,1.0,1.0,True,MSTLS support stable,4,0.008092750009382144,0.03982354101026431,"[0.0, 0.0, 0.0, 0.0, 0.0, 0.0, 0.0, 0.0, 0.0, -0.4942410295947842, 0.0, 0.0, 0.0, 0.0, 0.0, 0.0, 0.0, 0.0, 0.0, 0.0, 0.0, 0.0, 0.0, 0.0, 0.0, 0.0, 0.0, 0.0, 0.0, 0.0, 0.0, 0.0, 0.0, 0.0, 0.0, 0.0, 0.0, 0.0, 0.0, 0.0, 0.0, 0.0, 0.0, 0.0, 0.0, 0.0, 0.0, 0.0, 0.0]",[9]
burgers,256×256,1.0,699.701718041512,179,WSINDy,0.04440589159877373,0.04440589159877373,True,True,1,0,0,1.0,1.0,1.0,1.0,True,MSTLS support stable,5,0.00958749998244457,0.04118462497717701,"[0.0, 0.0, 0.0, 0.0, 0.0, 0.0, 0.0, 0.0, 0.0, -0.47779705420061314, 0.0, 0.0, 0.0, 0.0, 0.0, 0.0, 0.0, 0.0, 0.0, 0.0, 0.0, 0.0, 0.0, 0.0, 0.0, 0.0, 0.0, 0.0, 0.0, 0.0, 0.0, 0.0, 0.0, 0.0, 0.0, 0.0, 0.0, 0.0, 0.0, 0.0, 0.0, 0.0, 0.0, 0.0, 0.0, 0.0, 0.0, 0.0, 0.0]",[9]
burgers,256×256,1.0,699.701718041512,180,WSINDy,0.04907354707700595,0.04907354707700595,True,True,1,0,0,1.0,1.0,1.0,1.0,True,MSTLS support stable,5,0.008374458993785083,0.04108375098439865,"[0.0, 0.0, 0.0, 0.0, 0.0, 0.0, 0.0, 0.0, 0.0, -0.475463226461497, 0.0, 0.0, 0.0, 0.0, 0.0, 0.0, 0.0, 0.0, 0.0, 0.0, 0.0, 0.0, 0.0, 0.0, 0.0, 0.0, 0.0, 0.0, 0.0, 0.0, 0.0, 0.0, 0.0, 0.0, 0.0, 0.0, 0.0, 0.0, 0.0, 0.0, 0.0, 0.0, 0.0, 0.0, 0.0, 0.0, 0.0, 0.0, 0.0]",[9]
burgers,256×256,1.0,699.701718041512,181,WSINDy,0.027851156527402,0.027851156527402,True,True,1,0,0,1.0,1.0,1.0,1.0,True,MSTLS support stable,4,0.00818666597479023,0.039177540951641276,"[0.0, 0.0, 0.0, 0.0, 0.0, 0.0, 0.0, 0.0, 0.0, -0.486074421736299, 0.0, 0.0, 0.0, 0.0, 0.0, 0.0, 0.0, 0.0, 0.0, 0.0, 0.0, 0.0, 0.0, 0.0, 0.0, 0.0, 0.0, 0.0, 0.0, 0.0, 0.0, 0.0, 0.0, 0.0, 0.0, 0.0, 0.0, 0.0, 0.0, 0.0, 0.0, 0.0, 0.0, 0.0, 0.0, 0.0, 0.0, 0.0, 0.0]",[9]
burgers,256×256,1.0,699.701718041512,182,WSINDy,0.023436552994792192,0.023436552994792192,True,True,1,0,0,1.0,1.0,1.0,1.0,True,MSTLS support stable,4,0.008727415988687426,0.04047512399847619,"[0.0, 0.0, 0.0, 0.0, 0.0, 0.0, 0.0, 0.0, 0.0, -0.4882817235026039, 0.0, 0.0, 0.0, 0.0, 0.0, 0.0, 0.0, 0.0, 0.0, 0.0, 0.0, 0.0, 0.0, 0.0, 0.0, 0.0, 0.0, 0.0, 0.0, 0.0, 0.0, 0.0, 0.0, 0.0, 0.0, 0.0, 0.0, 0.0, 0.0, 0.0, 0.0, 0.0, 0.0, 0.0, 0.0, 0.0, 0.0, 0.0, 0.0]",[9]
burgers,256×256,1.0,699.701718041512,183,WSINDy,2.25236430538745,0.006436025385644362,True,False,1,4,0,0.2,1.0,0.3333333333333333,0.2,True,MSTLS support stable,3,0.008420958009082824,0.0400829580030404,"[0.0, 0.022490070816625282, 0.0, 0.0, 0.0, 0.0, 0.0, 0.0, 0.0, -0.5032180126928222, 0.0, 0.0, 0.0, 0.0, 0.0, 0.0, 0.0, 0.02134230186154917, 0.0, 0.0, 0.0, 0.0, 0.0, 0.0, 0.0, 0.0, 0.0, 0.0, 0.0, 0.0, 0.0, 0.0, 1.1256267247834475, 0.0, 0.0, 0.0, 0.0, 0.0, 0.0, 0.0, 0.016705231497464987, 0.0, 0.0, 0.0, 0.0, 0.0, 0.0, 0.0, 0.0]","[1, 9, 17, 32, 40]"
burgers,256×256,1.0,699.701718041512,184,WSINDy,0.007448184284462478,0.007448184284462478,True,True,1,0,0,1.0,1.0,1.0,1.0,True,MSTLS support stable,4,0.008171167020918801,0.040818292007315904,"[0.0, 0.0, 0.0, 0.0, 0.0, 0.0, 0.0, 0.0, 0.0, -0.5037240921422312, 0.0, 0.0, 0.0, 0.0, 0.0, 0.0, 0.0, 0.0, 0.0, 0.0, 0.0, 0.0, 0.0, 0.0, 0.0, 0.0, 0.0, 0.0, 0.0, 0.0, 0.0, 0.0, 0.0, 0.0, 0.0, 0.0, 0.0, 0.0, 0.0, 0.0, 0.0, 0.0, 0.0, 0.0, 0.0, 0.0, 0.0, 0.0, 0.0]",[9]
burgers,256×256,1.0,699.701718041512,185,WSINDy,0.01569256828818233,0.01569256828818233,True,True,1,0,0,1.0,1.0,1.0,1.0,True,MSTLS support stable,4,0.008320416003698483,0.03937304101418704,"[0.0, 0.0, 0.0, 0.0, 0.0, 0.0, 0.0, 0.0, 0.0, -0.5078462841440912, 0.0, 0.0, 0.0, 0.0, 0.0, 0.0, 0.0, 0.0, 0.0, 0.0, 0.0, 0.0, 0.0, 0.0, 0.0, 0.0, 0.0, 0.0, 0.0, 0.0, 0.0, 0.0, 0.0, 0.0, 0.0, 0.0, 0.0, 0.0, 0.0, 0.0, 0.0, 0.0, 0.0, 0.0, 0.0, 0.0, 0.0, 0.0, 0.0]",[9]
burgers,256×256,1.0,699.701718041512,186,WSINDy,0.02688581339617735,0.02688581339617735,True,True,1,0,0,1.0,1.0,1.0,1.0,True,MSTLS support stable,4,0.008345167007064447,0.04008441700716503,"[0.0, 0.0, 0.0, 0.0, 0.0, 0.0, 0.0, 0.0, 0.0, -0.5134429066980887, 0.0, 0.0, 0.0, 0.0, 0.0, 0.0, 0.0, 0.0, 0.0, 0.0, 0.0, 0.0, 0.0, 0.0, 0.0, 0.0, 0.0, 0.0, 0.0, 0.0, 0.0, 0.0, 0.0, 0.0, 0.0, 0.0, 0.0, 0.0, 0.0, 0.0, 0.0, 0.0, 0.0, 0.0, 0.0, 0.0, 0.0, 0.0, 0.0]",[9]
burgers,256×256,1.0,699.701718041512,187,WSINDy,0.018141741931230637,0.018141741931230637,True,True,1,0,0,1.0,1.0,1.0,1.0,True,MSTLS support stable,4,0.0090736249985639,0.04071274999296293,"[0.0, 0.0, 0.0, 0.0, 0.0, 0.0, 0.0, 0.0, 0.0, -0.4909291290343847, 0.0, 0.0, 0.0, 0.0, 0.0, 0.0, 0.0, 0.0, 0.0, 0.0, 0.0, 0.0, 0.0, 0.0, 0.0, 0.0, 0.0, 0.0, 0.0, 0.0, 0.0, 0.0, 0.0, 0.0, 0.0, 0.0, 0.0, 0.0, 0.0, 0.0, 0.0, 0.0, 0.0, 0.0, 0.0, 0.0, 0.0, 0.0, 0.0]",[9]
burgers,256×256,1.0,699.701718041512,188,WSINDy,0.04737921090453989,0.04737921090453989,True,True,1,0,0,1.0,1.0,1.0,1.0,True,MSTLS support stable,4,0.008077209000475705,0.040788376005366445,"[0.0, 0.0, 0.0, 0.0, 0.0, 0.0, 0.0, 0.0, 0.0, -0.52368960545227, 0.0, 0.0, 0.0, 0.0, 0.0, 0.0, 0.0, 0.0, 0.0, 0.0, 0.0, 0.0, 0.0, 0.0, 0.0, 0.0, 0.0, 0.0, 0.0, 0.0, 0.0, 0.0, 0.0, 0.0, 0.0, 0.0, 0.0, 0.0, 0.0, 0.0, 0.0, 0.0, 0.0, 0.0, 0.0, 0.0, 0.0, 0.0, 0.0]",[9]
burgers,256×256,1.0,699.701718041512,189,WSINDy,4.367853406993142,0.04425879282543499,True,False,1,1,0,0.5,1.0,0.6666666666666666,0.5,True,MSTLS support stable,3,0.00870525001664646,0.03964270802680403,"[0.0, 0.0, 0.0, 0.0, 0.0, 0.0, 0.0, 0.0, 0.0, -0.4778706035872825, 0.0, 0.0, 0.0, 0.0, 0.0, 0.0, 0.0, 0.0, 0.0, 0.0, 0.0, 0.0, 0.0, 0.0, 2.1838145837180885, 0.0, 0.0, 0.0, 0.0, 0.0, 0.0, 0.0, 0.0, 0.0, 0.0, 0.0, 0.0, 0.0, 0.0, 0.0, 0.0, 0.0, 0.0, 0.0, 0.0, 0.0, 0.0, 0.0, 0.0]","[9, 24]"
burgers,256×256,1.0,699.701718041512,190,WSINDy,0.03881808048659763,0.03881808048659763,True,True,1,0,0,1.0,1.0,1.0,1.0,True,MSTLS support stable,4,0.00898449998931028,0.04073708300711587,"[0.0, 0.0, 0.0, 0.0, 0.0, 0.0, 0.0, 0.0, 0.0, -0.4805909597567012, 0.0, 0.0, 0.0, 0.0, 0.0, 0.0, 0.0, 0.0, 0.0, 0.0, 0.0, 0.0, 0.0, 0.0, 0.0, 0.0, 0.0, 0.0, 0.0, 0.0, 0.0, 0.0, 0.0, 0.0, 0.0, 0.0, 0.0, 0.0, 0.0, 0.0, 0.0, 0.0, 0.0, 0.0, 0.0, 0.0, 0.0, 0.0, 0.0]",[9]
burgers,256×256,1.0,699.701718041512,191,WSINDy,0.004983456070535519,0.004983456070535519,True,True,1,0,0,1.0,1.0,1.0,1.0,True,MSTLS support stable,4,0.01005333400098607,0.04173575100139715,"[0.0, 0.0, 0.0, 0.0, 0.0, 0.0, 0.0, 0.0, 0.0, -0.5024917280352678, 0.0, 0.0, 0.0, 0.0, 0.0, 0.0, 0.0, 0.0, 0.0, 0.0, 0.0, 0.0, 0.0, 0.0, 0.0, 0.0, 0.0, 0.0, 0.0, 0.0, 0.0, 0.0, 0.0, 0.0, 0.0, 0.0, 0.0, 0.0, 0.0, 0.0, 0.0, 0.0, 0.0, 0.0, 0.0, 0.0, 0.0, 0.0, 0.0]",[9]
burgers,256×256,1.0,699.701718041512,192,WSINDy,0.030495852030460346,0.030495852030460346,True,True,1,0,0,1.0,1.0,1.0,1.0,True,MSTLS support stable,4,0.009350083011668175,0.04215479103731923,"[0.0, 0.0, 0.0, 0.0, 0.0, 0.0, 0.0, 0.0, 0.0, -0.4847520739847698, 0.0, 0.0, 0.0, 0.0, 0.0, 0.0, 0.0, 0.0, 0.0, 0.0, 0.0, 0.0, 0.0, 0.0, 0.0, 0.0, 0.0, 0.0, 0.0, 0.0, 0.0, 0.0, 0.0, 0.0, 0.0, 0.0, 0.0, 0.0, 0.0, 0.0, 0.0, 0.0, 0.0, 0.0, 0.0, 0.0, 0.0, 0.0, 0.0]",[9]
burgers,256×256,1.0,699.701718041512,193,WSINDy,0.021234648649905874,0.021234648649905874,True,True,1,0,0,1.0,1.0,1.0,1.0,True,MSTLS support stable,5,0.008780125004705042,0.03982991701923311,"[0.0, 0.0, 0.0, 0.0, 0.0, 0.0, 0.0, 0.0, 0.0, -0.48938267567504706, 0.0, 0.0, 0.0, 0.0, 0.0, 0.0, 0.0, 0.0, 0.0, 0.0, 0.0, 0.0, 0.0, 0.0, 0.0, 0.0, 0.0, 0.0, 0.0, 0.0, 0.0, 0.0, 0.0, 0.0, 0.0, 0.0, 0.0, 0.0, 0.0, 0.0, 0.0, 0.0, 0.0, 0.0, 0.0, 0.0, 0.0, 0.0, 0.0]",[9]
burgers,256×256,1.0,699.701718041512,194,WSINDy,0.06483900240707197,0.06483900240707197,True,True,1,0,0,1.0,1.0,1.0,1.0,True,MSTLS support stable,4,0.008856333006406203,0.040711292007472366,"[0.0, 0.0, 0.0, 0.0, 0.0, 0.0, 0.0, 0.0, 0.0, -0.532419501203536, 0.0, 0.0, 0.0, 0.0, 0.0, 0.0, 0.0, 0.0, 0.0, 0.0, 0.0, 0.0, 0.0, 0.0, 0.0, 0.0, 0.0, 0.0, 0.0, 0.0, 0.0, 0.0, 0.0, 0.0, 0.0, 0.0, 0.0, 0.0, 0.0, 0.0, 0.0, 0.0, 0.0, 0.0, 0.0, 0.0, 0.0, 0.0, 0.0]",[9]
burgers,256×256,1.0,699.701718041512,195,WSINDy,0.003887165496408551,0.003887165496408551,True,True,1,0,0,1.0,1.0,1.0,1.0,True,MSTLS support stable,4,0.00889008300146088,0.040548124990891665,"[0.0, 0.0, 0.0, 0.0, 0.0, 0.0, 0.0, 0.0, 0.0, -0.4980564172517957, 0.0, 0.0, 0.0, 0.0, 0.0, 0.0, 0.0, 0.0, 0.0, 0.0, 0.0, 0.0, 0.0, 0.0, 0.0, 0.0, 0.0, 0.0, 0.0, 0.0, 0.0, 0.0, 0.0, 0.0, 0.0, 0.0, 0.0, 0.0, 0.0, 0.0, 0.0, 0.0, 0.0, 0.0, 0.0, 0.0, 0.0, 0.0, 0.0]",[9]
burgers,256×256,1.0,699.701718041512,196,WSINDy,0.018659496246439367,0.018659496246439367,True,True,1,0,0,1.0,1.0,1.0,1.0,True,MSTLS support stable,4,0.009112625004490837,0.041793790995143354,"[0.0, 0.0, 0.0, 0.0, 0.0, 0.0, 0.0, 0.0, 0.0, -0.4906702518767803, 0.0, 0.0, 0.0, 0.0, 0.0, 0.0, 0.0, 0.0, 0.0, 0.0, 0.0, 0.0, 0.0, 0.0, 0.0, 0.0, 0.0, 0.0, 0.0, 0.0, 0.0, 0.0, 0.0, 0.0, 0.0, 0.0, 0.0, 0.0, 0.0, 0.0, 0.0, 0.0, 0.0, 0.0, 0.0, 0.0, 0.0, 0.0, 0.0]",[9]
burgers,256×256,1.0,699.701718041512,197,WSINDy,0.027701674131332732,0.027701674131332732,True,True,1,0,0,1.0,1.0,1.0,1.0,True,MSTLS support stable,4,0.009069082996575162,0.04130137400352396,"[0.0, 0.0, 0.0, 0.0, 0.0, 0.0, 0.0, 0.0, 0.0, -0.5138508370656664, 0.0, 0.0, 0.0, 0.0, 0.0, 0.0, 0.0, 0.0, 0.0, 0.0, 0.0, 0.0, 0.0, 0.0, 0.0, 0.0, 0.0, 0.0, 0.0, 0.0, 0.0, 0.0, 0.0, 0.0, 0.0, 0.0, 0.0, 0.0, 0.0, 0.0, 0.0, 0.0, 0.0, 0.0, 0.0, 0.0, 0.0, 0.0, 0.0]",[9]
burgers,256×256,1.0,699.701718041512,198,WSINDy,0.06153878388577705,0.06153878388577705,True,True,1,0,0,1.0,1.0,1.0,1.0,True,MSTLS support stable,4,0.007664167002076283,0.04042641702108085,"[0.0, 0.0, 0.0, 0.0, 0.0, 0.0, 0.0, 0.0, 0.0, -0.4692306080571115, 0.0, 0.0, 0.0, 0.0, 0.0, 0.0, 0.0, 0.0, 0.0, 0.0, 0.0, 0.0, 0.0, 0.0, 0.0, 0.0, 0.0, 0.0, 0.0, 0.0, 0.0, 0.0, 0.0, 0.0, 0.0, 0.0, 0.0, 0.0, 0.0, 0.0, 0.0, 0.0, 0.0, 0.0, 0.0, 0.0, 0.0, 0.0, 0.0]",[9]
burgers,256×256,1.0,699.701718041512,199,WSINDy,0.004228871955171298,0.004228871955171298,True,True,1,0,0,1.0,1.0,1.0,1.0,True,MSTLS support stable,4,0.00798091699834913,0.04033491699374281,"[0.0, 0.0, 0.0, 0.0, 0.0, 0.0, 0.0, 0.0, 0.0, -0.5021144359775856, 0.0, 0.0, 0.0, 0.0, 0.0, 0.0, 0.0, 0.0, 0.0, 0.0, 0.0, 0.0, 0.0, 0.0, 0.0, 0.0, 0.0, 0.0, 0.0, 0.0, 0.0, 0.0, 0.0, 0.0, 0.0, 0.0, 0.0, 0.0, 0.0, 0.0, 0.0, 0.0, 0.0, 0.0, 0.0, 0.0, 0.0, 0.0, 0.0]",[9]
kdv,400×601,0.0,0.0,0,WSINDy,2.8432149028104574e-07,3.135150850042123e-07,True,True,2,0,0,1.0,1.0,1.0,1.0,True,MSTLS support stable,2,0.004389916983200237,0.11249620898161083,"[0.0, 0.0, 0.0, 0.0, 0.0, 0.0, 0.0, 0.0, 0.0, -0.49999994749591664, 0.0, 0.0, 0.0, 0.0, 0.0, 0.0, 0.0, 0.0, 0.0, 0.0, 0.0, 0.0, -1.000000313515085, 0.0, 0.0, 0.0, 0.0, 0.0, 0.0, 0.0, 0.0, 0.0, 0.0, 0.0, 0.0, 0.0, 0.0, 0.0, 0.0, 0.0, 0.0, 0.0, 0.0, 0.0, 0.0, 0.0, 0.0, 0.0, 0.0]","[9, 22]"
kdv,400×601,0.1,27.44573823432411,0,WSINDy,0.0026768628617584644,0.0029926231658587987,True,True,2,0,0,1.0,1.0,1.0,1.0,True,MSTLS support stable,5,0.009556292003253475,0.13168829202186316,"[0.0, 0.0, 0.0, 0.0, 0.0, 0.0, 0.0, 0.0, 0.0, -0.5000346419253565, 0.0, 0.0, 0.0, 0.0, 0.0, 0.0, 0.0, 0.0, 0.0, 0.0, 0.0, 0.0, -1.0029926231658588, 0.0, 0.0, 0.0, 0.0, 0.0, 0.0, 0.0, 0.0, 0.0, 0.0, 0.0, 0.0, 0.0, 0.0, 0.0, 0.0, 0.0, 0.0, 0.0, 0.0, 0.0, 0.0, 0.0, 0.0, 0.0, 0.0]","[9, 22]"
kdv,400×601,0.1,27.44573823432411,1,WSINDy,0.004901314369799079,0.005479227437101164,True,True,2,0,0,1.0,1.0,1.0,1.0,True,MSTLS support stable,5,0.011039000004529953,0.13466050001443364,"[0.0, 0.0, 0.0, 0.0, 0.0, 0.0, 0.0, 0.0, 0.0, -0.5000816693456352, 0.0, 0.0, 0.0, 0.0, 0.0, 0.0, 0.0, 0.0, 0.0, 0.0, 0.0, 0.0, -0.9945207725628988, 0.0, 0.0, 0.0, 0.0, 0.0, 0.0, 0.0, 0.0, 0.0, 0.0, 0.0, 0.0, 0.0, 0.0, 0.0, 0.0, 0.0, 0.0, 0.0, 0.0, 0.0, 0.0, 0.0, 0.0, 0.0, 0.0]","[9, 22]"
kdv,400×601,0.1,27.44573823432411,2,WSINDy,0.003660615607413336,0.004091558953602248,True,True,2,0,0,1.0,1.0,1.0,1.0,True,MSTLS support stable,4,0.009519957995507866,0.13172812497941777,"[0.0, 0.0, 0.0, 0.0, 0.0, 0.0, 0.0, 0.0, 0.0, -0.49990367445434924, 0.0, 0.0, 0.0, 0.0, 0.0, 0.0, 0.0, 0.0, 0.0, 0.0, 0.0, 0.0, -0.9959084410463978, 0.0, 0.0, 0.0, 0.0, 0.0, 0.0, 0.0, 0.0, 0.0, 0.0, 0.0, 0.0, 0.0, 0.0, 0.0, 0.0, 0.0, 0.0, 0.0, 0.0, 0.0, 0.0, 0.0, 0.0, 0.0, 0.0]","[9, 22]"
kdv,400×601,0.1,27.44573823432411,3,WSINDy,0.0008907537234094639,0.000995111504137336,True,True,2,0,0,1.0,1.0,1.0,1.0,True,MSTLS support stable,4,0.009022041980642825,0.12977391696767882,"[0.0, 0.0, 0.0, 0.0, 0.0, 0.0, 0.0, 0.0, 0.0, -0.4999605558744132, 0.0, 0.0, 0.0, 0.0, 0.0, 0.0, 0.0, 0.0, 0.0, 0.0, 0.0, 0.0, -1.0009951115041373, 0.0, 0.0, 0.0, 0.0, 0.0, 0.0, 0.0, 0.0, 0.0, 0.0, 0.0, 0.0, 0.0, 0.0, 0.0, 0.0, 0.0, 0.0, 0.0, 0.0, 0.0, 0.0, 0.0, 0.0, 0.0, 0.0]","[9, 22]"
kdv,400×601,0.1,27.44573823432411,4,WSINDy,0.007552286670899556,0.008441900866185015,True,True,2,0,0,1.0,1.0,1.0,1.0,True,MSTLS support stable,6,0.010729083005571738,0.13277829199796543,"[0.0, 0.0, 0.0, 0.0, 0.0, 0.0, 0.0, 0.0, 0.0, -0.49982506511264596, 0.0, 0.0, 0.0, 0.0, 0.0, 0.0, 0.0, 0.0, 0.0, 0.0, 0.0, 0.0, -0.991558099133815, 0.0, 0.0, 0.0, 0.0, 0.0, 0.0, 0.0, 0.0, 0.0, 0.0, 0.0, 0.0, 0.0, 0.0, 0.0, 0.0, 0.0, 0.0, 0.0, 0.0, 0.0, 0.0, 0.0, 0.0, 0.0, 0.0]","[9, 22]"
kdv,400×601,0.1,27.44573823432411,5,WSINDy,0.0019375022099689678,0.0021549950428003672,True,True,2,0,0,1.0,1.0,1.0,1.0,True,MSTLS support stable,4,0.009538292011711746,0.1295791250304319,"[0.0, 0.0, 0.0, 0.0, 0.0, 0.0, 0.0, 0.0, 0.0, -0.4997800229954083, 0.0, 0.0, 0.0, 0.0, 0.0, 0.0, 0.0, 0.0, 0.0, 0.0, 0.0, 0.0, -1.0021549950428004, 0.0, 0.0, 0.0, 0.0, 0.0, 0.0, 0.0, 0.0, 0.0, 0.0, 0.0, 0.0, 0.0, 0.0, 0.0, 0.0, 0.0, 0.0, 0.0, 0.0, 0.0, 0.0, 0.0, 0.0, 0.0, 0.0]","[9, 22]"
kdv,400×601,0.1,27.44573823432411,6,WSINDy,0.004383460440414372,0.004900090423677228,True,True,2,0,0,1.0,1.0,1.0,1.0,True,MSTLS support stable,4,0.01036100002238527,0.13880866602994502,"[0.0, 0.0, 0.0, 0.0, 0.0, 0.0, 0.0, 0.0, 0.0, -0.49991327843039973, 0.0, 0.0, 0.0, 0.0, 0.0, 0.0, 0.0, 0.0, 0.0, 0.0, 0.0, 0.0, -0.9950999095763228, 0.0, 0.0, 0.0, 0.0, 0.0, 0.0, 0.0, 0.0, 0.0, 0.0, 0.0, 0.0, 0.0, 0.0, 0.0, 0.0, 0.0, 0.0, 0.0, 0.0, 0.0, 0.0, 0.0, 0.0, 0.0, 0.0]","[9, 22]"
kdv,400×601,0.1,27.44573823432411,7,WSINDy,0.005349219948359559,0.0059805407482445005,True,True,2,0,0,1.0,1.0,1.0,1.0,True,MSTLS support stable,5,0.010138125013327226,0.1326539579895325,"[0.0, 0.0, 0.0, 0.0, 0.0, 0.0, 0.0, 0.0, 0.0, -0.5000287215684969, 0.0, 0.0, 0.0, 0.0, 0.0, 0.0, 0.0, 0.0, 0.0, 0.0, 0.0, 0.0, -1.0059805407482445, 0.0, 0.0, 0.0, 0.0, 0.0, 0.0, 0.0, 0.0, 0.0, 0.0, 0.0, 0.0, 0.0, 0.0, 0.0, 0.0, 0.0, 0.0, 0.0, 0.0, 0.0, 0.0, 0.0, 0.0, 0.0, 0.0]","[9, 22]"
kdv,400×601,0.1,27.44573823432411,8,WSINDy,0.0007131760668531208,0.0008656084065034042,True,True,2,0,0,1.0,1.0,1.0,1.0,True,MSTLS support stable,5,0.010064166010124609,0.12972370799980126,"[0.0, 0.0, 0.0, 0.0, 0.0, 0.0, 0.0, 0.0, 0.0, -0.4995671957967483, 0.0, 0.0, 0.0, 0.0, 0.0, 0.0, 0.0, 0.0, 0.0, 0.0, 0.0, 0.0, -1.0006696683130945, 0.0, 0.0, 0.0, 0.0, 0.0, 0.0, 0.0, 0.0, 0.0, 0.0, 0.0, 0.0, 0.0, 0.0, 0.0, 0.0, 0.0, 0.0, 0.0, 0.0, 0.0, 0.0, 0.0, 0.0, 0.0, 0.0]","[9, 22]"
kdv,400×601,0.1,27.44573823432411,9,WSINDy,0.003147261893328107,0.0035180884989712835,True,True,2,0,0,1.0,1.0,1.0,1.0,True,MSTLS support stable,4,0.010596666019409895,0.13300445702043362,"[0.0, 0.0, 0.0, 0.0, 0.0, 0.0, 0.0, 0.0, 0.0, -0.49993199194974114, 0.0, 0.0, 0.0, 0.0, 0.0, 0.0, 0.0, 0.0, 0.0, 0.0, 0.0, 0.0, -0.9964819115010287, 0.0, 0.0, 0.0, 0.0, 0.0, 0.0, 0.0, 0.0, 0.0, 0.0, 0.0, 0.0, 0.0, 0.0, 0.0, 0.0, 0.0, 0.0, 0.0, 0.0, 0.0, 0.0, 0.0, 0.0, 0.0, 0.0]","[9, 22]"
kdv,400×601,0.1,27.44573823432411,10,WSINDy,0.0009568940762840954,0.0010476855274996755,True,True,2,0,0,1.0,1.0,1.0,1.0,True,MSTLS support stable,4,0.009439749992452562,0.1292737500043586,"[0.0, 0.0, 0.0, 0.0, 0.0, 0.0, 0.0, 0.0, 0.0, -0.49978340619352757, 0.0, 0.0, 0.0, 0.0, 0.0, 0.0, 0.0, 0.0, 0.0, 0.0, 0.0, 0.0, -0.9989523144725003, 0.0, 0.0, 0.0, 0.0, 0.0, 0.0, 0.0, 0.0, 0.0, 0.0, 0.0, 0.0, 0.0, 0.0, 0.0, 0.0, 0.0, 0.0, 0.0, 0.0, 0.0, 0.0, 0.0, 0.0, 0.0, 0.0]","[9, 22]"
kdv,400×601,0.1,27.44573823432411,11,WSINDy,0.004251151435062932,0.004752210591213113,True,True,2,0,0,1.0,1.0,1.0,1.0,True,MSTLS support stable,4,0.008650957985082641,0.14077795800403692,"[0.0, 0.0, 0.0, 0.0, 0.0, 0.0, 0.0, 0.0, 0.0, -0.5000827958426429, 0.0, 0.0, 0.0, 0.0, 0.0, 0.0, 0.0, 0.0, 0.0, 0.0, 0.0, 0.0, -0.9952477894087869, 0.0, 0.0, 0.0, 0.0, 0.0, 0.0, 0.0, 0.0, 0.0, 0.0, 0.0, 0.0, 0.0, 0.0, 0.0, 0.0, 0.0, 0.0, 0.0, 0.0, 0.0, 0.0, 0.0, 0.0, 0.0, 0.0]","[9, 22]"
kdv,400×601,0.1,27.44573823432411,12,WSINDy,0.002369543063044091,0.0026489637753461803,True,True,2,0,0,1.0,1.0,1.0,1.0,True,MSTLS support stable,5,0.01029462501173839,0.13158016701345332,"[0.0, 0.0, 0.0, 0.0, 0.0, 0.0, 0.0, 0.0, 0.0, -0.500037534336669, 0.0, 0.0, 0.0, 0.0, 0.0, 0.0, 0.0, 0.0, 0.0, 0.0, 0.0, 0.0, -0.9973510362246538, 0.0, 0.0, 0.0, 0.0, 0.0, 0.0, 0.0, 0.0, 0.0, 0.0, 0.0, 0.0, 0.0, 0.0, 0.0, 0.0, 0.0, 0.0, 0.0, 0.0, 0.0, 0.0, 0.0, 0.0, 0.0, 0.0]","[9, 22]"
kdv,400×601,0.1,27.44573823432411,13,WSINDy,0.002306672447003039,0.0025787201565463658,True,True,2,0,0,1.0,1.0,1.0,1.0,True,MSTLS support stable,6,0.012496415991336107,0.13528658301220275,"[0.0, 0.0, 0.0, 0.0, 0.0, 0.0, 0.0, 0.0, 0.0, -0.49996646529521194, 0.0, 0.0, 0.0, 0.0, 0.0, 0.0, 0.0, 0.0, 0.0, 0.0, 0.0, 0.0, -1.0025787201565464, 0.0, 0.0, 0.0, 0.0, 0.0, 0.0, 0.0, 0.0, 0.0, 0.0, 0.0, 0.0, 0.0, 0.0, 0.0, 0.0, 0.0, 0.0, 0.0, 0.0, 0.0, 0.0, 0.0, 0.0, 0.0, 0.0]","[9, 22]"
kdv,400×601,0.1,27.44573823432411,14,WSINDy,0.002895757413525951,0.0032359990534918115,True,True,2,0,0,1.0,1.0,1.0,1.0,True,MSTLS support stable,6,0.010573915991699323,0.1336062909977045,"[0.0, 0.0, 0.0, 0.0, 0.0, 0.0, 0.0, 0.0, 0.0, -0.5001003686867914, 0.0, 0.0, 0.0, 0.0, 0.0, 0.0, 0.0, 0.0, 0.0, 0.0, 0.0, 0.0, -0.9967640009465082, 0.0, 0.0, 0.0, 0.0, 0.0, 0.0, 0.0, 0.0, 0.0, 0.0, 0.0, 0.0, 0.0, 0.0, 0.0, 0.0, 0.0, 0.0, 0.0, 0.0, 0.0, 0.0, 0.0, 0.0, 0.0, 0.0]","[9, 22]"
kdv,400×601,0.1,27.44573823432411,15,WSINDy,0.006109174725521771,0.006822374824374089,True,True,2,0,0,1.0,1.0,1.0,1.0,True,MSTLS support stable,4,0.009664042008807883,0.13285425101639703,"[0.0, 0.0, 0.0, 0.0, 0.0, 0.0, 0.0, 0.0, 0.0, -0.49967179040318854, 0.0, 0.0, 0.0, 0.0, 0.0, 0.0, 0.0, 0.0, 0.0, 0.0, 0.0, 0.0, -0.9931776251756259, 0.0, 0.0, 0.0, 0.0, 0.0, 0.0, 0.0, 0.0, 0.0, 0.0, 0.0, 0.0, 0.0, 0.0, 0.0, 0.0, 0.0, 0.0, 0.0, 0.0, 0.0, 0.0, 0.0, 0.0, 0.0, 0.0]","[9, 22]"
kdv,400×601,0.1,27.44573823432411,16,WSINDy,0.00663477581268863,0.007412942654879795,True,True,2,0,0,1.0,1.0,1.0,1.0,True,MSTLS support stable,5,0.009359332994790748,0.13203079102095217,"[0.0, 0.0, 0.0, 0.0, 0.0, 0.0, 0.0, 0.0, 0.0, -0.49972871822534254, 0.0, 0.0, 0.0, 0.0, 0.0, 0.0, 0.0, 0.0, 0.0, 0.0, 0.0, 0.0, -0.9925870573451202, 0.0, 0.0, 0.0, 0.0, 0.0, 0.0, 0.0, 0.0, 0.0, 0.0, 0.0, 0.0, 0.0, 0.0, 0.0, 0.0, 0.0, 0.0, 0.0, 0.0, 0.0, 0.0, 0.0, 0.0, 0.0, 0.0]","[9, 22]"
kdv,400×601,0.1,27.44573823432411,17,WSINDy,0.0002207617258299184,0.0003181203657766085,True,True,2,0,0,1.0,1.0,1.0,1.0,True,MSTLS support stable,4,0.010686583002097905,0.13341487498837523,"[0.0, 0.0, 0.0, 0.0, 0.0, 0.0, 0.0, 0.0, 0.0, -0.4998409398171117, 0.0, 0.0, 0.0, 0.0, 0.0, 0.0, 0.0, 0.0, 0.0, 0.0, 0.0, 0.0, -0.9998112686228822, 0.0, 0.0, 0.0, 0.0, 0.0, 0.0, 0.0, 0.0, 0.0, 0.0, 0.0, 0.0, 0.0, 0.0, 0.0, 0.0, 0.0, 0.0, 0.0, 0.0, 0.0, 0.0, 0.0, 0.0, 0.0, 0.0]","[9, 22]"
kdv,400×601,0.1,27.44573823432411,18,WSINDy,0.006149564063564115,0.006866836032746848,True,True,2,0,0,1.0,1.0,1.0,1.0,True,MSTLS support stable,5,0.00994916699710302,0.13175266698817722,"[0.0, 0.0, 0.0, 0.0, 0.0, 0.0, 0.0, 0.0, 0.0, -0.4996565096592064, 0.0, 0.0, 0.0, 0.0, 0.0, 0.0, 0.0, 0.0, 0.0, 0.0, 0.0, 0.0, -0.9931331639672532, 0.0, 0.0, 0.0, 0.0, 0.0, 0.0, 0.0, 0.0, 0.0, 0.0, 0.0, 0.0, 0.0, 0.0, 0.0, 0.0, 0.0, 0.0, 0.0, 0.0, 0.0, 0.0, 0.0, 0.0, 0.0, 0.0]","[9, 22]"
kdv,400×601,0.1,27.44573823432411,19,WSINDy,0.00529743365276753,0.005922612547682338,True,True,2,0,0,1.0,1.0,1.0,1.0,True,MSTLS support stable,4,0.009039750002557412,0.13160937500651926,"[0.0, 0.0, 0.0, 0.0, 0.0, 0.0, 0.0, 0.0, 0.0, -0.49996587168509643, 0.0, 0.0, 0.0, 0.0, 0.0, 0.0, 0.0, 0.0, 0.0, 0.0, 0.0, 0.0, -1.0059226125476823, 0.0, 0.0, 0.0, 0.0, 0.0, 0.0, 0.0, 0.0, 0.0, 0.0, 0.0, 0.0, 0.0, 0.0, 0.0, 0.0, 0.0, 0.0, 0.0, 0.0, 0.0, 0.0, 0.0, 0.0, 0.0, 0.0]","[9, 22]"
kdv,400×601,0.1,27.44573823432411,20,WSINDy,0.011324225831122414,0.012655120899959904,True,True,2,0,0,1.0,1.0,1.0,1.0,True,MSTLS support stable,5,0.010201332974247634,0.13484758298727684,"[0.0, 0.0, 0.0, 0.0, 0.0, 0.0, 0.0, 0.0, 0.0, -0.5003814817822952, 0.0, 0.0, 0.0, 0.0, 0.0, 0.0, 0.0, 0.0, 0.0, 0.0, 0.0, 0.0, -1.01265512089996, 0.0, 0.0, 0.0, 0.0, 0.0, 0.0, 0.0, 0.0, 0.0, 0.0, 0.0, 0.0, 0.0, 0.0, 0.0, 0.0, 0.0, 0.0, 0.0, 0.0, 0.0, 0.0, 0.0, 0.0, 0.0, 0.0]","[9, 22]"
kdv,400×601,0.1,27.44573823432411,21,WSINDy,0.001626826837647929,0.0018188459865422502,True,True,2,0,0,1.0,1.0,1.0,1.0,True,MSTLS support stable,4,0.010366041999077424,0.13601683400338516,"[0.0, 0.0, 0.0, 0.0, 0.0, 0.0, 0.0, 0.0, 0.0, -0.500002495366426, 0.0, 0.0, 0.0, 0.0, 0.0, 0.0, 0.0, 0.0, 0.0, 0.0, 0.0, 0.0, -1.0018188459865423, 0.0, 0.0, 0.0, 0.0, 0.0, 0.0, 0.0, 0.0, 0.0, 0.0, 0.0, 0.0, 0.0, 0.0, 0.0, 0.0, 0.0, 0.0, 0.0, 0.0, 0.0, 0.0, 0.0, 0.0, 0.0, 0.0]","[9, 22]"
kdv,400×601,0.1,27.44573823432411,22,WSINDy,0.0018503875050105312,0.0020506831743897225,True,True,2,0,0,1.0,1.0,1.0,1.0,True,MSTLS support stable,5,0.009404166979948059,0.1307572919758968,"[0.0, 0.0, 0.0, 0.0, 0.0, 0.0, 0.0, 0.0, 0.0, -0.4997268408583833, 0.0, 0.0, 0.0, 0.0, 0.0, 0.0, 0.0, 0.0, 0.0, 0.0, 0.0, 0.0, -0.9979493168256103, 0.0, 0.0, 0.0, 0.0, 0.0, 0.0, 0.0, 0.0, 0.0, 0.0, 0.0, 0.0, 0.0, 0.0, 0.0, 0.0, 0.0, 0.0, 0.0, 0.0, 0.0, 0.0, 0.0, 0.0, 0.0, 0.0]","[9, 22]"
kdv,400×601,0.1,27.44573823432411,23,WSINDy,0.003917045299036232,0.004371863435917556,True,True,2,0,0,1.0,1.0,1.0,1.0,True,MSTLS support stable,6,0.010398999991593882,0.13036366700544022,"[0.0, 0.0, 0.0, 0.0, 0.0, 0.0, 0.0, 0.0, 0.0, -0.500256641658864, 0.0, 0.0, 0.0, 0.0, 0.0, 0.0, 0.0, 0.0, 0.0, 0.0, 0.0, 0.0, -1.0043718634359176, 0.0, 0.0, 0.0, 0.0, 0.0, 0.0, 0.0, 0.0, 0.0, 0.0, 0.0, 0.0, 0.0, 0.0, 0.0, 0.0, 0.0, 0.0, 0.0, 0.0, 0.0, 0.0, 0.0, 0.0, 0.0, 0.0]","[9, 22]"
kdv,400×601,0.1,27.44573823432411,24,WSINDy,0.006697223159580681,0.007476057813068926,True,True,2,0,0,1.0,1.0,1.0,1.0,True,MSTLS support stable,4,0.010104333981871605,0.13194279198069125,"[0.0, 0.0, 0.0, 0.0, 0.0, 0.0, 0.0, 0.0, 0.0, -0.49958219964435047, 0.0, 0.0, 0.0, 0.0, 0.0, 0.0, 0.0, 0.0, 0.0, 0.0, 0.0, 0.0, -0.9925239421869311, 0.0, 0.0, 0.0, 0.0, 0.0, 0.0, 0.0, 0.0, 0.0, 0.0, 0.0, 0.0, 0.0, 0.0, 0.0, 0.0, 0.0, 0.0, 0.0, 0.0, 0.0, 0.0, 0.0, 0.0, 0.0, 0.0]","[9, 22]"
kdv,400×601,0.1,27.44573823432411,25,WSINDy,0.007137812988096015,0.007978953945851575,True,True,2,0,0,1.0,1.0,1.0,1.0,True,MSTLS support stable,5,0.010076915990794078,0.1323717079940252,"[0.0, 0.0, 0.0, 0.0, 0.0, 0.0, 0.0, 0.0, 0.0, -0.4998524813697535, 0.0, 0.0, 0.0, 0.0, 0.0, 0.0, 0.0, 0.0, 0.0, 0.0, 0.0, 0.0, -0.9920210460541484, 0.0, 0.0, 0.0, 0.0, 0.0, 0.0, 0.0, 0.0, 0.0, 0.0, 0.0, 0.0, 0.0, 0.0, 0.0, 0.0, 0.0, 0.0, 0.0, 0.0, 0.0, 0.0, 0.0, 0.0, 0.0, 0.0]","[9, 22]"
kdv,400×601,0.1,27.44573823432411,26,WSINDy,0.0010615237511599086,0.001184675158543591,True,True,2,0,0,1.0,1.0,1.0,1.0,True,MSTLS support stable,4,0.010221999982604757,0.13338529199245386,"[0.0, 0.0, 0.0, 0.0, 0.0, 0.0, 0.0, 0.0, 0.0, -0.5000713134740107, 0.0, 0.0, 0.0, 0.0, 0.0, 0.0, 0.0, 0.0, 0.0, 0.0, 0.0, 0.0, -1.0011846751585436, 0.0, 0.0, 0.0, 0.0, 0.0, 0.0, 0.0, 0.0, 0.0, 0.0, 0.0, 0.0, 0.0, 0.0, 0.0, 0.0, 0.0, 0.0, 0.0, 0.0, 0.0, 0.0, 0.0, 0.0, 0.0, 0.0]","[9, 22]"
kdv,400×601,0.1,27.44573823432411,27,WSINDy,0.00491352023112507,0.005490157468014956,True,True,2,0,0,1.0,1.0,1.0,1.0,True,MSTLS support stable,5,0.010098875005496666,0.13107654100167565,"[0.0, 0.0, 0.0, 0.0, 0.0, 0.0, 0.0, 0.0, 0.0, -0.4998088919062577, 0.0, 0.0, 0.0, 0.0, 0.0, 0.0, 0.0, 0.0, 0.0, 0.0, 0.0, 0.0, -0.994509842531985, 0.0, 0.0, 0.0, 0.0, 0.0, 0.0, 0.0, 0.0, 0.0, 0.0, 0.0, 0.0, 0.0, 0.0, 0.0, 0.0, 0.0, 0.0, 0.0, 0.0, 0.0, 0.0, 0.0, 0.0, 0.0, 0.0]","[9, 22]"
kdv,400×601,0.1,27.44573823432411,28,WSINDy,0.009634396333691416,0.010768201520296339,True,True,2,0,0,1.0,1.0,1.0,1.0,True,MSTLS support stable,4,0.009834583004703745,0.13236687402240932,"[0.0, 0.0, 0.0, 0.0, 0.0, 0.0, 0.0, 0.0, 0.0, -0.5002698646171617, 0.0, 0.0, 0.0, 0.0, 0.0, 0.0, 0.0, 0.0, 0.0, 0.0, 0.0, 0.0, -1.0107682015202963, 0.0, 0.0, 0.0, 0.0, 0.0, 0.0, 0.0, 0.0, 0.0, 0.0, 0.0, 0.0, 0.0, 0.0, 0.0, 0.0, 0.0, 0.0, 0.0, 0.0, 0.0, 0.0, 0.0, 0.0, 0.0, 0.0]","[9, 22]"
kdv,400×601,0.1,27.44573823432411,29,WSINDy,0.002528393171238945,0.0028024430409880896,True,True,2,0,0,1.0,1.0,1.0,1.0,True,MSTLS support stable,4,0.012777166994055733,0.13800249999621883,"[0.0, 0.0, 0.0, 0.0, 0.0, 0.0, 0.0, 0.0, 0.0, -0.49962948949073327, 0.0, 0.0, 0.0, 0.0, 0.0, 0.0, 0.0, 0.0, 0.0, 0.0, 0.0, 0.0, -0.9971975569590119, 0.0, 0.0, 0.0, 0.0, 0.0, 0.0, 0.0, 0.0, 0.0, 0.0, 0.0, 0.0, 0.0, 0.0, 0.0, 0.0, 0.0, 0.0, 0.0, 0.0, 0.0, 0.0, 0.0, 0.0, 0.0, 0.0]","[9, 22]"
kdv,400×601,0.1,27.44573823432411,30,WSINDy,0.003717259581912848,0.004148395791213733,True,True,2,0,0,1.0,1.0,1.0,1.0,True,MSTLS support stable,5,0.009666124999057502,0.1330945410009008,"[0.0, 0.0, 0.0, 0.0, 0.0, 0.0, 0.0, 0.0, 0.0, -0.4997483338350239, 0.0, 0.0, 0.0, 0.0, 0.0, 0.0, 0.0, 0.0, 0.0, 0.0, 0.0, 0.0, -0.9958516042087863, 0.0, 0.0, 0.0, 0.0, 0.0, 0.0, 0.0, 0.0, 0.0, 0.0, 0.0, 0.0, 0.0, 0.0, 0.0, 0.0, 0.0, 0.0, 0.0, 0.0, 0.0, 0.0, 0.0, 0.0, 0.0, 0.0]","[9, 22]"
kdv,400×601,0.1,27.44573823432411,31,WSINDy,0.0024821668217854943,0.002774526393015231,True,True,2,0,0,1.0,1.0,1.0,1.0,True,MSTLS support stable,4,0.010324041999410838,0.1330217919894494,"[0.0, 0.0, 0.0, 0.0, 0.0, 0.0, 0.0, 0.0, 0.0, -0.50005868098864, 0.0, 0.0, 0.0, 0.0, 0.0, 0.0, 0.0, 0.0, 0.0, 0.0, 0.0, 0.0, -0.9972254736069848, 0.0, 0.0, 0.0, 0.0, 0.0, 0.0, 0.0, 0.0, 0.0, 0.0, 0.0, 0.0, 0.0, 0.0, 0.0, 0.0, 0.0, 0.0, 0.0, 0.0, 0.0, 0.0, 0.0, 0.0, 0.0, 0.0]","[9, 22]"
kdv,400×601,0.1,27.44573823432411,32,WSINDy,0.003066697553996974,0.003428671972481867,True,True,2,0,0,1.0,1.0,1.0,1.0,True,MSTLS support stable,4,0.008955500001320615,0.13115487497998402,"[0.0, 0.0, 0.0, 0.0, 0.0, 0.0, 0.0, 0.0, 0.0, -0.50000092990918, 0.0, 0.0, 0.0, 0.0, 0.0, 0.0, 0.0, 0.0, 0.0, 0.0, 0.0, 0.0, -1.0034286719724819, 0.0, 0.0, 0.0, 0.0, 0.0, 0.0, 0.0, 0.0, 0.0, 0.0, 0.0, 0.0, 0.0, 0.0, 0.0, 0.0, 0.0, 0.0, 0.0, 0.0, 0.0, 0.0, 0.0, 0.0, 0.0, 0.0]","[9, 22]"
kdv,400×601,0.1,27.44573823432411,33,WSINDy,0.005417413103601968,0.006056807944523679,True,True,2,0,0,1.0,1.0,1.0,1.0,True,MSTLS support stable,4,0.01029608299722895,0.1340386249939911,"[0.0, 0.0, 0.0, 0.0, 0.0, 0.0, 0.0, 0.0, 0.0, -0.5000230963634094, 0.0, 0.0, 0.0, 0.0, 0.0, 0.0, 0.0, 0.0, 0.0, 0.0, 0.0, 0.0, -0.9939431920554763, 0.0, 0.0, 0.0, 0.0, 0.0, 0.0, 0.0, 0.0, 0.0, 0.0, 0.0, 0.0, 0.0, 0.0, 0.0, 0.0, 0.0, 0.0, 0.0, 0.0, 0.0, 0.0, 0.0, 0.0, 0.0, 0.0]","[9, 22]"
kdv,400×601,0.1,27.44573823432411,34,WSINDy,0.005559273199941085,0.00620978719533638,True,True,2,0,0,1.0,1.0,1.0,1.0,True,MSTLS support stable,5,0.010427792003611103,0.13240916698123328,"[0.0, 0.0, 0.0, 0.0, 0.0, 0.0, 0.0, 0.0, 0.0, -0.5002654074756206, 0.0, 0.0, 0.0, 0.0, 0.0, 0.0, 0.0, 0.0, 0.0, 0.0, 0.0, 0.0, -1.0062097871953364, 0.0, 0.0, 0.0, 0.0, 0.0, 0.0, 0.0, 0.0, 0.0, 0.0, 0.0, 0.0, 0.0, 0.0, 0.0, 0.0, 0.0, 0.0, 0.0, 0.0, 0.0, 0.0, 0.0, 0.0, 0.0, 0.0]","[9, 22]"
kdv,400×601,0.1,27.44573823432411,35,WSINDy,0.0016442893765692306,0.001837849100222666,True,True,2,0,0,1.0,1.0,1.0,1.0,True,MSTLS support stable,6,0.010517375019844621,0.1316356250026729,"[0.0, 0.0, 0.0, 0.0, 0.0, 0.0, 0.0, 0.0, 0.0, -0.499956180744144, 0.0, 0.0, 0.0, 0.0, 0.0, 0.0, 0.0, 0.0, 0.0, 0.0, 0.0, 0.0, -0.9981621508997773, 0.0, 0.0, 0.0, 0.0, 0.0, 0.0, 0.0, 0.0, 0.0, 0.0, 0.0, 0.0, 0.0, 0.0, 0.0, 0.0, 0.0, 0.0, 0.0, 0.0, 0.0, 0.0, 0.0, 0.0, 0.0, 0.0]","[9, 22]"
kdv,400×601,0.1,27.44573823432411,36,WSINDy,0.00337344439672064,0.0037674731273542594,True,True,2,0,0,1.0,1.0,1.0,1.0,True,MSTLS support stable,4,0.010905667004408315,0.1362598339910619,"[0.0, 0.0, 0.0, 0.0, 0.0, 0.0, 0.0, 0.0, 0.0, -0.4998230675075887, 0.0, 0.0, 0.0, 0.0, 0.0, 0.0, 0.0, 0.0, 0.0, 0.0, 0.0, 0.0, -1.0037674731273543, 0.0, 0.0, 0.0, 0.0, 0.0, 0.0, 0.0, 0.0, 0.0, 0.0, 0.0, 0.0, 0.0, 0.0, 0.0, 0.0, 0.0, 0.0, 0.0, 0.0, 0.0, 0.0, 0.0, 0.0, 0.0, 0.0]","[9, 22]"
kdv,400×601,0.1,27.44573823432411,37,WSINDy,0.00012438619046848835,0.00019573121983040842,True,True,2,0,0,1.0,1.0,1.0,1.0,True,MSTLS support stable,4,0.010468583990586922,0.1373068339889869,"[0.0, 0.0, 0.0, 0.0, 0.0, 0.0, 0.0, 0.0, 0.0, -0.5000978656099152, 0.0, 0.0, 0.0, 0.0, 0.0, 0.0, 0.0, 0.0, 0.0, 0.0, 0.0, 0.0, -0.9999011960128841, 0.0, 0.0, 0.0, 0.0, 0.0, 0.0, 0.0, 0.0, 0.0, 0.0, 0.0, 0.0, 0.0, 0.0, 0.0, 0.0, 0.0, 0.0, 0.0, 0.0, 0.0, 0.0, 0.0, 0.0, 0.0, 0.0]","[9, 22]"
kdv,400×601,0.1,27.44573823432411,38,WSINDy,0.0016656370320457712,0.0018610908143792404,True,True,2,0,0,1.0,1.0,1.0,1.0,True,MSTLS support stable,4,0.01301820800290443,0.13561999902594835,"[0.0, 0.0, 0.0, 0.0, 0.0, 0.0, 0.0, 0.0, 0.0, -0.5000653787716772, 0.0, 0.0, 0.0, 0.0, 0.0, 0.0, 0.0, 0.0, 0.0, 0.0, 0.0, 0.0, -1.0018610908143792, 0.0, 0.0, 0.0, 0.0, 0.0, 0.0, 0.0, 0.0, 0.0, 0.0, 0.0, 0.0, 0.0, 0.0, 0.0, 0.0, 0.0, 0.0, 0.0, 0.0, 0.0, 0.0, 0.0, 0.0, 0.0, 0.0]","[9, 22]"
kdv,400×601,0.1,27.44573823432411,39,WSINDy,0.0009772312829767788,0.001068629506872032,True,True,2,0,0,1.0,1.0,1.0,1.0,True,MSTLS support stable,4,0.010235416993964463,0.13389137599733658,"[0.0, 0.0, 0.0, 0.0, 0.0, 0.0, 0.0, 0.0, 0.0, -0.49977249790643163, 0.0, 0.0, 0.0, 0.0, 0.0, 0.0, 0.0, 0.0, 0.0, 0.0, 0.0, 0.0, -0.998931370493128, 0.0, 0.0, 0.0, 0.0, 0.0, 0.0, 0.0, 0.0, 0.0, 0.0, 0.0, 0.0, 0.0, 0.0, 0.0, 0.0, 0.0, 0.0, 0.0, 0.0, 0.0, 0.0, 0.0, 0.0, 0.0, 0.0]","[9, 22]"
kdv,400×601,0.1,27.44573823432411,40,WSINDy,0.0011911771482524317,0.0013314032363047623,True,True,2,0,0,1.0,1.0,1.0,1.0,True,MSTLS support stable,4,0.010399791004601866,0.13236170701566152,"[0.0, 0.0, 0.0, 0.0, 0.0, 0.0, 0.0, 0.0, 0.0, -0.5000315304694811, 0.0, 0.0, 0.0, 0.0, 0.0, 0.0, 0.0, 0.0, 0.0, 0.0, 0.0, 0.0, -1.0013314032363048, 0.0, 0.0, 0.0, 0.0, 0.0, 0.0, 0.0, 0.0, 0.0, 0.0, 0.0, 0.0, 0.0, 0.0, 0.0, 0.0, 0.0, 0.0, 0.0, 0.0, 0.0, 0.0, 0.0, 0.0, 0.0, 0.0]","[9, 22]"
kdv,400×601,0.1,27.44573823432411,41,WSINDy,0.003738153924750603,0.004159244761604564,True,True,2,0,0,1.0,1.0,1.0,1.0,True,MSTLS support stable,4,0.009525667002890259,0.13147454199497588,"[0.0, 0.0, 0.0, 0.0, 0.0, 0.0, 0.0, 0.0, 0.0, -0.5004097883227661, 0.0, 0.0, 0.0, 0.0, 0.0, 0.0, 0.0, 0.0, 0.0, 0.0, 0.0, 0.0, -1.0041592447616046, 0.0, 0.0, 0.0, 0.0, 0.0, 0.0, 0.0, 0.0, 0.0, 0.0, 0.0, 0.0, 0.0, 0.0, 0.0, 0.0, 0.0, 0.0, 0.0, 0.0, 0.0, 0.0, 0.0, 0.0, 0.0, 0.0]","[9, 22]"
kdv,400×601,0.1,27.44573823432411,42,WSINDy,0.00409842986945875,0.004581530723094529,True,True,2,0,0,1.0,1.0,1.0,1.0,True,MSTLS support stable,5,0.011367625003913417,0.13384104100987315,"[0.0, 0.0, 0.0, 0.0, 0.0, 0.0, 0.0, 0.0, 0.0, -0.5000773658641166, 0.0, 0.0, 0.0, 0.0, 0.0, 0.0, 0.0, 0.0, 0.0, 0.0, 0.0, 0.0, -1.0045815307230945, 0.0, 0.0, 0.0, 0.0, 0.0, 0.0, 0.0, 0.0, 0.0, 0.0, 0.0, 0.0, 0.0, 0.0, 0.0, 0.0, 0.0, 0.0, 0.0, 0.0, 0.0, 0.0, 0.0, 0.0, 0.0, 0.0]","[9, 22]"
kdv,400×601,0.1,27.44573823432411,43,WSINDy,0.0008395294457071808,0.0009224446723812285,True,True,2,0,0,1.0,1.0,1.0,1.0,True,MSTLS support stable,4,0.012069916992913932,0.13527029199758545,"[0.0, 0.0, 0.0, 0.0, 0.0, 0.0, 0.0, 0.0, 0.0, -0.49982648360550874, 0.0, 0.0, 0.0, 0.0, 0.0, 0.0, 0.0, 0.0, 0.0, 0.0, 0.0, 0.0, -0.9990775553276188, 0.0, 0.0, 0.0, 0.0, 0.0, 0.0, 0.0, 0.0, 0.0, 0.0, 0.0, 0.0, 0.0, 0.0, 0.0, 0.0, 0.0, 0.0, 0.0, 0.0, 0.0, 0.0, 0.0, 0.0, 0.0, 0.0]","[9, 22]"
kdv,400×601,0.1,27.44573823432411,44,WSINDy,0.0015699471021013128,0.0017422624130652986,True,True,2,0,0,1.0,1.0,1.0,1.0,True,MSTLS support stable,6,0.010432625014800578,0.13196741600404494,"[0.0, 0.0, 0.0, 0.0, 0.0, 0.0, 0.0, 0.0, 0.0, -0.499786835595689, 0.0, 0.0, 0.0, 0.0, 0.0, 0.0, 0.0, 0.0, 0.0, 0.0, 0.0, 0.0, -0.9982577375869347, 0.0, 0.0, 0.0, 0.0, 0.0, 0.0, 0.0, 0.0, 0.0, 0.0, 0.0, 0.0, 0.0, 0.0, 0.0, 0.0, 0.0, 0.0, 0.0, 0.0, 0.0, 0.0, 0.0, 0.0, 0.0, 0.0]","[9, 22]"
kdv,400×601,0.1,27.44573823432411,45,WSINDy,0.0033644268238593065,0.0037606906403413465,True,True,2,0,0,1.0,1.0,1.0,1.0,True,MSTLS support stable,5,0.009844457992585376,0.13329637396964245,"[0.0, 0.0, 0.0, 0.0, 0.0, 0.0, 0.0, 0.0, 0.0, -0.49991990178510715, 0.0, 0.0, 0.0, 0.0, 0.0, 0.0, 0.0, 0.0, 0.0, 0.0, 0.0, 0.0, -1.0037606906403413, 0.0, 0.0, 0.0, 0.0, 0.0, 0.0, 0.0, 0.0, 0.0, 0.0, 0.0, 0.0, 0.0, 0.0, 0.0, 0.0, 0.0, 0.0, 0.0, 0.0, 0.0, 0.0, 0.0, 0.0, 0.0, 0.0]","[9, 22]"
kdv,400×601,0.1,27.44573823432411,46,WSINDy,0.0007254817182922649,0.0008028072453181156,True,True,2,0,0,1.0,1.0,1.0,1.0,True,MSTLS support stable,5,0.01008920802269131,0.13204816600773484,"[0.0, 0.0, 0.0, 0.0, 0.0, 0.0, 0.0, 0.0, 0.0, -0.500115780746824, 0.0, 0.0, 0.0, 0.0, 0.0, 0.0, 0.0, 0.0, 0.0, 0.0, 0.0, 0.0, -1.0008028072453181, 0.0, 0.0, 0.0, 0.0, 0.0, 0.0, 0.0, 0.0, 0.0, 0.0, 0.0, 0.0, 0.0, 0.0, 0.0, 0.0, 0.0, 0.0, 0.0, 0.0, 0.0, 0.0, 0.0, 0.0, 0.0, 0.0]","[9, 22]"
kdv,400×601,0.1,27.44573823432411,47,WSINDy,0.001804247724361176,0.0020162725598942277,True,True,2,0,0,1.0,1.0,1.0,1.0,True,MSTLS support stable,5,0.010268208978231996,0.13041695900028571,"[0.0, 0.0, 0.0, 0.0, 0.0, 0.0, 0.0, 0.0, 0.0, -0.5000615002259807, 0.0, 0.0, 0.0, 0.0, 0.0, 0.0, 0.0, 0.0, 0.0, 0.0, 0.0, 0.0, -1.0020162725598942, 0.0, 0.0, 0.0, 0.0, 0.0, 0.0, 0.0, 0.0, 0.0, 0.0, 0.0, 0.0, 0.0, 0.0, 0.0, 0.0, 0.0, 0.0, 0.0, 0.0, 0.0, 0.0, 0.0, 0.0, 0.0, 0.0]","[9, 22]"
kdv,400×601,0.1,27.44573823432411,48,WSINDy,0.0033547462327367427,0.003749569102950323,True,True,2,0,0,1.0,1.0,1.0,1.0,True,MSTLS support stable,6,0.010582207993138582,0.13259491699864157,"[0.0, 0.0, 0.0, 0.0, 0.0, 0.0, 0.0, 0.0, 0.0, -0.5000929214710227, 0.0, 0.0, 0.0, 0.0, 0.0, 0.0, 0.0, 0.0, 0.0, 0.0, 0.0, 0.0, -1.0037495691029503, 0.0, 0.0, 0.0, 0.0, 0.0, 0.0, 0.0, 0.0, 0.0, 0.0, 0.0, 0.0, 0.0, 0.0, 0.0, 0.0, 0.0, 0.0, 0.0, 0.0, 0.0, 0.0, 0.0, 0.0, 0.0, 0.0]","[9, 22]"
kdv,400×601,0.1,27.44573823432411,49,WSINDy,0.00656391367608042,0.00733175359942051,True,True,2,0,0,1.0,1.0,1.0,1.0,True,MSTLS support stable,5,0.009977125009754673,0.1302670000004582,"[0.0, 0.0, 0.0, 0.0, 0.0, 0.0, 0.0, 0.0, 0.0, -0.49968126407297125, 0.0, 0.0, 0.0, 0.0, 0.0, 0.0, 0.0, 0.0, 0.0, 0.0, 0.0, 0.0, -0.9926682464005795, 0.0, 0.0, 0.0, 0.0, 0.0, 0.0, 0.0, 0.0, 0.0, 0.0, 0.0, 0.0, 0.0, 0.0, 0.0, 0.0, 0.0, 0.0, 0.0, 0.0, 0.0, 0.0, 0.0, 0.0, 0.0, 0.0]","[9, 22]"
kdv,400×601,0.1,27.44573823432411,50,WSINDy,0.00401890540310384,0.004488345313721331,True,True,2,0,0,1.0,1.0,1.0,1.0,True,MSTLS support stable,5,0.01066729100421071,0.13098958300543018,"[0.0, 0.0, 0.0, 0.0, 0.0, 0.0, 0.0, 0.0, 0.0, -0.49978962618112677, 0.0, 0.0, 0.0, 0.0, 0.0, 0.0, 0.0, 0.0, 0.0, 0.0, 0.0, 0.0, -0.9955116546862787, 0.0, 0.0, 0.0, 0.0, 0.0, 0.0, 0.0, 0.0, 0.0, 0.0, 0.0, 0.0, 0.0, 0.0, 0.0, 0.0, 0.0, 0.0, 0.0, 0.0, 0.0, 0.0, 0.0, 0.0, 0.0, 0.0]","[9, 22]"
kdv,400×601,0.1,27.44573823432411,51,WSINDy,0.0010741921634288693,0.00120019095124424,True,True,2,0,0,1.0,1.0,1.0,1.0,True,MSTLS support stable,4,0.008944792003603652,0.1308778750244528,"[0.0, 0.0, 0.0, 0.0, 0.0, 0.0, 0.0, 0.0, 0.0, -0.5000436197835442, 0.0, 0.0, 0.0, 0.0, 0.0, 0.0, 0.0, 0.0, 0.0, 0.0, 0.0, 0.0, -1.0012001909512442, 0.0, 0.0, 0.0, 0.0, 0.0, 0.0, 0.0, 0.0, 0.0, 0.0, 0.0, 0.0, 0.0, 0.0, 0.0, 0.0, 0.0, 0.0, 0.0, 0.0, 0.0, 0.0, 0.0, 0.0, 0.0, 0.0]","[9, 22]"
kdv,400×601,0.1,27.44573823432411,52,WSINDy,0.002409815295052997,0.002692725083121017,True,True,2,0,0,1.0,1.0,1.0,1.0,True,MSTLS support stable,5,0.010615208011586219,0.13045083300676197,"[0.0, 0.0, 0.0, 0.0, 0.0, 0.0, 0.0, 0.0, 0.0, -0.5000907954958691, 0.0, 0.0, 0.0, 0.0, 0.0, 0.0, 0.0, 0.0, 0.0, 0.0, 0.0, 0.0, -1.002692725083121, 0.0, 0.0, 0.0, 0.0, 0.0, 0.0, 0.0, 0.0, 0.0, 0.0, 0.0, 0.0, 0.0, 0.0, 0.0, 0.0, 0.0, 0.0, 0.0, 0.0, 0.0, 0.0, 0.0, 0.0, 0.0, 0.0]","[9, 22]"
kdv,400×601,0.1,27.44573823432411,53,WSINDy,0.0031270109064700305,0.0034894382672718827,True,True,2,0,0,1.0,1.0,1.0,1.0,True,MSTLS support stable,4,0.010474666021764278,0.1345728330197744,"[0.0, 0.0, 0.0, 0.0, 0.0, 0.0, 0.0, 0.0, 0.0, -0.5002157940925437, 0.0, 0.0, 0.0, 0.0, 0.0, 0.0, 0.0, 0.0, 0.0, 0.0, 0.0, 0.0, -1.0034894382672719, 0.0, 0.0, 0.0, 0.0, 0.0, 0.0, 0.0, 0.0, 0.0, 0.0, 0.0, 0.0, 0.0, 0.0, 0.0, 0.0, 0.0, 0.0, 0.0, 0.0, 0.0, 0.0, 0.0, 0.0, 0.0, 0.0]","[9, 22]"
kdv,400×601,0.1,27.44573823432411,54,WSINDy,0.004936750075482093,0.005513052828816201,True,True,2,0,0,1.0,1.0,1.0,1.0,True,MSTLS support stable,4,0.009060290991328657,0.13072591598029248,"[0.0, 0.0, 0.0, 0.0, 0.0, 0.0, 0.0, 0.0, 0.0, -0.4997342460886511, 0.0, 0.0, 0.0, 0.0, 0.0, 0.0, 0.0, 0.0, 0.0, 0.0, 0.0, 0.0, -0.9944869471711838, 0.0, 0.0, 0.0, 0.0, 0.0, 0.0, 0.0, 0.0, 0.0, 0.0, 0.0, 0.0, 0.0, 0.0, 0.0, 0.0, 0.0, 0.0, 0.0, 0.0, 0.0, 0.0, 0.0, 0.0, 0.0, 0.0]","[9, 22]"
kdv,400×601,0.1,27.44573823432411,55,WSINDy,0.0013374955289892187,0.0014944807597847554,True,True,2,0,0,1.0,1.0,1.0,1.0,True,MSTLS support stable,5,0.00935141701484099,0.12980979203712195,"[0.0, 0.0, 0.0, 0.0, 0.0, 0.0, 0.0, 0.0, 0.0, -0.49994856925806613, 0.0, 0.0, 0.0, 0.0, 0.0, 0.0, 0.0, 0.0, 0.0, 0.0, 0.0, 0.0, -0.9985055192402152, 0.0, 0.0, 0.0, 0.0, 0.0, 0.0, 0.0, 0.0, 0.0, 0.0, 0.0, 0.0, 0.0, 0.0, 0.0, 0.0, 0.0, 0.0, 0.0, 0.0, 0.0, 0.0, 0.0, 0.0, 0.0, 0.0]","[9, 22]"
kdv,400×601,0.1,27.44573823432411,56,WSINDy,0.006171657922902567,0.0068889481379372786,True,True,2,0,0,1.0,1.0,1.0,1.0,True,MSTLS support stable,5,0.010018333996413276,0.1331367090169806,"[0.0, 0.0, 0.0, 0.0, 0.0, 0.0, 0.0, 0.0, 0.0, -0.500392549932452, 0.0, 0.0, 0.0, 0.0, 0.0, 0.0, 0.0, 0.0, 0.0, 0.0, 0.0, 0.0, -1.0068889481379373, 0.0, 0.0, 0.0, 0.0, 0.0, 0.0, 0.0, 0.0, 0.0, 0.0, 0.0, 0.0, 0.0, 0.0, 0.0, 0.0, 0.0, 0.0, 0.0, 0.0, 0.0, 0.0, 0.0, 0.0, 0.0, 0.0]","[9, 22]"
kdv,400×601,0.1,27.44573823432411,57,WSINDy,0.0007532504523236253,0.000835761829867776,True,True,2,0,0,1.0,1.0,1.0,1.0,True,MSTLS support stable,4,0.009780541993677616,0.12947575098951347,"[0.0, 0.0, 0.0, 0.0, 0.0, 0.0, 0.0, 0.0, 0.0, -0.5001036096937707, 0.0, 0.0, 0.0, 0.0, 0.0, 0.0, 0.0, 0.0, 0.0, 0.0, 0.0, 0.0, -1.0008357618298678, 0.0, 0.0, 0.0, 0.0, 0.0, 0.0, 0.0, 0.0, 0.0, 0.0, 0.0, 0.0, 0.0, 0.0, 0.0, 0.0, 0.0, 0.0, 0.0, 0.0, 0.0, 0.0, 0.0, 0.0, 0.0, 0.0]","[9, 22]"
kdv,400×601,0.1,27.44573823432411,58,WSINDy,0.007284914994351075,0.008142326691880863,True,True,2,0,0,1.0,1.0,1.0,1.0,True,MSTLS support stable,6,0.010477707983227447,0.13032262498745695,"[0.0, 0.0, 0.0, 0.0, 0.0, 0.0, 0.0, 0.0, 0.0, -0.4998000021591721, 0.0, 0.0, 0.0, 0.0, 0.0, 0.0, 0.0, 0.0, 0.0, 0.0, 0.0, 0.0, -0.9918576733081191, 0.0, 0.0, 0.0, 0.0, 0.0, 0.0, 0.0, 0.0, 0.0, 0.0, 0.0, 0.0, 0.0, 0.0, 0.0, 0.0, 0.0, 0.0, 0.0, 0.0, 0.0, 0.0, 0.0, 0.0, 0.0, 0.0]","[9, 22]"
kdv,400×601,0.1,27.44573823432411,59,WSINDy,0.002721389023564258,0.003020804374503472,True,True,2,0,0,1.0,1.0,1.0,1.0,True,MSTLS support stable,6,0.011101749987574294,0.13375079099205323,"[0.0, 0.0, 0.0, 0.0, 0.0, 0.0, 0.0, 0.0, 0.0, -0.5003635776436344, 0.0, 0.0, 0.0, 0.0, 0.0, 0.0, 0.0, 0.0, 0.0, 0.0, 0.0, 0.0, -1.0030208043745035, 0.0, 0.0, 0.0, 0.0, 0.0, 0.0, 0.0, 0.0, 0.0, 0.0, 0.0, 0.0, 0.0, 0.0, 0.0, 0.0, 0.0, 0.0, 0.0, 0.0, 0.0, 0.0, 0.0, 0.0, 0.0, 0.0]","[9, 22]"
kdv,400×601,0.1,27.44573823432411,60,WSINDy,0.004135426422679245,0.0046154463425427394,True,True,2,0,0,1.0,1.0,1.0,1.0,True,MSTLS support stable,6,0.011282040999503806,0.13464812500751577,"[0.0, 0.0, 0.0, 0.0, 0.0, 0.0, 0.0, 0.0, 0.0, -0.5002735775591143, 0.0, 0.0, 0.0, 0.0, 0.0, 0.0, 0.0, 0.0, 0.0, 0.0, 0.0, 0.0, -1.0046154463425427, 0.0, 0.0, 0.0, 0.0, 0.0, 0.0, 0.0, 0.0, 0.0, 0.0, 0.0, 0.0, 0.0, 0.0, 0.0, 0.0, 0.0, 0.0, 0.0, 0.0, 0.0, 0.0, 0.0, 0.0, 0.0, 0.0]","[9, 22]"
kdv,400×601,0.1,27.44573823432411,61,WSINDy,0.0009655087649831798,0.0010774254141148187,True,True,2,0,0,1.0,1.0,1.0,1.0,True,MSTLS support stable,4,0.009976707980968058,0.13451487498241477,"[0.0, 0.0, 0.0, 0.0, 0.0, 0.0, 0.0, 0.0, 0.0, -0.4999335662277626, 0.0, 0.0, 0.0, 0.0, 0.0, 0.0, 0.0, 0.0, 0.0, 0.0, 0.0, 0.0, -0.9989225745858852, 0.0, 0.0, 0.0, 0.0, 0.0, 0.0, 0.0, 0.0, 0.0, 0.0, 0.0, 0.0, 0.0, 0.0, 0.0, 0.0, 0.0, 0.0, 0.0, 0.0, 0.0, 0.0, 0.0, 0.0, 0.0, 0.0]","[9, 22]"
kdv,400×601,0.1,27.44573823432411,62,WSINDy,0.00039961037445672784,0.0004464463189954859,True,True,2,0,0,1.0,1.0,1.0,1.0,True,MSTLS support stable,4,0.009804750006878749,0.1311051250086166,"[0.0, 0.0, 0.0, 0.0, 0.0, 0.0, 0.0, 0.0, 0.0, -0.5000172118700956, 0.0, 0.0, 0.0, 0.0, 0.0, 0.0, 0.0, 0.0, 0.0, 0.0, 0.0, 0.0, -1.0004464463189955, 0.0, 0.0, 0.0, 0.0, 0.0, 0.0, 0.0, 0.0, 0.0, 0.0, 0.0, 0.0, 0.0, 0.0, 0.0, 0.0, 0.0, 0.0, 0.0, 0.0, 0.0, 0.0, 0.0, 0.0, 0.0, 0.0]","[9, 22]"
kdv,400×601,0.1,27.44573823432411,63,WSINDy,0.007356120975838997,0.00822276005062883,True,True,2,0,0,1.0,1.0,1.0,1.0,True,MSTLS support stable,5,0.010195083013968542,0.12991700001293793,"[0.0, 0.0, 0.0, 0.0, 0.0, 0.0, 0.0, 0.0, 0.0, -0.5001638960455767, 0.0, 0.0, 0.0, 0.0, 0.0, 0.0, 0.0, 0.0, 0.0, 0.0, 0.0, 0.0, -1.0082227600506288, 0.0, 0.0, 0.0, 0.0, 0.0, 0.0, 0.0, 0.0, 0.0, 0.0, 0.0, 0.0, 0.0, 0.0, 0.0, 0.0, 0.0, 0.0, 0.0, 0.0, 0.0, 0.0, 0.0, 0.0, 0.0, 0.0]","[9, 22]"
kdv,400×601,0.1,27.44573823432411,64,WSINDy,0.0008611460781573313,0.000962379586513018,True,True,2,0,0,1.0,1.0,1.0,1.0,True,MSTLS support stable,4,0.009675040986621752,0.1320108319632709,"[0.0, 0.0, 0.0, 0.0, 0.0, 0.0, 0.0, 0.0, 0.0, -0.5000281290129621, 0.0, 0.0, 0.0, 0.0, 0.0, 0.0, 0.0, 0.0, 0.0, 0.0, 0.0, 0.0, -1.000962379586513, 0.0, 0.0, 0.0, 0.0, 0.0, 0.0, 0.0, 0.0, 0.0, 0.0, 0.0, 0.0, 0.0, 0.0, 0.0, 0.0, 0.0, 0.0, 0.0, 0.0, 0.0, 0.0, 0.0, 0.0, 0.0, 0.0]","[9, 22]"
kdv,400×601,0.1,27.44573823432411,65,WSINDy,0.0008104162922220508,0.0009016796936710536,True,True,2,0,0,1.0,1.0,1.0,1.0,True,MSTLS support stable,4,0.010805208992678672,0.1328827929974068,"[0.0, 0.0, 0.0, 0.0, 0.0, 0.0, 0.0, 0.0, 0.0, -0.49991088244620197, 0.0, 0.0, 0.0, 0.0, 0.0, 0.0, 0.0, 0.0, 0.0, 0.0, 0.0, 0.0, -0.999098320306329, 0.0, 0.0, 0.0, 0.0, 0.0, 0.0, 0.0, 0.0, 0.0, 0.0, 0.0, 0.0, 0.0, 0.0, 0.0, 0.0, 0.0, 0.0, 0.0, 0.0, 0.0, 0.0, 0.0, 0.0, 0.0, 0.0]","[9, 22]"
kdv,400×601,0.1,27.44573823432411,66,WSINDy,0.007311368939109724,0.008143964416388982,True,True,2,0,0,1.0,1.0,1.0,1.0,True,MSTLS support stable,6,0.012162750004790723,0.1395699999993667,"[0.0, 0.0, 0.0, 0.0, 0.0, 0.0, 0.0, 0.0, 0.0, -0.5007042643603883, 0.0, 0.0, 0.0, 0.0, 0.0, 0.0, 0.0, 0.0, 0.0, 0.0, 0.0, 0.0, -1.008143964416389, 0.0, 0.0, 0.0, 0.0, 0.0, 0.0, 0.0, 0.0, 0.0, 0.0, 0.0, 0.0, 0.0, 0.0, 0.0, 0.0, 0.0, 0.0, 0.0, 0.0, 0.0, 0.0, 0.0, 0.0, 0.0, 0.0]","[9, 22]"
kdv,400×601,0.1,27.44573823432411,67,WSINDy,0.0015167747964806003,0.0016897498446348802,True,True,2,0,0,1.0,1.0,1.0,1.0,True,MSTLS support stable,4,0.010156874981475994,0.1349326669878792,"[0.0, 0.0, 0.0, 0.0, 0.0, 0.0, 0.0, 0.0, 0.0, -0.49985681239018387, 0.0, 0.0, 0.0, 0.0, 0.0, 0.0, 0.0, 0.0, 0.0, 0.0, 0.0, 0.0, -1.0016897498446349, 0.0, 0.0, 0.0, 0.0, 0.0, 0.0, 0.0, 0.0, 0.0, 0.0, 0.0, 0.0, 0.0, 0.0, 0.0, 0.0, 0.0, 0.0, 0.0, 0.0, 0.0, 0.0, 0.0, 0.0, 0.0, 0.0]","[9, 22]"
kdv,400×601,0.1,27.44573823432411,68,WSINDy,0.010025222800246087,0.011199030821984923,True,True,2,0,0,1.0,1.0,1.0,1.0,True,MSTLS support stable,4,0.009665082994615659,0.13181199997779913,"[0.0, 0.0, 0.0, 0.0, 0.0, 0.0, 0.0, 0.0, 0.0, -0.4995384007241674, 0.0, 0.0, 0.0, 0.0, 0.0, 0.0, 0.0, 0.0, 0.0, 0.0, 0.0, 0.0, -0.9888009691780151, 0.0, 0.0, 0.0, 0.0, 0.0, 0.0, 0.0, 0.0, 0.0, 0.0, 0.0, 0.0, 0.0, 0.0, 0.0, 0.0, 0.0, 0.0, 0.0, 0.0, 0.0, 0.0, 0.0, 0.0, 0.0, 0.0]","[9, 22]"
kdv,400×601,0.1,27.44573823432411,69,WSINDy,0.00864661274378213,0.00965496195837856,True,True,2,0,0,1.0,1.0,1.0,1.0,True,MSTLS support stable,4,0.010348166018957272,0.13571258302545175,"[0.0, 0.0, 0.0, 0.0, 0.0, 0.0, 0.0, 0.0, 0.0, -0.5004864149549841, 0.0, 0.0, 0.0, 0.0, 0.0, 0.0, 0.0, 0.0, 0.0, 0.0, 0.0, 0.0, -1.0096549619583786, 0.0, 0.0, 0.0, 0.0, 0.0, 0.0, 0.0, 0.0, 0.0, 0.0, 0.0, 0.0, 0.0, 0.0, 0.0, 0.0, 0.0, 0.0, 0.0, 0.0, 0.0, 0.0, 0.0, 0.0, 0.0, 0.0]","[9, 22]"
kdv,400×601,0.1,27.44573823432411,70,WSINDy,0.006267547596650271,0.007007325000136011,True,True,2,0,0,1.0,1.0,1.0,1.0,True,MSTLS support stable,4,0.010586958000203595,0.13304479100042954,"[0.0, 0.0, 0.0, 0.0, 0.0, 0.0, 0.0, 0.0, 0.0, -0.5000093508189262, 0.0, 0.0, 0.0, 0.0, 0.0, 0.0, 0.0, 0.0, 0.0, 0.0, 0.0, 0.0, -0.992992674999864, 0.0, 0.0, 0.0, 0.0, 0.0, 0.0, 0.0, 0.0, 0.0, 0.0, 0.0, 0.0, 0.0, 0.0, 0.0, 0.0, 0.0, 0.0, 0.0, 0.0, 0.0, 0.0, 0.0, 0.0, 0.0, 0.0]","[9, 22]"
kdv,400×601,0.1,27.44573823432411,71,WSINDy,0.003446862623702942,0.0038328221289496422,True,True,2,0,0,1.0,1.0,1.0,1.0,True,MSTLS support stable,4,0.009809791983570904,0.1307451669999864,"[0.0, 0.0, 0.0, 0.0, 0.0, 0.0, 0.0, 0.0, 0.0, -0.5004006893574633, 0.0, 0.0, 0.0, 0.0, 0.0, 0.0, 0.0, 0.0, 0.0, 0.0, 0.0, 0.0, -1.0038328221289496, 0.0, 0.0, 0.0, 0.0, 0.0, 0.0, 0.0, 0.0, 0.0, 0.0, 0.0, 0.0, 0.0, 0.0, 0.0, 0.0, 0.0, 0.0, 0.0, 0.0, 0.0, 0.0, 0.0, 0.0, 0.0, 0.0]","[9, 22]"
kdv,400×601,0.1,27.44573823432411,72,WSINDy,0.0019023814824613281,0.002120770417814666,True,True,2,0,0,1.0,1.0,1.0,1.0,True,MSTLS support stable,4,0.011721584014594555,0.13149429301847704,"[0.0, 0.0, 0.0, 0.0, 0.0, 0.0, 0.0, 0.0, 0.0, -0.4998382843052239, 0.0, 0.0, 0.0, 0.0, 0.0, 0.0, 0.0, 0.0, 0.0, 0.0, 0.0, 0.0, -0.9978792295821853, 0.0, 0.0, 0.0, 0.0, 0.0, 0.0, 0.0, 0.0, 0.0, 0.0, 0.0, 0.0, 0.0, 0.0, 0.0, 0.0, 0.0, 0.0, 0.0, 0.0, 0.0, 0.0, 0.0, 0.0, 0.0, 0.0]","[9, 22]"
kdv,400×601,0.1,27.44573823432411,73,WSINDy,0.0019492918858362081,0.002178079703616498,True,True,2,0,0,1.0,1.0,1.0,1.0,True,MSTLS support stable,6,0.010385708010289818,0.13212295799166895,"[0.0, 0.0, 0.0, 0.0, 0.0, 0.0, 0.0, 0.0, 0.0, -0.5000751157435394, 0.0, 0.0, 0.0, 0.0, 0.0, 0.0, 0.0, 0.0, 0.0, 0.0, 0.0, 0.0, -0.9978219202963835, 0.0, 0.0, 0.0, 0.0, 0.0, 0.0, 0.0, 0.0, 0.0, 0.0, 0.0, 0.0, 0.0, 0.0, 0.0, 0.0, 0.0, 0.0, 0.0, 0.0, 0.0, 0.0, 0.0, 0.0, 0.0, 0.0]","[9, 22]"
kdv,400×601,0.1,27.44573823432411,74,WSINDy,0.013823740385936227,0.015449213430968056,True,True,2,0,0,1.0,1.0,1.0,1.0,True,MSTLS support stable,4,0.01030845899367705,0.13311454199720174,"[0.0, 0.0, 0.0, 0.0, 0.0, 0.0, 0.0, 0.0, 0.0, -0.4995623332470913, 0.0, 0.0, 0.0, 0.0, 0.0, 0.0, 0.0, 0.0, 0.0, 0.0, 0.0, 0.0, -0.9845507865690319, 0.0, 0.0, 0.0, 0.0, 0.0, 0.0, 0.0, 0.0, 0.0, 0.0, 0.0, 0.0, 0.0, 0.0, 0.0, 0.0, 0.0, 0.0, 0.0, 0.0, 0.0, 0.0, 0.0, 0.0, 0.0, 0.0]","[9, 22]"
kdv,400×601,0.1,27.44573823432411,75,WSINDy,0.002118243090057229,0.0023649305747726057,True,True,2,0,0,1.0,1.0,1.0,1.0,True,MSTLS support stable,5,0.009055125003214926,0.13062783298664726,"[0.0, 0.0, 0.0, 0.0, 0.0, 0.0, 0.0, 0.0, 0.0, -0.5001256805960549, 0.0, 0.0, 0.0, 0.0, 0.0, 0.0, 0.0, 0.0, 0.0, 0.0, 0.0, 0.0, -1.0023649305747726, 0.0, 0.0, 0.0, 0.0, 0.0, 0.0, 0.0, 0.0, 0.0, 0.0, 0.0, 0.0, 0.0, 0.0, 0.0, 0.0, 0.0, 0.0, 0.0, 0.0, 0.0, 0.0, 0.0, 0.0, 0.0, 0.0]","[9, 22]"
kdv,400×601,0.1,27.44573823432411,76,WSINDy,0.0036915708124355576,0.004125657541918848,True,True,2,0,0,1.0,1.0,1.0,1.0,True,MSTLS support stable,4,0.01056712499121204,0.13418900000397116,"[0.0, 0.0, 0.0, 0.0, 0.0, 0.0, 0.0, 0.0, 0.0, -0.5001164846592508, 0.0, 0.0, 0.0, 0.0, 0.0, 0.0, 0.0, 0.0, 0.0, 0.0, 0.0, 0.0, -1.0041256575419188, 0.0, 0.0, 0.0, 0.0, 0.0, 0.0, 0.0, 0.0, 0.0, 0.0, 0.0, 0.0, 0.0, 0.0, 0.0, 0.0, 0.0, 0.0, 0.0, 0.0, 0.0, 0.0, 0.0, 0.0, 0.0, 0.0]","[9, 22]"
kdv,400×601,0.1,27.44573823432411,77,WSINDy,0.0023251208002896995,0.002595294599160969,True,True,2,0,0,1.0,1.0,1.0,1.0,True,MSTLS support stable,4,0.009881624981062487,0.13348383299307898,"[0.0, 0.0, 0.0, 0.0, 0.0, 0.0, 0.0, 0.0, 0.0, -0.5001489273765655, 0.0, 0.0, 0.0, 0.0, 0.0, 0.0, 0.0, 0.0, 0.0, 0.0, 0.0, 0.0, -0.997404705400839, 0.0, 0.0, 0.0, 0.0, 0.0, 0.0, 0.0, 0.0, 0.0, 0.0, 0.0, 0.0, 0.0, 0.0, 0.0, 0.0, 0.0, 0.0, 0.0, 0.0, 0.0, 0.0, 0.0, 0.0, 0.0, 0.0]","[9, 22]"
kdv,400×601,0.1,27.44573823432411,78,WSINDy,0.00659034604433902,0.007362932762706498,True,True,2,0,0,1.0,1.0,1.0,1.0,True,MSTLS support stable,5,0.009849082998698577,0.13215787499211729,"[0.0, 0.0, 0.0, 0.0, 0.0, 0.0, 0.0, 0.0, 0.0, -0.5002793695796467, 0.0, 0.0, 0.0, 0.0, 0.0, 0.0, 0.0, 0.0, 0.0, 0.0, 0.0, 0.0, -1.0073629327627065, 0.0, 0.0, 0.0, 0.0, 0.0, 0.0, 0.0, 0.0, 0.0, 0.0, 0.0, 0.0, 0.0, 0.0, 0.0, 0.0, 0.0, 0.0, 0.0, 0.0, 0.0, 0.0, 0.0, 0.0, 0.0, 0.0]","[9, 22]"
kdv,400×601,0.1,27.44573823432411,79,WSINDy,0.0010340077681472116,0.0011244554226949033,True,True,2,0,0,1.0,1.0,1.0,1.0,True,MSTLS support stable,6,0.009830084018176422,0.1308676670305431,"[0.0, 0.0, 0.0, 0.0, 0.0, 0.0, 0.0, 0.0, 0.0, -0.4997315505948824, 0.0, 0.0, 0.0, 0.0, 0.0, 0.0, 0.0, 0.0, 0.0, 0.0, 0.0, 0.0, -0.9988755445773051, 0.0, 0.0, 0.0, 0.0, 0.0, 0.0, 0.0, 0.0, 0.0, 0.0, 0.0, 0.0, 0.0, 0.0, 0.0, 0.0, 0.0, 0.0, 0.0, 0.0, 0.0, 0.0, 0.0, 0.0, 0.0, 0.0]","[9, 22]"
kdv,400×601,0.1,27.44573823432411,80,WSINDy,0.0030189125002497417,0.0033363635240826195,True,True,2,0,0,1.0,1.0,1.0,1.0,True,MSTLS support stable,5,0.009722791000967845,0.13071058201603591,"[0.0, 0.0, 0.0, 0.0, 0.0, 0.0, 0.0, 0.0, 0.0, -0.4994891484654264, 0.0, 0.0, 0.0, 0.0, 0.0, 0.0, 0.0, 0.0, 0.0, 0.0, 0.0, 0.0, -0.9966636364759174, 0.0, 0.0, 0.0, 0.0, 0.0, 0.0, 0.0, 0.0, 0.0, 0.0, 0.0, 0.0, 0.0, 0.0, 0.0, 0.0, 0.0, 0.0, 0.0, 0.0, 0.0, 0.0, 0.0, 0.0, 0.0, 0.0]","[9, 22]"
kdv,400×601,0.1,27.44573823432411,81,WSINDy,0.001691368921113688,0.0018606959910096865,True,True,2,0,0,1.0,1.0,1.0,1.0,True,MSTLS support stable,4,0.011564334010472521,0.13305895900703035,"[0.0, 0.0, 0.0, 0.0, 0.0, 0.0, 0.0, 0.0, 0.0, -0.5003372261306261, 0.0, 0.0, 0.0, 0.0, 0.0, 0.0, 0.0, 0.0, 0.0, 0.0, 0.0, 0.0, -1.0018606959910097, 0.0, 0.0, 0.0, 0.0, 0.0, 0.0, 0.0, 0.0, 0.0, 0.0, 0.0, 0.0, 0.0, 0.0, 0.0, 0.0, 0.0, 0.0, 0.0, 0.0, 0.0, 0.0, 0.0, 0.0, 0.0, 0.0]","[9, 22]"
kdv,400×601,0.1,27.44573823432411,82,WSINDy,0.010410898827926684,0.011638399108943043,True,True,2,0,0,1.0,1.0,1.0,1.0,True,MSTLS support stable,5,0.010055999999167398,0.1312183330010157,"[0.0, 0.0, 0.0, 0.0, 0.0, 0.0, 0.0, 0.0, 0.0, -0.4998234095483604, 0.0, 0.0, 0.0, 0.0, 0.0, 0.0, 0.0, 0.0, 0.0, 0.0, 0.0, 0.0, -1.011638399108943, 0.0, 0.0, 0.0, 0.0, 0.0, 0.0, 0.0, 0.0, 0.0, 0.0, 0.0, 0.0, 0.0, 0.0, 0.0, 0.0, 0.0, 0.0, 0.0, 0.0, 0.0, 0.0, 0.0, 0.0, 0.0, 0.0]","[9, 22]"
kdv,400×601,0.1,27.44573823432411,83,WSINDy,0.00020999231747863422,0.00023403404059607613,True,True,2,0,0,1.0,1.0,1.0,1.0,True,MSTLS support stable,4,0.010168959008296952,0.13181879199692048,"[0.0, 0.0, 0.0, 0.0, 0.0, 0.0, 0.0, 0.0, 0.0, -0.5000186824675119, 0.0, 0.0, 0.0, 0.0, 0.0, 0.0, 0.0, 0.0, 0.0, 0.0, 0.0, 0.0, -0.9997659659594039, 0.0, 0.0, 0.0, 0.0, 0.0, 0.0, 0.0, 0.0, 0.0, 0.0, 0.0, 0.0, 0.0, 0.0, 0.0, 0.0, 0.0, 0.0, 0.0, 0.0, 0.0, 0.0, 0.0, 0.0, 0.0, 0.0]","[9, 22]"
kdv,400×601,0.1,27.44573823432411,84,WSINDy,0.004835442352059565,0.005391505779679173,True,True,2,0,0,1.0,1.0,1.0,1.0,True,MSTLS support stable,4,0.009679583978140727,0.13061087595997378,"[0.0, 0.0, 0.0, 0.0, 0.0, 0.0, 0.0, 0.0, 0.0, -0.5003981756557102, 0.0, 0.0, 0.0, 0.0, 0.0, 0.0, 0.0, 0.0, 0.0, 0.0, 0.0, 0.0, -1.0053915057796792, 0.0, 0.0, 0.0, 0.0, 0.0, 0.0, 0.0, 0.0, 0.0, 0.0, 0.0, 0.0, 0.0, 0.0, 0.0, 0.0, 0.0, 0.0, 0.0, 0.0, 0.0, 0.0, 0.0, 0.0, 0.0, 0.0]","[9, 22]"
kdv,400×601,0.1,27.44573823432411,85,WSINDy,0.009815078042129827,0.010965513211684152,True,True,2,0,0,1.0,1.0,1.0,1.0,True,MSTLS support stable,4,0.012569375016028062,0.13476454201736487,"[0.0, 0.0, 0.0, 0.0, 0.0, 0.0, 0.0, 0.0, 0.0, -0.5004209705699383, 0.0, 0.0, 0.0, 0.0, 0.0, 0.0, 0.0, 0.0, 0.0, 0.0, 0.0, 0.0, -1.0109655132116842, 0.0, 0.0, 0.0, 0.0, 0.0, 0.0, 0.0, 0.0, 0.0, 0.0, 0.0, 0.0, 0.0, 0.0, 0.0, 0.0, 0.0, 0.0, 0.0, 0.0, 0.0, 0.0, 0.0, 0.0, 0.0, 0.0]","[9, 22]"
kdv,400×601,0.1,27.44573823432411,86,WSINDy,0.004208718998753167,0.004693054360342952,True,True,2,0,0,1.0,1.0,1.0,1.0,True,MSTLS support stable,6,0.00868649999029003,0.12994033299037255,"[0.0, 0.0, 0.0, 0.0, 0.0, 0.0, 0.0, 0.0, 0.0, -0.5003418848986843, 0.0, 0.0, 0.0, 0.0, 0.0, 0.0, 0.0, 0.0, 0.0, 0.0, 0.0, 0.0, -1.004693054360343, 0.0, 0.0, 0.0, 0.0, 0.0, 0.0, 0.0, 0.0, 0.0, 0.0, 0.0, 0.0, 0.0, 0.0, 0.0, 0.0, 0.0, 0.0, 0.0, 0.0, 0.0, 0.0, 0.0, 0.0, 0.0, 0.0]","[9, 22]"
kdv,400×601,0.1,27.44573823432411,87,WSINDy,0.0017530409185754117,0.0019559141427003546,True,True,2,0,0,1.0,1.0,1.0,1.0,True,MSTLS support stable,5,0.01042883301852271,0.13026537402765825,"[0.0, 0.0, 0.0, 0.0, 0.0, 0.0, 0.0, 0.0, 0.0, -0.5001258588262077, 0.0, 0.0, 0.0, 0.0, 0.0, 0.0, 0.0, 0.0, 0.0, 0.0, 0.0, 0.0, -1.0019559141427004, 0.0, 0.0, 0.0, 0.0, 0.0, 0.0, 0.0, 0.0, 0.0, 0.0, 0.0, 0.0, 0.0, 0.0, 0.0, 0.0, 0.0, 0.0, 0.0, 0.0, 0.0, 0.0, 0.0, 0.0, 0.0, 0.0]","[9, 22]"
kdv,400×601,0.1,27.44573823432411,88,WSINDy,0.0006477149949637615,0.0007230566892622026,True,True,2,0,0,1.0,1.0,1.0,1.0,True,MSTLS support stable,5,0.01007737498730421,0.13173195900162682,"[0.0, 0.0, 0.0, 0.0, 0.0, 0.0, 0.0, 0.0, 0.0, -0.49995990738859447, 0.0, 0.0, 0.0, 0.0, 0.0, 0.0, 0.0, 0.0, 0.0, 0.0, 0.0, 0.0, -1.0007230566892622, 0.0, 0.0, 0.0, 0.0, 0.0, 0.0, 0.0, 0.0, 0.0, 0.0, 0.0, 0.0, 0.0, 0.0, 0.0, 0.0, 0.0, 0.0, 0.0, 0.0, 0.0, 0.0, 0.0, 0.0, 0.0, 0.0]","[9, 22]"
kdv,400×601,0.1,27.44573823432411,89,WSINDy,0.0009003420970386988,0.0009104692132327896,True,True,2,0,0,1.0,1.0,1.0,1.0,True,MSTLS support stable,5,0.00845475000096485,0.13104012500843965,"[0.0, 0.0, 0.0, 0.0, 0.0, 0.0, 0.0, 0.0, 0.0, -0.5004293200162819, 0.0, 0.0, 0.0, 0.0, 0.0, 0.0, 0.0, 0.0, 0.0, 0.0, 0.0, 0.0, -0.9990895307867672, 0.0, 0.0, 0.0, 0.0, 0.0, 0.0, 0.0, 0.0, 0.0, 0.0, 0.0, 0.0, 0.0, 0.0, 0.0, 0.0, 0.0, 0.0, 0.0, 0.0, 0.0, 0.0, 0.0, 0.0, 0.0, 0.0]","[9, 22]"
kdv,400×601,0.1,27.44573823432411,90,WSINDy,0.0031841257237189917,0.0035531380604483243,True,True,2,0,0,1.0,1.0,1.0,1.0,True,MSTLS support stable,4,0.010440749989356846,0.1332513329689391,"[0.0, 0.0, 0.0, 0.0, 0.0, 0.0, 0.0, 0.0, 0.0, -0.5002202968541645, 0.0, 0.0, 0.0, 0.0, 0.0, 0.0, 0.0, 0.0, 0.0, 0.0, 0.0, 0.0, -1.0035531380604483, 0.0, 0.0, 0.0, 0.0, 0.0, 0.0, 0.0, 0.0, 0.0, 0.0, 0.0, 0.0, 0.0, 0.0, 0.0, 0.0, 0.0, 0.0, 0.0, 0.0, 0.0, 0.0, 0.0, 0.0, 0.0, 0.0]","[9, 22]"
kdv,400×601,0.1,27.44573823432411,91,WSINDy,0.003508641782462335,0.003918375287491838,True,True,2,0,0,1.0,1.0,1.0,1.0,True,MSTLS support stable,5,0.010718375007854775,0.13368308401550166,"[0.0, 0.0, 0.0, 0.0, 0.0, 0.0, 0.0, 0.0, 0.0, -0.4998141396937917, 0.0, 0.0, 0.0, 0.0, 0.0, 0.0, 0.0, 0.0, 0.0, 0.0, 0.0, 0.0, -1.0039183752874918, 0.0, 0.0, 0.0, 0.0, 0.0, 0.0, 0.0, 0.0, 0.0, 0.0, 0.0, 0.0, 0.0, 0.0, 0.0, 0.0, 0.0, 0.0, 0.0, 0.0, 0.0, 0.0, 0.0, 0.0, 0.0, 0.0]","[9, 22]"
kdv,400×601,0.1,27.44573823432411,92,WSINDy,0.00238268388769405,0.002661638002805944,True,True,2,0,0,1.0,1.0,1.0,1.0,True,MSTLS support stable,4,0.009301125013735145,0.13186412502545863,"[0.0, 0.0, 0.0, 0.0, 0.0, 0.0, 0.0, 0.0, 0.0, -0.49988972181600505, 0.0, 0.0, 0.0, 0.0, 0.0, 0.0, 0.0, 0.0, 0.0, 0.0, 0.0, 0.0, -0.9973383619971941, 0.0, 0.0, 0.0, 0.0, 0.0, 0.0, 0.0, 0.0, 0.0, 0.0, 0.0, 0.0, 0.0, 0.0, 0.0, 0.0, 0.0, 0.0, 0.0, 0.0, 0.0, 0.0, 0.0, 0.0, 0.0, 0.0]","[9, 22]"
kdv,400×601,0.1,27.44573823432411,93,WSINDy,0.00035803133461410745,0.00042434231649046694,True,True,2,0,0,1.0,1.0,1.0,1.0,True,MSTLS support stable,5,0.00995595901622437,0.1336931670375634,"[0.0, 0.0, 0.0, 0.0, 0.0, 0.0, 0.0, 0.0, 0.0, -0.5002121711582452, 0.0, 0.0, 0.0, 0.0, 0.0, 0.0, 0.0, 0.0, 0.0, 0.0, 0.0, 0.0, -1.0003394354803432, 0.0, 0.0, 0.0, 0.0, 0.0, 0.0, 0.0, 0.0, 0.0, 0.0, 0.0, 0.0, 0.0, 0.0, 0.0, 0.0, 0.0, 0.0, 0.0, 0.0, 0.0, 0.0, 0.0, 0.0, 0.0, 0.0]","[9, 22]"
kdv,400×601,0.1,27.44573823432411,94,WSINDy,0.00575110646579038,0.006420851542572215,True,True,2,0,0,1.0,1.0,1.0,1.0,True,MSTLS support stable,5,0.010251500003505498,0.13356754201231524,"[0.0, 0.0, 0.0, 0.0, 0.0, 0.0, 0.0, 0.0, 0.0, -0.49965838992357087, 0.0, 0.0, 0.0, 0.0, 0.0, 0.0, 0.0, 0.0, 0.0, 0.0, 0.0, 0.0, -0.9935791484574278, 0.0, 0.0, 0.0, 0.0, 0.0, 0.0, 0.0, 0.0, 0.0, 0.0, 0.0, 0.0, 0.0, 0.0, 0.0, 0.0, 0.0, 0.0, 0.0, 0.0, 0.0, 0.0, 0.0, 0.0, 0.0, 0.0]","[9, 22]"
kdv,400×601,0.1,27.44573823432411,95,WSINDy,0.0045037983732705515,0.005032172580095251,True,True,2,0,0,1.0,1.0,1.0,1.0,True,MSTLS support stable,4,0.010544416989432648,0.13297575098113157,"[0.0, 0.0, 0.0, 0.0, 0.0, 0.0, 0.0, 0.0, 0.0, -0.5001802466587224, 0.0, 0.0, 0.0, 0.0, 0.0, 0.0, 0.0, 0.0, 0.0, 0.0, 0.0, 0.0, -1.0050321725800953, 0.0, 0.0, 0.0, 0.0, 0.0, 0.0, 0.0, 0.0, 0.0, 0.0, 0.0, 0.0, 0.0, 0.0, 0.0, 0.0, 0.0, 0.0, 0.0, 0.0, 0.0, 0.0, 0.0, 0.0, 0.0, 0.0]","[9, 22]"
kdv,400×601,0.1,27.44573823432411,96,WSINDy,0.0030774359742206077,0.0034210910303262843,True,True,2,0,0,1.0,1.0,1.0,1.0,True,MSTLS support stable,6,0.010744416998932138,0.1319847090053372,"[0.0, 0.0, 0.0, 0.0, 0.0, 0.0, 0.0, 0.0, 0.0, -0.4996333920602265, 0.0, 0.0, 0.0, 0.0, 0.0, 0.0, 0.0, 0.0, 0.0, 0.0, 0.0, 0.0, -0.9965789089696737, 0.0, 0.0, 0.0, 0.0, 0.0, 0.0, 0.0, 0.0, 0.0, 0.0, 0.0, 0.0, 0.0, 0.0, 0.0, 0.0, 0.0, 0.0, 0.0, 0.0, 0.0, 0.0, 0.0, 0.0, 0.0, 0.0]","[9, 22]"
kdv,400×601,0.1,27.44573823432411,97,WSINDy,0.0015172749509800897,0.0016961925821257218,True,True,2,0,0,1.0,1.0,1.0,1.0,True,MSTLS support stable,5,0.009227958013070747,0.13256850000470877,"[0.0, 0.0, 0.0, 0.0, 0.0, 0.0, 0.0, 0.0, 0.0, -0.4999758169391677, 0.0, 0.0, 0.0, 0.0, 0.0, 0.0, 0.0, 0.0, 0.0, 0.0, 0.0, 0.0, -1.0016961925821257, 0.0, 0.0, 0.0, 0.0, 0.0, 0.0, 0.0, 0.0, 0.0, 0.0, 0.0, 0.0, 0.0, 0.0, 0.0, 0.0, 0.0, 0.0, 0.0, 0.0, 0.0, 0.0, 0.0, 0.0, 0.0, 0.0]","[9, 22]"
kdv,400×601,0.1,27.44573823432411,98,WSINDy,0.0019855407928365786,0.0022132037383129077,True,True,2,0,0,1.0,1.0,1.0,1.0,True,MSTLS support stable,4,0.009560249978676438,0.13262429198948666,"[0.0, 0.0, 0.0, 0.0, 0.0, 0.0, 0.0, 0.0, 0.0, -0.49982767904149406, 0.0, 0.0, 0.0, 0.0, 0.0, 0.0, 0.0, 0.0, 0.0, 0.0, 0.0, 0.0, -1.002213203738313, 0.0, 0.0, 0.0, 0.0, 0.0, 0.0, 0.0, 0.0, 0.0, 0.0, 0.0, 0.0, 0.0, 0.0, 0.0, 0.0, 0.0, 0.0, 0.0, 0.0, 0.0, 0.0, 0.0, 0.0, 0.0, 0.0]","[9, 22]"
kdv,400×601,0.1,27.44573823432411,99,WSINDy,0.008598414437236917,0.009604680802571153,True,True,2,0,0,1.0,1.0,1.0,1.0,True,MSTLS support stable,6,0.009992334002163261,0.1310160840221215,"[0.0, 0.0, 0.0, 0.0, 0.0, 0.0, 0.0, 0.0, 0.0, -0.5004074557937084, 0.0, 0.0, 0.0, 0.0, 0.0, 0.0, 0.0, 0.0, 0.0, 0.0, 0.0, 0.0, -1.0096046808025712, 0.0, 0.0, 0.0, 0.0, 0.0, 0.0, 0.0, 0.0, 0.0, 0.0, 0.0, 0.0, 0.0, 0.0, 0.0, 0.0, 0.0, 0.0, 0.0, 0.0, 0.0, 0.0, 0.0, 0.0, 0.0, 0.0]","[9, 22]"
kdv,400×601,0.1,27.44573823432411,100,WSINDy,0.005297984182190096,0.005917915510301297,True,True,2,0,0,1.0,1.0,1.0,1.0,True,MSTLS support stable,5,0.00958154202089645,0.13046033401042223,"[0.0, 0.0, 0.0, 0.0, 0.0, 0.0, 0.0, 0.0, 0.0, -0.5002531235002048, 0.0, 0.0, 0.0, 0.0, 0.0, 0.0, 0.0, 0.0, 0.0, 0.0, 0.0, 0.0, -1.0059179155103013, 0.0, 0.0, 0.0, 0.0, 0.0, 0.0, 0.0, 0.0, 0.0, 0.0, 0.0, 0.0, 0.0, 0.0, 0.0, 0.0, 0.0, 0.0, 0.0, 0.0, 0.0, 0.0, 0.0, 0.0, 0.0, 0.0]","[9, 22]"
kdv,400×601,0.1,27.44573823432411,101,WSINDy,0.005850141463580906,0.006534044478190726,True,True,2,0,0,1.0,1.0,1.0,1.0,True,MSTLS support stable,4,0.00918824999826029,0.13361399999121204,"[0.0, 0.0, 0.0, 0.0, 0.0, 0.0, 0.0, 0.0, 0.0, -0.5002940351797166, 0.0, 0.0, 0.0, 0.0, 0.0, 0.0, 0.0, 0.0, 0.0, 0.0, 0.0, 0.0, -1.0065340444781907, 0.0, 0.0, 0.0, 0.0, 0.0, 0.0, 0.0, 0.0, 0.0, 0.0, 0.0, 0.0, 0.0, 0.0, 0.0, 0.0, 0.0, 0.0, 0.0, 0.0, 0.0, 0.0, 0.0, 0.0, 0.0, 0.0]","[9, 22]"
kdv,400×601,0.1,27.44573823432411,102,WSINDy,0.007292394627934907,0.008147778816416595,True,True,2,0,0,1.0,1.0,1.0,1.0,True,MSTLS support stable,4,0.00991195801179856,0.13141699999687262,"[0.0, 0.0, 0.0, 0.0, 0.0, 0.0, 0.0, 0.0, 0.0, -0.49970423891285304, 0.0, 0.0, 0.0, 0.0, 0.0, 0.0, 0.0, 0.0, 0.0, 0.0, 0.0, 0.0, -0.9918522211835834, 0.0, 0.0, 0.0, 0.0, 0.0, 0.0, 0.0, 0.0, 0.0, 0.0, 0.0, 0.0, 0.0, 0.0, 0.0, 0.0, 0.0, 0.0, 0.0, 0.0, 0.0, 0.0, 0.0, 0.0, 0.0, 0.0]","[9, 22]"
kdv,400×601,0.1,27.44573823432411,103,WSINDy,0.000336762854734572,0.00034639516821122207,True,True,2,0,0,1.0,1.0,1.0,1.0,True,MSTLS support stable,5,0.009661000018240884,0.1300139999948442,"[0.0, 0.0, 0.0, 0.0, 0.0, 0.0, 0.0, 0.0, 0.0, -0.5001731975841056, 0.0, 0.0, 0.0, 0.0, 0.0, 0.0, 0.0, 0.0, 0.0, 0.0, 0.0, 0.0, -1.0003343114151075, 0.0, 0.0, 0.0, 0.0, 0.0, 0.0, 0.0, 0.0, 0.0, 0.0, 0.0, 0.0, 0.0, 0.0, 0.0, 0.0, 0.0, 0.0, 0.0, 0.0, 0.0, 0.0, 0.0, 0.0, 0.0, 0.0]","[9, 22]"
kdv,400×601,0.1,27.44573823432411,104,WSINDy,0.001609418163950666,0.0017790683744849378,True,True,2,0,0,1.0,1.0,1.0,1.0,True,MSTLS support stable,6,0.01010954097728245,0.13231204097974114,"[0.0, 0.0, 0.0, 0.0, 0.0, 0.0, 0.0, 0.0, 0.0, -0.5002696279881159, 0.0, 0.0, 0.0, 0.0, 0.0, 0.0, 0.0, 0.0, 0.0, 0.0, 0.0, 0.0, -1.001779068374485, 0.0, 0.0, 0.0, 0.0, 0.0, 0.0, 0.0, 0.0, 0.0, 0.0, 0.0, 0.0, 0.0, 0.0, 0.0, 0.0, 0.0, 0.0, 0.0, 0.0, 0.0, 0.0, 0.0, 0.0, 0.0, 0.0]","[9, 22]"
kdv,400×601,0.1,27.44573823432411,105,WSINDy,0.8947208362154262,1.0,True,False,1,0,1,1.0,0.5,0.6666666666666666,0.5,True,MSTLS support stable,3,0.009227375005139038,0.12871279200771824,"[0.0, 0.0, 0.0, 0.0, 0.0, 0.0, 0.0, 0.0, 0.0, -0.4743734815564155, 0.0, 0.0, 0.0, 0.0, 0.0, 0.0, 0.0, 0.0, 0.0, 0.0, 0.0, 0.0, 0.0, 0.0, 0.0, 0.0, 0.0, 0.0, 0.0, 0.0, 0.0, 0.0, 0.0, 0.0, 0.0, 0.0, 0.0, 0.0, 0.0, 0.0, 0.0, 0.0, 0.0, 0.0, 0.0, 0.0, 0.0, 0.0, 0.0]",[9]
kdv,400×601,0.1,27.44573823432411,106,WSINDy,0.00024737827379265725,0.0002763882292815545,True,True,2,0,0,1.0,1.0,1.0,1.0,True,MSTLS support stable,7,0.010088082985021174,0.12993533298140392,"[0.0, 0.0, 0.0, 0.0, 0.0, 0.0, 0.0, 0.0, 0.0, -0.49998977455891414, 0.0, 0.0, 0.0, 0.0, 0.0, 0.0, 0.0, 0.0, 0.0, 0.0, 0.0, 0.0, -1.0002763882292816, 0.0, 0.0, 0.0, 0.0, 0.0, 0.0, 0.0, 0.0, 0.0, 0.0, 0.0, 0.0, 0.0, 0.0, 0.0, 0.0, 0.0, 0.0, 0.0, 0.0, 0.0, 0.0, 0.0, 0.0, 0.0, 0.0]","[9, 22]"
kdv,400×601,0.1,27.44573823432411,107,WSINDy,0.0036295581907352143,0.004054656417581404,True,True,2,0,0,1.0,1.0,1.0,1.0,True,MSTLS support stable,4,0.010189624998020008,0.13185387500561774,"[0.0, 0.0, 0.0, 0.0, 0.0, 0.0, 0.0, 0.0, 0.0, -0.4998360574482256, 0.0, 0.0, 0.0, 0.0, 0.0, 0.0, 0.0, 0.0, 0.0, 0.0, 0.0, 0.0, -0.9959453435824186, 0.0, 0.0, 0.0, 0.0, 0.0, 0.0, 0.0, 0.0, 0.0, 0.0, 0.0, 0.0, 0.0, 0.0, 0.0, 0.0, 0.0, 0.0, 0.0, 0.0, 0.0, 0.0, 0.0, 0.0, 0.0, 0.0]","[9, 22]"
kdv,400×601,0.1,27.44573823432411,108,WSINDy,0.0050823777293699446,0.005681483438885193,True,True,2,0,0,1.0,1.0,1.0,1.0,True,MSTLS support stable,4,0.00934691698057577,0.13239566696574911,"[0.0, 0.0, 0.0, 0.0, 0.0, 0.0, 0.0, 0.0, 0.0, -0.5000946053046492, 0.0, 0.0, 0.0, 0.0, 0.0, 0.0, 0.0, 0.0, 0.0, 0.0, 0.0, 0.0, -1.0056814834388852, 0.0, 0.0, 0.0, 0.0, 0.0, 0.0, 0.0, 0.0, 0.0, 0.0, 0.0, 0.0, 0.0, 0.0, 0.0, 0.0, 0.0, 0.0, 0.0, 0.0, 0.0, 0.0, 0.0, 0.0, 0.0, 0.0]","[9, 22]"
kdv,400×601,0.1,27.44573823432411,109,WSINDy,0.0011883273247935721,0.0013280234568632254,True,True,2,0,0,1.0,1.0,1.0,1.0,True,MSTLS support stable,3,0.00950658301007934,0.13426749900099821,"[0.0, 0.0, 0.0, 0.0, 0.0, 0.0, 0.0, 0.0, 0.0, -0.4999611929570199, 0.0, 0.0, 0.0, 0.0, 0.0, 0.0, 0.0, 0.0, 0.0, 0.0, 0.0, 0.0, -0.9986719765431368, 0.0, 0.0, 0.0, 0.0, 0.0, 0.0, 0.0, 0.0, 0.0, 0.0, 0.0, 0.0, 0.0, 0.0, 0.0, 0.0, 0.0, 0.0, 0.0, 0.0, 0.0, 0.0, 0.0, 0.0, 0.0, 0.0]","[9, 22]"
kdv,400×601,0.1,27.44573823432411,110,WSINDy,0.003981851374745499,0.004441324924175483,True,True,2,0,0,1.0,1.0,1.0,1.0,True,MSTLS support stable,4,0.00976429198635742,0.132478416984668,"[0.0, 0.0, 0.0, 0.0, 0.0, 0.0, 0.0, 0.0, 0.0, -0.5003058731454393, 0.0, 0.0, 0.0, 0.0, 0.0, 0.0, 0.0, 0.0, 0.0, 0.0, 0.0, 0.0, -1.0044413249241755, 0.0, 0.0, 0.0, 0.0, 0.0, 0.0, 0.0, 0.0, 0.0, 0.0, 0.0, 0.0, 0.0, 0.0, 0.0, 0.0, 0.0, 0.0, 0.0, 0.0, 0.0, 0.0, 0.0, 0.0, 0.0, 0.0]","[9, 22]"
kdv,400×601,0.1,27.44573823432411,111,WSINDy,0.006928133363413854,0.007745796274327477,True,True,2,0,0,1.0,1.0,1.0,1.0,True,MSTLS support stable,5,0.014312750019598752,0.1365158750268165,"[0.0, 0.0, 0.0, 0.0, 0.0, 0.0, 0.0, 0.0, 0.0, -0.4999621852783325, 0.0, 0.0, 0.0, 0.0, 0.0, 0.0, 0.0, 0.0, 0.0, 0.0, 0.0, 0.0, -0.9922542037256725, 0.0, 0.0, 0.0, 0.0, 0.0, 0.0, 0.0, 0.0, 0.0, 0.0, 0.0, 0.0, 0.0, 0.0, 0.0, 0.0, 0.0, 0.0, 0.0, 0.0, 0.0, 0.0, 0.0, 0.0, 0.0, 0.0]","[9, 22]"
kdv,400×601,0.1,27.44573823432411,112,WSINDy,0.0012242284873621302,0.0013686326563400186,True,True,2,0,0,1.0,1.0,1.0,1.0,True,MSTLS support stable,4,0.01022733299760148,0.13206083298427984,"[0.0, 0.0, 0.0, 0.0, 0.0, 0.0, 0.0, 0.0, 0.0, -0.49998375535208517, 0.0, 0.0, 0.0, 0.0, 0.0, 0.0, 0.0, 0.0, 0.0, 0.0, 0.0, 0.0, -0.99863136734366, 0.0, 0.0, 0.0, 0.0, 0.0, 0.0, 0.0, 0.0, 0.0, 0.0, 0.0, 0.0, 0.0, 0.0, 0.0, 0.0, 0.0, 0.0, 0.0, 0.0, 0.0, 0.0, 0.0, 0.0, 0.0, 0.0]","[9, 22]"
kdv,400×601,0.1,27.44573823432411,113,WSINDy,0.0007130331216295519,0.0007971924060370394,True,True,2,0,0,1.0,1.0,1.0,1.0,True,MSTLS support stable,4,0.00951500001247041,0.1327191249874886,"[0.0, 0.0, 0.0, 0.0, 0.0, 0.0, 0.0, 0.0, 0.0, -0.49999786495132253, 0.0, 0.0, 0.0, 0.0, 0.0, 0.0, 0.0, 0.0, 0.0, 0.0, 0.0, 0.0, -1.000797192406037, 0.0, 0.0, 0.0, 0.0, 0.0, 0.0, 0.0, 0.0, 0.0, 0.0, 0.0, 0.0, 0.0, 0.0, 0.0, 0.0, 0.0, 0.0, 0.0, 0.0, 0.0, 0.0, 0.0, 0.0, 0.0, 0.0]","[9, 22]"
kdv,400×601,0.1,27.44573823432411,114,WSINDy,0.004798490090271073,0.00536460590385579,True,True,2,0,0,1.0,1.0,1.0,1.0,True,MSTLS support stable,5,0.011147125012939796,0.13391962501918897,"[0.0, 0.0, 0.0, 0.0, 0.0, 0.0, 0.0, 0.0, 0.0, -0.49994626519421537, 0.0, 0.0, 0.0, 0.0, 0.0, 0.0, 0.0, 0.0, 0.0, 0.0, 0.0, 0.0, -0.9946353940961442, 0.0, 0.0, 0.0, 0.0, 0.0, 0.0, 0.0, 0.0, 0.0, 0.0, 0.0, 0.0, 0.0, 0.0, 0.0, 0.0, 0.0, 0.0, 0.0, 0.0, 0.0, 0.0, 0.0, 0.0, 0.0, 0.0]","[9, 22]"
kdv,400×601,0.1,27.44573823432411,115,WSINDy,0.0022156625972546418,0.002477120931089205,True,True,2,0,0,1.0,1.0,1.0,1.0,True,MSTLS support stable,5,0.01000020798528567,0.13135279098059982,"[0.0, 0.0, 0.0, 0.0, 0.0, 0.0, 0.0, 0.0, 0.0, -0.4999820327005025, 0.0, 0.0, 0.0, 0.0, 0.0, 0.0, 0.0, 0.0, 0.0, 0.0, 0.0, 0.0, -1.0024771209310892, 0.0, 0.0, 0.0, 0.0, 0.0, 0.0, 0.0, 0.0, 0.0, 0.0, 0.0, 0.0, 0.0, 0.0, 0.0, 0.0, 0.0, 0.0, 0.0, 0.0, 0.0, 0.0, 0.0, 0.0, 0.0, 0.0]","[9, 22]"
kdv,400×601,0.1,27.44573823432411,116,WSINDy,0.004027392568384257,0.004495733467246743,True,True,2,0,0,1.0,1.0,1.0,1.0,True,MSTLS support stable,5,0.010067042021546513,0.1311841670249123,"[0.0, 0.0, 0.0, 0.0, 0.0, 0.0, 0.0, 0.0, 0.0, -0.499748515972031, 0.0, 0.0, 0.0, 0.0, 0.0, 0.0, 0.0, 0.0, 0.0, 0.0, 0.0, 0.0, -0.9955042665327533, 0.0, 0.0, 0.0, 0.0, 0.0, 0.0, 0.0, 0.0, 0.0, 0.0, 0.0, 0.0, 0.0, 0.0, 0.0, 0.0, 0.0, 0.0, 0.0, 0.0, 0.0, 0.0, 0.0, 0.0, 0.0, 0.0]","[9, 22]"
kdv,400×601,0.1,27.44573823432411,117,WSINDy,0.006356256036787158,0.007104159496726048,True,True,2,0,0,1.0,1.0,1.0,1.0,True,MSTLS support stable,7,0.009855832991888747,0.13590645798831247,"[0.0, 0.0, 0.0, 0.0, 0.0, 0.0, 0.0, 0.0, 0.0, -0.5001827740451175, 0.0, 0.0, 0.0, 0.0, 0.0, 0.0, 0.0, 0.0, 0.0, 0.0, 0.0, 0.0, -1.007104159496726, 0.0, 0.0, 0.0, 0.0, 0.0, 0.0, 0.0, 0.0, 0.0, 0.0, 0.0, 0.0, 0.0, 0.0, 0.0, 0.0, 0.0, 0.0, 0.0, 0.0, 0.0, 0.0, 0.0, 0.0, 0.0, 0.0]","[9, 22]"
kdv,400×601,0.1,27.44573823432411,118,WSINDy,0.0007546939391286249,0.0008299348053882882,True,True,2,0,0,1.0,1.0,1.0,1.0,True,MSTLS support stable,4,0.010060417000204325,0.1335167920042295,"[0.0, 0.0, 0.0, 0.0, 0.0, 0.0, 0.0, 0.0, 0.0, -0.5001521903282142, 0.0, 0.0, 0.0, 0.0, 0.0, 0.0, 0.0, 0.0, 0.0, 0.0, 0.0, 0.0, -0.9991700651946117, 0.0, 0.0, 0.0, 0.0, 0.0, 0.0, 0.0, 0.0, 0.0, 0.0, 0.0, 0.0, 0.0, 0.0, 0.0, 0.0, 0.0, 0.0, 0.0, 0.0, 0.0, 0.0, 0.0, 0.0, 0.0, 0.0]","[9, 22]"
kdv,400×601,0.1,27.44573823432411,119,WSINDy,0.0002678338557354161,0.0003517897914088186,True,True,2,0,0,1.0,1.0,1.0,1.0,True,MSTLS support stable,5,0.010313792008673772,0.13172616699011996,"[0.0, 0.0, 0.0, 0.0, 0.0, 0.0, 0.0, 0.0, 0.0, -0.4998241051042956, 0.0, 0.0, 0.0, 0.0, 0.0, 0.0, 0.0, 0.0, 0.0, 0.0, 0.0, 0.0, -0.9997576578792022, 0.0, 0.0, 0.0, 0.0, 0.0, 0.0, 0.0, 0.0, 0.0, 0.0, 0.0, 0.0, 0.0, 0.0, 0.0, 0.0, 0.0, 0.0, 0.0, 0.0, 0.0, 0.0, 0.0, 0.0, 0.0, 0.0]","[9, 22]"
kdv,400×601,0.1,27.44573823432411,120,WSINDy,0.007578071103750055,0.008467345936918669,True,True,2,0,0,1.0,1.0,1.0,1.0,True,MSTLS support stable,4,0.009911000001011416,0.13115779199870303,"[0.0, 0.0, 0.0, 0.0, 0.0, 0.0, 0.0, 0.0, 0.0, -0.5002966561164234, 0.0, 0.0, 0.0, 0.0, 0.0, 0.0, 0.0, 0.0, 0.0, 0.0, 0.0, 0.0, -1.0084673459369187, 0.0, 0.0, 0.0, 0.0, 0.0, 0.0, 0.0, 0.0, 0.0, 0.0, 0.0, 0.0, 0.0, 0.0, 0.0, 0.0, 0.0, 0.0, 0.0, 0.0, 0.0, 0.0, 0.0, 0.0, 0.0, 0.0]","[9, 22]"
kdv,400×601,0.1,27.44573823432411,121,WSINDy,0.002270899561104053,0.002538846484813506,True,True,2,0,0,1.0,1.0,1.0,1.0,True,MSTLS support stable,4,0.01062300000921823,0.13033141702180728,"[0.0, 0.0, 0.0, 0.0, 0.0, 0.0, 0.0, 0.0, 0.0, -0.49997787428355217, 0.0, 0.0, 0.0, 0.0, 0.0, 0.0, 0.0, 0.0, 0.0, 0.0, 0.0, 0.0, -1.0025388464848135, 0.0, 0.0, 0.0, 0.0, 0.0, 0.0, 0.0, 0.0, 0.0, 0.0, 0.0, 0.0, 0.0, 0.0, 0.0, 0.0, 0.0, 0.0, 0.0, 0.0, 0.0, 0.0, 0.0, 0.0, 0.0, 0.0]","[9, 22]"
kdv,400×601,0.1,27.44573823432411,122,WSINDy,0.0021965782702381754,0.0024520656994263534,True,True,2,0,0,1.0,1.0,1.0,1.0,True,MSTLS support stable,4,0.01108491700142622,0.13320625099004246,"[0.0, 0.0, 0.0, 0.0, 0.0, 0.0, 0.0, 0.0, 0.0, -0.4998637321486927, 0.0, 0.0, 0.0, 0.0, 0.0, 0.0, 0.0, 0.0, 0.0, 0.0, 0.0, 0.0, -0.9975479343005736, 0.0, 0.0, 0.0, 0.0, 0.0, 0.0, 0.0, 0.0, 0.0, 0.0, 0.0, 0.0, 0.0, 0.0, 0.0, 0.0, 0.0, 0.0, 0.0, 0.0, 0.0, 0.0, 0.0, 0.0, 0.0, 0.0]","[9, 22]"
kdv,400×601,0.1,27.44573823432411,123,WSINDy,0.003040318704120123,0.0033991212844700636,True,True,2,0,0,1.0,1.0,1.0,1.0,True,MSTLS support stable,6,0.01085837499704212,0.13224487501429394,"[0.0, 0.0, 0.0, 0.0, 0.0, 0.0, 0.0, 0.0, 0.0, -0.4999800808699759, 0.0, 0.0, 0.0, 0.0, 0.0, 0.0, 0.0, 0.0, 0.0, 0.0, 0.0, 0.0, -0.9966008787155299, 0.0, 0.0, 0.0, 0.0, 0.0, 0.0, 0.0, 0.0, 0.0, 0.0, 0.0, 0.0, 0.0, 0.0, 0.0, 0.0, 0.0, 0.0, 0.0, 0.0, 0.0, 0.0, 0.0, 0.0, 0.0, 0.0]","[9, 22]"
kdv,400×601,0.1,27.44573823432411,124,WSINDy,0.00429394212626953,0.00480068761001351,True,True,2,0,0,1.0,1.0,1.0,1.0,True,MSTLS support stable,6,0.01043495797784999,0.12996995798312128,"[0.0, 0.0, 0.0, 0.0, 0.0, 0.0, 0.0, 0.0, 0.0, -0.5000286740431905, 0.0, 0.0, 0.0, 0.0, 0.0, 0.0, 0.0, 0.0, 0.0, 0.0, 0.0, 0.0, -1.0048006876100135, 0.0, 0.0, 0.0, 0.0, 0.0, 0.0, 0.0, 0.0, 0.0, 0.0, 0.0, 0.0, 0.0, 0.0, 0.0, 0.0, 0.0, 0.0, 0.0, 0.0, 0.0, 0.0, 0.0, 0.0, 0.0, 0.0]","[9, 22]"
kdv,400×601,0.1,27.44573823432411,125,WSINDy,0.0008306548925618464,0.0009280194074888781,True,True,2,0,0,1.0,1.0,1.0,1.0,True,MSTLS support stable,5,0.009184416994685307,0.13385108398506418,"[0.0, 0.0, 0.0, 0.0, 0.0, 0.0, 0.0, 0.0, 0.0, -0.4999644413513311, 0.0, 0.0, 0.0, 0.0, 0.0, 0.0, 0.0, 0.0, 0.0, 0.0, 0.0, 0.0, -0.9990719805925111, 0.0, 0.0, 0.0, 0.0, 0.0, 0.0, 0.0, 0.0, 0.0, 0.0, 0.0, 0.0, 0.0, 0.0, 0.0, 0.0, 0.0, 0.0, 0.0, 0.0, 0.0, 0.0, 0.0, 0.0, 0.0, 0.0]","[9, 22]"
kdv,400×601,0.1,27.44573823432411,126,WSINDy,0.0008940282063598266,0.0009592596249220486,True,True,2,0,0,1.0,1.0,1.0,1.0,True,MSTLS support stable,5,0.011709667014656588,0.13379875003010966,"[0.0, 0.0, 0.0, 0.0, 0.0, 0.0, 0.0, 0.0, 0.0, -0.49971905691999424, 0.0, 0.0, 0.0, 0.0, 0.0, 0.0, 0.0, 0.0, 0.0, 0.0, 0.0, 0.0, -0.999040740375078, 0.0, 0.0, 0.0, 0.0, 0.0, 0.0, 0.0, 0.0, 0.0, 0.0, 0.0, 0.0, 0.0, 0.0, 0.0, 0.0, 0.0, 0.0, 0.0, 0.0, 0.0, 0.0, 0.0, 0.0, 0.0, 0.0]","[9, 22]"
kdv,400×601,0.1,27.44573823432411,127,WSINDy,0.0018305359754873728,0.0020451454666146063,True,True,2,0,0,1.0,1.0,1.0,1.0,True,MSTLS support stable,4,0.010390416980953887,0.13754799999878742,"[0.0, 0.0, 0.0, 0.0, 0.0, 0.0, 0.0, 0.0, 0.0, -0.4999228153685789, 0.0, 0.0, 0.0, 0.0, 0.0, 0.0, 0.0, 0.0, 0.0, 0.0, 0.0, 0.0, -0.9979548545333854, 0.0, 0.0, 0.0, 0.0, 0.0, 0.0, 0.0, 0.0, 0.0, 0.0, 0.0, 0.0, 0.0, 0.0, 0.0, 0.0, 0.0, 0.0, 0.0, 0.0, 0.0, 0.0, 0.0, 0.0, 0.0, 0.0]","[9, 22]"
kdv,400×601,0.1,27.44573823432411,128,WSINDy,0.004258795165359115,0.004760367755830774,True,True,2,0,0,1.0,1.0,1.0,1.0,True,MSTLS support stable,3,0.009762208006577566,0.12988883300567977,"[0.0, 0.0, 0.0, 0.0, 0.0, 0.0, 0.0, 0.0, 0.0, -0.4998971936049927, 0.0, 0.0, 0.0, 0.0, 0.0, 0.0, 0.0, 0.0, 0.0, 0.0, 0.0, 0.0, -0.9952396322441692, 0.0, 0.0, 0.0, 0.0, 0.0, 0.0, 0.0, 0.0, 0.0, 0.0, 0.0, 0.0, 0.0, 0.0, 0.0, 0.0, 0.0, 0.0, 0.0, 0.0, 0.0, 0.0, 0.0, 0.0, 0.0, 0.0]","[9, 22]"
kdv,400×601,0.1,27.44573823432411,129,WSINDy,0.0019792601040030952,0.00219382444484717,True,True,2,0,0,1.0,1.0,1.0,1.0,True,MSTLS support stable,5,0.009985874989069998,0.13216033298522234,"[0.0, 0.0, 0.0, 0.0, 0.0, 0.0, 0.0, 0.0, 0.0, -0.5002897800964765, 0.0, 0.0, 0.0, 0.0, 0.0, 0.0, 0.0, 0.0, 0.0, 0.0, 0.0, 0.0, -1.0021938244448472, 0.0, 0.0, 0.0, 0.0, 0.0, 0.0, 0.0, 0.0, 0.0, 0.0, 0.0, 0.0, 0.0, 0.0, 0.0, 0.0, 0.0, 0.0, 0.0, 0.0, 0.0, 0.0, 0.0, 0.0, 0.0, 0.0]","[9, 22]"
kdv,400×601,0.1,27.44573823432411,130,WSINDy,0.007195805366230575,0.008038717557340203,True,True,2,0,0,1.0,1.0,1.0,1.0,True,MSTLS support stable,4,0.009864082996500656,0.13371070800349116,"[0.0, 0.0, 0.0, 0.0, 0.0, 0.0, 0.0, 0.0, 0.0, -0.5003217741741521, 0.0, 0.0, 0.0, 0.0, 0.0, 0.0, 0.0, 0.0, 0.0, 0.0, 0.0, 0.0, -1.0080387175573402, 0.0, 0.0, 0.0, 0.0, 0.0, 0.0, 0.0, 0.0, 0.0, 0.0, 0.0, 0.0, 0.0, 0.0, 0.0, 0.0, 0.0, 0.0, 0.0, 0.0, 0.0, 0.0, 0.0, 0.0, 0.0, 0.0]","[9, 22]"
kdv,400×601,0.1,27.44573823432411,131,WSINDy,0.003690027784392341,0.004125143893750849,True,True,2,0,0,1.0,1.0,1.0,1.0,True,MSTLS support stable,5,0.009798415994737297,0.1339282070111949,"[0.0, 0.0, 0.0, 0.0, 0.0, 0.0, 0.0, 0.0, 0.0, -0.49994025748721055, 0.0, 0.0, 0.0, 0.0, 0.0, 0.0, 0.0, 0.0, 0.0, 0.0, 0.0, 0.0, -1.0041251438937508, 0.0, 0.0, 0.0, 0.0, 0.0, 0.0, 0.0, 0.0, 0.0, 0.0, 0.0, 0.0, 0.0, 0.0, 0.0, 0.0, 0.0, 0.0, 0.0, 0.0, 0.0, 0.0, 0.0, 0.0, 0.0, 0.0]","[9, 22]"
kdv,400×601,0.1,27.44573823432411,132,WSINDy,0.005158826653656316,0.00576534067841683,True,True,2,0,0,1.0,1.0,1.0,1.0,True,MSTLS support stable,5,0.010886708012549207,0.13376162401982583,"[0.0, 0.0, 0.0, 0.0, 0.0, 0.0, 0.0, 0.0, 0.0, -0.5001664704625022, 0.0, 0.0, 0.0, 0.0, 0.0, 0.0, 0.0, 0.0, 0.0, 0.0, 0.0, 0.0, -1.0057653406784168, 0.0, 0.0, 0.0, 0.0, 0.0, 0.0, 0.0, 0.0, 0.0, 0.0, 0.0, 0.0, 0.0, 0.0, 0.0, 0.0, 0.0, 0.0, 0.0, 0.0, 0.0, 0.0, 0.0, 0.0, 0.0, 0.0]","[9, 22]"
kdv,400×601,0.1,27.44573823432411,133,WSINDy,0.0047044710864716675,0.005258646004070222,True,True,2,0,0,1.0,1.0,1.0,1.0,True,MSTLS support stable,4,0.008961750019807369,0.1333222080138512,"[0.0, 0.0, 0.0, 0.0, 0.0, 0.0, 0.0, 0.0, 0.0, -0.5001081779006368, 0.0, 0.0, 0.0, 0.0, 0.0, 0.0, 0.0, 0.0, 0.0, 0.0, 0.0, 0.0, -1.0052586460040702, 0.0, 0.0, 0.0, 0.0, 0.0, 0.0, 0.0, 0.0, 0.0, 0.0, 0.0, 0.0, 0.0, 0.0, 0.0, 0.0, 0.0, 0.0, 0.0, 0.0, 0.0, 0.0, 0.0, 0.0, 0.0, 0.0]","[9, 22]"
kdv,400×601,0.1,27.44573823432411,134,WSINDy,0.005304405897006248,0.005927431153463392,True,True,2,0,0,1.0,1.0,1.0,1.0,True,MSTLS support stable,4,0.010167583008296788,0.13337574899196625,"[0.0, 0.0, 0.0, 0.0, 0.0, 0.0, 0.0, 0.0, 0.0, -0.499809048903656, 0.0, 0.0, 0.0, 0.0, 0.0, 0.0, 0.0, 0.0, 0.0, 0.0, 0.0, 0.0, -0.9940725688465366, 0.0, 0.0, 0.0, 0.0, 0.0, 0.0, 0.0, 0.0, 0.0, 0.0, 0.0, 0.0, 0.0, 0.0, 0.0, 0.0, 0.0, 0.0, 0.0, 0.0, 0.0, 0.0, 0.0, 0.0, 0.0, 0.0]","[9, 22]"
kdv,400×601,0.1,27.44573823432411,135,WSINDy,0.0027674067800014307,0.00309229678704126,True,True,2,0,0,1.0,1.0,1.0,1.0,True,MSTLS support stable,4,0.009359958989080042,0.13111645900062285,"[0.0, 0.0, 0.0, 0.0, 0.0, 0.0, 0.0, 0.0, 0.0, -0.49989571223297213, 0.0, 0.0, 0.0, 0.0, 0.0, 0.0, 0.0, 0.0, 0.0, 0.0, 0.0, 0.0, -0.9969077032129587, 0.0, 0.0, 0.0, 0.0, 0.0, 0.0, 0.0, 0.0, 0.0, 0.0, 0.0, 0.0, 0.0, 0.0, 0.0, 0.0, 0.0, 0.0, 0.0, 0.0, 0.0, 0.0, 0.0, 0.0, 0.0, 0.0]","[9, 22]"
kdv,400×601,0.1,27.44573823432411,136,WSINDy,0.00571336758285069,0.0063856990941522085,True,True,2,0,0,1.0,1.0,1.0,1.0,True,MSTLS support stable,5,0.01018529199063778,0.13332958400133066,"[0.0, 0.0, 0.0, 0.0, 0.0, 0.0, 0.0, 0.0, 0.0, -0.499838573546452, 0.0, 0.0, 0.0, 0.0, 0.0, 0.0, 0.0, 0.0, 0.0, 0.0, 0.0, 0.0, -0.9936143009058478, 0.0, 0.0, 0.0, 0.0, 0.0, 0.0, 0.0, 0.0, 0.0, 0.0, 0.0, 0.0, 0.0, 0.0, 0.0, 0.0, 0.0, 0.0, 0.0, 0.0, 0.0, 0.0, 0.0, 0.0, 0.0, 0.0]","[9, 22]"
kdv,400×601,0.1,27.44573823432411,137,WSINDy,0.004663945721875185,0.0052082487672617805,True,True,2,0,0,1.0,1.0,1.0,1.0,True,MSTLS support stable,5,0.009612833993742242,0.13208445900818333,"[0.0, 0.0, 0.0, 0.0, 0.0, 0.0, 0.0, 0.0, 0.0, -0.4997457719546088, 0.0, 0.0, 0.0, 0.0, 0.0, 0.0, 0.0, 0.0, 0.0, 0.0, 0.0, 0.0, -0.9947917512327382, 0.0, 0.0, 0.0, 0.0, 0.0, 0.0, 0.0, 0.0, 0.0, 0.0, 0.0, 0.0, 0.0, 0.0, 0.0, 0.0, 0.0, 0.0, 0.0, 0.0, 0.0, 0.0, 0.0, 0.0, 0.0, 0.0]","[9, 22]"
kdv,400×601,0.1,27.44573823432411,138,WSINDy,0.00292251384718272,0.003257160825967498,True,True,2,0,0,1.0,1.0,1.0,1.0,True,MSTLS support stable,4,0.009627792023820803,0.13095016701845452,"[0.0, 0.0, 0.0, 0.0, 0.0, 0.0, 0.0, 0.0, 0.0, -0.500259349836131, 0.0, 0.0, 0.0, 0.0, 0.0, 0.0, 0.0, 0.0, 0.0, 0.0, 0.0, 0.0, -1.0032571608259675, 0.0, 0.0, 0.0, 0.0, 0.0, 0.0, 0.0, 0.0, 0.0, 0.0, 0.0, 0.0, 0.0, 0.0, 0.0, 0.0, 0.0, 0.0, 0.0, 0.0, 0.0, 0.0, 0.0, 0.0, 0.0, 0.0]","[9, 22]"
kdv,400×601,0.1,27.44573823432411,139,WSINDy,0.0014027860105551516,0.001534232818680925,True,True,2,0,0,1.0,1.0,1.0,1.0,True,MSTLS support stable,5,0.009861250000540167,0.1313375830068253,"[0.0, 0.0, 0.0, 0.0, 0.0, 0.0, 0.0, 0.0, 0.0, -0.499674591952552, 0.0, 0.0, 0.0, 0.0, 0.0, 0.0, 0.0, 0.0, 0.0, 0.0, 0.0, 0.0, -0.9984657671813191, 0.0, 0.0, 0.0, 0.0, 0.0, 0.0, 0.0, 0.0, 0.0, 0.0, 0.0, 0.0, 0.0, 0.0, 0.0, 0.0, 0.0, 0.0, 0.0, 0.0, 0.0, 0.0, 0.0, 0.0, 0.0, 0.0]","[9, 22]"
kdv,400×601,0.1,27.44573823432411,140,WSINDy,0.00481300207185581,0.00535193000143086,True,True,2,0,0,1.0,1.0,1.0,1.0,True,MSTLS support stable,4,0.00948729200172238,0.13292599999113008,"[0.0, 0.0, 0.0, 0.0, 0.0, 0.0, 0.0, 0.0, 0.0, -0.5005595368078998, 0.0, 0.0, 0.0, 0.0, 0.0, 0.0, 0.0, 0.0, 0.0, 0.0, 0.0, 0.0, -1.0053519300014309, 0.0, 0.0, 0.0, 0.0, 0.0, 0.0, 0.0, 0.0, 0.0, 0.0, 0.0, 0.0, 0.0, 0.0, 0.0, 0.0, 0.0, 0.0, 0.0, 0.0, 0.0, 0.0, 0.0, 0.0, 0.0, 0.0]","[9, 22]"
kdv,400×601,0.1,27.44573823432411,141,WSINDy,0.00554761822995084,0.0062018712188345315,True,True,2,0,0,1.0,1.0,1.0,1.0,True,MSTLS support stable,4,0.010104665998369455,0.13553762398078106,"[0.0, 0.0, 0.0, 0.0, 0.0, 0.0, 0.0, 0.0, 0.0, -0.4999170637799541, 0.0, 0.0, 0.0, 0.0, 0.0, 0.0, 0.0, 0.0, 0.0, 0.0, 0.0, 0.0, -1.0062018712188345, 0.0, 0.0, 0.0, 0.0, 0.0, 0.0, 0.0, 0.0, 0.0, 0.0, 0.0, 0.0, 0.0, 0.0, 0.0, 0.0, 0.0, 0.0, 0.0, 0.0, 0.0, 0.0, 0.0, 0.0, 0.0, 0.0]","[9, 22]"
kdv,400×601,0.1,27.44573823432411,142,WSINDy,0.0023894123032665543,0.0026701412079324083,True,True,2,0,0,1.0,1.0,1.0,1.0,True,MSTLS support stable,5,0.00898320900159888,0.13101787600317039,"[0.0, 0.0, 0.0, 0.0, 0.0, 0.0, 0.0, 0.0, 0.0, -0.5000834258560234, 0.0, 0.0, 0.0, 0.0, 0.0, 0.0, 0.0, 0.0, 0.0, 0.0, 0.0, 0.0, -0.9973298587920676, 0.0, 0.0, 0.0, 0.0, 0.0, 0.0, 0.0, 0.0, 0.0, 0.0, 0.0, 0.0, 0.0, 0.0, 0.0, 0.0, 0.0, 0.0, 0.0, 0.0, 0.0, 0.0, 0.0, 0.0, 0.0, 0.0]","[9, 22]"
kdv,400×601,0.1,27.44573823432411,143,WSINDy,0.012921937954320051,0.014442754071162134,True,True,2,0,0,1.0,1.0,1.0,1.0,True,MSTLS support stable,4,0.010218999988865107,0.1317798339878209,"[0.0, 0.0, 0.0, 0.0, 0.0, 0.0, 0.0, 0.0, 0.0, -0.4996429909538247, 0.0, 0.0, 0.0, 0.0, 0.0, 0.0, 0.0, 0.0, 0.0, 0.0, 0.0, 0.0, -0.9855572459288379, 0.0, 0.0, 0.0, 0.0, 0.0, 0.0, 0.0, 0.0, 0.0, 0.0, 0.0, 0.0, 0.0, 0.0, 0.0, 0.0, 0.0, 0.0, 0.0, 0.0, 0.0, 0.0, 0.0, 0.0, 0.0, 0.0]","[9, 22]"
kdv,400×601,0.1,27.44573823432411,144,WSINDy,0.0003673299939961805,0.00040191651934673445,True,True,2,0,0,1.0,1.0,1.0,1.0,True,MSTLS support stable,4,0.009880291996523738,0.13114616699749604,"[0.0, 0.0, 0.0, 0.0, 0.0, 0.0, 0.0, 0.0, 0.0, -0.49991557685691856, 0.0, 0.0, 0.0, 0.0, 0.0, 0.0, 0.0, 0.0, 0.0, 0.0, 0.0, 0.0, -1.0004019165193467, 0.0, 0.0, 0.0, 0.0, 0.0, 0.0, 0.0, 0.0, 0.0, 0.0, 0.0, 0.0, 0.0, 0.0, 0.0, 0.0, 0.0, 0.0, 0.0, 0.0, 0.0, 0.0, 0.0, 0.0, 0.0, 0.0]","[9, 22]"
kdv,400×601,0.1,27.44573823432411,145,WSINDy,0.004422590717228848,0.004944083598702131,True,True,2,0,0,1.0,1.0,1.0,1.0,True,MSTLS support stable,5,0.010057833016617224,0.13180908301728778,"[0.0, 0.0, 0.0, 0.0, 0.0, 0.0, 0.0, 0.0, 0.0, -0.5000719248510117, 0.0, 0.0, 0.0, 0.0, 0.0, 0.0, 0.0, 0.0, 0.0, 0.0, 0.0, 0.0, -0.9950559164012979, 0.0, 0.0, 0.0, 0.0, 0.0, 0.0, 0.0, 0.0, 0.0, 0.0, 0.0, 0.0, 0.0, 0.0, 0.0, 0.0, 0.0, 0.0, 0.0, 0.0, 0.0, 0.0, 0.0, 0.0, 0.0, 0.0]","[9, 22]"
kdv,400×601,0.1,27.44573823432411,146,WSINDy,0.0077064101502318785,0.008615542498005446,True,True,2,0,0,1.0,1.0,1.0,1.0,True,MSTLS support stable,3,0.00971962499897927,0.1310395000036806,"[0.0, 0.0, 0.0, 0.0, 0.0, 0.0, 0.0, 0.0, 0.0, -0.5000915107619804, 0.0, 0.0, 0.0, 0.0, 0.0, 0.0, 0.0, 0.0, 0.0, 0.0, 0.0, 0.0, -1.0086155424980054, 0.0, 0.0, 0.0, 0.0, 0.0, 0.0, 0.0, 0.0, 0.0, 0.0, 0.0, 0.0, 0.0, 0.0, 0.0, 0.0, 0.0, 0.0, 0.0, 0.0, 0.0, 0.0, 0.0, 0.0, 0.0, 0.0]","[9, 22]"
kdv,400×601,0.1,27.44573823432411,147,WSINDy,0.0017353015700526412,0.0019316366109581873,True,True,2,0,0,1.0,1.0,1.0,1.0,True,MSTLS support stable,4,0.010040333989309147,0.13013658398995176,"[0.0, 0.0, 0.0, 0.0, 0.0, 0.0, 0.0, 0.0, 0.0, -0.5001812992746536, 0.0, 0.0, 0.0, 0.0, 0.0, 0.0, 0.0, 0.0, 0.0, 0.0, 0.0, 0.0, -0.9980683633890418, 0.0, 0.0, 0.0, 0.0, 0.0, 0.0, 0.0, 0.0, 0.0, 0.0, 0.0, 0.0, 0.0, 0.0, 0.0, 0.0, 0.0, 0.0, 0.0, 0.0, 0.0, 0.0, 0.0, 0.0, 0.0, 0.0]","[9, 22]"
kdv,400×601,0.1,27.44573823432411,148,WSINDy,0.0003016364114649497,0.0005548168747453452,True,True,2,0,0,1.0,1.0,1.0,1.0,True,MSTLS support stable,4,0.009772416000487283,0.13178962501115166,"[0.0, 0.0, 0.0, 0.0, 0.0, 0.0, 0.0, 0.0, 0.0, -0.4997225915626273, 0.0, 0.0, 0.0, 0.0, 0.0, 0.0, 0.0, 0.0, 0.0, 0.0, 0.0, 0.0, -0.9998082313509036, 0.0, 0.0, 0.0, 0.0, 0.0, 0.0, 0.0, 0.0, 0.0, 0.0, 0.0, 0.0, 0.0, 0.0, 0.0, 0.0, 0.0, 0.0, 0.0, 0.0, 0.0, 0.0, 0.0, 0.0, 0.0, 0.0]","[9, 22]"
kdv,400×601,0.1,27.44573823432411,149,WSINDy,0.004988624636202783,0.0055772770411876005,True,True,2,0,0,1.0,1.0,1.0,1.0,True,MSTLS support stable,4,0.013383790996158496,0.13542974900337867,"[0.0, 0.0, 0.0, 0.0, 0.0, 0.0, 0.0, 0.0, 0.0, -0.49995583545535877, 0.0, 0.0, 0.0, 0.0, 0.0, 0.0, 0.0, 0.0, 0.0, 0.0, 0.0, 0.0, -0.9944227229588124, 0.0, 0.0, 0.0, 0.0, 0.0, 0.0, 0.0, 0.0, 0.0, 0.0, 0.0, 0.0, 0.0, 0.0, 0.0, 0.0, 0.0, 0.0, 0.0, 0.0, 0.0, 0.0, 0.0, 0.0, 0.0, 0.0]","[9, 22]"
kdv,400×601,0.1,27.44573823432411,150,WSINDy,0.004646231838945175,0.005193887675327247,True,True,2,0,0,1.0,1.0,1.0,1.0,True,MSTLS support stable,4,0.009089041006518528,0.1392259990097955,"[0.0, 0.0, 0.0, 0.0, 0.0, 0.0, 0.0, 0.0, 0.0, -0.49991129434844067, 0.0, 0.0, 0.0, 0.0, 0.0, 0.0, 0.0, 0.0, 0.0, 0.0, 0.0, 0.0, -0.9948061123246728, 0.0, 0.0, 0.0, 0.0, 0.0, 0.0, 0.0, 0.0, 0.0, 0.0, 0.0, 0.0, 0.0, 0.0, 0.0, 0.0, 0.0, 0.0, 0.0, 0.0, 0.0, 0.0, 0.0, 0.0, 0.0, 0.0]","[9, 22]"
kdv,400×601,0.1,27.44573823432411,151,WSINDy,0.005339949544027311,0.005961671016195824,True,True,2,0,0,1.0,1.0,1.0,1.0,True,MSTLS support stable,5,0.00946695898892358,0.13163704198086634,"[0.0, 0.0, 0.0, 0.0, 0.0, 0.0, 0.0, 0.0, 0.0, -0.5003198517009452, 0.0, 0.0, 0.0, 0.0, 0.0, 0.0, 0.0, 0.0, 0.0, 0.0, 0.0, 0.0, -1.0059616710161958, 0.0, 0.0, 0.0, 0.0, 0.0, 0.0, 0.0, 0.0, 0.0, 0.0, 0.0, 0.0, 0.0, 0.0, 0.0, 0.0, 0.0, 0.0, 0.0, 0.0, 0.0, 0.0, 0.0, 0.0, 0.0, 0.0]","[9, 22]"
kdv,400×601,0.1,27.44573823432411,152,WSINDy,0.001090784924961817,0.0012135695304871241,True,True,2,0,0,1.0,1.0,1.0,1.0,True,MSTLS support stable,5,0.010822207987075672,0.1322785409865901,"[0.0, 0.0, 0.0, 0.0, 0.0, 0.0, 0.0, 0.0, 0.0, -0.5001204727576185, 0.0, 0.0, 0.0, 0.0, 0.0, 0.0, 0.0, 0.0, 0.0, 0.0, 0.0, 0.0, -0.9987864304695129, 0.0, 0.0, 0.0, 0.0, 0.0, 0.0, 0.0, 0.0, 0.0, 0.0, 0.0, 0.0, 0.0, 0.0, 0.0, 0.0, 0.0, 0.0, 0.0, 0.0, 0.0, 0.0, 0.0, 0.0, 0.0, 0.0]","[9, 22]"
kdv,400×601,0.1,27.44573823432411,153,WSINDy,0.002957400749658035,0.003300725297725182,True,True,2,0,0,1.0,1.0,1.0,1.0,True,MSTLS support stable,4,0.009732000005897135,0.13311687498935498,"[0.0, 0.0, 0.0, 0.0, 0.0, 0.0, 0.0, 0.0, 0.0, -0.5001949012610385, 0.0, 0.0, 0.0, 0.0, 0.0, 0.0, 0.0, 0.0, 0.0, 0.0, 0.0, 0.0, -0.9966992747022748, 0.0, 0.0, 0.0, 0.0, 0.0, 0.0, 0.0, 0.0, 0.0, 0.0, 0.0, 0.0, 0.0, 0.0, 0.0, 0.0, 0.0, 0.0, 0.0, 0.0, 0.0, 0.0, 0.0, 0.0, 0.0, 0.0]","[9, 22]"
kdv,400×601,0.1,27.44573823432411,154,WSINDy,0.0006972240125155424,0.0007785682411124428,True,True,2,0,0,1.0,1.0,1.0,1.0,True,MSTLS support stable,4,0.009256124991225079,0.13068875001044944,"[0.0, 0.0, 0.0, 0.0, 0.0, 0.0, 0.0, 0.0, 0.0, -0.5000385116666274, 0.0, 0.0, 0.0, 0.0, 0.0, 0.0, 0.0, 0.0, 0.0, 0.0, 0.0, 0.0, -0.9992214317588876, 0.0, 0.0, 0.0, 0.0, 0.0, 0.0, 0.0, 0.0, 0.0, 0.0, 0.0, 0.0, 0.0, 0.0, 0.0, 0.0, 0.0, 0.0, 0.0, 0.0, 0.0, 0.0, 0.0, 0.0, 0.0, 0.0]","[9, 22]"
kdv,400×601,0.1,27.44573823432411,155,WSINDy,0.0032709721554311576,0.0036396203445629993,True,True,2,0,0,1.0,1.0,1.0,1.0,True,MSTLS support stable,4,0.009420874994248152,0.13066562497988343,"[0.0, 0.0, 0.0, 0.0, 0.0, 0.0, 0.0, 0.0, 0.0, -0.4996432966225972, 0.0, 0.0, 0.0, 0.0, 0.0, 0.0, 0.0, 0.0, 0.0, 0.0, 0.0, 0.0, -0.996360379655437, 0.0, 0.0, 0.0, 0.0, 0.0, 0.0, 0.0, 0.0, 0.0, 0.0, 0.0, 0.0, 0.0, 0.0, 0.0, 0.0, 0.0, 0.0, 0.0, 0.0, 0.0, 0.0, 0.0, 0.0, 0.0, 0.0]","[9, 22]"
kdv,400×601,0.1,27.44573823432411,156,WSINDy,0.00026827700806942613,0.0002994841993992914,True,True,2,0,0,1.0,1.0,1.0,1.0,True,MSTLS support stable,5,0.01045166701078415,0.13035604200558737,"[0.0, 0.0, 0.0, 0.0, 0.0, 0.0, 0.0, 0.0, 0.0, -0.5000165802784512, 0.0, 0.0, 0.0, 0.0, 0.0, 0.0, 0.0, 0.0, 0.0, 0.0, 0.0, 0.0, -1.0002994841993993, 0.0, 0.0, 0.0, 0.0, 0.0, 0.0, 0.0, 0.0, 0.0, 0.0, 0.0, 0.0, 0.0, 0.0, 0.0, 0.0, 0.0, 0.0, 0.0, 0.0, 0.0, 0.0, 0.0, 0.0, 0.0, 0.0]","[9, 22]"
kdv,400×601,0.1,27.44573823432411,157,WSINDy,0.004087047718485647,0.004568684961064662,True,True,2,0,0,1.0,1.0,1.0,1.0,True,MSTLS support stable,4,0.010158708988456056,0.1351441679871641,"[0.0, 0.0, 0.0, 0.0, 0.0, 0.0, 0.0, 0.0, 0.0, -0.4999159372673832, 0.0, 0.0, 0.0, 0.0, 0.0, 0.0, 0.0, 0.0, 0.0, 0.0, 0.0, 0.0, -1.0045686849610647, 0.0, 0.0, 0.0, 0.0, 0.0, 0.0, 0.0, 0.0, 0.0, 0.0, 0.0, 0.0, 0.0, 0.0, 0.0, 0.0, 0.0, 0.0, 0.0, 0.0, 0.0, 0.0, 0.0, 0.0, 0.0, 0.0]","[9, 22]"
kdv,400×601,0.1,27.44573823432411,158,WSINDy,0.0021014228146770883,0.002345824960895193,True,True,2,0,0,1.0,1.0,1.0,1.0,True,MSTLS support stable,4,0.009677499998360872,0.13230929197743535,"[0.0, 0.0, 0.0, 0.0, 0.0, 0.0, 0.0, 0.0, 0.0, -0.49986931885982366, 0.0, 0.0, 0.0, 0.0, 0.0, 0.0, 0.0, 0.0, 0.0, 0.0, 0.0, 0.0, -0.9976541750391048, 0.0, 0.0, 0.0, 0.0, 0.0, 0.0, 0.0, 0.0, 0.0, 0.0, 0.0, 0.0, 0.0, 0.0, 0.0, 0.0, 0.0, 0.0, 0.0, 0.0, 0.0, 0.0, 0.0, 0.0, 0.0, 0.0]","[9, 22]"
kdv,400×601,0.1,27.44573823432411,159,WSINDy,0.0036213325274955833,0.0040390738853567365,True,True,2,0,0,1.0,1.0,1.0,1.0,True,MSTLS support stable,5,0.009698874986497685,0.13064012498944066,"[0.0, 0.0, 0.0, 0.0, 0.0, 0.0, 0.0, 0.0, 0.0, -0.4997199219001757, 0.0, 0.0, 0.0, 0.0, 0.0, 0.0, 0.0, 0.0, 0.0, 0.0, 0.0, 0.0, -0.9959609261146433, 0.0, 0.0, 0.0, 0.0, 0.0, 0.0, 0.0, 0.0, 0.0, 0.0, 0.0, 0.0, 0.0, 0.0, 0.0, 0.0, 0.0, 0.0, 0.0, 0.0, 0.0, 0.0, 0.0, 0.0, 0.0, 0.0]","[9, 22]"
kdv,400×601,0.1,27.44573823432411,160,WSINDy,0.005146197869255973,0.005753624062929785,True,True,2,0,0,1.0,1.0,1.0,1.0,True,MSTLS support stable,4,0.010428834008052945,0.13426312600495294,"[0.0, 0.0, 0.0, 0.0, 0.0, 0.0, 0.0, 0.0, 0.0, -0.5000008828327932, 0.0, 0.0, 0.0, 0.0, 0.0, 0.0, 0.0, 0.0, 0.0, 0.0, 0.0, 0.0, -0.9942463759370702, 0.0, 0.0, 0.0, 0.0, 0.0, 0.0, 0.0, 0.0, 0.0, 0.0, 0.0, 0.0, 0.0, 0.0, 0.0, 0.0, 0.0, 0.0, 0.0, 0.0, 0.0, 0.0, 0.0, 0.0, 0.0, 0.0]","[9, 22]"
kdv,400×601,0.1,27.44573823432411,161,WSINDy,0.003466454370851582,0.003870648207079941,True,True,2,0,0,1.0,1.0,1.0,1.0,True,MSTLS support stable,5,0.01047950002248399,0.13344458301435225,"[0.0, 0.0, 0.0, 0.0, 0.0, 0.0, 0.0, 0.0, 0.0, -0.4998038754515011, 0.0, 0.0, 0.0, 0.0, 0.0, 0.0, 0.0, 0.0, 0.0, 0.0, 0.0, 0.0, -0.9961293517929201, 0.0, 0.0, 0.0, 0.0, 0.0, 0.0, 0.0, 0.0, 0.0, 0.0, 0.0, 0.0, 0.0, 0.0, 0.0, 0.0, 0.0, 0.0, 0.0, 0.0, 0.0, 0.0, 0.0, 0.0, 0.0, 0.0]","[9, 22]"
kdv,400×601,0.1,27.44573823432411,162,WSINDy,0.007114483817296247,0.007951440071698679,True,True,2,0,0,1.0,1.0,1.0,1.0,True,MSTLS support stable,6,0.00986079199356027,0.13088483401224948,"[0.0, 0.0, 0.0, 0.0, 0.0, 0.0, 0.0, 0.0, 0.0, -0.5002108335110869, 0.0, 0.0, 0.0, 0.0, 0.0, 0.0, 0.0, 0.0, 0.0, 0.0, 0.0, 0.0, -1.0079514400716987, 0.0, 0.0, 0.0, 0.0, 0.0, 0.0, 0.0, 0.0, 0.0, 0.0, 0.0, 0.0, 0.0, 0.0, 0.0, 0.0, 0.0, 0.0, 0.0, 0.0, 0.0, 0.0, 0.0, 0.0, 0.0, 0.0]","[9, 22]"
kdv,400×601,0.1,27.44573823432411,163,WSINDy,0.003577762343293215,0.0039970121070846965,True,True,2,0,0,1.0,1.0,1.0,1.0,True,MSTLS support stable,3,0.009591916983481497,0.12927733399556018,"[0.0, 0.0, 0.0, 0.0, 0.0, 0.0, 0.0, 0.0, 0.0, -0.4998438800231327, 0.0, 0.0, 0.0, 0.0, 0.0, 0.0, 0.0, 0.0, 0.0, 0.0, 0.0, 0.0, -0.9960029878929153, 0.0, 0.0, 0.0, 0.0, 0.0, 0.0, 0.0, 0.0, 0.0, 0.0, 0.0, 0.0, 0.0, 0.0, 0.0, 0.0, 0.0, 0.0, 0.0, 0.0, 0.0, 0.0, 0.0, 0.0, 0.0, 0.0]","[9, 22]"
kdv,400×601,0.1,27.44573823432411,164,WSINDy,0.007016435965805051,0.007841711099811244,True,True,2,0,0,1.0,1.0,1.0,1.0,True,MSTLS support stable,4,0.009996792010497302,0.1321292920038104,"[0.0, 0.0, 0.0, 0.0, 0.0, 0.0, 0.0, 0.0, 0.0, -0.5002133872182218, 0.0, 0.0, 0.0, 0.0, 0.0, 0.0, 0.0, 0.0, 0.0, 0.0, 0.0, 0.0, -1.0078417110998112, 0.0, 0.0, 0.0, 0.0, 0.0, 0.0, 0.0, 0.0, 0.0, 0.0, 0.0, 0.0, 0.0, 0.0, 0.0, 0.0, 0.0, 0.0, 0.0, 0.0, 0.0, 0.0, 0.0, 0.0, 0.0, 0.0]","[9, 22]"
kdv,400×601,0.1,27.44573823432411,165,WSINDy,0.004151685634583797,0.00463414914072624,True,True,2,0,0,1.0,1.0,1.0,1.0,True,MSTLS support stable,5,0.009808165981667116,0.13211412497912534,"[0.0, 0.0, 0.0, 0.0, 0.0, 0.0, 0.0, 0.0, 0.0, -0.5002651013995023, 0.0, 0.0, 0.0, 0.0, 0.0, 0.0, 0.0, 0.0, 0.0, 0.0, 0.0, 0.0, -1.0046341491407262, 0.0, 0.0, 0.0, 0.0, 0.0, 0.0, 0.0, 0.0, 0.0, 0.0, 0.0, 0.0, 0.0, 0.0, 0.0, 0.0, 0.0, 0.0, 0.0, 0.0, 0.0, 0.0, 0.0, 0.0, 0.0, 0.0]","[9, 22]"
kdv,400×601,0.1,27.44573823432411,166,WSINDy,0.003528934423864991,0.003944701244831483,True,True,2,0,0,1.0,1.0,1.0,1.0,True,MSTLS support stable,4,0.01049404201330617,0.13368608301971108,"[0.0, 0.0, 0.0, 0.0, 0.0, 0.0, 0.0, 0.0, 0.0, -0.4999221874113712, 0.0, 0.0, 0.0, 0.0, 0.0, 0.0, 0.0, 0.0, 0.0, 0.0, 0.0, 0.0, -0.9960552987551685, 0.0, 0.0, 0.0, 0.0, 0.0, 0.0, 0.0, 0.0, 0.0, 0.0, 0.0, 0.0, 0.0, 0.0, 0.0, 0.0, 0.0, 0.0, 0.0, 0.0, 0.0, 0.0, 0.0, 0.0, 0.0, 0.0]","[9, 22]"
kdv,400×601,0.1,27.44573823432411,167,WSINDy,0.0007583164837422782,0.0008179015280465052,True,True,2,0,0,1.0,1.0,1.0,1.0,True,MSTLS support stable,4,0.009567417000653222,0.1304537919932045,"[0.0, 0.0, 0.0, 0.0, 0.0, 0.0, 0.0, 0.0, 0.0, -0.49977674688733803, 0.0, 0.0, 0.0, 0.0, 0.0, 0.0, 0.0, 0.0, 0.0, 0.0, 0.0, 0.0, -0.9991820984719535, 0.0, 0.0, 0.0, 0.0, 0.0, 0.0, 0.0, 0.0, 0.0, 0.0, 0.0, 0.0, 0.0, 0.0, 0.0, 0.0, 0.0, 0.0, 0.0, 0.0, 0.0, 0.0, 0.0, 0.0, 0.0, 0.0]","[9, 22]"
kdv,400×601,0.1,27.44573823432411,168,WSINDy,0.0038287798997551727,0.004243612712564349,True,True,2,0,0,1.0,1.0,1.0,1.0,True,MSTLS support stable,5,0.010246292018564418,0.12950708402786404,"[0.0, 0.0, 0.0, 0.0, 0.0, 0.0, 0.0, 0.0, 0.0, -0.4994376873229921, 0.0, 0.0, 0.0, 0.0, 0.0, 0.0, 0.0, 0.0, 0.0, 0.0, 0.0, 0.0, -0.9957563872874357, 0.0, 0.0, 0.0, 0.0, 0.0, 0.0, 0.0, 0.0, 0.0, 0.0, 0.0, 0.0, 0.0, 0.0, 0.0, 0.0, 0.0, 0.0, 0.0, 0.0, 0.0, 0.0, 0.0, 0.0, 0.0, 0.0]","[9, 22]"
kdv,400×601,0.1,27.44573823432411,169,WSINDy,0.0007570329119161961,0.0008459179233200054,True,True,2,0,0,1.0,1.0,1.0,1.0,True,MSTLS support stable,4,0.010183999984292313,0.13223445898620412,"[0.0, 0.0, 0.0, 0.0, 0.0, 0.0, 0.0, 0.0, 0.0, -0.49997177936638976, 0.0, 0.0, 0.0, 0.0, 0.0, 0.0, 0.0, 0.0, 0.0, 0.0, 0.0, 0.0, -1.00084591792332, 0.0, 0.0, 0.0, 0.0, 0.0, 0.0, 0.0, 0.0, 0.0, 0.0, 0.0, 0.0, 0.0, 0.0, 0.0, 0.0, 0.0, 0.0, 0.0, 0.0, 0.0, 0.0, 0.0, 0.0, 0.0, 0.0]","[9, 22]"
kdv,400×601,0.1,27.44573823432411,170,WSINDy,0.008156613356163278,0.009117230634423823,True,True,2,0,0,1.0,1.0,1.0,1.0,True,MSTLS support stable,4,0.009962124982848763,0.12962295798934065,"[0.0, 0.0, 0.0, 0.0, 0.0, 0.0, 0.0, 0.0, 0.0, -0.5001975660931188, 0.0, 0.0, 0.0, 0.0, 0.0, 0.0, 0.0, 0.0, 0.0, 0.0, 0.0, 0.0, -1.0091172306344238, 0.0, 0.0, 0.0, 0.0, 0.0, 0.0, 0.0, 0.0, 0.0, 0.0, 0.0, 0.0, 0.0, 0.0, 0.0, 0.0, 0.0, 0.0, 0.0, 0.0, 0.0, 0.0, 0.0, 0.0, 0.0, 0.0]","[9, 22]"
kdv,400×601,0.1,27.44573823432411,171,WSINDy,0.00226207294073014,0.0024958990114780644,True,True,2,0,0,1.0,1.0,1.0,1.0,True,MSTLS support stable,5,0.009834291005972773,0.13271812399034388,"[0.0, 0.0, 0.0, 0.0, 0.0, 0.0, 0.0, 0.0, 0.0, -0.5004082959845286, 0.0, 0.0, 0.0, 0.0, 0.0, 0.0, 0.0, 0.0, 0.0, 0.0, 0.0, 0.0, -1.002495899011478, 0.0, 0.0, 0.0, 0.0, 0.0, 0.0, 0.0, 0.0, 0.0, 0.0, 0.0, 0.0, 0.0, 0.0, 0.0, 0.0, 0.0, 0.0, 0.0, 0.0, 0.0, 0.0, 0.0, 0.0, 0.0, 0.0]","[9, 22]"
kdv,400×601,0.1,27.44573823432411,172,WSINDy,0.002612240689165437,0.0029055379854221464,True,True,2,0,0,1.0,1.0,1.0,1.0,True,MSTLS support stable,5,0.010964249988319352,0.13359512499300763,"[0.0, 0.0, 0.0, 0.0, 0.0, 0.0, 0.0, 0.0, 0.0, -0.5002959743028261, 0.0, 0.0, 0.0, 0.0, 0.0, 0.0, 0.0, 0.0, 0.0, 0.0, 0.0, 0.0, -1.0029055379854221, 0.0, 0.0, 0.0, 0.0, 0.0, 0.0, 0.0, 0.0, 0.0, 0.0, 0.0, 0.0, 0.0, 0.0, 0.0, 0.0, 0.0, 0.0, 0.0, 0.0, 0.0, 0.0, 0.0, 0.0, 0.0, 0.0]","[9, 22]"
kdv,400×601,0.1,27.44573823432411,173,WSINDy,0.0025994376119765133,0.0029024594902078427,True,True,2,0,0,1.0,1.0,1.0,1.0,True,MSTLS support stable,4,0.01277316702180542,0.13637700001709163,"[0.0, 0.0, 0.0, 0.0, 0.0, 0.0, 0.0, 0.0, 0.0, -0.5001485724769267, 0.0, 0.0, 0.0, 0.0, 0.0, 0.0, 0.0, 0.0, 0.0, 0.0, 0.0, 0.0, -1.0029024594902078, 0.0, 0.0, 0.0, 0.0, 0.0, 0.0, 0.0, 0.0, 0.0, 0.0, 0.0, 0.0, 0.0, 0.0, 0.0, 0.0, 0.0, 0.0, 0.0, 0.0, 0.0, 0.0, 0.0, 0.0, 0.0, 0.0]","[9, 22]"
kdv,400×601,0.1,27.44573823432411,174,WSINDy,0.0037881845752858884,0.004230781382427273,True,True,2,0,0,1.0,1.0,1.0,1.0,True,MSTLS support stable,4,0.010738082986790687,0.13257149897981435,"[0.0, 0.0, 0.0, 0.0, 0.0, 0.0, 0.0, 0.0, 0.0, -0.4998039977942747, 0.0, 0.0, 0.0, 0.0, 0.0, 0.0, 0.0, 0.0, 0.0, 0.0, 0.0, 0.0, -0.9957692186175727, 0.0, 0.0, 0.0, 0.0, 0.0, 0.0, 0.0, 0.0, 0.0, 0.0, 0.0, 0.0, 0.0, 0.0, 0.0, 0.0, 0.0, 0.0, 0.0, 0.0, 0.0, 0.0, 0.0, 0.0, 0.0, 0.0]","[9, 22]"
kdv,400×601,0.1,27.44573823432411,175,WSINDy,0.00545521473401018,0.0060934985161607,True,True,2,0,0,1.0,1.0,1.0,1.0,True,MSTLS support stable,4,0.011239374987781048,0.13279341597808525,"[0.0, 0.0, 0.0, 0.0, 0.0, 0.0, 0.0, 0.0, 0.0, -0.5002616974899565, 0.0, 0.0, 0.0, 0.0, 0.0, 0.0, 0.0, 0.0, 0.0, 0.0, 0.0, 0.0, -1.0060934985161607, 0.0, 0.0, 0.0, 0.0, 0.0, 0.0, 0.0, 0.0, 0.0, 0.0, 0.0, 0.0, 0.0, 0.0, 0.0, 0.0, 0.0, 0.0, 0.0, 0.0, 0.0, 0.0, 0.0, 0.0, 0.0, 0.0]","[9, 22]"
kdv,400×601,0.1,27.44573823432411,176,WSINDy,0.0025889397260546944,0.0028838764196764677,True,True,2,0,0,1.0,1.0,1.0,1.0,True,MSTLS support stable,5,0.0099224160076119,0.1315043750219047,"[0.0, 0.0, 0.0, 0.0, 0.0, 0.0, 0.0, 0.0, 0.0, -0.4997519719220245, 0.0, 0.0, 0.0, 0.0, 0.0, 0.0, 0.0, 0.0, 0.0, 0.0, 0.0, 0.0, -0.9971161235803235, 0.0, 0.0, 0.0, 0.0, 0.0, 0.0, 0.0, 0.0, 0.0, 0.0, 0.0, 0.0, 0.0, 0.0, 0.0, 0.0, 0.0, 0.0, 0.0, 0.0, 0.0, 0.0, 0.0, 0.0, 0.0, 0.0]","[9, 22]"
kdv,400×601,0.1,27.44573823432411,177,WSINDy,0.0005996769093336818,0.000631807644753235,True,True,2,0,0,1.0,1.0,1.0,1.0,True,MSTLS support stable,5,0.009996249980758876,0.13178429199615493,"[0.0, 0.0, 0.0, 0.0, 0.0, 0.0, 0.0, 0.0, 0.0, -0.500224353726326, 0.0, 0.0, 0.0, 0.0, 0.0, 0.0, 0.0, 0.0, 0.0, 0.0, 0.0, 0.0, -0.9993681923552468, 0.0, 0.0, 0.0, 0.0, 0.0, 0.0, 0.0, 0.0, 0.0, 0.0, 0.0, 0.0, 0.0, 0.0, 0.0, 0.0, 0.0, 0.0, 0.0, 0.0, 0.0, 0.0, 0.0, 0.0, 0.0, 0.0]","[9, 22]"
kdv,400×601,0.1,27.44573823432411,178,WSINDy,0.8947238361234988,1.0,True,False,1,0,1,1.0,0.5,0.6666666666666666,0.5,True,MSTLS support stable,3,0.009453042002860457,0.13249404201633297,"[0.0, 0.0, 0.0, 0.0, 0.0, 0.0, 0.0, 0.0, 0.0, -0.47424289108930545, 0.0, 0.0, 0.0, 0.0, 0.0, 0.0, 0.0, 0.0, 0.0, 0.0, 0.0, 0.0, 0.0, 0.0, 0.0, 0.0, 0.0, 0.0, 0.0, 0.0, 0.0, 0.0, 0.0, 0.0, 0.0, 0.0, 0.0, 0.0, 0.0, 0.0, 0.0, 0.0, 0.0, 0.0, 0.0, 0.0, 0.0, 0.0, 0.0]",[9]
kdv,400×601,0.1,27.44573823432411,179,WSINDy,0.0009087337031106472,0.000997717529291342,True,True,2,0,0,1.0,1.0,1.0,1.0,True,MSTLS support stable,4,0.011256333993515,0.13430974999209866,"[0.0, 0.0, 0.0, 0.0, 0.0, 0.0, 0.0, 0.0, 0.0, -0.4998081513338429, 0.0, 0.0, 0.0, 0.0, 0.0, 0.0, 0.0, 0.0, 0.0, 0.0, 0.0, 0.0, -0.9990022824707087, 0.0, 0.0, 0.0, 0.0, 0.0, 0.0, 0.0, 0.0, 0.0, 0.0, 0.0, 0.0, 0.0, 0.0, 0.0, 0.0, 0.0, 0.0, 0.0, 0.0, 0.0, 0.0, 0.0, 0.0, 0.0, 0.0]","[9, 22]"
kdv,400×601,0.1,27.44573823432411,180,WSINDy,0.002714220191034551,0.0030171183837448545,True,True,2,0,0,1.0,1.0,1.0,1.0,True,MSTLS support stable,5,0.009926458995323628,0.1315536680049263,"[0.0, 0.0, 0.0, 0.0, 0.0, 0.0, 0.0, 0.0, 0.0, -0.5003251702865321, 0.0, 0.0, 0.0, 0.0, 0.0, 0.0, 0.0, 0.0, 0.0, 0.0, 0.0, 0.0, -1.0030171183837449, 0.0, 0.0, 0.0, 0.0, 0.0, 0.0, 0.0, 0.0, 0.0, 0.0, 0.0, 0.0, 0.0, 0.0, 0.0, 0.0, 0.0, 0.0, 0.0, 0.0, 0.0, 0.0, 0.0, 0.0, 0.0, 0.0]","[9, 22]"
kdv,400×601,0.1,27.44573823432411,181,WSINDy,0.0034179046133661923,0.003821244349871078,True,True,2,0,0,1.0,1.0,1.0,1.0,True,MSTLS support stable,5,0.012672915996517986,0.13705708298948593,"[0.0, 0.0, 0.0, 0.0, 0.0, 0.0, 0.0, 0.0, 0.0, -0.499973893465076, 0.0, 0.0, 0.0, 0.0, 0.0, 0.0, 0.0, 0.0, 0.0, 0.0, 0.0, 0.0, -1.003821244349871, 0.0, 0.0, 0.0, 0.0, 0.0, 0.0, 0.0, 0.0, 0.0, 0.0, 0.0, 0.0, 0.0, 0.0, 0.0, 0.0, 0.0, 0.0, 0.0, 0.0, 0.0, 0.0, 0.0, 0.0, 0.0, 0.0]","[9, 22]"
kdv,400×601,0.1,27.44573823432411,182,WSINDy,0.0005681296392423875,0.0006294317266771765,True,True,2,0,0,1.0,1.0,1.0,1.0,True,MSTLS support stable,4,0.009421750000910833,0.13188858301145956,"[0.0, 0.0, 0.0, 0.0, 0.0, 0.0, 0.0, 0.0, 0.0, -0.5000853218036864, 0.0, 0.0, 0.0, 0.0, 0.0, 0.0, 0.0, 0.0, 0.0, 0.0, 0.0, 0.0, -0.9993705682733228, 0.0, 0.0, 0.0, 0.0, 0.0, 0.0, 0.0, 0.0, 0.0, 0.0, 0.0, 0.0, 0.0, 0.0, 0.0, 0.0, 0.0, 0.0, 0.0, 0.0, 0.0, 0.0, 0.0, 0.0, 0.0, 0.0]","[9, 22]"
kdv,400×601,0.1,27.44573823432411,183,WSINDy,0.0013653141775583832,0.0015236144303222288,True,True,2,0,0,1.0,1.0,1.0,1.0,True,MSTLS support stable,4,0.010284999996656552,0.1315373340039514,"[0.0, 0.0, 0.0, 0.0, 0.0, 0.0, 0.0, 0.0, 0.0, -0.5000932875769665, 0.0, 0.0, 0.0, 0.0, 0.0, 0.0, 0.0, 0.0, 0.0, 0.0, 0.0, 0.0, -0.9984763855696778, 0.0, 0.0, 0.0, 0.0, 0.0, 0.0, 0.0, 0.0, 0.0, 0.0, 0.0, 0.0, 0.0, 0.0, 0.0, 0.0, 0.0, 0.0, 0.0, 0.0, 0.0, 0.0, 0.0, 0.0, 0.0, 0.0]","[9, 22]"
kdv,400×601,0.1,27.44573823432411,184,WSINDy,0.008910739616183229,0.009927257403475664,True,True,2,0,0,1.0,1.0,1.0,1.0,True,MSTLS support stable,4,0.008711625006981194,0.13021708399173804,"[0.0, 0.0, 0.0, 0.0, 0.0, 0.0, 0.0, 0.0, 0.0, -0.5008373536167051, 0.0, 0.0, 0.0, 0.0, 0.0, 0.0, 0.0, 0.0, 0.0, 0.0, 0.0, 0.0, -1.0099272574034757, 0.0, 0.0, 0.0, 0.0, 0.0, 0.0, 0.0, 0.0, 0.0, 0.0, 0.0, 0.0, 0.0, 0.0, 0.0, 0.0, 0.0, 0.0, 0.0, 0.0, 0.0, 0.0, 0.0, 0.0, 0.0, 0.0]","[9, 22]"
kdv,400×601,0.1,27.44573823432411,185,WSINDy,0.00031748626871277877,0.0003514272006627239,True,True,2,0,0,1.0,1.0,1.0,1.0,True,MSTLS support stable,4,0.009467124997172505,0.13041650000377558,"[0.0, 0.0, 0.0, 0.0, 0.0, 0.0, 0.0, 0.0, 0.0, -0.5000499583442561, 0.0, 0.0, 0.0, 0.0, 0.0, 0.0, 0.0, 0.0, 0.0, 0.0, 0.0, 0.0, -0.9996485727993373, 0.0, 0.0, 0.0, 0.0, 0.0, 0.0, 0.0, 0.0, 0.0, 0.0, 0.0, 0.0, 0.0, 0.0, 0.0, 0.0, 0.0, 0.0, 0.0, 0.0, 0.0, 0.0, 0.0, 0.0, 0.0, 0.0]","[9, 22]"
kdv,400×601,0.1,27.44573823432411,186,WSINDy,0.0020772396816012883,0.002303397101524718,True,True,2,0,0,1.0,1.0,1.0,1.0,True,MSTLS support stable,4,0.009963916993001476,0.12974941698485054,"[0.0, 0.0, 0.0, 0.0, 0.0, 0.0, 0.0, 0.0, 0.0, -0.499703322294044, 0.0, 0.0, 0.0, 0.0, 0.0, 0.0, 0.0, 0.0, 0.0, 0.0, 0.0, 0.0, -0.9976966028984753, 0.0, 0.0, 0.0, 0.0, 0.0, 0.0, 0.0, 0.0, 0.0, 0.0, 0.0, 0.0, 0.0, 0.0, 0.0, 0.0, 0.0, 0.0, 0.0, 0.0, 0.0, 0.0, 0.0, 0.0, 0.0, 0.0]","[9, 22]"
kdv,400×601,0.1,27.44573823432411,187,WSINDy,0.005811501063037969,0.00649434754963929,True,True,2,0,0,1.0,1.0,1.0,1.0,True,MSTLS support stable,5,0.009719249996123835,0.1324271250050515,"[0.0, 0.0, 0.0, 0.0, 0.0, 0.0, 0.0, 0.0, 0.0, -0.4997990505993827, 0.0, 0.0, 0.0, 0.0, 0.0, 0.0, 0.0, 0.0, 0.0, 0.0, 0.0, 0.0, -0.9935056524503607, 0.0, 0.0, 0.0, 0.0, 0.0, 0.0, 0.0, 0.0, 0.0, 0.0, 0.0, 0.0, 0.0, 0.0, 0.0, 0.0, 0.0, 0.0, 0.0, 0.0, 0.0, 0.0, 0.0, 0.0, 0.0, 0.0]","[9, 22]"
kdv,400×601,0.1,27.44573823432411,188,WSINDy,0.003761399025272093,0.0042053600559560644,True,True,2,0,0,1.0,1.0,1.0,1.0,True,MSTLS support stable,5,0.008620415988843888,0.13151033301255666,"[0.0, 0.0, 0.0, 0.0, 0.0, 0.0, 0.0, 0.0, 0.0, -0.5000100041949463, 0.0, 0.0, 0.0, 0.0, 0.0, 0.0, 0.0, 0.0, 0.0, 0.0, 0.0, 0.0, -0.9957946399440439, 0.0, 0.0, 0.0, 0.0, 0.0, 0.0, 0.0, 0.0, 0.0, 0.0, 0.0, 0.0, 0.0, 0.0, 0.0, 0.0, 0.0, 0.0, 0.0, 0.0, 0.0, 0.0, 0.0, 0.0, 0.0, 0.0]","[9, 22]"
kdv,400×601,0.1,27.44573823432411,189,WSINDy,0.0029505512877428916,0.0032875168316902625,True,True,2,0,0,1.0,1.0,1.0,1.0,True,MSTLS support stable,4,0.012300292000873014,0.13577933399938047,"[0.0, 0.0, 0.0, 0.0, 0.0, 0.0, 0.0, 0.0, 0.0, -0.5002728080063978, 0.0, 0.0, 0.0, 0.0, 0.0, 0.0, 0.0, 0.0, 0.0, 0.0, 0.0, 0.0, -0.9967124831683097, 0.0, 0.0, 0.0, 0.0, 0.0, 0.0, 0.0, 0.0, 0.0, 0.0, 0.0, 0.0, 0.0, 0.0, 0.0, 0.0, 0.0, 0.0, 0.0, 0.0, 0.0, 0.0, 0.0, 0.0, 0.0, 0.0]","[9, 22]"
kdv,400×601,0.1,27.44573823432411,190,WSINDy,0.0008011254221037281,0.0008566805810132916,True,True,2,0,0,1.0,1.0,1.0,1.0,True,MSTLS support stable,6,0.009068624989595264,0.13047266699140891,"[0.0, 0.0, 0.0, 0.0, 0.0, 0.0, 0.0, 0.0, 0.0, -0.4997385601225122, 0.0, 0.0, 0.0, 0.0, 0.0, 0.0, 0.0, 0.0, 0.0, 0.0, 0.0, 0.0, -1.0008566805810133, 0.0, 0.0, 0.0, 0.0, 0.0, 0.0, 0.0, 0.0, 0.0, 0.0, 0.0, 0.0, 0.0, 0.0, 0.0, 0.0, 0.0, 0.0, 0.0, 0.0, 0.0, 0.0, 0.0, 0.0, 0.0, 0.0]","[9, 22]"
kdv,400×601,0.1,27.44573823432411,191,WSINDy,0.0039455562732477675,0.004408191899069158,True,True,2,0,0,1.0,1.0,1.0,1.0,True,MSTLS support stable,4,0.010232208005618304,0.1302912910177838,"[0.0, 0.0, 0.0, 0.0, 0.0, 0.0, 0.0, 0.0, 0.0, -0.49983534258994183, 0.0, 0.0, 0.0, 0.0, 0.0, 0.0, 0.0, 0.0, 0.0, 0.0, 0.0, 0.0, -0.9955918081009308, 0.0, 0.0, 0.0, 0.0, 0.0, 0.0, 0.0, 0.0, 0.0, 0.0, 0.0, 0.0, 0.0, 0.0, 0.0, 0.0, 0.0, 0.0, 0.0, 0.0, 0.0, 0.0, 0.0, 0.0, 0.0, 0.0]","[9, 22]"
kdv,400×601,0.1,27.44573823432411,192,WSINDy,0.004473853727044582,0.004999827517093269,True,True,2,0,0,1.0,1.0,1.0,1.0,True,MSTLS support stable,5,0.01020262500969693,0.13337233400670812,"[0.0, 0.0, 0.0, 0.0, 0.0, 0.0, 0.0, 0.0, 0.0, -0.5001446850477946, 0.0, 0.0, 0.0, 0.0, 0.0, 0.0, 0.0, 0.0, 0.0, 0.0, 0.0, 0.0, -1.0049998275170933, 0.0, 0.0, 0.0, 0.0, 0.0, 0.0, 0.0, 0.0, 0.0, 0.0, 0.0, 0.0, 0.0, 0.0, 0.0, 0.0, 0.0, 0.0, 0.0, 0.0, 0.0, 0.0, 0.0, 0.0, 0.0, 0.0]","[9, 22]"
kdv,400×601,0.1,27.44573823432411,193,WSINDy,0.01022825234267301,0.011432756952181045,True,True,2,0,0,1.0,1.0,1.0,1.0,True,MSTLS support stable,4,0.0096041249926202,0.1321568749845028,"[0.0, 0.0, 0.0, 0.0, 0.0, 0.0, 0.0, 0.0, 0.0, -0.5002519939564769, 0.0, 0.0, 0.0, 0.0, 0.0, 0.0, 0.0, 0.0, 0.0, 0.0, 0.0, 0.0, -1.011432756952181, 0.0, 0.0, 0.0, 0.0, 0.0, 0.0, 0.0, 0.0, 0.0, 0.0, 0.0, 0.0, 0.0, 0.0, 0.0, 0.0, 0.0, 0.0, 0.0, 0.0, 0.0, 0.0, 0.0, 0.0, 0.0, 0.0]","[9, 22]"
kdv,400×601,0.1,27.44573823432411,194,WSINDy,0.004135064225791263,0.004621251208774324,True,True,2,0,0,1.0,1.0,1.0,1.0,True,MSTLS support stable,6,0.010496458999114111,0.1316121680138167,"[0.0, 0.0, 0.0, 0.0, 0.0, 0.0, 0.0, 0.0, 0.0, -0.49986777876617117, 0.0, 0.0, 0.0, 0.0, 0.0, 0.0, 0.0, 0.0, 0.0, 0.0, 0.0, 0.0, -0.9953787487912257, 0.0, 0.0, 0.0, 0.0, 0.0, 0.0, 0.0, 0.0, 0.0, 0.0, 0.0, 0.0, 0.0, 0.0, 0.0, 0.0, 0.0, 0.0, 0.0, 0.0, 0.0, 0.0, 0.0, 0.0, 0.0, 0.0]","[9, 22]"
kdv,400×601,0.1,27.44573823432411,195,WSINDy,0.002979966324465602,0.0033296921457034445,True,True,2,0,0,1.0,1.0,1.0,1.0,True,MSTLS support stable,4,0.010360124986618757,0.1317055419785902,"[0.0, 0.0, 0.0, 0.0, 0.0, 0.0, 0.0, 0.0, 0.0, -0.49988424450973246, 0.0, 0.0, 0.0, 0.0, 0.0, 0.0, 0.0, 0.0, 0.0, 0.0, 0.0, 0.0, -0.9966703078542966, 0.0, 0.0, 0.0, 0.0, 0.0, 0.0, 0.0, 0.0, 0.0, 0.0, 0.0, 0.0, 0.0, 0.0, 0.0, 0.0, 0.0, 0.0, 0.0, 0.0, 0.0, 0.0, 0.0, 0.0, 0.0, 0.0]","[9, 22]"
kdv,400×601,0.1,27.44573823432411,196,WSINDy,0.001475581990253603,0.0016479032529181925,True,True,2,0,0,1.0,1.0,1.0,1.0,True,MSTLS support stable,4,0.009901125013129786,0.13363833300536498,"[0.0, 0.0, 0.0, 0.0, 0.0, 0.0, 0.0, 0.0, 0.0, -0.5000780553103422, 0.0, 0.0, 0.0, 0.0, 0.0, 0.0, 0.0, 0.0, 0.0, 0.0, 0.0, 0.0, -1.0016479032529182, 0.0, 0.0, 0.0, 0.0, 0.0, 0.0, 0.0, 0.0, 0.0, 0.0, 0.0, 0.0, 0.0, 0.0, 0.0, 0.0, 0.0, 0.0, 0.0, 0.0, 0.0, 0.0, 0.0, 0.0, 0.0, 0.0]","[9, 22]"
kdv,400×601,0.1,27.44573823432411,197,WSINDy,0.0010794109780871508,0.001200467209580336,True,True,2,0,0,1.0,1.0,1.0,1.0,True,MSTLS support stable,5,0.009599832992535084,0.13522958298563026,"[0.0, 0.0, 0.0, 0.0, 0.0, 0.0, 0.0, 0.0, 0.0, -0.500123646889331, 0.0, 0.0, 0.0, 0.0, 0.0, 0.0, 0.0, 0.0, 0.0, 0.0, 0.0, 0.0, -0.9987995327904197, 0.0, 0.0, 0.0, 0.0, 0.0, 0.0, 0.0, 0.0, 0.0, 0.0, 0.0, 0.0, 0.0, 0.0, 0.0, 0.0, 0.0, 0.0, 0.0, 0.0, 0.0, 0.0, 0.0, 0.0, 0.0, 0.0]","[9, 22]"
kdv,400×601,0.1,27.44573823432411,198,WSINDy,0.004939690290823278,0.005521585581356403,True,True,2,0,0,1.0,1.0,1.0,1.0,True,MSTLS support stable,4,0.009650291001889855,0.13343395799165592,"[0.0, 0.0, 0.0, 0.0, 0.0, 0.0, 0.0, 0.0, 0.0, -0.500112995041149, 0.0, 0.0, 0.0, 0.0, 0.0, 0.0, 0.0, 0.0, 0.0, 0.0, 0.0, 0.0, -1.0055215855813564, 0.0, 0.0, 0.0, 0.0, 0.0, 0.0, 0.0, 0.0, 0.0, 0.0, 0.0, 0.0, 0.0, 0.0, 0.0, 0.0, 0.0, 0.0, 0.0, 0.0, 0.0, 0.0, 0.0, 0.0, 0.0, 0.0]","[9, 22]"
kdv,400×601,0.1,27.44573823432411,199,WSINDy,0.0026949030190509446,0.003009246385924369,True,True,2,0,0,1.0,1.0,1.0,1.0,True,MSTLS support stable,4,0.009809417009819299,0.13103175000287592,"[0.0, 0.0, 0.0, 0.0, 0.0, 0.0, 0.0, 0.0, 0.0, -0.500150213319694, 0.0, 0.0, 0.0, 0.0, 0.0, 0.0, 0.0, 0.0, 0.0, 0.0, 0.0, 0.0, -1.0030092463859244, 0.0, 0.0, 0.0, 0.0, 0.0, 0.0, 0.0, 0.0, 0.0, 0.0, 0.0, 0.0, 0.0, 0.0, 0.0, 0.0, 0.0, 0.0, 0.0, 0.0, 0.0, 0.0, 0.0, 0.0, 0.0, 0.0]","[9, 22]"
kdv,400×601,0.2,54.89147646864822,0,WSINDy,0.005102135512476763,0.005704103994646381,True,True,2,0,0,1.0,1.0,1.0,1.0,True,MSTLS support stable,5,0.009745542018208653,0.1326090420188848,"[0.0, 0.0, 0.0, 0.0, 0.0, 0.0, 0.0, 0.0, 0.0, -0.5000541396606458, 0.0, 0.0, 0.0, 0.0, 0.0, 0.0, 0.0, 0.0, 0.0, 0.0, 0.0, 0.0, -1.0057041039946464, 0.0, 0.0, 0.0, 0.0, 0.0, 0.0, 0.0, 0.0, 0.0, 0.0, 0.0, 0.0, 0.0, 0.0, 0.0, 0.0, 0.0, 0.0, 0.0, 0.0, 0.0, 0.0, 0.0, 0.0, 0.0, 0.0]","[9, 22]"
kdv,400×601,0.2,54.89147646864822,1,WSINDy,0.8947103149704527,1.0,True,False,1,0,1,1.0,0.5,0.6666666666666666,0.5,True,MSTLS support stable,3,0.010414333984954283,0.13294899999164045,"[0.0, 0.0, 0.0, 0.0, 0.0, 0.0, 0.0, 0.0, 0.0, -0.4748368395633873, 0.0, 0.0, 0.0, 0.0, 0.0, 0.0, 0.0, 0.0, 0.0, 0.0, 0.0, 0.0, 0.0, 0.0, 0.0, 0.0, 0.0, 0.0, 0.0, 0.0, 0.0, 0.0, 0.0, 0.0, 0.0, 0.0, 0.0, 0.0, 0.0, 0.0, 0.0, 0.0, 0.0, 0.0, 0.0, 0.0, 0.0, 0.0, 0.0]",[9]
kdv,400×601,0.2,54.89147646864822,2,WSINDy,0.007785426316495532,0.008701474909834861,True,True,2,0,0,1.0,1.0,1.0,1.0,True,MSTLS support stable,4,0.010279375012032688,0.1319823749945499,"[0.0, 0.0, 0.0, 0.0, 0.0, 0.0, 0.0, 0.0, 0.0, -0.49977547148178714, 0.0, 0.0, 0.0, 0.0, 0.0, 0.0, 0.0, 0.0, 0.0, 0.0, 0.0, 0.0, -0.9912985250901651, 0.0, 0.0, 0.0, 0.0, 0.0, 0.0, 0.0, 0.0, 0.0, 0.0, 0.0, 0.0, 0.0, 0.0, 0.0, 0.0, 0.0, 0.0, 0.0, 0.0, 0.0, 0.0, 0.0, 0.0, 0.0, 0.0]","[9, 22]"
kdv,400×601,0.2,54.89147646864822,3,WSINDy,0.0013038664840353356,0.0014555654032346599,True,True,2,0,0,1.0,1.0,1.0,1.0,True,MSTLS support stable,3,0.010764332982944325,0.133233582979301,"[0.0, 0.0, 0.0, 0.0, 0.0, 0.0, 0.0, 0.0, 0.0, -0.499919911816448, 0.0, 0.0, 0.0, 0.0, 0.0, 0.0, 0.0, 0.0, 0.0, 0.0, 0.0, 0.0, -1.0014555654032347, 0.0, 0.0, 0.0, 0.0, 0.0, 0.0, 0.0, 0.0, 0.0, 0.0, 0.0, 0.0, 0.0, 0.0, 0.0, 0.0, 0.0, 0.0, 0.0, 0.0, 0.0, 0.0, 0.0, 0.0, 0.0, 0.0]","[9, 22]"
kdv,400×601,0.2,54.89147646864822,4,WSINDy,0.015231182645904756,0.017025495689352632,True,True,2,0,0,1.0,1.0,1.0,1.0,True,MSTLS support stable,4,0.011190666991751641,0.13361541699850932,"[0.0, 0.0, 0.0, 0.0, 0.0, 0.0, 0.0, 0.0, 0.0, -0.4996555402447706, 0.0, 0.0, 0.0, 0.0, 0.0, 0.0, 0.0, 0.0, 0.0, 0.0, 0.0, 0.0, -0.9829745043106474, 0.0, 0.0, 0.0, 0.0, 0.0, 0.0, 0.0, 0.0, 0.0, 0.0, 0.0, 0.0, 0.0, 0.0, 0.0, 0.0, 0.0, 0.0, 0.0, 0.0, 0.0, 0.0, 0.0, 0.0, 0.0, 0.0]","[9, 22]"
kdv,400×601,0.2,54.89147646864822,5,WSINDy,0.004288649812507378,0.004773833302460284,True,True,2,0,0,1.0,1.0,1.0,1.0,True,MSTLS support stable,4,0.010738540993770584,0.13700616598362103,"[0.0, 0.0, 0.0, 0.0, 0.0, 0.0, 0.0, 0.0, 0.0, -0.49955148899877416, 0.0, 0.0, 0.0, 0.0, 0.0, 0.0, 0.0, 0.0, 0.0, 0.0, 0.0, 0.0, -1.0047738333024603, 0.0, 0.0, 0.0, 0.0, 0.0, 0.0, 0.0, 0.0, 0.0, 0.0, 0.0, 0.0, 0.0, 0.0, 0.0, 0.0, 0.0, 0.0, 0.0, 0.0, 0.0, 0.0, 0.0, 0.0, 0.0, 0.0]","[9, 22]"
kdv,400×601,0.2,54.89147646864822,6,WSINDy,0.0082522274357444,0.009224761837976936,True,True,2,0,0,1.0,1.0,1.0,1.0,True,MSTLS support stable,4,0.009291458001825958,0.13080191597691737,"[0.0, 0.0, 0.0, 0.0, 0.0, 0.0, 0.0, 0.0, 0.0, -0.49983314348478364, 0.0, 0.0, 0.0, 0.0, 0.0, 0.0, 0.0, 0.0, 0.0, 0.0, 0.0, 0.0, -0.9907752381620231, 0.0, 0.0, 0.0, 0.0, 0.0, 0.0, 0.0, 0.0, 0.0, 0.0, 0.0, 0.0, 0.0, 0.0, 0.0, 0.0, 0.0, 0.0, 0.0, 0.0, 0.0, 0.0, 0.0, 0.0, 0.0, 0.0]","[9, 22]"
kdv,400×601,0.2,54.89147646864822,7,WSINDy,0.010326620582856758,0.011545475861211685,True,True,2,0,0,1.0,1.0,1.0,1.0,True,MSTLS support stable,4,0.010505666985409334,0.1306918339978438,"[0.0, 0.0, 0.0, 0.0, 0.0, 0.0, 0.0, 0.0, 0.0, -0.5000292055821612, 0.0, 0.0, 0.0, 0.0, 0.0, 0.0, 0.0, 0.0, 0.0, 0.0, 0.0, 0.0, -1.0115454758612117, 0.0, 0.0, 0.0, 0.0, 0.0, 0.0, 0.0, 0.0, 0.0, 0.0, 0.0, 0.0, 0.0, 0.0, 0.0, 0.0, 0.0, 0.0, 0.0, 0.0, 0.0, 0.0, 0.0, 0.0, 0.0, 0.0]","[9, 22]"
kdv,400×601,0.2,54.89147646864822,8,WSINDy,0.0016392632849593042,0.0017659798475148092,True,True,2,0,0,1.0,1.0,1.0,1.0,True,MSTLS support stable,4,0.010085208981763572,0.132800375984516,"[0.0, 0.0, 0.0, 0.0, 0.0, 0.0, 0.0, 0.0, 0.0, -0.4991170100762426, 0.0, 0.0, 0.0, 0.0, 0.0, 0.0, 0.0, 0.0, 0.0, 0.0, 0.0, 0.0, -1.0016060227088408, 0.0, 0.0, 0.0, 0.0, 0.0, 0.0, 0.0, 0.0, 0.0, 0.0, 0.0, 0.0, 0.0, 0.0, 0.0, 0.0, 0.0, 0.0, 0.0, 0.0, 0.0, 0.0, 0.0, 0.0, 0.0, 0.0]","[9, 22]"
kdv,400×601,0.2,54.89147646864822,9,WSINDy,0.006276178831201896,0.00701541473935563,True,True,2,0,0,1.0,1.0,1.0,1.0,True,MSTLS support stable,4,0.010459459008416161,0.13015675102360547,"[0.0, 0.0, 0.0, 0.0, 0.0, 0.0, 0.0, 0.0, 0.0, -0.49985173693526275, 0.0, 0.0, 0.0, 0.0, 0.0, 0.0, 0.0, 0.0, 0.0, 0.0, 0.0, 0.0, -0.9929845852606444, 0.0, 0.0, 0.0, 0.0, 0.0, 0.0, 0.0, 0.0, 0.0, 0.0, 0.0, 0.0, 0.0, 0.0, 0.0, 0.0, 0.0, 0.0, 0.0, 0.0, 0.0, 0.0, 0.0, 0.0, 0.0, 0.0]","[9, 22]"
kdv,400×601,0.2,54.89147646864822,10,WSINDy,0.0021542751811622807,0.0023657445042384317,True,True,2,0,0,1.0,1.0,1.0,1.0,True,MSTLS support stable,5,0.010053333011455834,0.13178679201519117,"[0.0, 0.0, 0.0, 0.0, 0.0, 0.0, 0.0, 0.0, 0.0, -0.4995479160632356, 0.0, 0.0, 0.0, 0.0, 0.0, 0.0, 0.0, 0.0, 0.0, 0.0, 0.0, 0.0, -0.9976342554957616, 0.0, 0.0, 0.0, 0.0, 0.0, 0.0, 0.0, 0.0, 0.0, 0.0, 0.0, 0.0, 0.0, 0.0, 0.0, 0.0, 0.0, 0.0, 0.0, 0.0, 0.0, 0.0, 0.0, 0.0, 0.0, 0.0]","[9, 22]"
kdv,400×601,0.2,54.89147646864822,11,WSINDy,0.009101196448075582,0.0101742905285519,True,True,2,0,0,1.0,1.0,1.0,1.0,True,MSTLS support stable,4,0.009669874998508021,0.1297375840076711,"[0.0, 0.0, 0.0, 0.0, 0.0, 0.0, 0.0, 0.0, 0.0, -0.5001534054226506, 0.0, 0.0, 0.0, 0.0, 0.0, 0.0, 0.0, 0.0, 0.0, 0.0, 0.0, 0.0, -0.9898257094714481, 0.0, 0.0, 0.0, 0.0, 0.0, 0.0, 0.0, 0.0, 0.0, 0.0, 0.0, 0.0, 0.0, 0.0, 0.0, 0.0, 0.0, 0.0, 0.0, 0.0, 0.0, 0.0, 0.0, 0.0, 0.0, 0.0]","[9, 22]"
kdv,400×601,0.2,54.89147646864822,12,WSINDy,0.005234821447962755,0.005852484582022366,True,True,2,0,0,1.0,1.0,1.0,1.0,True,MSTLS support stable,5,0.011083959019742906,0.13373020899598487,"[0.0, 0.0, 0.0, 0.0, 0.0, 0.0, 0.0, 0.0, 0.0, -0.5000511733060696, 0.0, 0.0, 0.0, 0.0, 0.0, 0.0, 0.0, 0.0, 0.0, 0.0, 0.0, 0.0, -0.9941475154179776, 0.0, 0.0, 0.0, 0.0, 0.0, 0.0, 0.0, 0.0, 0.0, 0.0, 0.0, 0.0, 0.0, 0.0, 0.0, 0.0, 0.0, 0.0, 0.0, 0.0, 0.0, 0.0, 0.0, 0.0, 0.0, 0.0]","[9, 22]"
kdv,400×601,0.2,54.89147646864822,13,WSINDy,0.004902440164023486,0.005480773632295932,True,True,2,0,0,1.0,1.0,1.0,1.0,True,MSTLS support stable,6,0.011060207994887605,0.13662716699764132,"[0.0, 0.0, 0.0, 0.0, 0.0, 0.0, 0.0, 0.0, 0.0, -0.4999406717283419, 0.0, 0.0, 0.0, 0.0, 0.0, 0.0, 0.0, 0.0, 0.0, 0.0, 0.0, 0.0, -1.005480773632296, 0.0, 0.0, 0.0, 0.0, 0.0, 0.0, 0.0, 0.0, 0.0, 0.0, 0.0, 0.0, 0.0, 0.0, 0.0, 0.0, 0.0, 0.0, 0.0, 0.0, 0.0, 0.0, 0.0, 0.0, 0.0, 0.0]","[9, 22]"
kdv,400×601,0.2,54.89147646864822,14,WSINDy,0.006256035794384219,0.006992030227789159,True,True,2,0,0,1.0,1.0,1.0,1.0,True,MSTLS support stable,5,0.010808999999426305,0.13438925001537427,"[0.0, 0.0, 0.0, 0.0, 0.0, 0.0, 0.0, 0.0, 0.0, -0.5001843722307003, 0.0, 0.0, 0.0, 0.0, 0.0, 0.0, 0.0, 0.0, 0.0, 0.0, 0.0, 0.0, -0.9930079697722108, 0.0, 0.0, 0.0, 0.0, 0.0, 0.0, 0.0, 0.0, 0.0, 0.0, 0.0, 0.0, 0.0, 0.0, 0.0, 0.0, 0.0, 0.0, 0.0, 0.0, 0.0, 0.0, 0.0, 0.0, 0.0, 0.0]","[9, 22]"
kdv,400×601,0.2,54.89147646864822,15,WSINDy,0.012364581186926755,0.013807720295866077,True,True,2,0,0,1.0,1.0,1.0,1.0,True,MSTLS support stable,3,0.010204749996773899,0.13212699998985045,"[0.0, 0.0, 0.0, 0.0, 0.0, 0.0, 0.0, 0.0, 0.0, -0.4993288479000578, 0.0, 0.0, 0.0, 0.0, 0.0, 0.0, 0.0, 0.0, 0.0, 0.0, 0.0, 0.0, -0.9861922797041339, 0.0, 0.0, 0.0, 0.0, 0.0, 0.0, 0.0, 0.0, 0.0, 0.0, 0.0, 0.0, 0.0, 0.0, 0.0, 0.0, 0.0, 0.0, 0.0, 0.0, 0.0, 0.0, 0.0, 0.0, 0.0, 0.0]","[9, 22]"
kdv,400×601,0.2,54.89147646864822,16,WSINDy,0.012780115900337003,0.014278102503556211,True,True,2,0,0,1.0,1.0,1.0,1.0,True,MSTLS support stable,5,0.010294208012055606,0.132047124003293,"[0.0, 0.0, 0.0, 0.0, 0.0, 0.0, 0.0, 0.0, 0.0, -0.49945228480895615, 0.0, 0.0, 0.0, 0.0, 0.0, 0.0, 0.0, 0.0, 0.0, 0.0, 0.0, 0.0, -0.9857218974964438, 0.0, 0.0, 0.0, 0.0, 0.0, 0.0, 0.0, 0.0, 0.0, 0.0, 0.0, 0.0, 0.0, 0.0, 0.0, 0.0, 0.0, 0.0, 0.0, 0.0, 0.0, 0.0, 0.0, 0.0, 0.0, 0.0]","[9, 22]"
kdv,400×601,0.2,54.89147646864822,17,WSINDy,0.0003160234539647092,0.0006320010886718963,True,True,2,0,0,1.0,1.0,1.0,1.0,True,MSTLS support stable,3,0.010444415995152667,0.1337894989992492,"[0.0, 0.0, 0.0, 0.0, 0.0, 0.0, 0.0, 0.0, 0.0, -0.49968399945566405, 0.0, 0.0, 0.0, 0.0, 0.0, 0.0, 0.0, 0.0, 0.0, 0.0, 0.0, 0.0, -0.9998419424620617, 0.0, 0.0, 0.0, 0.0, 0.0, 0.0, 0.0, 0.0, 0.0, 0.0, 0.0, 0.0, 0.0, 0.0, 0.0, 0.0, 0.0, 0.0, 0.0, 0.0, 0.0, 0.0, 0.0, 0.0, 0.0, 0.0]","[9, 22]"
kdv,400×601,0.2,54.89147646864822,18,WSINDy,0.012204404550727854,0.013627723284434068,True,True,2,0,0,1.0,1.0,1.0,1.0,True,MSTLS support stable,4,0.00955120800063014,0.13309600000502542,"[0.0, 0.0, 0.0, 0.0, 0.0, 0.0, 0.0, 0.0, 0.0, -0.49931478388067924, 0.0, 0.0, 0.0, 0.0, 0.0, 0.0, 0.0, 0.0, 0.0, 0.0, 0.0, 0.0, -0.9863722767155659, 0.0, 0.0, 0.0, 0.0, 0.0, 0.0, 0.0, 0.0, 0.0, 0.0, 0.0, 0.0, 0.0, 0.0, 0.0, 0.0, 0.0, 0.0, 0.0, 0.0, 0.0, 0.0, 0.0, 0.0, 0.0, 0.0]","[9, 22]"
kdv,400×601,0.2,54.89147646864822,19,WSINDy,0.0108065807514254,0.012081990659316144,True,True,2,0,0,1.0,1.0,1.0,1.0,True,MSTLS support stable,4,0.009866708016488701,0.13176154100801796,"[0.0, 0.0, 0.0, 0.0, 0.0, 0.0, 0.0, 0.0, 0.0, -0.49994311301075856, 0.0, 0.0, 0.0, 0.0, 0.0, 0.0, 0.0, 0.0, 0.0, 0.0, 0.0, 0.0, -1.0120819906593161, 0.0, 0.0, 0.0, 0.0, 0.0, 0.0, 0.0, 0.0, 0.0, 0.0, 0.0, 0.0, 0.0, 0.0, 0.0, 0.0, 0.0, 0.0, 0.0, 0.0, 0.0, 0.0, 0.0, 0.0, 0.0, 0.0]","[9, 22]"
kdv,400×601,0.2,54.89147646864822,20,WSINDy,0.02212258335058134,0.024722758708779935,True,True,2,0,0,1.0,1.0,1.0,1.0,True,MSTLS support stable,5,0.010424792009871453,0.132200333988294,"[0.0, 0.0, 0.0, 0.0, 0.0, 0.0, 0.0, 0.0, 0.0, -0.5007389651255095, 0.0, 0.0, 0.0, 0.0, 0.0, 0.0, 0.0, 0.0, 0.0, 0.0, 0.0, 0.0, -1.02472275870878, 0.0, 0.0, 0.0, 0.0, 0.0, 0.0, 0.0, 0.0, 0.0, 0.0, 0.0, 0.0, 0.0, 0.0, 0.0, 0.0, 0.0, 0.0, 0.0, 0.0, 0.0, 0.0, 0.0, 0.0, 0.0, 0.0]","[9, 22]"
kdv,400×601,0.2,54.89147646864822,21,WSINDy,0.0035422538642599127,0.003960299867683981,True,True,2,0,0,1.0,1.0,1.0,1.0,True,MSTLS support stable,4,0.011487041978398338,0.1354568749666214,"[0.0, 0.0, 0.0, 0.0, 0.0, 0.0, 0.0, 0.0, 0.0, -0.5000218633621065, 0.0, 0.0, 0.0, 0.0, 0.0, 0.0, 0.0, 0.0, 0.0, 0.0, 0.0, 0.0, -1.003960299867684, 0.0, 0.0, 0.0, 0.0, 0.0, 0.0, 0.0, 0.0, 0.0, 0.0, 0.0, 0.0, 0.0, 0.0, 0.0, 0.0, 0.0, 0.0, 0.0, 0.0, 0.0, 0.0, 0.0, 0.0, 0.0, 0.0]","[9, 22]"
kdv,400×601,0.2,54.89147646864822,22,WSINDy,0.0038681375767788133,0.004289521367151994,True,True,2,0,0,1.0,1.0,1.0,1.0,True,MSTLS support stable,5,0.010883916023885831,0.13213312401785515,"[0.0, 0.0, 0.0, 0.0, 0.0, 0.0, 0.0, 0.0, 0.0, -0.49944943952933685, 0.0, 0.0, 0.0, 0.0, 0.0, 0.0, 0.0, 0.0, 0.0, 0.0, 0.0, 0.0, -0.995710478632848, 0.0, 0.0, 0.0, 0.0, 0.0, 0.0, 0.0, 0.0, 0.0, 0.0, 0.0, 0.0, 0.0, 0.0, 0.0, 0.0, 0.0, 0.0, 0.0, 0.0, 0.0, 0.0, 0.0, 0.0, 0.0, 0.0]","[9, 22]"
kdv,400×601,0.2,54.89147646864822,23,WSINDy,0.007691435916429495,0.008584309737571516,True,True,2,0,0,1.0,1.0,1.0,1.0,True,MSTLS support stable,6,0.010946082998998463,0.1308233330200892,"[0.0, 0.0, 0.0, 0.0, 0.0, 0.0, 0.0, 0.0, 0.0, -0.5005073060221522, 0.0, 0.0, 0.0, 0.0, 0.0, 0.0, 0.0, 0.0, 0.0, 0.0, 0.0, 0.0, -1.0085843097375715, 0.0, 0.0, 0.0, 0.0, 0.0, 0.0, 0.0, 0.0, 0.0, 0.0, 0.0, 0.0, 0.0, 0.0, 0.0, 0.0, 0.0, 0.0, 0.0, 0.0, 0.0, 0.0, 0.0, 0.0, 0.0, 0.0]","[9, 22]"
kdv,400×601,0.2,54.89147646864822,24,WSINDy,0.013702900350216466,0.015296436716436324,True,True,2,0,0,1.0,1.0,1.0,1.0,True,MSTLS support stable,6,0.010645499976817518,0.1338278339826502,"[0.0, 0.0, 0.0, 0.0, 0.0, 0.0, 0.0, 0.0, 0.0, -0.49914508989360756, 0.0, 0.0, 0.0, 0.0, 0.0, 0.0, 0.0, 0.0, 0.0, 0.0, 0.0, 0.0, -0.9847035632835637, 0.0, 0.0, 0.0, 0.0, 0.0, 0.0, 0.0, 0.0, 0.0, 0.0, 0.0, 0.0, 0.0, 0.0, 0.0, 0.0, 0.0, 0.0, 0.0, 0.0, 0.0, 0.0, 0.0, 0.0, 0.0, 0.0]","[9, 22]"
kdv,400×601,0.2,54.89147646864822,25,WSINDy,0.014171397099141225,0.01584136169900474,True,True,2,0,0,1.0,1.0,1.0,1.0,True,MSTLS support stable,5,0.010070874996017665,0.1331141669943463,"[0.0, 0.0, 0.0, 0.0, 0.0, 0.0, 0.0, 0.0, 0.0, -0.4997052472252191, 0.0, 0.0, 0.0, 0.0, 0.0, 0.0, 0.0, 0.0, 0.0, 0.0, 0.0, 0.0, -0.9841586383009953, 0.0, 0.0, 0.0, 0.0, 0.0, 0.0, 0.0, 0.0, 0.0, 0.0, 0.0, 0.0, 0.0, 0.0, 0.0, 0.0, 0.0, 0.0, 0.0, 0.0, 0.0, 0.0, 0.0, 0.0, 0.0, 0.0]","[9, 22]"
kdv,400×601,0.2,54.89147646864822,26,WSINDy,0.0024322622306831606,0.002715296685399826,True,True,2,0,0,1.0,1.0,1.0,1.0,True,MSTLS support stable,4,0.010158082994166762,0.1313841659866739,"[0.0, 0.0, 0.0, 0.0, 0.0, 0.0, 0.0, 0.0, 0.0, -0.500148453220802, 0.0, 0.0, 0.0, 0.0, 0.0, 0.0, 0.0, 0.0, 0.0, 0.0, 0.0, 0.0, -1.0027152966853998, 0.0, 0.0, 0.0, 0.0, 0.0, 0.0, 0.0, 0.0, 0.0, 0.0, 0.0, 0.0, 0.0, 0.0, 0.0, 0.0, 0.0, 0.0, 0.0, 0.0, 0.0, 0.0, 0.0, 0.0, 0.0, 0.0]","[9, 22]"
kdv,400×601,0.2,54.89147646864822,27,WSINDy,0.010334000372483693,0.011545909141356003,True,True,2,0,0,1.0,1.0,1.0,1.0,True,MSTLS support stable,5,0.010540458984905854,0.1337394169822801,"[0.0, 0.0, 0.0, 0.0, 0.0, 0.0, 0.0, 0.0, 0.0, -0.49957404610264927, 0.0, 0.0, 0.0, 0.0, 0.0, 0.0, 0.0, 0.0, 0.0, 0.0, 0.0, 0.0, -0.988454090858644, 0.0, 0.0, 0.0, 0.0, 0.0, 0.0, 0.0, 0.0, 0.0, 0.0, 0.0, 0.0, 0.0, 0.0, 0.0, 0.0, 0.0, 0.0, 0.0, 0.0, 0.0, 0.0, 0.0, 0.0, 0.0, 0.0]","[9, 22]"
kdv,400×601,0.2,54.89147646864822,28,WSINDy,0.019273970231035466,0.0215424996304312,True,True,2,0,0,1.0,1.0,1.0,1.0,True,MSTLS support stable,4,0.010099500010255724,0.1331209579948336,"[0.0, 0.0, 0.0, 0.0, 0.0, 0.0, 0.0, 0.0, 0.0, -0.500527371080382, 0.0, 0.0, 0.0, 0.0, 0.0, 0.0, 0.0, 0.0, 0.0, 0.0, 0.0, 0.0, -1.0215424996304312, 0.0, 0.0, 0.0, 0.0, 0.0, 0.0, 0.0, 0.0, 0.0, 0.0, 0.0, 0.0, 0.0, 0.0, 0.0, 0.0, 0.0, 0.0, 0.0, 0.0, 0.0, 0.0, 0.0, 0.0, 0.0, 0.0]","[9, 22]"
kdv,400×601,0.2,54.89147646864822,29,WSINDy,0.004880868467415577,0.005405373406262015,True,True,2,0,0,1.0,1.0,1.0,1.0,True,MSTLS support stable,4,0.009845499997027218,0.13549924999824725,"[0.0, 0.0, 0.0, 0.0, 0.0, 0.0, 0.0, 0.0, 0.0, -0.4992513114237949, 0.0, 0.0, 0.0, 0.0, 0.0, 0.0, 0.0, 0.0, 0.0, 0.0, 0.0, 0.0, -0.994594626593738, 0.0, 0.0, 0.0, 0.0, 0.0, 0.0, 0.0, 0.0, 0.0, 0.0, 0.0, 0.0, 0.0, 0.0, 0.0, 0.0, 0.0, 0.0, 0.0, 0.0, 0.0, 0.0, 0.0, 0.0, 0.0, 0.0]","[9, 22]"
kdv,400×601,0.2,54.89147646864822,30,WSINDy,0.007957251799826622,0.008880377931441807,True,True,2,0,0,1.0,1.0,1.0,1.0,True,MSTLS support stable,5,0.009479583008214831,0.13103412499185652,"[0.0, 0.0, 0.0, 0.0, 0.0, 0.0, 0.0, 0.0, 0.0, -0.4994650158394248, 0.0, 0.0, 0.0, 0.0, 0.0, 0.0, 0.0, 0.0, 0.0, 0.0, 0.0, 0.0, -0.9911196220685582, 0.0, 0.0, 0.0, 0.0, 0.0, 0.0, 0.0, 0.0, 0.0, 0.0, 0.0, 0.0, 0.0, 0.0, 0.0, 0.0, 0.0, 0.0, 0.0, 0.0, 0.0, 0.0, 0.0, 0.0, 0.0, 0.0]","[9, 22]"
kdv,400×601,0.2,54.89147646864822,31,WSINDy,0.005042108456667586,0.005636160641054544,True,True,2,0,0,1.0,1.0,1.0,1.0,True,MSTLS support stable,5,0.009864749998087063,0.13177187502151355,"[0.0, 0.0, 0.0, 0.0, 0.0, 0.0, 0.0, 0.0, 0.0, -0.5001107489919869, 0.0, 0.0, 0.0, 0.0, 0.0, 0.0, 0.0, 0.0, 0.0, 0.0, 0.0, 0.0, -0.9943638393589455, 0.0, 0.0, 0.0, 0.0, 0.0, 0.0, 0.0, 0.0, 0.0, 0.0, 0.0, 0.0, 0.0, 0.0, 0.0, 0.0, 0.0, 0.0, 0.0, 0.0, 0.0, 0.0, 0.0, 0.0, 0.0, 0.0]","[9, 22]"
kdv,400×601,0.2,54.89147646864822,32,WSINDy,0.006275128756205919,0.007015804280576354,True,True,2,0,0,1.0,1.0,1.0,1.0,True,MSTLS support stable,4,0.012873166997451335,0.13501308401464485,"[0.0, 0.0, 0.0, 0.0, 0.0, 0.0, 0.0, 0.0, 0.0, -0.5000064366411702, 0.0, 0.0, 0.0, 0.0, 0.0, 0.0, 0.0, 0.0, 0.0, 0.0, 0.0, 0.0, -1.0070158042805764, 0.0, 0.0, 0.0, 0.0, 0.0, 0.0, 0.0, 0.0, 0.0, 0.0, 0.0, 0.0, 0.0, 0.0, 0.0, 0.0, 0.0, 0.0, 0.0, 0.0, 0.0, 0.0, 0.0, 0.0, 0.0, 0.0]","[9, 22]"
kdv,400×601,0.2,54.89147646864822,33,WSINDy,0.010797172076048042,0.01207159000352298,True,True,2,0,0,1.0,1.0,1.0,1.0,True,MSTLS support stable,4,0.010165125015191734,0.13380700000561774,"[0.0, 0.0, 0.0, 0.0, 0.0, 0.0, 0.0, 0.0, 0.0, -0.5000192571177365, 0.0, 0.0, 0.0, 0.0, 0.0, 0.0, 0.0, 0.0, 0.0, 0.0, 0.0, 0.0, -0.987928409996477, 0.0, 0.0, 0.0, 0.0, 0.0, 0.0, 0.0, 0.0, 0.0, 0.0, 0.0, 0.0, 0.0, 0.0, 0.0, 0.0, 0.0, 0.0, 0.0, 0.0, 0.0, 0.0, 0.0, 0.0, 0.0, 0.0]","[9, 22]"
kdv,400×601,0.2,54.89147646864822,34,WSINDy,0.01243984932067564,0.01389587621952626,True,True,2,0,0,1.0,1.0,1.0,1.0,True,MSTLS support stable,4,0.010510249994695187,0.13349908299278468,"[0.0, 0.0, 0.0, 0.0, 0.0, 0.0, 0.0, 0.0, 0.0, -0.5005847546434167, 0.0, 0.0, 0.0, 0.0, 0.0, 0.0, 0.0, 0.0, 0.0, 0.0, 0.0, 0.0, -1.0138958762195263, 0.0, 0.0, 0.0, 0.0, 0.0, 0.0, 0.0, 0.0, 0.0, 0.0, 0.0, 0.0, 0.0, 0.0, 0.0, 0.0, 0.0, 0.0, 0.0, 0.0, 0.0, 0.0, 0.0, 0.0, 0.0, 0.0]","[9, 22]"
kdv,400×601,0.2,54.89147646864822,35,WSINDy,0.003929310391864235,0.004391490732579939,True,True,2,0,0,1.0,1.0,1.0,1.0,True,MSTLS support stable,6,0.010088250011904165,0.13477479200810194,"[0.0, 0.0, 0.0, 0.0, 0.0, 0.0, 0.0, 0.0, 0.0, -0.49988100697423865, 0.0, 0.0, 0.0, 0.0, 0.0, 0.0, 0.0, 0.0, 0.0, 0.0, 0.0, 0.0, -0.9956085092674201, 0.0, 0.0, 0.0, 0.0, 0.0, 0.0, 0.0, 0.0, 0.0, 0.0, 0.0, 0.0, 0.0, 0.0, 0.0, 0.0, 0.0, 0.0, 0.0, 0.0, 0.0, 0.0, 0.0, 0.0, 0.0, 0.0]","[9, 22]"
kdv,400×601,0.2,54.89147646864822,36,WSINDy,0.00646574099078794,0.007219004713280741,True,True,2,0,0,1.0,1.0,1.0,1.0,True,MSTLS support stable,4,0.0108478749752976,0.1308467499911785,"[0.0, 0.0, 0.0, 0.0, 0.0, 0.0, 0.0, 0.0, 0.0, -0.49962154372831896, 0.0, 0.0, 0.0, 0.0, 0.0, 0.0, 0.0, 0.0, 0.0, 0.0, 0.0, 0.0, -1.0072190047132807, 0.0, 0.0, 0.0, 0.0, 0.0, 0.0, 0.0, 0.0, 0.0, 0.0, 0.0, 0.0, 0.0, 0.0, 0.0, 0.0, 0.0, 0.0, 0.0, 0.0, 0.0, 0.0, 0.0, 0.0, 0.0, 0.0]","[9, 22]"
kdv,400×601,0.2,54.89147646864822,37,WSINDy,0.0007706724650055107,0.0008412070487486822,True,True,2,0,0,1.0,1.0,1.0,1.0,True,MSTLS support stable,4,0.010874542000237852,0.1344833339971956,"[0.0, 0.0, 0.0, 0.0, 0.0, 0.0, 0.0, 0.0, 0.0, -0.5001865228177265, 0.0, 0.0, 0.0, 0.0, 0.0, 0.0, 0.0, 0.0, 0.0, 0.0, 0.0, 0.0, -0.9991587929512513, 0.0, 0.0, 0.0, 0.0, 0.0, 0.0, 0.0, 0.0, 0.0, 0.0, 0.0, 0.0, 0.0, 0.0, 0.0, 0.0, 0.0, 0.0, 0.0, 0.0, 0.0, 0.0, 0.0, 0.0, 0.0, 0.0]","[9, 22]"
kdv,400×601,0.2,54.89147646864822,38,WSINDy,0.002793359849187423,0.003121198977019901,True,True,2,0,0,1.0,1.0,1.0,1.0,True,MSTLS support stable,5,0.01162995901540853,0.13532095903065056,"[0.0, 0.0, 0.0, 0.0, 0.0, 0.0, 0.0, 0.0, 0.0, -0.5001081249493198, 0.0, 0.0, 0.0, 0.0, 0.0, 0.0, 0.0, 0.0, 0.0, 0.0, 0.0, 0.0, -1.00312119897702, 0.0, 0.0, 0.0, 0.0, 0.0, 0.0, 0.0, 0.0, 0.0, 0.0, 0.0, 0.0, 0.0, 0.0, 0.0, 0.0, 0.0, 0.0, 0.0, 0.0, 0.0, 0.0, 0.0, 0.0, 0.0, 0.0]","[9, 22]"
kdv,400×601,0.2,54.89147646864822,39,WSINDy,0.0026716160868317665,0.0029460738012921928,True,True,2,0,0,1.0,1.0,1.0,1.0,True,MSTLS support stable,4,0.010045125003671274,0.13186141598271206,"[0.0, 0.0, 0.0, 0.0, 0.0, 0.0, 0.0, 0.0, 0.0, -0.4995074913182363, 0.0, 0.0, 0.0, 0.0, 0.0, 0.0, 0.0, 0.0, 0.0, 0.0, 0.0, 0.0, -0.9970539261987078, 0.0, 0.0, 0.0, 0.0, 0.0, 0.0, 0.0, 0.0, 0.0, 0.0, 0.0, 0.0, 0.0, 0.0, 0.0, 0.0, 0.0, 0.0, 0.0, 0.0, 0.0, 0.0, 0.0, 0.0, 0.0, 0.0]","[9, 22]"
kdv,400×601,0.2,54.89147646864822,40,WSINDy,0.0022697090267483305,0.002536754192388635,True,True,2,0,0,1.0,1.0,1.0,1.0,True,MSTLS support stable,5,0.010400833009043708,0.1329687919933349,"[0.0, 0.0, 0.0, 0.0, 0.0, 0.0, 0.0, 0.0, 0.0, -0.5000659696902164, 0.0, 0.0, 0.0, 0.0, 0.0, 0.0, 0.0, 0.0, 0.0, 0.0, 0.0, 0.0, -1.0025367541923886, 0.0, 0.0, 0.0, 0.0, 0.0, 0.0, 0.0, 0.0, 0.0, 0.0, 0.0, 0.0, 0.0, 0.0, 0.0, 0.0, 0.0, 0.0, 0.0, 0.0, 0.0, 0.0, 0.0, 0.0, 0.0, 0.0]","[9, 22]"
kdv,400×601,0.2,54.89147646864822,41,WSINDy,0.007061386389848328,0.007852924183977095,True,True,2,0,0,1.0,1.0,1.0,1.0,True,MSTLS support stable,4,0.009975334018236026,0.13188025102135725,"[0.0, 0.0, 0.0, 0.0, 0.0, 0.0, 0.0, 0.0, 0.0, -0.5008127446979997, 0.0, 0.0, 0.0, 0.0, 0.0, 0.0, 0.0, 0.0, 0.0, 0.0, 0.0, 0.0, -1.007852924183977, 0.0, 0.0, 0.0, 0.0, 0.0, 0.0, 0.0, 0.0, 0.0, 0.0, 0.0, 0.0, 0.0, 0.0, 0.0, 0.0, 0.0, 0.0, 0.0, 0.0, 0.0, 0.0, 0.0, 0.0, 0.0, 0.0]","[9, 22]"
kdv,400×601,0.2,54.89147646864822,42,WSINDy,0.007898567202771862,0.008829379915971769,True,True,2,0,0,1.0,1.0,1.0,1.0,True,MSTLS support stable,4,0.011493250000057742,0.13275804201839492,"[0.0, 0.0, 0.0, 0.0, 0.0, 0.0, 0.0, 0.0, 0.0, -0.5001620343183203, 0.0, 0.0, 0.0, 0.0, 0.0, 0.0, 0.0, 0.0, 0.0, 0.0, 0.0, 0.0, -1.0088293799159718, 0.0, 0.0, 0.0, 0.0, 0.0, 0.0, 0.0, 0.0, 0.0, 0.0, 0.0, 0.0, 0.0, 0.0, 0.0, 0.0, 0.0, 0.0, 0.0, 0.0, 0.0, 0.0, 0.0, 0.0, 0.0, 0.0]","[9, 22]"
kdv,400×601,0.2,54.89147646864822,43,WSINDy,0.002074313846762634,0.0022914787502614775,True,True,2,0,0,1.0,1.0,1.0,1.0,True,MSTLS support stable,4,0.010746124986326322,0.13344866599072702,"[0.0, 0.0, 0.0, 0.0, 0.0, 0.0, 0.0, 0.0, 0.0, -0.499642791999405, 0.0, 0.0, 0.0, 0.0, 0.0, 0.0, 0.0, 0.0, 0.0, 0.0, 0.0, 0.0, -0.9977085212497385, 0.0, 0.0, 0.0, 0.0, 0.0, 0.0, 0.0, 0.0, 0.0, 0.0, 0.0, 0.0, 0.0, 0.0, 0.0, 0.0, 0.0, 0.0, 0.0, 0.0, 0.0, 0.0, 0.0, 0.0, 0.0, 0.0]","[9, 22]"
kdv,400×601,0.2,54.89147646864822,44,WSINDy,0.003165998968321342,0.003513546294796832,True,True,2,0,0,1.0,1.0,1.0,1.0,True,MSTLS support stable,6,0.01007554100942798,0.13379612399148755,"[0.0, 0.0, 0.0, 0.0, 0.0, 0.0, 0.0, 0.0, 0.0, -0.4995705477109338, 0.0, 0.0, 0.0, 0.0, 0.0, 0.0, 0.0, 0.0, 0.0, 0.0, 0.0, 0.0, -0.9964864537052032, 0.0, 0.0, 0.0, 0.0, 0.0, 0.0, 0.0, 0.0, 0.0, 0.0, 0.0, 0.0, 0.0, 0.0, 0.0, 0.0, 0.0, 0.0, 0.0, 0.0, 0.0, 0.0, 0.0, 0.0, 0.0, 0.0]","[9, 22]"
kdv,400×601,0.2,54.89147646864822,45,WSINDy,0.006334361942478588,0.0070798787602623925,True,True,2,0,0,1.0,1.0,1.0,1.0,True,MSTLS support stable,5,0.010645250004017726,0.13638908401480876,"[0.0, 0.0, 0.0, 0.0, 0.0, 0.0, 0.0, 0.0, 0.0, -0.49982537679739836, 0.0, 0.0, 0.0, 0.0, 0.0, 0.0, 0.0, 0.0, 0.0, 0.0, 0.0, 0.0, -1.0070798787602624, 0.0, 0.0, 0.0, 0.0, 0.0, 0.0, 0.0, 0.0, 0.0, 0.0, 0.0, 0.0, 0.0, 0.0, 0.0, 0.0, 0.0, 0.0, 0.0, 0.0, 0.0, 0.0, 0.0, 0.0, 0.0, 0.0]","[9, 22]"
kdv,400×601,0.2,54.89147646864822,46,WSINDy,0.0012881452195042204,0.0014198461233796422,True,True,2,0,0,1.0,1.0,1.0,1.0,True,MSTLS support stable,5,0.010218292009085417,0.13226916699204594,"[0.0, 0.0, 0.0, 0.0, 0.0, 0.0, 0.0, 0.0, 0.0, -0.5002412148815647, 0.0, 0.0, 0.0, 0.0, 0.0, 0.0, 0.0, 0.0, 0.0, 0.0, 0.0, 0.0, -1.0014198461233796, 0.0, 0.0, 0.0, 0.0, 0.0, 0.0, 0.0, 0.0, 0.0, 0.0, 0.0, 0.0, 0.0, 0.0, 0.0, 0.0, 0.0, 0.0, 0.0, 0.0, 0.0, 0.0, 0.0, 0.0, 0.0, 0.0]","[9, 22]"
kdv,400×601,0.2,54.89147646864822,47,WSINDy,0.002927188482799731,0.003271747324349761,True,True,2,0,0,1.0,1.0,1.0,1.0,True,MSTLS support stable,5,0.010396708006737754,0.13035920800757594,"[0.0, 0.0, 0.0, 0.0, 0.0, 0.0, 0.0, 0.0, 0.0, -0.5000788033178516, 0.0, 0.0, 0.0, 0.0, 0.0, 0.0, 0.0, 0.0, 0.0, 0.0, 0.0, 0.0, -1.0032717473243498, 0.0, 0.0, 0.0, 0.0, 0.0, 0.0, 0.0, 0.0, 0.0, 0.0, 0.0, 0.0, 0.0, 0.0, 0.0, 0.0, 0.0, 0.0, 0.0, 0.0, 0.0, 0.0, 0.0, 0.0, 0.0, 0.0]","[9, 22]"
kdv,400×601,0.2,54.89147646864822,48,WSINDy,0.006196647350376944,0.006926106127834064,True,True,2,0,0,1.0,1.0,1.0,1.0,True,MSTLS support stable,4,0.010366125003201887,0.1335862500127405,"[0.0, 0.0, 0.0, 0.0, 0.0, 0.0, 0.0, 0.0, 0.0, -0.5001646265080308, 0.0, 0.0, 0.0, 0.0, 0.0, 0.0, 0.0, 0.0, 0.0, 0.0, 0.0, 0.0, -1.006926106127834, 0.0, 0.0, 0.0, 0.0, 0.0, 0.0, 0.0, 0.0, 0.0, 0.0, 0.0, 0.0, 0.0, 0.0, 0.0, 0.0, 0.0, 0.0, 0.0, 0.0, 0.0, 0.0, 0.0, 0.0, 0.0, 0.0]","[9, 22]"
kdv,400×601,0.2,54.89147646864822,49,WSINDy,0.013098179861953588,0.014630727839941238,True,True,2,0,0,1.0,1.0,1.0,1.0,True,MSTLS support stable,5,0.009584166982676834,0.12939041698700748,"[0.0, 0.0, 0.0, 0.0, 0.0, 0.0, 0.0, 0.0, 0.0, -0.4993717504527049, 0.0, 0.0, 0.0, 0.0, 0.0, 0.0, 0.0, 0.0, 0.0, 0.0, 0.0, 0.0, -0.9853692721600588, 0.0, 0.0, 0.0, 0.0, 0.0, 0.0, 0.0, 0.0, 0.0, 0.0, 0.0, 0.0, 0.0, 0.0, 0.0, 0.0, 0.0, 0.0, 0.0, 0.0, 0.0, 0.0, 0.0, 0.0, 0.0, 0.0]","[9, 22]"
kdv,400×601,0.2,54.89147646864822,50,WSINDy,0.008695823229503054,0.009712765364655929,True,True,2,0,0,1.0,1.0,1.0,1.0,True,MSTLS support stable,4,0.011173541017342359,0.13530624902341515,"[0.0, 0.0, 0.0, 0.0, 0.0, 0.0, 0.0, 0.0, 0.0, -0.49957120398836236, 0.0, 0.0, 0.0, 0.0, 0.0, 0.0, 0.0, 0.0, 0.0, 0.0, 0.0, 0.0, -0.9902872346353441, 0.0, 0.0, 0.0, 0.0, 0.0, 0.0, 0.0, 0.0, 0.0, 0.0, 0.0, 0.0, 0.0, 0.0, 0.0, 0.0, 0.0, 0.0, 0.0, 0.0, 0.0, 0.0, 0.0, 0.0, 0.0, 0.0]","[9, 22]"
kdv,400×601,0.2,54.89147646864822,51,WSINDy,0.001813233070767216,0.0020261208957523813,True,True,2,0,0,1.0,1.0,1.0,1.0,True,MSTLS support stable,4,0.00881250001839362,0.12975450002704747,"[0.0, 0.0, 0.0, 0.0, 0.0, 0.0, 0.0, 0.0, 0.0, -0.5000678367669517, 0.0, 0.0, 0.0, 0.0, 0.0, 0.0, 0.0, 0.0, 0.0, 0.0, 0.0, 0.0, -1.0020261208957524, 0.0, 0.0, 0.0, 0.0, 0.0, 0.0, 0.0, 0.0, 0.0, 0.0, 0.0, 0.0, 0.0, 0.0, 0.0, 0.0, 0.0, 0.0, 0.0, 0.0, 0.0, 0.0, 0.0, 0.0, 0.0, 0.0]","[9, 22]"
kdv,400×601,0.2,54.89147646864822,52,WSINDy,0.004471761791709961,0.004996907785492333,True,True,2,0,0,1.0,1.0,1.0,1.0,True,MSTLS support stable,5,0.010157209006138146,0.13238933400134556,"[0.0, 0.0, 0.0, 0.0, 0.0, 0.0, 0.0, 0.0, 0.0, -0.5001634915457522, 0.0, 0.0, 0.0, 0.0, 0.0, 0.0, 0.0, 0.0, 0.0, 0.0, 0.0, 0.0, -1.0049969077854923, 0.0, 0.0, 0.0, 0.0, 0.0, 0.0, 0.0, 0.0, 0.0, 0.0, 0.0, 0.0, 0.0, 0.0, 0.0, 0.0, 0.0, 0.0, 0.0, 0.0, 0.0, 0.0, 0.0, 0.0, 0.0, 0.0]","[9, 22]"
kdv,400×601,0.2,54.89147646864822,53,WSINDy,0.0065079717391530135,0.0072620414601547445,True,True,2,0,0,1.0,1.0,1.0,1.0,True,MSTLS support stable,4,0.00968337498488836,0.1341419159725774,"[0.0, 0.0, 0.0, 0.0, 0.0, 0.0, 0.0, 0.0, 0.0, -0.5004526301227398, 0.0, 0.0, 0.0, 0.0, 0.0, 0.0, 0.0, 0.0, 0.0, 0.0, 0.0, 0.0, -1.0072620414601547, 0.0, 0.0, 0.0, 0.0, 0.0, 0.0, 0.0, 0.0, 0.0, 0.0, 0.0, 0.0, 0.0, 0.0, 0.0, 0.0, 0.0, 0.0, 0.0, 0.0, 0.0, 0.0, 0.0, 0.0, 0.0, 0.0]","[9, 22]"
kdv,400×601,0.2,54.89147646864822,54,WSINDy,0.009665703124194068,0.01079289222964197,True,True,2,0,0,1.0,1.0,1.0,1.0,True,MSTLS support stable,4,0.009148292010650039,0.13078870801837184,"[0.0, 0.0, 0.0, 0.0, 0.0, 0.0, 0.0, 0.0, 0.0, -0.4994561724302201, 0.0, 0.0, 0.0, 0.0, 0.0, 0.0, 0.0, 0.0, 0.0, 0.0, 0.0, 0.0, -0.989207107770358, 0.0, 0.0, 0.0, 0.0, 0.0, 0.0, 0.0, 0.0, 0.0, 0.0, 0.0, 0.0, 0.0, 0.0, 0.0, 0.0, 0.0, 0.0, 0.0, 0.0, 0.0, 0.0, 0.0, 0.0, 0.0, 0.0]","[9, 22]"
kdv,400×601,0.2,54.89147646864822,55,WSINDy,0.002547656640155115,0.002847058217869014,True,True,2,0,0,1.0,1.0,1.0,1.0,True,MSTLS support stable,4,0.010328584001399577,0.1306017090100795,"[0.0, 0.0, 0.0, 0.0, 0.0, 0.0, 0.0, 0.0, 0.0, -0.4999136724306923, 0.0, 0.0, 0.0, 0.0, 0.0, 0.0, 0.0, 0.0, 0.0, 0.0, 0.0, 0.0, -0.997152941782131, 0.0, 0.0, 0.0, 0.0, 0.0, 0.0, 0.0, 0.0, 0.0, 0.0, 0.0, 0.0, 0.0, 0.0, 0.0, 0.0, 0.0, 0.0, 0.0, 0.0, 0.0, 0.0, 0.0, 0.0, 0.0, 0.0]","[9, 22]"
kdv,400×601,0.2,54.89147646864822,56,WSINDy,0.012116953226607548,0.01352507746119569,True,True,2,0,0,1.0,1.0,1.0,1.0,True,MSTLS support stable,5,0.010699042002670467,0.1332756670017261,"[0.0, 0.0, 0.0, 0.0, 0.0, 0.0, 0.0, 0.0, 0.0, -0.5007732878108442, 0.0, 0.0, 0.0, 0.0, 0.0, 0.0, 0.0, 0.0, 0.0, 0.0, 0.0, 0.0, -1.0135250774611957, 0.0, 0.0, 0.0, 0.0, 0.0, 0.0, 0.0, 0.0, 0.0, 0.0, 0.0, 0.0, 0.0, 0.0, 0.0, 0.0, 0.0, 0.0, 0.0, 0.0, 0.0, 0.0, 0.0, 0.0, 0.0, 0.0]","[9, 22]"
kdv,400×601,0.2,54.89147646864822,57,WSINDy,0.001414062674363912,0.0015660552900982339,True,True,2,0,0,1.0,1.0,1.0,1.0,True,MSTLS support stable,4,0.010263999982271343,0.13080541699309833,"[0.0, 0.0, 0.0, 0.0, 0.0, 0.0, 0.0, 0.0, 0.0, -0.5002166503799717, 0.0, 0.0, 0.0, 0.0, 0.0, 0.0, 0.0, 0.0, 0.0, 0.0, 0.0, 0.0, -1.0015660552900982, 0.0, 0.0, 0.0, 0.0, 0.0, 0.0, 0.0, 0.0, 0.0, 0.0, 0.0, 0.0, 0.0, 0.0, 0.0, 0.0, 0.0, 0.0, 0.0, 0.0, 0.0, 0.0, 0.0, 0.0, 0.0, 0.0]","[9, 22]"
kdv,400×601,0.2,54.89147646864822,58,WSINDy,0.014462229564298709,0.01616442036132848,True,True,2,0,0,1.0,1.0,1.0,1.0,True,MSTLS support stable,5,0.010045915987575427,0.13069358197390102,"[0.0, 0.0, 0.0, 0.0, 0.0, 0.0, 0.0, 0.0, 0.0, -0.4996042483792026, 0.0, 0.0, 0.0, 0.0, 0.0, 0.0, 0.0, 0.0, 0.0, 0.0, 0.0, 0.0, -0.9838355796386715, 0.0, 0.0, 0.0, 0.0, 0.0, 0.0, 0.0, 0.0, 0.0, 0.0, 0.0, 0.0, 0.0, 0.0, 0.0, 0.0, 0.0, 0.0, 0.0, 0.0, 0.0, 0.0, 0.0, 0.0, 0.0, 0.0]","[9, 22]"
kdv,400×601,0.2,54.89147646864822,59,WSINDy,0.005875532871602096,0.006530314913625546,True,True,2,0,0,1.0,1.0,1.0,1.0,True,MSTLS support stable,4,0.010068000003229827,0.1323855420050677,"[0.0, 0.0, 0.0, 0.0, 0.0, 0.0, 0.0, 0.0, 0.0, -0.5007122817458532, 0.0, 0.0, 0.0, 0.0, 0.0, 0.0, 0.0, 0.0, 0.0, 0.0, 0.0, 0.0, -1.0065303149136255, 0.0, 0.0, 0.0, 0.0, 0.0, 0.0, 0.0, 0.0, 0.0, 0.0, 0.0, 0.0, 0.0, 0.0, 0.0, 0.0, 0.0, 0.0, 0.0, 0.0, 0.0, 0.0, 0.0, 0.0, 0.0, 0.0]","[9, 22]"
kdv,400×601,0.2,54.89147646864822,60,WSINDy,0.008099987577556434,0.009038884498774546,True,True,2,0,0,1.0,1.0,1.0,1.0,True,MSTLS support stable,6,0.010892000020248815,0.13407045902567916,"[0.0, 0.0, 0.0, 0.0, 0.0, 0.0, 0.0, 0.0, 0.0, -0.5005575082631889, 0.0, 0.0, 0.0, 0.0, 0.0, 0.0, 0.0, 0.0, 0.0, 0.0, 0.0, 0.0, -1.0090388844987745, 0.0, 0.0, 0.0, 0.0, 0.0, 0.0, 0.0, 0.0, 0.0, 0.0, 0.0, 0.0, 0.0, 0.0, 0.0, 0.0, 0.0, 0.0, 0.0, 0.0, 0.0, 0.0, 0.0, 0.0, 0.0, 0.0]","[9, 22]"
kdv,400×601,0.2,54.89147646864822,61,WSINDy,0.0027729302223682174,0.003095991258309727,True,True,2,0,0,1.0,1.0,1.0,1.0,True,MSTLS support stable,4,0.011096667003585026,0.13689895899733528,"[0.0, 0.0, 0.0, 0.0, 0.0, 0.0, 0.0, 0.0, 0.0, -0.4998379331893213, 0.0, 0.0, 0.0, 0.0, 0.0, 0.0, 0.0, 0.0, 0.0, 0.0, 0.0, 0.0, -0.9969040087416903, 0.0, 0.0, 0.0, 0.0, 0.0, 0.0, 0.0, 0.0, 0.0, 0.0, 0.0, 0.0, 0.0, 0.0, 0.0, 0.0, 0.0, 0.0, 0.0, 0.0, 0.0, 0.0, 0.0, 0.0, 0.0, 0.0]","[9, 22]"
kdv,400×601,0.2,54.89147646864822,62,WSINDy,0.0009654833897147274,0.0010789834029736323,True,True,2,0,0,1.0,1.0,1.0,1.0,True,MSTLS support stable,4,0.010449458990478888,0.13510579298599623,"[0.0, 0.0, 0.0, 0.0, 0.0, 0.0, 0.0, 0.0, 0.0, -0.5000315045373913, 0.0, 0.0, 0.0, 0.0, 0.0, 0.0, 0.0, 0.0, 0.0, 0.0, 0.0, 0.0, -1.0010789834029736, 0.0, 0.0, 0.0, 0.0, 0.0, 0.0, 0.0, 0.0, 0.0, 0.0, 0.0, 0.0, 0.0, 0.0, 0.0, 0.0, 0.0, 0.0, 0.0, 0.0, 0.0, 0.0, 0.0, 0.0, 0.0, 0.0]","[9, 22]"
kdv,400×601,0.2,54.89147646864822,63,WSINDy,0.014884677609548713,0.016637989321048208,True,True,2,0,0,1.0,1.0,1.0,1.0,True,MSTLS support stable,4,0.012035375024424866,0.13633275002939627,"[0.0, 0.0, 0.0, 0.0, 0.0, 0.0, 0.0, 0.0, 0.0, -0.5003454645827532, 0.0, 0.0, 0.0, 0.0, 0.0, 0.0, 0.0, 0.0, 0.0, 0.0, 0.0, 0.0, -1.0166379893210482, 0.0, 0.0, 0.0, 0.0, 0.0, 0.0, 0.0, 0.0, 0.0, 0.0, 0.0, 0.0, 0.0, 0.0, 0.0, 0.0, 0.0, 0.0, 0.0, 0.0, 0.0, 0.0, 0.0, 0.0, 0.0, 0.0]","[9, 22]"
kdv,400×601,0.2,54.89147646864822,64,WSINDy,0.002209457510479749,0.0024690447558299855,True,True,2,0,0,1.0,1.0,1.0,1.0,True,MSTLS support stable,5,0.011340583994751796,0.13475783399189822,"[0.0, 0.0, 0.0, 0.0, 0.0, 0.0, 0.0, 0.0, 0.0, -0.5000771110042579, 0.0, 0.0, 0.0, 0.0, 0.0, 0.0, 0.0, 0.0, 0.0, 0.0, 0.0, 0.0, -1.00246904475583, 0.0, 0.0, 0.0, 0.0, 0.0, 0.0, 0.0, 0.0, 0.0, 0.0, 0.0, 0.0, 0.0, 0.0, 0.0, 0.0, 0.0, 0.0, 0.0, 0.0, 0.0, 0.0, 0.0, 0.0, 0.0, 0.0]","[9, 22]"
kdv,400×601,0.2,54.89147646864822,65,WSINDy,0.001957802183616982,0.0021806673475758265,True,True,2,0,0,1.0,1.0,1.0,1.0,True,MSTLS support stable,5,0.01113462500507012,0.13303095902665518,"[0.0, 0.0, 0.0, 0.0, 0.0, 0.0, 0.0, 0.0, 0.0, -0.49981045671487523, 0.0, 0.0, 0.0, 0.0, 0.0, 0.0, 0.0, 0.0, 0.0, 0.0, 0.0, 0.0, -0.9978193326524242, 0.0, 0.0, 0.0, 0.0, 0.0, 0.0, 0.0, 0.0, 0.0, 0.0, 0.0, 0.0, 0.0, 0.0, 0.0, 0.0, 0.0, 0.0, 0.0, 0.0, 0.0, 0.0, 0.0, 0.0, 0.0, 0.0]","[9, 22]"
kdv,400×601,0.2,54.89147646864822,66,WSINDy,0.014081768376784286,0.015683010400839414,True,True,2,0,0,1.0,1.0,1.0,1.0,True,MSTLS support stable,6,0.01133516599657014,0.13528491600300185,"[0.0, 0.0, 0.0, 0.0, 0.0, 0.0, 0.0, 0.0, 0.0, -0.5013832698720478, 0.0, 0.0, 0.0, 0.0, 0.0, 0.0, 0.0, 0.0, 0.0, 0.0, 0.0, 0.0, -1.0156830104008394, 0.0, 0.0, 0.0, 0.0, 0.0, 0.0, 0.0, 0.0, 0.0, 0.0, 0.0, 0.0, 0.0, 0.0, 0.0, 0.0, 0.0, 0.0, 0.0, 0.0, 0.0, 0.0, 0.0, 0.0, 0.0, 0.0]","[9, 22]"
kdv,400×601,0.2,54.89147646864822,67,WSINDy,0.002493419097928067,0.002771692896269773,True,True,2,0,0,1.0,1.0,1.0,1.0,True,MSTLS support stable,4,0.010693916003219783,0.1337895829929039,"[0.0, 0.0, 0.0, 0.0, 0.0, 0.0, 0.0, 0.0, 0.0, -0.49970143344769014, 0.0, 0.0, 0.0, 0.0, 0.0, 0.0, 0.0, 0.0, 0.0, 0.0, 0.0, 0.0, -1.0027716928962698, 0.0, 0.0, 0.0, 0.0, 0.0, 0.0, 0.0, 0.0, 0.0, 0.0, 0.0, 0.0, 0.0, 0.0, 0.0, 0.0, 0.0, 0.0, 0.0, 0.0, 0.0, 0.0, 0.0, 0.0, 0.0, 0.0]","[9, 22]"
kdv,400×601,0.2,54.89147646864822,68,WSINDy,0.019945222670079612,0.02228001988596129,True,True,2,0,0,1.0,1.0,1.0,1.0,True,MSTLS support stable,4,0.009704875003080815,0.13115641701733693,"[0.0, 0.0, 0.0, 0.0, 0.0, 0.0, 0.0, 0.0, 0.0, -0.4990696247638766, 0.0, 0.0, 0.0, 0.0, 0.0, 0.0, 0.0, 0.0, 0.0, 0.0, 0.0, 0.0, -0.9777199801140387, 0.0, 0.0, 0.0, 0.0, 0.0, 0.0, 0.0, 0.0, 0.0, 0.0, 0.0, 0.0, 0.0, 0.0, 0.0, 0.0, 0.0, 0.0, 0.0, 0.0, 0.0, 0.0, 0.0, 0.0, 0.0, 0.0]","[9, 22]"
kdv,400×601,0.2,54.89147646864822,69,WSINDy,0.01687767254238593,0.018846634305757393,True,True,2,0,0,1.0,1.0,1.0,1.0,True,MSTLS support stable,4,0.011027792003005743,0.1367973749875091,"[0.0, 0.0, 0.0, 0.0, 0.0, 0.0, 0.0, 0.0, 0.0, -0.5009349670609484, 0.0, 0.0, 0.0, 0.0, 0.0, 0.0, 0.0, 0.0, 0.0, 0.0, 0.0, 0.0, -1.0188466343057574, 0.0, 0.0, 0.0, 0.0, 0.0, 0.0, 0.0, 0.0, 0.0, 0.0, 0.0, 0.0, 0.0, 0.0, 0.0, 0.0, 0.0, 0.0, 0.0, 0.0, 0.0, 0.0, 0.0, 0.0, 0.0, 0.0]","[9, 22]"
kdv,400×601,0.2,54.89147646864822,70,WSINDy,0.014020583391524066,0.015675472257172918,True,True,2,0,0,1.0,1.0,1.0,1.0,True,MSTLS support stable,5,0.011251666001044214,0.13439458300126716,"[0.0, 0.0, 0.0, 0.0, 0.0, 0.0, 0.0, 0.0, 0.0, -0.4999772444962074, 0.0, 0.0, 0.0, 0.0, 0.0, 0.0, 0.0, 0.0, 0.0, 0.0, 0.0, 0.0, -0.9843245277428271, 0.0, 0.0, 0.0, 0.0, 0.0, 0.0, 0.0, 0.0, 0.0, 0.0, 0.0, 0.0, 0.0, 0.0, 0.0, 0.0, 0.0, 0.0, 0.0, 0.0, 0.0, 0.0, 0.0, 0.0, 0.0, 0.0]","[9, 22]"
kdv,400×601,0.2,54.89147646864822,71,WSINDy,0.00680212997514685,0.007562949869251767,True,True,2,0,0,1.0,1.0,1.0,1.0,True,MSTLS support stable,4,0.010162708000279963,0.13169487501727417,"[0.0, 0.0, 0.0, 0.0, 0.0, 0.0, 0.0, 0.0, 0.0, -0.5007987518536278, 0.0, 0.0, 0.0, 0.0, 0.0, 0.0, 0.0, 0.0, 0.0, 0.0, 0.0, 0.0, -1.0075629498692518, 0.0, 0.0, 0.0, 0.0, 0.0, 0.0, 0.0, 0.0, 0.0, 0.0, 0.0, 0.0, 0.0, 0.0, 0.0, 0.0, 0.0, 0.0, 0.0, 0.0, 0.0, 0.0, 0.0, 0.0, 0.0, 0.0]","[9, 22]"
kdv,400×601,0.2,54.89147646864822,72,WSINDy,0.004131716573872192,0.004605137336489706,True,True,2,0,0,1.0,1.0,1.0,1.0,True,MSTLS support stable,4,0.011919540993403643,0.13356629098416306,"[0.0, 0.0, 0.0, 0.0, 0.0, 0.0, 0.0, 0.0, 0.0, -0.49963728465626445, 0.0, 0.0, 0.0, 0.0, 0.0, 0.0, 0.0, 0.0, 0.0, 0.0, 0.0, 0.0, -0.9953948626635103, 0.0, 0.0, 0.0, 0.0, 0.0, 0.0, 0.0, 0.0, 0.0, 0.0, 0.0, 0.0, 0.0, 0.0, 0.0, 0.0, 0.0, 0.0, 0.0, 0.0, 0.0, 0.0, 0.0, 0.0, 0.0, 0.0]","[9, 22]"
kdv,400×601,0.2,54.89147646864822,73,WSINDy,0.003971308495467203,0.004437575085607048,True,True,2,0,0,1.0,1.0,1.0,1.0,True,MSTLS support stable,4,0.011042625003028661,0.1346917500195559,"[0.0, 0.0, 0.0, 0.0, 0.0, 0.0, 0.0, 0.0, 0.0, -0.5001484631850395, 0.0, 0.0, 0.0, 0.0, 0.0, 0.0, 0.0, 0.0, 0.0, 0.0, 0.0, 0.0, -0.995562424914393, 0.0, 0.0, 0.0, 0.0, 0.0, 0.0, 0.0, 0.0, 0.0, 0.0, 0.0, 0.0, 0.0, 0.0, 0.0, 0.0, 0.0, 0.0, 0.0, 0.0, 0.0, 0.0, 0.0, 0.0, 0.0, 0.0]","[9, 22]"
kdv,400×601,0.2,54.89147646864822,74,WSINDy,0.02818654314848338,0.031500695446221694,True,True,2,0,0,1.0,1.0,1.0,1.0,True,MSTLS support stable,4,0.01003574999049306,0.13368995799100958,"[0.0, 0.0, 0.0, 0.0, 0.0, 0.0, 0.0, 0.0, 0.0, -0.49910127605404536, 0.0, 0.0, 0.0, 0.0, 0.0, 0.0, 0.0, 0.0, 0.0, 0.0, 0.0, 0.0, -0.9684993045537783, 0.0, 0.0, 0.0, 0.0, 0.0, 0.0, 0.0, 0.0, 0.0, 0.0, 0.0, 0.0, 0.0, 0.0, 0.0, 0.0, 0.0, 0.0, 0.0, 0.0, 0.0, 0.0, 0.0, 0.0, 0.0, 0.0]","[9, 22]"
kdv,400×601,0.2,54.89147646864822,75,WSINDy,0.0035394491216298833,0.003949244076745906,True,True,2,0,0,1.0,1.0,1.0,1.0,True,MSTLS support stable,5,0.00996266698348336,0.1313514589855913,"[0.0, 0.0, 0.0, 0.0, 0.0, 0.0, 0.0, 0.0, 0.0, -0.5002511898247254, 0.0, 0.0, 0.0, 0.0, 0.0, 0.0, 0.0, 0.0, 0.0, 0.0, 0.0, 0.0, -1.003949244076746, 0.0, 0.0, 0.0, 0.0, 0.0, 0.0, 0.0, 0.0, 0.0, 0.0, 0.0, 0.0, 0.0, 0.0, 0.0, 0.0, 0.0, 0.0, 0.0, 0.0, 0.0, 0.0, 0.0, 0.0, 0.0, 0.0]","[9, 22]"
kdv,400×601,0.2,54.89147646864822,76,WSINDy,0.00764475996449199,0.008543559448156879,True,True,2,0,0,1.0,1.0,1.0,1.0,True,MSTLS support stable,5,0.010691167000913993,0.1331638339906931,"[0.0, 0.0, 0.0, 0.0, 0.0, 0.0, 0.0, 0.0, 0.0, -0.5002460398325146, 0.0, 0.0, 0.0, 0.0, 0.0, 0.0, 0.0, 0.0, 0.0, 0.0, 0.0, 0.0, -1.0085435594481569, 0.0, 0.0, 0.0, 0.0, 0.0, 0.0, 0.0, 0.0, 0.0, 0.0, 0.0, 0.0, 0.0, 0.0, 0.0, 0.0, 0.0, 0.0, 0.0, 0.0, 0.0, 0.0, 0.0, 0.0, 0.0, 0.0]","[9, 22]"
kdv,400×601,0.2,54.89147646864822,77,WSINDy,0.004856783104021222,0.005423214184717806,True,True,2,0,0,1.0,1.0,1.0,1.0,True,MSTLS support stable,4,0.010946875001536682,0.13454520801315084,"[0.0, 0.0, 0.0, 0.0, 0.0, 0.0, 0.0, 0.0, 0.0, -0.5002723518974748, 0.0, 0.0, 0.0, 0.0, 0.0, 0.0, 0.0, 0.0, 0.0, 0.0, 0.0, 0.0, -0.9945767858152822, 0.0, 0.0, 0.0, 0.0, 0.0, 0.0, 0.0, 0.0, 0.0, 0.0, 0.0, 0.0, 0.0, 0.0, 0.0, 0.0, 0.0, 0.0, 0.0, 0.0, 0.0, 0.0, 0.0, 0.0, 0.0, 0.0]","[9, 22]"
kdv,400×601,0.2,54.89147646864822,78,WSINDy,0.013163750108353765,0.014707164612148826,True,True,2,0,0,1.0,1.0,1.0,1.0,True,MSTLS support stable,5,0.00983045800239779,0.1313445830019191,"[0.0, 0.0, 0.0, 0.0, 0.0, 0.0, 0.0, 0.0, 0.0, -0.5005520011006664, 0.0, 0.0, 0.0, 0.0, 0.0, 0.0, 0.0, 0.0, 0.0, 0.0, 0.0, 0.0, -1.0147071646121488, 0.0, 0.0, 0.0, 0.0, 0.0, 0.0, 0.0, 0.0, 0.0, 0.0, 0.0, 0.0, 0.0, 0.0, 0.0, 0.0, 0.0, 0.0, 0.0, 0.0, 0.0, 0.0, 0.0, 0.0, 0.0, 0.0]","[9, 22]"
kdv,400×601,0.2,54.89147646864822,79,WSINDy,0.0019901304036833425,0.0021560050999392955,True,True,2,0,0,1.0,1.0,1.0,1.0,True,MSTLS support stable,7,0.011865000007674098,0.13257370798964985,"[0.0, 0.0, 0.0, 0.0, 0.0, 0.0, 0.0, 0.0, 0.0, -0.49945007656113166, 0.0, 0.0, 0.0, 0.0, 0.0, 0.0, 0.0, 0.0, 0.0, 0.0, 0.0, 0.0, -0.9978439949000607, 0.0, 0.0, 0.0, 0.0, 0.0, 0.0, 0.0, 0.0, 0.0, 0.0, 0.0, 0.0, 0.0, 0.0, 0.0, 0.0, 0.0, 0.0, 0.0, 0.0, 0.0, 0.0, 0.0, 0.0, 0.0, 0.0]","[9, 22]"
kdv,400×601,0.2,54.89147646864822,80,WSINDy,0.00599757837200964,0.006628132245175111,True,True,2,0,0,1.0,1.0,1.0,1.0,True,MSTLS support stable,5,0.010062124987598509,0.13238012496731244,"[0.0, 0.0, 0.0, 0.0, 0.0, 0.0, 0.0, 0.0, 0.0, -0.4989843495429198, 0.0, 0.0, 0.0, 0.0, 0.0, 0.0, 0.0, 0.0, 0.0, 0.0, 0.0, 0.0, -0.9933718677548249, 0.0, 0.0, 0.0, 0.0, 0.0, 0.0, 0.0, 0.0, 0.0, 0.0, 0.0, 0.0, 0.0, 0.0, 0.0, 0.0, 0.0, 0.0, 0.0, 0.0, 0.0, 0.0, 0.0, 0.0, 0.0, 0.0]","[9, 22]"
kdv,400×601,0.2,54.89147646864822,81,WSINDy,0.003084765102442262,0.003384475545360699,True,True,2,0,0,1.0,1.0,1.0,1.0,True,MSTLS support stable,5,0.009491874981904402,0.13012849999358878,"[0.0, 0.0, 0.0, 0.0, 0.0, 0.0, 0.0, 0.0, 0.0, -0.5006633588428689, 0.0, 0.0, 0.0, 0.0, 0.0, 0.0, 0.0, 0.0, 0.0, 0.0, 0.0, 0.0, -1.0033844755453607, 0.0, 0.0, 0.0, 0.0, 0.0, 0.0, 0.0, 0.0, 0.0, 0.0, 0.0, 0.0, 0.0, 0.0, 0.0, 0.0, 0.0, 0.0, 0.0, 0.0, 0.0, 0.0, 0.0, 0.0, 0.0, 0.0]","[9, 22]"
kdv,400×601,0.2,54.89147646864822,82,WSINDy,0.019781824924416755,0.022113597840621946,True,True,2,0,0,1.0,1.0,1.0,1.0,True,MSTLS support stable,5,0.01036112499423325,0.13161458398099057,"[0.0, 0.0, 0.0, 0.0, 0.0, 0.0, 0.0, 0.0, 0.0, -0.4996264531909045, 0.0, 0.0, 0.0, 0.0, 0.0, 0.0, 0.0, 0.0, 0.0, 0.0, 0.0, 0.0, -1.022113597840622, 0.0, 0.0, 0.0, 0.0, 0.0, 0.0, 0.0, 0.0, 0.0, 0.0, 0.0, 0.0, 0.0, 0.0, 0.0, 0.0, 0.0, 0.0, 0.0, 0.0, 0.0, 0.0, 0.0, 0.0, 0.0, 0.0]","[9, 22]"
kdv,400×601,0.2,54.89147646864822,83,WSINDy,0.0014423185502428443,0.0016125594970751722,True,True,2,0,0,1.0,1.0,1.0,1.0,True,MSTLS support stable,5,0.011159707995830104,0.13332179197459482,"[0.0, 0.0, 0.0, 0.0, 0.0, 0.0, 0.0, 0.0, 0.0, -0.5000023170802625, 0.0, 0.0, 0.0, 0.0, 0.0, 0.0, 0.0, 0.0, 0.0, 0.0, 0.0, 0.0, -0.9983874405029248, 0.0, 0.0, 0.0, 0.0, 0.0, 0.0, 0.0, 0.0, 0.0, 0.0, 0.0, 0.0, 0.0, 0.0, 0.0, 0.0, 0.0, 0.0, 0.0, 0.0, 0.0, 0.0, 0.0, 0.0, 0.0, 0.0]","[9, 22]"
kdv,400×601,0.2,54.89147646864822,84,WSINDy,0.009483496355974421,0.010573886660200982,True,True,2,0,0,1.0,1.0,1.0,1.0,True,MSTLS support stable,4,0.010779458010802045,0.13394166601938196,"[0.0, 0.0, 0.0, 0.0, 0.0, 0.0, 0.0, 0.0, 0.0, -0.5007834537730134, 0.0, 0.0, 0.0, 0.0, 0.0, 0.0, 0.0, 0.0, 0.0, 0.0, 0.0, 0.0, -1.010573886660201, 0.0, 0.0, 0.0, 0.0, 0.0, 0.0, 0.0, 0.0, 0.0, 0.0, 0.0, 0.0, 0.0, 0.0, 0.0, 0.0, 0.0, 0.0, 0.0, 0.0, 0.0, 0.0, 0.0, 0.0, 0.0, 0.0]","[9, 22]"
kdv,400×601,0.2,54.89147646864822,85,WSINDy,0.0196075847713436,0.02190579996569908,True,True,2,0,0,1.0,1.0,1.0,1.0,True,MSTLS support stable,4,0.013255500001832843,0.13818116701440886,"[0.0, 0.0, 0.0, 0.0, 0.0, 0.0, 0.0, 0.0, 0.0, -0.5008412214747379, 0.0, 0.0, 0.0, 0.0, 0.0, 0.0, 0.0, 0.0, 0.0, 0.0, 0.0, 0.0, -1.021905799965699, 0.0, 0.0, 0.0, 0.0, 0.0, 0.0, 0.0, 0.0, 0.0, 0.0, 0.0, 0.0, 0.0, 0.0, 0.0, 0.0, 0.0, 0.0, 0.0, 0.0, 0.0, 0.0, 0.0, 0.0, 0.0, 0.0]","[9, 22]"
kdv,400×601,0.2,54.89147646864822,86,WSINDy,0.009305727397242518,0.010379399700076064,True,True,2,0,0,1.0,1.0,1.0,1.0,True,MSTLS support stable,5,0.009264416003134102,0.13196512399008498,"[0.0, 0.0, 0.0, 0.0, 0.0, 0.0, 0.0, 0.0, 0.0, -0.5007167739223761, 0.0, 0.0, 0.0, 0.0, 0.0, 0.0, 0.0, 0.0, 0.0, 0.0, 0.0, 0.0, -1.010379399700076, 0.0, 0.0, 0.0, 0.0, 0.0, 0.0, 0.0, 0.0, 0.0, 0.0, 0.0, 0.0, 0.0, 0.0, 0.0, 0.0, 0.0, 0.0, 0.0, 0.0, 0.0, 0.0, 0.0, 0.0, 0.0, 0.0]","[9, 22]"
kdv,400×601,0.2,54.89147646864822,87,WSINDy,0.0030997960170556045,0.003457697579492658,True,True,2,0,0,1.0,1.0,1.0,1.0,True,MSTLS support stable,5,0.01103404100285843,0.13264370799879543,"[0.0, 0.0, 0.0, 0.0, 0.0, 0.0, 0.0, 0.0, 0.0, -0.5002350460230739, 0.0, 0.0, 0.0, 0.0, 0.0, 0.0, 0.0, 0.0, 0.0, 0.0, 0.0, 0.0, -1.0034576975794927, 0.0, 0.0, 0.0, 0.0, 0.0, 0.0, 0.0, 0.0, 0.0, 0.0, 0.0, 0.0, 0.0, 0.0, 0.0, 0.0, 0.0, 0.0, 0.0, 0.0, 0.0, 0.0, 0.0, 0.0, 0.0, 0.0]","[9, 22]"
kdv,400×601,0.2,54.89147646864822,88,WSINDy,0.0014702581359230952,0.0016414517323160016,True,True,2,0,0,1.0,1.0,1.0,1.0,True,MSTLS support stable,4,0.010235958005068824,0.13307704200269654,"[0.0, 0.0, 0.0, 0.0, 0.0, 0.0, 0.0, 0.0, 0.0, -0.49991219371726997, 0.0, 0.0, 0.0, 0.0, 0.0, 0.0, 0.0, 0.0, 0.0, 0.0, 0.0, 0.0, -1.001641451732316, 0.0, 0.0, 0.0, 0.0, 0.0, 0.0, 0.0, 0.0, 0.0, 0.0, 0.0, 0.0, 0.0, 0.0, 0.0, 0.0, 0.0, 0.0, 0.0, 0.0, 0.0, 0.0, 0.0, 0.0, 0.0, 0.0]","[9, 22]"
kdv,400×601,0.2,54.89147646864822,89,WSINDy,0.002014581559863349,0.0020791456222865046,True,True,2,0,0,1.0,1.0,1.0,1.0,True,MSTLS support stable,4,0.009369250008603558,0.1308147910167463,"[0.0, 0.0, 0.0, 0.0, 0.0, 0.0, 0.0, 0.0, 0.0, -0.5008662142102296, 0.0, 0.0, 0.0, 0.0, 0.0, 0.0, 0.0, 0.0, 0.0, 0.0, 0.0, 0.0, -0.9979208543777135, 0.0, 0.0, 0.0, 0.0, 0.0, 0.0, 0.0, 0.0, 0.0, 0.0, 0.0, 0.0, 0.0, 0.0, 0.0, 0.0, 0.0, 0.0, 0.0, 0.0, 0.0, 0.0, 0.0, 0.0, 0.0, 0.0]","[9, 22]"
kdv,400×601,0.2,54.89147646864822,90,WSINDy,0.007183127805218295,0.008017527799389246,True,True,2,0,0,1.0,1.0,1.0,1.0,True,MSTLS support stable,4,0.011351958994055167,0.13192162499763072,"[0.0, 0.0, 0.0, 0.0, 0.0, 0.0, 0.0, 0.0, 0.0, -0.5004646550533954, 0.0, 0.0, 0.0, 0.0, 0.0, 0.0, 0.0, 0.0, 0.0, 0.0, 0.0, 0.0, -1.0080175277993892, 0.0, 0.0, 0.0, 0.0, 0.0, 0.0, 0.0, 0.0, 0.0, 0.0, 0.0, 0.0, 0.0, 0.0, 0.0, 0.0, 0.0, 0.0, 0.0, 0.0, 0.0, 0.0, 0.0, 0.0, 0.0, 0.0]","[9, 22]"
kdv,400×601,0.2,54.89147646864822,91,WSINDy,0.006854982216813747,0.007655770339338286,True,True,2,0,0,1.0,1.0,1.0,1.0,True,MSTLS support stable,5,0.01003366700024344,0.13308108400087804,"[0.0, 0.0, 0.0, 0.0, 0.0, 0.0, 0.0, 0.0, 0.0, -0.4996427087989482, 0.0, 0.0, 0.0, 0.0, 0.0, 0.0, 0.0, 0.0, 0.0, 0.0, 0.0, 0.0, -1.0076557703393383, 0.0, 0.0, 0.0, 0.0, 0.0, 0.0, 0.0, 0.0, 0.0, 0.0, 0.0, 0.0, 0.0, 0.0, 0.0, 0.0, 0.0, 0.0, 0.0, 0.0, 0.0, 0.0, 0.0, 0.0, 0.0, 0.0]","[9, 22]"
kdv,400×601,0.2,54.89147646864822,92,WSINDy,0.005066390333097751,0.005658862869259873,True,True,2,0,0,1.0,1.0,1.0,1.0,True,MSTLS support stable,5,0.010248166014207527,0.13045533301192336,"[0.0, 0.0, 0.0, 0.0, 0.0, 0.0, 0.0, 0.0, 0.0, -0.4997496806319023, 0.0, 0.0, 0.0, 0.0, 0.0, 0.0, 0.0, 0.0, 0.0, 0.0, 0.0, 0.0, -0.9943411371307401, 0.0, 0.0, 0.0, 0.0, 0.0, 0.0, 0.0, 0.0, 0.0, 0.0, 0.0, 0.0, 0.0, 0.0, 0.0, 0.0, 0.0, 0.0, 0.0, 0.0, 0.0, 0.0, 0.0, 0.0, 0.0, 0.0]","[9, 22]"
kdv,400×601,0.2,54.89147646864822,93,WSINDy,0.0004344315824449766,0.0007905318113341497,True,True,2,0,0,1.0,1.0,1.0,1.0,True,MSTLS support stable,5,0.009532916999887675,0.13280170800862834,"[0.0, 0.0, 0.0, 0.0, 0.0, 0.0, 0.0, 0.0, 0.0, -0.5003952659056671, 0.0, 0.0, 0.0, 0.0, 0.0, 0.0, 0.0, 0.0, 0.0, 0.0, 0.0, 0.0, -1.000282273561637, 0.0, 0.0, 0.0, 0.0, 0.0, 0.0, 0.0, 0.0, 0.0, 0.0, 0.0, 0.0, 0.0, 0.0, 0.0, 0.0, 0.0, 0.0, 0.0, 0.0, 0.0, 0.0, 0.0, 0.0, 0.0, 0.0]","[9, 22]"
kdv,400×601,0.2,54.89147646864822,94,WSINDy,0.012233647629553753,0.013659109648446188,True,True,2,0,0,1.0,1.0,1.0,1.0,True,MSTLS support stable,5,0.010283790994435549,0.13310958200599998,"[0.0, 0.0, 0.0, 0.0, 0.0, 0.0, 0.0, 0.0, 0.0, -0.4992883880855185, 0.0, 0.0, 0.0, 0.0, 0.0, 0.0, 0.0, 0.0, 0.0, 0.0, 0.0, 0.0, -0.9863408903515538, 0.0, 0.0, 0.0, 0.0, 0.0, 0.0, 0.0, 0.0, 0.0, 0.0, 0.0, 0.0, 0.0, 0.0, 0.0, 0.0, 0.0, 0.0, 0.0, 0.0, 0.0, 0.0, 0.0, 0.0, 0.0, 0.0]","[9, 22]"
kdv,400×601,0.2,54.89147646864822,95,WSINDy,0.009576265553475271,0.010700358536064325,True,True,2,0,0,1.0,1.0,1.0,1.0,True,MSTLS support stable,4,0.010593084007268772,0.1345053750264924,"[0.0, 0.0, 0.0, 0.0, 0.0, 0.0, 0.0, 0.0, 0.0, -0.5003652459965854, 0.0, 0.0, 0.0, 0.0, 0.0, 0.0, 0.0, 0.0, 0.0, 0.0, 0.0, 0.0, -1.0107003585360643, 0.0, 0.0, 0.0, 0.0, 0.0, 0.0, 0.0, 0.0, 0.0, 0.0, 0.0, 0.0, 0.0, 0.0, 0.0, 0.0, 0.0, 0.0, 0.0, 0.0, 0.0, 0.0, 0.0, 0.0, 0.0, 0.0]","[9, 22]"
kdv,400×601,0.2,54.89147646864822,96,WSINDy,0.006471348586346286,0.007195387098854589,True,True,2,0,0,1.0,1.0,1.0,1.0,True,MSTLS support stable,4,0.011138500005472451,0.13431341698742472,"[0.0, 0.0, 0.0, 0.0, 0.0, 0.0, 0.0, 0.0, 0.0, -0.4992421443705134, 0.0, 0.0, 0.0, 0.0, 0.0, 0.0, 0.0, 0.0, 0.0, 0.0, 0.0, 0.0, -0.9928046129011454, 0.0, 0.0, 0.0, 0.0, 0.0, 0.0, 0.0, 0.0, 0.0, 0.0, 0.0, 0.0, 0.0, 0.0, 0.0, 0.0, 0.0, 0.0, 0.0, 0.0, 0.0, 0.0, 0.0, 0.0, 0.0, 0.0]","[9, 22]"
kdv,400×601,0.2,54.89147646864822,97,WSINDy,0.00274115068945337,0.0030634755450178464,True,True,2,0,0,1.0,1.0,1.0,1.0,True,MSTLS support stable,4,0.009956166992196813,0.13212850099080242,"[0.0, 0.0, 0.0, 0.0, 0.0, 0.0, 0.0, 0.0, 0.0, -0.4999133890137398, 0.0, 0.0, 0.0, 0.0, 0.0, 0.0, 0.0, 0.0, 0.0, 0.0, 0.0, 0.0, -1.0030634755450178, 0.0, 0.0, 0.0, 0.0, 0.0, 0.0, 0.0, 0.0, 0.0, 0.0, 0.0, 0.0, 0.0, 0.0, 0.0, 0.0, 0.0, 0.0, 0.0, 0.0, 0.0, 0.0, 0.0, 0.0, 0.0, 0.0]","[9, 22]"
kdv,400×601,0.2,54.89147646864822,98,WSINDy,0.0037104425811917657,0.0041337400941428015,True,True,2,0,0,1.0,1.0,1.0,1.0,True,MSTLS support stable,4,0.009828542009927332,0.13151716699940152,"[0.0, 0.0, 0.0, 0.0, 0.0, 0.0, 0.0, 0.0, 0.0, -0.49965154194014555, 0.0, 0.0, 0.0, 0.0, 0.0, 0.0, 0.0, 0.0, 0.0, 0.0, 0.0, 0.0, -1.0041337400941428, 0.0, 0.0, 0.0, 0.0, 0.0, 0.0, 0.0, 0.0, 0.0, 0.0, 0.0, 0.0, 0.0, 0.0, 0.0, 0.0, 0.0, 0.0, 0.0, 0.0, 0.0, 0.0, 0.0, 0.0, 0.0, 0.0]","[9, 22]"
kdv,400×601,0.2,54.89147646864822,99,WSINDy,0.016410213360783077,0.018328955955273063,True,True,2,0,0,1.0,1.0,1.0,1.0,True,MSTLS support stable,4,0.009841749997576699,0.1344202909967862,"[0.0, 0.0, 0.0, 0.0, 0.0, 0.0, 0.0, 0.0, 0.0, -0.5008174666798649, 0.0, 0.0, 0.0, 0.0, 0.0, 0.0, 0.0, 0.0, 0.0, 0.0, 0.0, 0.0, -1.018328955955273, 0.0, 0.0, 0.0, 0.0, 0.0, 0.0, 0.0, 0.0, 0.0, 0.0, 0.0, 0.0, 0.0, 0.0, 0.0, 0.0, 0.0, 0.0, 0.0, 0.0, 0.0, 0.0, 0.0, 0.0, 0.0, 0.0]","[9, 22]"
kdv,400×601,0.2,54.89147646864822,100,WSINDy,0.01026809001068564,0.011469439402761017,True,True,2,0,0,1.0,1.0,1.0,1.0,True,MSTLS support stable,5,0.010283125011483207,0.1419084999943152,"[0.0, 0.0, 0.0, 0.0, 0.0, 0.0, 0.0, 0.0, 0.0, -0.5004940145451511, 0.0, 0.0, 0.0, 0.0, 0.0, 0.0, 0.0, 0.0, 0.0, 0.0, 0.0, 0.0, -1.011469439402761, 0.0, 0.0, 0.0, 0.0, 0.0, 0.0, 0.0, 0.0, 0.0, 0.0, 0.0, 0.0, 0.0, 0.0, 0.0, 0.0, 0.0, 0.0, 0.0, 0.0, 0.0, 0.0, 0.0, 0.0, 0.0, 0.0]","[9, 22]"
kdv,400×601,0.2,54.89147646864822,101,WSINDy,0.01179406628410124,0.01317322349024641,True,True,2,0,0,1.0,1.0,1.0,1.0,True,MSTLS support stable,4,0.00994804099900648,0.13479216600535437,"[0.0, 0.0, 0.0, 0.0, 0.0, 0.0, 0.0, 0.0, 0.0, -0.5005841080963633, 0.0, 0.0, 0.0, 0.0, 0.0, 0.0, 0.0, 0.0, 0.0, 0.0, 0.0, 0.0, -1.0131732234902464, 0.0, 0.0, 0.0, 0.0, 0.0, 0.0, 0.0, 0.0, 0.0, 0.0, 0.0, 0.0, 0.0, 0.0, 0.0, 0.0, 0.0, 0.0, 0.0, 0.0, 0.0, 0.0, 0.0, 0.0, 0.0, 0.0]","[9, 22]"
kdv,400×601,0.2,54.89147646864822,102,WSINDy,0.014756946698067408,0.016487264738376806,True,True,2,0,0,1.0,1.0,1.0,1.0,True,MSTLS support stable,4,0.011688875005347654,0.13516558401170187,"[0.0, 0.0, 0.0, 0.0, 0.0, 0.0, 0.0, 0.0, 0.0, -0.49938400790696624, 0.0, 0.0, 0.0, 0.0, 0.0, 0.0, 0.0, 0.0, 0.0, 0.0, 0.0, 0.0, -0.9835127352616232, 0.0, 0.0, 0.0, 0.0, 0.0, 0.0, 0.0, 0.0, 0.0, 0.0, 0.0, 0.0, 0.0, 0.0, 0.0, 0.0, 0.0, 0.0, 0.0, 0.0, 0.0, 0.0, 0.0, 0.0, 0.0, 0.0]","[9, 22]"
kdv,400×601,0.2,54.89147646864822,103,WSINDy,0.0008136337332648254,0.0008439272388796049,True,True,2,0,0,1.0,1.0,1.0,1.0,True,MSTLS support stable,6,0.010801541997352615,0.1321418339794036,"[0.0, 0.0, 0.0, 0.0, 0.0, 0.0, 0.0, 0.0, 0.0, -0.5003395388495594, 0.0, 0.0, 0.0, 0.0, 0.0, 0.0, 0.0, 0.0, 0.0, 0.0, 0.0, 0.0, -1.0008439272388796, 0.0, 0.0, 0.0, 0.0, 0.0, 0.0, 0.0, 0.0, 0.0, 0.0, 0.0, 0.0, 0.0, 0.0, 0.0, 0.0, 0.0, 0.0, 0.0, 0.0, 0.0, 0.0, 0.0, 0.0, 0.0, 0.0]","[9, 22]"
kdv,400×601,0.2,54.89147646864822,104,WSINDy,0.003883745096973865,0.004307499899454115,True,True,2,0,0,1.0,1.0,1.0,1.0,True,MSTLS support stable,5,0.010305540985427797,0.13148837399785407,"[0.0, 0.0, 0.0, 0.0, 0.0, 0.0, 0.0, 0.0, 0.0, -0.5005475304457639, 0.0, 0.0, 0.0, 0.0, 0.0, 0.0, 0.0, 0.0, 0.0, 0.0, 0.0, 0.0, -1.0043074998994541, 0.0, 0.0, 0.0, 0.0, 0.0, 0.0, 0.0, 0.0, 0.0, 0.0, 0.0, 0.0, 0.0, 0.0, 0.0, 0.0, 0.0, 0.0, 0.0, 0.0, 0.0, 0.0, 0.0, 0.0, 0.0, 0.0]","[9, 22]"
kdv,400×601,0.2,54.89147646864822,105,WSINDy,0.0066600605992044445,0.007443821135830975,True,True,2,0,0,1.0,1.0,1.0,1.0,True,MSTLS support stable,4,0.010408833011751994,0.13370008300989866,"[0.0, 0.0, 0.0, 0.0, 0.0, 0.0, 0.0, 0.0, 0.0, -0.5001871787357057, 0.0, 0.0, 0.0, 0.0, 0.0, 0.0, 0.0, 0.0, 0.0, 0.0, 0.0, 0.0, -1.007443821135831, 0.0, 0.0, 0.0, 0.0, 0.0, 0.0, 0.0, 0.0, 0.0, 0.0, 0.0, 0.0, 0.0, 0.0, 0.0, 0.0, 0.0, 0.0, 0.0, 0.0, 0.0, 0.0, 0.0, 0.0, 0.0, 0.0]","[9, 22]"
kdv,400×601,0.2,54.89147646864822,106,WSINDy,0.00032267223694453114,0.00035909704228154204,True,True,2,0,0,1.0,1.0,1.0,1.0,True,MSTLS support stable,7,0.011190874996827915,0.13564791702083312,"[0.0, 0.0, 0.0, 0.0, 0.0, 0.0, 0.0, 0.0, 0.0, -0.4999654163356029, 0.0, 0.0, 0.0, 0.0, 0.0, 0.0, 0.0, 0.0, 0.0, 0.0, 0.0, 0.0, -1.0003590970422815, 0.0, 0.0, 0.0, 0.0, 0.0, 0.0, 0.0, 0.0, 0.0, 0.0, 0.0, 0.0, 0.0, 0.0, 0.0, 0.0, 0.0, 0.0, 0.0, 0.0, 0.0, 0.0, 0.0, 0.0, 0.0, 0.0]","[9, 22]"
kdv,400×601,0.2,54.89147646864822,107,WSINDy,0.007365306713069069,0.00822823277286755,True,True,2,0,0,1.0,1.0,1.0,1.0,True,MSTLS support stable,5,0.011347749998094514,0.13497004099190235,"[0.0, 0.0, 0.0, 0.0, 0.0, 0.0, 0.0, 0.0, 0.0, -0.49967463227344466, 0.0, 0.0, 0.0, 0.0, 0.0, 0.0, 0.0, 0.0, 0.0, 0.0, 0.0, 0.0, -0.9917717672271325, 0.0, 0.0, 0.0, 0.0, 0.0, 0.0, 0.0, 0.0, 0.0, 0.0, 0.0, 0.0, 0.0, 0.0, 0.0, 0.0, 0.0, 0.0, 0.0, 0.0, 0.0, 0.0, 0.0, 0.0, 0.0, 0.0]","[9, 22]"
kdv,400×601,0.2,54.89147646864822,108,WSINDy,0.010053529131405016,0.011238652760266143,True,True,2,0,0,1.0,1.0,1.0,1.0,True,MSTLS support stable,4,0.009095624991459772,0.1317045419709757,"[0.0, 0.0, 0.0, 0.0, 0.0, 0.0, 0.0, 0.0, 0.0, -0.5001857259518048, 0.0, 0.0, 0.0, 0.0, 0.0, 0.0, 0.0, 0.0, 0.0, 0.0, 0.0, 0.0, -1.0112386527602661, 0.0, 0.0, 0.0, 0.0, 0.0, 0.0, 0.0, 0.0, 0.0, 0.0, 0.0, 0.0, 0.0, 0.0, 0.0, 0.0, 0.0, 0.0, 0.0, 0.0, 0.0, 0.0, 0.0, 0.0, 0.0, 0.0]","[9, 22]"
kdv,400×601,0.2,54.89147646864822,109,WSINDy,0.002414689921956825,0.0026986552887866555,True,True,2,0,0,1.0,1.0,1.0,1.0,True,MSTLS support stable,4,0.010696374985855073,0.1348197089973837,"[0.0, 0.0, 0.0, 0.0, 0.0, 0.0, 0.0, 0.0, 0.0, -0.49992470786027987, 0.0, 0.0, 0.0, 0.0, 0.0, 0.0, 0.0, 0.0, 0.0, 0.0, 0.0, 0.0, -0.9973013447112133, 0.0, 0.0, 0.0, 0.0, 0.0, 0.0, 0.0, 0.0, 0.0, 0.0, 0.0, 0.0, 0.0, 0.0, 0.0, 0.0, 0.0, 0.0, 0.0, 0.0, 0.0, 0.0, 0.0, 0.0, 0.0, 0.0]","[9, 22]"
kdv,400×601,0.2,54.89147646864822,110,WSINDy,0.00807931087737119,0.009011635288735054,True,True,2,0,0,1.0,1.0,1.0,1.0,True,MSTLS support stable,4,0.011006874992744997,0.13310433400329202,"[0.0, 0.0, 0.0, 0.0, 0.0, 0.0, 0.0, 0.0, 0.0, -0.5006200884931489, 0.0, 0.0, 0.0, 0.0, 0.0, 0.0, 0.0, 0.0, 0.0, 0.0, 0.0, 0.0, -1.009011635288735, 0.0, 0.0, 0.0, 0.0, 0.0, 0.0, 0.0, 0.0, 0.0, 0.0, 0.0, 0.0, 0.0, 0.0, 0.0, 0.0, 0.0, 0.0, 0.0, 0.0, 0.0, 0.0, 0.0, 0.0, 0.0, 0.0]","[9, 22]"
kdv,400×601,0.2,54.89147646864822,111,WSINDy,0.013753821763335708,0.015377080193147763,True,True,2,0,0,1.0,1.0,1.0,1.0,True,MSTLS support stable,5,0.01033458299934864,0.1318538330087904,"[0.0, 0.0, 0.0, 0.0, 0.0, 0.0, 0.0, 0.0, 0.0, -0.49992984940833096, 0.0, 0.0, 0.0, 0.0, 0.0, 0.0, 0.0, 0.0, 0.0, 0.0, 0.0, 0.0, -0.9846229198068522, 0.0, 0.0, 0.0, 0.0, 0.0, 0.0, 0.0, 0.0, 0.0, 0.0, 0.0, 0.0, 0.0, 0.0, 0.0, 0.0, 0.0, 0.0, 0.0, 0.0, 0.0, 0.0, 0.0, 0.0, 0.0, 0.0]","[9, 22]"
kdv,400×601,0.2,54.89147646864822,112,WSINDy,0.002494152980558595,0.0027882362939171124,True,True,2,0,0,1.0,1.0,1.0,1.0,True,MSTLS support stable,5,0.011148791993036866,0.1314515840203967,"[0.0, 0.0, 0.0, 0.0, 0.0, 0.0, 0.0, 0.0, 0.0, -0.499958319880998, 0.0, 0.0, 0.0, 0.0, 0.0, 0.0, 0.0, 0.0, 0.0, 0.0, 0.0, 0.0, -0.9972117637060829, 0.0, 0.0, 0.0, 0.0, 0.0, 0.0, 0.0, 0.0, 0.0, 0.0, 0.0, 0.0, 0.0, 0.0, 0.0, 0.0, 0.0, 0.0, 0.0, 0.0, 0.0, 0.0, 0.0, 0.0, 0.0, 0.0]","[9, 22]"
kdv,400×601,0.2,54.89147646864822,113,WSINDy,0.0005268355496671706,0.0005884786887466742,True,True,2,0,0,1.0,1.0,1.0,1.0,True,MSTLS support stable,4,0.010005375021137297,0.13244787501753308,"[0.0, 0.0, 0.0, 0.0, 0.0, 0.0, 0.0, 0.0, 0.0, -0.49997475216083737, 0.0, 0.0, 0.0, 0.0, 0.0, 0.0, 0.0, 0.0, 0.0, 0.0, 0.0, 0.0, -1.0005884786887467, 0.0, 0.0, 0.0, 0.0, 0.0, 0.0, 0.0, 0.0, 0.0, 0.0, 0.0, 0.0, 0.0, 0.0, 0.0, 0.0, 0.0, 0.0, 0.0, 0.0, 0.0, 0.0, 0.0, 0.0, 0.0, 0.0]","[9, 22]"
kdv,400×601,0.2,54.89147646864822,114,WSINDy,0.01017603157900042,0.01137618270915286,True,True,2,0,0,1.0,1.0,1.0,1.0,True,MSTLS support stable,6,0.009372541011543944,0.12961733300471678,"[0.0, 0.0, 0.0, 0.0, 0.0, 0.0, 0.0, 0.0, 0.0, -0.49985170860109657, 0.0, 0.0, 0.0, 0.0, 0.0, 0.0, 0.0, 0.0, 0.0, 0.0, 0.0, 0.0, -0.9886238172908471, 0.0, 0.0, 0.0, 0.0, 0.0, 0.0, 0.0, 0.0, 0.0, 0.0, 0.0, 0.0, 0.0, 0.0, 0.0, 0.0, 0.0, 0.0, 0.0, 0.0, 0.0, 0.0, 0.0, 0.0, 0.0, 0.0]","[9, 22]"
kdv,400×601,0.2,54.89147646864822,115,WSINDy,0.004142801735049503,0.0046314889056358055,True,True,2,0,0,1.0,1.0,1.0,1.0,True,MSTLS support stable,4,0.009951042011380196,0.1307296670274809,"[0.0, 0.0, 0.0, 0.0, 0.0, 0.0, 0.0, 0.0, 0.0, -0.4999469124601822, 0.0, 0.0, 0.0, 0.0, 0.0, 0.0, 0.0, 0.0, 0.0, 0.0, 0.0, 0.0, -1.0046314889056358, 0.0, 0.0, 0.0, 0.0, 0.0, 0.0, 0.0, 0.0, 0.0, 0.0, 0.0, 0.0, 0.0, 0.0, 0.0, 0.0, 0.0, 0.0, 0.0, 0.0, 0.0, 0.0, 0.0, 0.0, 0.0, 0.0]","[9, 22]"
kdv,400×601,0.2,54.89147646864822,116,WSINDy,0.007993269397813241,0.008921744665858267,True,True,2,0,0,1.0,1.0,1.0,1.0,True,MSTLS support stable,5,0.009975833992939442,0.13235591698321514,"[0.0, 0.0, 0.0, 0.0, 0.0, 0.0, 0.0, 0.0, 0.0, -0.49948239329626476, 0.0, 0.0, 0.0, 0.0, 0.0, 0.0, 0.0, 0.0, 0.0, 0.0, 0.0, 0.0, -0.9910782553341417, 0.0, 0.0, 0.0, 0.0, 0.0, 0.0, 0.0, 0.0, 0.0, 0.0, 0.0, 0.0, 0.0, 0.0, 0.0, 0.0, 0.0, 0.0, 0.0, 0.0, 0.0, 0.0, 0.0, 0.0, 0.0, 0.0]","[9, 22]"
kdv,400×601,0.2,54.89147646864822,117,WSINDy,0.01289878555464301,0.014416668092757767,True,True,2,0,0,1.0,1.0,1.0,1.0,True,MSTLS support stable,6,0.010742957994807512,0.13619991598534398,"[0.0, 0.0, 0.0, 0.0, 0.0, 0.0, 0.0, 0.0, 0.0, -0.50036471507248, 0.0, 0.0, 0.0, 0.0, 0.0, 0.0, 0.0, 0.0, 0.0, 0.0, 0.0, 0.0, -1.0144166680927578, 0.0, 0.0, 0.0, 0.0, 0.0, 0.0, 0.0, 0.0, 0.0, 0.0, 0.0, 0.0, 0.0, 0.0, 0.0, 0.0, 0.0, 0.0, 0.0, 0.0, 0.0, 0.0, 0.0, 0.0, 0.0, 0.0]","[9, 22]"
kdv,400×601,0.2,54.89147646864822,118,WSINDy,0.0012533845614247842,0.0013655131715392121,True,True,2,0,0,1.0,1.0,1.0,1.0,True,MSTLS support stable,4,0.010188124986598268,0.13191879098303616,"[0.0, 0.0, 0.0, 0.0, 0.0, 0.0, 0.0, 0.0, 0.0, -0.5003147854060712, 0.0, 0.0, 0.0, 0.0, 0.0, 0.0, 0.0, 0.0, 0.0, 0.0, 0.0, 0.0, -0.9986344868284608, 0.0, 0.0, 0.0, 0.0, 0.0, 0.0, 0.0, 0.0, 0.0, 0.0, 0.0, 0.0, 0.0, 0.0, 0.0, 0.0, 0.0, 0.0, 0.0, 0.0, 0.0, 0.0, 0.0, 0.0, 0.0, 0.0]","[9, 22]"
kdv,400×601,0.2,54.89147646864822,119,WSINDy,0.000584580105743905,0.0007211610407599212,True,True,2,0,0,1.0,1.0,1.0,1.0,True,MSTLS support stable,6,0.009848250017967075,0.13039104102062993,"[0.0, 0.0, 0.0, 0.0, 0.0, 0.0, 0.0, 0.0, 0.0, -0.49963941947962004, 0.0, 0.0, 0.0, 0.0, 0.0, 0.0, 0.0, 0.0, 0.0, 0.0, 0.0, 0.0, -0.9994548861922846, 0.0, 0.0, 0.0, 0.0, 0.0, 0.0, 0.0, 0.0, 0.0, 0.0, 0.0, 0.0, 0.0, 0.0, 0.0, 0.0, 0.0, 0.0, 0.0, 0.0, 0.0, 0.0, 0.0, 0.0, 0.0, 0.0]","[9, 22]"
kdv,400×601,0.2,54.89147646864822,120,WSINDy,0.014841431644938582,0.016583427862549405,True,True,2,0,0,1.0,1.0,1.0,1.0,True,MSTLS support stable,4,0.009820875013247132,0.13362491599400528,"[0.0, 0.0, 0.0, 0.0, 0.0, 0.0, 0.0, 0.0, 0.0, -0.5005701200898499, 0.0, 0.0, 0.0, 0.0, 0.0, 0.0, 0.0, 0.0, 0.0, 0.0, 0.0, 0.0, -1.0165834278625494, 0.0, 0.0, 0.0, 0.0, 0.0, 0.0, 0.0, 0.0, 0.0, 0.0, 0.0, 0.0, 0.0, 0.0, 0.0, 0.0, 0.0, 0.0, 0.0, 0.0, 0.0, 0.0, 0.0, 0.0, 0.0, 0.0]","[9, 22]"
kdv,400×601,0.2,54.89147646864822,121,WSINDy,0.004782689008729741,0.0053470280240519585,True,True,2,0,0,1.0,1.0,1.0,1.0,True,MSTLS support stable,4,0.010431625007186085,0.1305382090213243,"[0.0, 0.0, 0.0, 0.0, 0.0, 0.0, 0.0, 0.0, 0.0, -0.4999560227015002, 0.0, 0.0, 0.0, 0.0, 0.0, 0.0, 0.0, 0.0, 0.0, 0.0, 0.0, 0.0, -1.005347028024052, 0.0, 0.0, 0.0, 0.0, 0.0, 0.0, 0.0, 0.0, 0.0, 0.0, 0.0, 0.0, 0.0, 0.0, 0.0, 0.0, 0.0, 0.0, 0.0, 0.0, 0.0, 0.0, 0.0, 0.0, 0.0, 0.0]","[9, 22]"
kdv,400×601,0.2,54.89147646864822,122,WSINDy,0.00402097359885383,0.004488140705024457,True,True,2,0,0,1.0,1.0,1.0,1.0,True,MSTLS support stable,4,0.010716542019508779,0.13433408303535543,"[0.0, 0.0, 0.0, 0.0, 0.0, 0.0, 0.0, 0.0, 0.0, -0.49974139051592803, 0.0, 0.0, 0.0, 0.0, 0.0, 0.0, 0.0, 0.0, 0.0, 0.0, 0.0, 0.0, -0.9955118592949755, 0.0, 0.0, 0.0, 0.0, 0.0, 0.0, 0.0, 0.0, 0.0, 0.0, 0.0, 0.0, 0.0, 0.0, 0.0, 0.0, 0.0, 0.0, 0.0, 0.0, 0.0, 0.0, 0.0, 0.0, 0.0, 0.0]","[9, 22]"
kdv,400×601,0.2,54.89147646864822,123,WSINDy,0.006021237001925139,0.006731933901204634,True,True,2,0,0,1.0,1.0,1.0,1.0,True,MSTLS support stable,6,0.01200079100090079,0.1355510000139475,"[0.0, 0.0, 0.0, 0.0, 0.0, 0.0, 0.0, 0.0, 0.0, -0.4999864080353774, 0.0, 0.0, 0.0, 0.0, 0.0, 0.0, 0.0, 0.0, 0.0, 0.0, 0.0, 0.0, -0.9932680660987954, 0.0, 0.0, 0.0, 0.0, 0.0, 0.0, 0.0, 0.0, 0.0, 0.0, 0.0, 0.0, 0.0, 0.0, 0.0, 0.0, 0.0, 0.0, 0.0, 0.0, 0.0, 0.0, 0.0, 0.0, 0.0, 0.0]","[9, 22]"
kdv,400×601,0.2,54.89147646864822,124,WSINDy,0.008963731814065175,0.010021376900358536,True,True,2,0,0,1.0,1.0,1.0,1.0,True,MSTLS support stable,4,0.010239708004519343,0.13208741598646156,"[0.0, 0.0, 0.0, 0.0, 0.0, 0.0, 0.0, 0.0, 0.0, -0.5000872643344417, 0.0, 0.0, 0.0, 0.0, 0.0, 0.0, 0.0, 0.0, 0.0, 0.0, 0.0, 0.0, -1.0100213769003585, 0.0, 0.0, 0.0, 0.0, 0.0, 0.0, 0.0, 0.0, 0.0, 0.0, 0.0, 0.0, 0.0, 0.0, 0.0, 0.0, 0.0, 0.0, 0.0, 0.0, 0.0, 0.0, 0.0, 0.0, 0.0, 0.0]","[9, 22]"
kdv,400×601,0.2,54.89147646864822,125,WSINDy,0.0014637085354286103,0.0016351495297781682,True,True,2,0,0,1.0,1.0,1.0,1.0,True,MSTLS support stable,5,0.010013499995693564,0.13393520898534916,"[0.0, 0.0, 0.0, 0.0, 0.0, 0.0, 0.0, 0.0, 0.0, -0.4999341261726902, 0.0, 0.0, 0.0, 0.0, 0.0, 0.0, 0.0, 0.0, 0.0, 0.0, 0.0, 0.0, -0.9983648504702218, 0.0, 0.0, 0.0, 0.0, 0.0, 0.0, 0.0, 0.0, 0.0, 0.0, 0.0, 0.0, 0.0, 0.0, 0.0, 0.0, 0.0, 0.0, 0.0, 0.0, 0.0, 0.0, 0.0, 0.0, 0.0, 0.0]","[9, 22]"
kdv,400×601,0.2,54.89147646864822,126,WSINDy,0.002047984240203946,0.0022162622026210554,True,True,2,0,0,1.0,1.0,1.0,1.0,True,MSTLS support stable,4,0.014207625004928559,0.1362315000151284,"[0.0, 0.0, 0.0, 0.0, 0.0, 0.0, 0.0, 0.0, 0.0, -0.4994246903795451, 0.0, 0.0, 0.0, 0.0, 0.0, 0.0, 0.0, 0.0, 0.0, 0.0, 0.0, 0.0, -0.997783737797379, 0.0, 0.0, 0.0, 0.0, 0.0, 0.0, 0.0, 0.0, 0.0, 0.0, 0.0, 0.0, 0.0, 0.0, 0.0, 0.0, 0.0, 0.0, 0.0, 0.0, 0.0, 0.0, 0.0, 0.0, 0.0, 0.0]","[9, 22]"
kdv,400×601,0.2,54.89147646864822,127,WSINDy,0.003821614725056281,0.004269450592962687,True,True,2,0,0,1.0,1.0,1.0,1.0,True,MSTLS support stable,4,0.009799749997910112,0.1312253329961095,"[0.0, 0.0, 0.0, 0.0, 0.0, 0.0, 0.0, 0.0, 0.0, -0.49983352021831673, 0.0, 0.0, 0.0, 0.0, 0.0, 0.0, 0.0, 0.0, 0.0, 0.0, 0.0, 0.0, -0.9957305494070373, 0.0, 0.0, 0.0, 0.0, 0.0, 0.0, 0.0, 0.0, 0.0, 0.0, 0.0, 0.0, 0.0, 0.0, 0.0, 0.0, 0.0, 0.0, 0.0, 0.0, 0.0, 0.0, 0.0, 0.0, 0.0, 0.0]","[9, 22]"
kdv,400×601,0.2,54.89147646864822,128,WSINDy,0.008273251378326088,0.009247383261020592,True,True,2,0,0,1.0,1.0,1.0,1.0,True,MSTLS support stable,4,0.010000665992265567,0.13279745800537057,"[0.0, 0.0, 0.0, 0.0, 0.0, 0.0, 0.0, 0.0, 0.0, -0.499789611585361, 0.0, 0.0, 0.0, 0.0, 0.0, 0.0, 0.0, 0.0, 0.0, 0.0, 0.0, 0.0, -0.9907526167389794, 0.0, 0.0, 0.0, 0.0, 0.0, 0.0, 0.0, 0.0, 0.0, 0.0, 0.0, 0.0, 0.0, 0.0, 0.0, 0.0, 0.0, 0.0, 0.0, 0.0, 0.0, 0.0, 0.0, 0.0, 0.0, 0.0]","[9, 22]"
kdv,400×601,0.2,54.89147646864822,129,WSINDy,0.004136877382410374,0.004589980817823136,True,True,2,0,0,1.0,1.0,1.0,1.0,True,MSTLS support stable,5,0.010356249986216426,0.13381666599889286,"[0.0, 0.0, 0.0, 0.0, 0.0, 0.0, 0.0, 0.0, 0.0, -0.5005694463876335, 0.0, 0.0, 0.0, 0.0, 0.0, 0.0, 0.0, 0.0, 0.0, 0.0, 0.0, 0.0, -1.0045899808178231, 0.0, 0.0, 0.0, 0.0, 0.0, 0.0, 0.0, 0.0, 0.0, 0.0, 0.0, 0.0, 0.0, 0.0, 0.0, 0.0, 0.0, 0.0, 0.0, 0.0, 0.0, 0.0, 0.0, 0.0, 0.0, 0.0]","[9, 22]"
kdv,400×601,0.2,54.89147646864822,130,WSINDy,0.014240792594711194,0.015908907210513634,True,True,2,0,0,1.0,1.0,1.0,1.0,True,MSTLS support stable,4,0.009836958022788167,0.13256954101962037,"[0.0, 0.0, 0.0, 0.0, 0.0, 0.0, 0.0, 0.0, 0.0, -0.5006378781421587, 0.0, 0.0, 0.0, 0.0, 0.0, 0.0, 0.0, 0.0, 0.0, 0.0, 0.0, 0.0, -1.0159089072105136, 0.0, 0.0, 0.0, 0.0, 0.0, 0.0, 0.0, 0.0, 0.0, 0.0, 0.0, 0.0, 0.0, 0.0, 0.0, 0.0, 0.0, 0.0, 0.0, 0.0, 0.0, 0.0, 0.0, 0.0, 0.0, 0.0]","[9, 22]"
kdv,400×601,0.2,54.89147646864822,131,WSINDy,0.007288387870208672,0.008147867740182502,True,True,2,0,0,1.0,1.0,1.0,1.0,True,MSTLS support stable,4,0.00967420800589025,0.13225429199519567,"[0.0, 0.0, 0.0, 0.0, 0.0, 0.0, 0.0, 0.0, 0.0, -0.49988598915950916, 0.0, 0.0, 0.0, 0.0, 0.0, 0.0, 0.0, 0.0, 0.0, 0.0, 0.0, 0.0, -1.0081478677401825, 0.0, 0.0, 0.0, 0.0, 0.0, 0.0, 0.0, 0.0, 0.0, 0.0, 0.0, 0.0, 0.0, 0.0, 0.0, 0.0, 0.0, 0.0, 0.0, 0.0, 0.0, 0.0, 0.0, 0.0, 0.0, 0.0]","[9, 22]"
kdv,400×601,0.2,54.89147646864822,132,WSINDy,0.010707547713992193,0.011967060672920748,True,True,2,0,0,1.0,1.0,1.0,1.0,True,MSTLS support stable,4,0.00964862498221919,0.13008862498099916,"[0.0, 0.0, 0.0, 0.0, 0.0, 0.0, 0.0, 0.0, 0.0, -0.5003223839479688, 0.0, 0.0, 0.0, 0.0, 0.0, 0.0, 0.0, 0.0, 0.0, 0.0, 0.0, 0.0, -1.0119670606729207, 0.0, 0.0, 0.0, 0.0, 0.0, 0.0, 0.0, 0.0, 0.0, 0.0, 0.0, 0.0, 0.0, 0.0, 0.0, 0.0, 0.0, 0.0, 0.0, 0.0, 0.0, 0.0, 0.0, 0.0, 0.0, 0.0]","[9, 22]"
kdv,400×601,0.2,54.89147646864822,133,WSINDy,0.009543932938265092,0.010668069082140796,True,True,2,0,0,1.0,1.0,1.0,1.0,True,MSTLS support stable,5,0.012915333994897082,0.13870099998894148,"[0.0, 0.0, 0.0, 0.0, 0.0, 0.0, 0.0, 0.0, 0.0, -0.5002249932694511, 0.0, 0.0, 0.0, 0.0, 0.0, 0.0, 0.0, 0.0, 0.0, 0.0, 0.0, 0.0, -1.0106680690821408, 0.0, 0.0, 0.0, 0.0, 0.0, 0.0, 0.0, 0.0, 0.0, 0.0, 0.0, 0.0, 0.0, 0.0, 0.0, 0.0, 0.0, 0.0, 0.0, 0.0, 0.0, 0.0, 0.0, 0.0, 0.0, 0.0]","[9, 22]"
kdv,400×601,0.2,54.89147646864822,134,WSINDy,0.011013619050791925,0.012306961977896158,True,True,2,0,0,1.0,1.0,1.0,1.0,True,MSTLS support stable,4,0.009804541012272239,0.13523304101545364,"[0.0, 0.0, 0.0, 0.0, 0.0, 0.0, 0.0, 0.0, 0.0, -0.49959571962751476, 0.0, 0.0, 0.0, 0.0, 0.0, 0.0, 0.0, 0.0, 0.0, 0.0, 0.0, 0.0, -0.9876930380221038, 0.0, 0.0, 0.0, 0.0, 0.0, 0.0, 0.0, 0.0, 0.0, 0.0, 0.0, 0.0, 0.0, 0.0, 0.0, 0.0, 0.0, 0.0, 0.0, 0.0, 0.0, 0.0, 0.0, 0.0, 0.0, 0.0]","[9, 22]"
kdv,400×601,0.2,54.89147646864822,135,WSINDy,0.005996819382582625,0.006700887362982577,True,True,2,0,0,1.0,1.0,1.0,1.0,True,MSTLS support stable,4,0.01020116702420637,0.13179408400901593,"[0.0, 0.0, 0.0, 0.0, 0.0, 0.0, 0.0, 0.0, 0.0, -0.4997754739819782, 0.0, 0.0, 0.0, 0.0, 0.0, 0.0, 0.0, 0.0, 0.0, 0.0, 0.0, 0.0, -0.9932991126370174, 0.0, 0.0, 0.0, 0.0, 0.0, 0.0, 0.0, 0.0, 0.0, 0.0, 0.0, 0.0, 0.0, 0.0, 0.0, 0.0, 0.0, 0.0, 0.0, 0.0, 0.0, 0.0, 0.0, 0.0, 0.0, 0.0]","[9, 22]"
kdv,400×601,0.2,54.89147646864822,136,WSINDy,0.011025212494886319,0.01232246456923669,True,True,2,0,0,1.0,1.0,1.0,1.0,True,MSTLS support stable,5,0.010860375012271106,0.13471866701729596,"[0.0, 0.0, 0.0, 0.0, 0.0, 0.0, 0.0, 0.0, 0.0, -0.4996821869470063, 0.0, 0.0, 0.0, 0.0, 0.0, 0.0, 0.0, 0.0, 0.0, 0.0, 0.0, 0.0, -0.9876775354307633, 0.0, 0.0, 0.0, 0.0, 0.0, 0.0, 0.0, 0.0, 0.0, 0.0, 0.0, 0.0, 0.0, 0.0, 0.0, 0.0, 0.0, 0.0, 0.0, 0.0, 0.0, 0.0, 0.0, 0.0, 0.0, 0.0]","[9, 22]"
kdv,400×601,0.2,54.89147646864822,137,WSINDy,0.00929353175982236,0.010377441206162352,True,True,2,0,0,1.0,1.0,1.0,1.0,True,MSTLS support stable,5,0.010017249995144084,0.13149733300087973,"[0.0, 0.0, 0.0, 0.0, 0.0, 0.0, 0.0, 0.0, 0.0, -0.4994795389292394, 0.0, 0.0, 0.0, 0.0, 0.0, 0.0, 0.0, 0.0, 0.0, 0.0, 0.0, 0.0, -0.9896225587938376, 0.0, 0.0, 0.0, 0.0, 0.0, 0.0, 0.0, 0.0, 0.0, 0.0, 0.0, 0.0, 0.0, 0.0, 0.0, 0.0, 0.0, 0.0, 0.0, 0.0, 0.0, 0.0, 0.0, 0.0, 0.0, 0.0]","[9, 22]"
kdv,400×601,0.2,54.89147646864822,138,WSINDy,0.006161201986144332,0.006868322288476669,True,True,2,0,0,1.0,1.0,1.0,1.0,True,MSTLS support stable,4,0.009941625001374632,0.1303045420208946,"[0.0, 0.0, 0.0, 0.0, 0.0, 0.0, 0.0, 0.0, 0.0, -0.5005259860589414, 0.0, 0.0, 0.0, 0.0, 0.0, 0.0, 0.0, 0.0, 0.0, 0.0, 0.0, 0.0, -1.0068683222884767, 0.0, 0.0, 0.0, 0.0, 0.0, 0.0, 0.0, 0.0, 0.0, 0.0, 0.0, 0.0, 0.0, 0.0, 0.0, 0.0, 0.0, 0.0, 0.0, 0.0, 0.0, 0.0, 0.0, 0.0, 0.0, 0.0]","[9, 22]"
kdv,400×601,0.2,54.89147646864822,139,WSINDy,0.0030616850180750083,0.003359717717111188,True,True,2,0,0,1.0,1.0,1.0,1.0,True,MSTLS support stable,4,0.010118832986336201,0.13471883296733722,"[0.0, 0.0, 0.0, 0.0, 0.0, 0.0, 0.0, 0.0, 0.0, -0.4993444919537409, 0.0, 0.0, 0.0, 0.0, 0.0, 0.0, 0.0, 0.0, 0.0, 0.0, 0.0, 0.0, -0.9966402822828888, 0.0, 0.0, 0.0, 0.0, 0.0, 0.0, 0.0, 0.0, 0.0, 0.0, 0.0, 0.0, 0.0, 0.0, 0.0, 0.0, 0.0, 0.0, 0.0, 0.0, 0.0, 0.0, 0.0, 0.0, 0.0, 0.0]","[9, 22]"
kdv,400×601,0.2,54.89147646864822,140,WSINDy,0.00929783044844146,0.010335943246593482,True,True,2,0,0,1.0,1.0,1.0,1.0,True,MSTLS support stable,4,0.009923917008563876,0.13310729200020432,"[0.0, 0.0, 0.0, 0.0, 0.0, 0.0, 0.0, 0.0, 0.0, -0.5011092073805898, 0.0, 0.0, 0.0, 0.0, 0.0, 0.0, 0.0, 0.0, 0.0, 0.0, 0.0, 0.0, -1.0103359432465935, 0.0, 0.0, 0.0, 0.0, 0.0, 0.0, 0.0, 0.0, 0.0, 0.0, 0.0, 0.0, 0.0, 0.0, 0.0, 0.0, 0.0, 0.0, 0.0, 0.0, 0.0, 0.0, 0.0, 0.0, 0.0, 0.0]","[9, 22]"
kdv,400×601,0.2,54.89147646864822,141,WSINDy,0.010492100311703232,0.011728986931129892,True,True,2,0,0,1.0,1.0,1.0,1.0,True,MSTLS support stable,4,0.01005108398385346,0.13451212499057874,"[0.0, 0.0, 0.0, 0.0, 0.0, 0.0, 0.0, 0.0, 0.0, -0.49981006117316884, 0.0, 0.0, 0.0, 0.0, 0.0, 0.0, 0.0, 0.0, 0.0, 0.0, 0.0, 0.0, -1.01172898693113, 0.0, 0.0, 0.0, 0.0, 0.0, 0.0, 0.0, 0.0, 0.0, 0.0, 0.0, 0.0, 0.0, 0.0, 0.0, 0.0, 0.0, 0.0, 0.0, 0.0, 0.0, 0.0, 0.0, 0.0, 0.0, 0.0]","[9, 22]"
kdv,400×601,0.2,54.89147646864822,142,WSINDy,0.004824119596664475,0.005391240543733522,True,True,2,0,0,1.0,1.0,1.0,1.0,True,MSTLS support stable,4,0.009998416993767023,0.13153154199244455,"[0.0, 0.0, 0.0, 0.0, 0.0, 0.0, 0.0, 0.0, 0.0, -0.5001571233695433, 0.0, 0.0, 0.0, 0.0, 0.0, 0.0, 0.0, 0.0, 0.0, 0.0, 0.0, 0.0, -0.9946087594562665, 0.0, 0.0, 0.0, 0.0, 0.0, 0.0, 0.0, 0.0, 0.0, 0.0, 0.0, 0.0, 0.0, 0.0, 0.0, 0.0, 0.0, 0.0, 0.0, 0.0, 0.0, 0.0, 0.0, 0.0, 0.0, 0.0]","[9, 22]"
kdv,400×601,0.2,54.89147646864822,143,WSINDy,0.02604045421556507,0.029105404537107304,True,True,2,0,0,1.0,1.0,1.0,1.0,True,MSTLS support stable,4,0.012030083016725257,0.13259829199523665,"[0.0, 0.0, 0.0, 0.0, 0.0, 0.0, 0.0, 0.0, 0.0, -0.49928796318739177, 0.0, 0.0, 0.0, 0.0, 0.0, 0.0, 0.0, 0.0, 0.0, 0.0, 0.0, 0.0, -0.9708945954628927, 0.0, 0.0, 0.0, 0.0, 0.0, 0.0, 0.0, 0.0, 0.0, 0.0, 0.0, 0.0, 0.0, 0.0, 0.0, 0.0, 0.0, 0.0, 0.0, 0.0, 0.0, 0.0, 0.0, 0.0, 0.0, 0.0]","[9, 22]"
kdv,400×601,0.2,54.89147646864822,144,WSINDy,0.0005751024942269147,0.0006174661005171611,True,True,2,0,0,1.0,1.0,1.0,1.0,True,MSTLS support stable,4,0.010202165984082967,0.13268004098790698,"[0.0, 0.0, 0.0, 0.0, 0.0, 0.0, 0.0, 0.0, 0.0, -0.4998206561590278, 0.0, 0.0, 0.0, 0.0, 0.0, 0.0, 0.0, 0.0, 0.0, 0.0, 0.0, 0.0, -1.0006174661005172, 0.0, 0.0, 0.0, 0.0, 0.0, 0.0, 0.0, 0.0, 0.0, 0.0, 0.0, 0.0, 0.0, 0.0, 0.0, 0.0, 0.0, 0.0, 0.0, 0.0, 0.0, 0.0, 0.0, 0.0, 0.0, 0.0]","[9, 22]"
kdv,400×601,0.2,54.89147646864822,145,WSINDy,0.009168793519777561,0.010249814805943669,True,True,2,0,0,1.0,1.0,1.0,1.0,True,MSTLS support stable,5,0.01096245800727047,0.13114495802437887,"[0.0, 0.0, 0.0, 0.0, 0.0, 0.0, 0.0, 0.0, 0.0, -0.5001573680534661, 0.0, 0.0, 0.0, 0.0, 0.0, 0.0, 0.0, 0.0, 0.0, 0.0, 0.0, 0.0, -0.9897501851940563, 0.0, 0.0, 0.0, 0.0, 0.0, 0.0, 0.0, 0.0, 0.0, 0.0, 0.0, 0.0, 0.0, 0.0, 0.0, 0.0, 0.0, 0.0, 0.0, 0.0, 0.0, 0.0, 0.0, 0.0, 0.0, 0.0]","[9, 22]"
kdv,400×601,0.2,54.89147646864822,146,WSINDy,0.8947260973638332,1.0,True,False,1,0,1,1.0,0.5,0.6666666666666666,0.5,True,MSTLS support stable,3,0.010251500003505498,0.13077087499550544,"[0.0, 0.0, 0.0, 0.0, 0.0, 0.0, 0.0, 0.0, 0.0, -0.47414489160931184, 0.0, 0.0, 0.0, 0.0, 0.0, 0.0, 0.0, 0.0, 0.0, 0.0, 0.0, 0.0, 0.0, 0.0, 0.0, 0.0, 0.0, 0.0, 0.0, 0.0, 0.0, 0.0, 0.0, 0.0, 0.0, 0.0, 0.0, 0.0, 0.0, 0.0, 0.0, 0.0, 0.0, 0.0, 0.0, 0.0, 0.0, 0.0, 0.0]",[9]
kdv,400×601,0.2,54.89147646864822,147,WSINDy,0.0036142922144855806,0.004025293119011897,True,True,2,0,0,1.0,1.0,1.0,1.0,True,MSTLS support stable,5,0.010069542011478916,0.13326541701098904,"[0.0, 0.0, 0.0, 0.0, 0.0, 0.0, 0.0, 0.0, 0.0, -0.5003548247041136, 0.0, 0.0, 0.0, 0.0, 0.0, 0.0, 0.0, 0.0, 0.0, 0.0, 0.0, 0.0, -0.9959747068809881, 0.0, 0.0, 0.0, 0.0, 0.0, 0.0, 0.0, 0.0, 0.0, 0.0, 0.0, 0.0, 0.0, 0.0, 0.0, 0.0, 0.0, 0.0, 0.0, 0.0, 0.0, 0.0, 0.0, 0.0, 0.0, 0.0]","[9, 22]"
kdv,400×601,0.2,54.89147646864822,148,WSINDy,0.0016987820079005815,0.0018016962716774776,True,True,2,0,0,1.0,1.0,1.0,1.0,True,MSTLS support stable,4,0.01020358401001431,0.13214595901081339,"[0.0, 0.0, 0.0, 0.0, 0.0, 0.0, 0.0, 0.0, 0.0, -0.49939898757701534, 0.0, 0.0, 0.0, 0.0, 0.0, 0.0, 0.0, 0.0, 0.0, 0.0, 0.0, 0.0, -0.9981983037283225, 0.0, 0.0, 0.0, 0.0, 0.0, 0.0, 0.0, 0.0, 0.0, 0.0, 0.0, 0.0, 0.0, 0.0, 0.0, 0.0, 0.0, 0.0, 0.0, 0.0, 0.0, 0.0, 0.0, 0.0, 0.0, 0.0]","[9, 22]"
kdv,400×601,0.2,54.89147646864822,149,WSINDy,0.009544077035411934,0.010670274629612675,True,True,2,0,0,1.0,1.0,1.0,1.0,True,MSTLS support stable,3,0.00997324998024851,0.1334901669761166,"[0.0, 0.0, 0.0, 0.0, 0.0, 0.0, 0.0, 0.0, 0.0, -0.49991634953083885, 0.0, 0.0, 0.0, 0.0, 0.0, 0.0, 0.0, 0.0, 0.0, 0.0, 0.0, 0.0, -0.9893297253703873, 0.0, 0.0, 0.0, 0.0, 0.0, 0.0, 0.0, 0.0, 0.0, 0.0, 0.0, 0.0, 0.0, 0.0, 0.0, 0.0, 0.0, 0.0, 0.0, 0.0, 0.0, 0.0, 0.0, 0.0, 0.0, 0.0]","[9, 22]"
kdv,400×601,0.2,54.89147646864822,150,WSINDy,0.009418679568853719,0.010528868438531291,True,True,2,0,0,1.0,1.0,1.0,1.0,True,MSTLS support stable,4,0.010289290978107601,0.14008629097952507,"[0.0, 0.0, 0.0, 0.0, 0.0, 0.0, 0.0, 0.0, 0.0, -0.4998201794504854, 0.0, 0.0, 0.0, 0.0, 0.0, 0.0, 0.0, 0.0, 0.0, 0.0, 0.0, 0.0, -0.9894711315614687, 0.0, 0.0, 0.0, 0.0, 0.0, 0.0, 0.0, 0.0, 0.0, 0.0, 0.0, 0.0, 0.0, 0.0, 0.0, 0.0, 0.0, 0.0, 0.0, 0.0, 0.0, 0.0, 0.0, 0.0, 0.0, 0.0]","[9, 22]"
kdv,400×601,0.2,54.89147646864822,151,WSINDy,0.010180123705312218,0.011365525707044855,True,True,2,0,0,1.0,1.0,1.0,1.0,True,MSTLS support stable,5,0.010060250002425164,0.1330236670037266,"[0.0, 0.0, 0.0, 0.0, 0.0, 0.0, 0.0, 0.0, 0.0, -0.5006070203636018, 0.0, 0.0, 0.0, 0.0, 0.0, 0.0, 0.0, 0.0, 0.0, 0.0, 0.0, 0.0, -1.0113655257070449, 0.0, 0.0, 0.0, 0.0, 0.0, 0.0, 0.0, 0.0, 0.0, 0.0, 0.0, 0.0, 0.0, 0.0, 0.0, 0.0, 0.0, 0.0, 0.0, 0.0, 0.0, 0.0, 0.0, 0.0, 0.0, 0.0]","[9, 22]"
kdv,400×601,0.2,54.89147646864822,152,WSINDy,0.0022019110326122666,0.0024507911473636845,True,True,2,0,0,1.0,1.0,1.0,1.0,True,MSTLS support stable,5,0.010397583013400435,0.1323465830355417,"[0.0, 0.0, 0.0, 0.0, 0.0, 0.0, 0.0, 0.0, 0.0, -0.500232675732358, 0.0, 0.0, 0.0, 0.0, 0.0, 0.0, 0.0, 0.0, 0.0, 0.0, 0.0, 0.0, -0.9975492088526363, 0.0, 0.0, 0.0, 0.0, 0.0, 0.0, 0.0, 0.0, 0.0, 0.0, 0.0, 0.0, 0.0, 0.0, 0.0, 0.0, 0.0, 0.0, 0.0, 0.0, 0.0, 0.0, 0.0, 0.0, 0.0, 0.0]","[9, 22]"
kdv,400×601,0.2,54.89147646864822,153,WSINDy,0.005707716189931818,0.006370452161460816,True,True,2,0,0,1.0,1.0,1.0,1.0,True,MSTLS support stable,4,0.010743249993538484,0.13152066597831436,"[0.0, 0.0, 0.0, 0.0, 0.0, 0.0, 0.0, 0.0, 0.0, -0.5003739911623976, 0.0, 0.0, 0.0, 0.0, 0.0, 0.0, 0.0, 0.0, 0.0, 0.0, 0.0, 0.0, -0.9936295478385392, 0.0, 0.0, 0.0, 0.0, 0.0, 0.0, 0.0, 0.0, 0.0, 0.0, 0.0, 0.0, 0.0, 0.0, 0.0, 0.0, 0.0, 0.0, 0.0, 0.0, 0.0, 0.0, 0.0, 0.0, 0.0, 0.0]","[9, 22]"
kdv,400×601,0.2,54.89147646864822,154,WSINDy,0.0015320340564730218,0.0017117448763335208,True,True,2,0,0,1.0,1.0,1.0,1.0,True,MSTLS support stable,3,0.009994166990509257,0.13271225098287687,"[0.0, 0.0, 0.0, 0.0, 0.0, 0.0, 0.0, 0.0, 0.0, -0.5000619670564689, 0.0, 0.0, 0.0, 0.0, 0.0, 0.0, 0.0, 0.0, 0.0, 0.0, 0.0, 0.0, -0.9982882551236665, 0.0, 0.0, 0.0, 0.0, 0.0, 0.0, 0.0, 0.0, 0.0, 0.0, 0.0, 0.0, 0.0, 0.0, 0.0, 0.0, 0.0, 0.0, 0.0, 0.0, 0.0, 0.0, 0.0, 0.0, 0.0, 0.0]","[9, 22]"
kdv,400×601,0.2,54.89147646864822,155,WSINDy,0.006862442016318393,0.007636827521804723,True,True,2,0,0,1.0,1.0,1.0,1.0,True,MSTLS support stable,4,0.009844041982432827,0.1306233330105897,"[0.0, 0.0, 0.0, 0.0, 0.0, 0.0, 0.0, 0.0, 0.0, -0.49926158721816927, 0.0, 0.0, 0.0, 0.0, 0.0, 0.0, 0.0, 0.0, 0.0, 0.0, 0.0, 0.0, -0.9923631724781953, 0.0, 0.0, 0.0, 0.0, 0.0, 0.0, 0.0, 0.0, 0.0, 0.0, 0.0, 0.0, 0.0, 0.0, 0.0, 0.0, 0.0, 0.0, 0.0, 0.0, 0.0, 0.0, 0.0, 0.0, 0.0, 0.0]","[9, 22]"
kdv,400×601,0.2,54.89147646864822,156,WSINDy,0.0006802094366926238,0.000759227026261966,True,True,2,0,0,1.0,1.0,1.0,1.0,True,MSTLS support stable,5,0.010592915990855545,0.13125283297267742,"[0.0, 0.0, 0.0, 0.0, 0.0, 0.0, 0.0, 0.0, 0.0, -0.5000439365428833, 0.0, 0.0, 0.0, 0.0, 0.0, 0.0, 0.0, 0.0, 0.0, 0.0, 0.0, 0.0, -1.000759227026262, 0.0, 0.0, 0.0, 0.0, 0.0, 0.0, 0.0, 0.0, 0.0, 0.0, 0.0, 0.0, 0.0, 0.0, 0.0, 0.0, 0.0, 0.0, 0.0, 0.0, 0.0, 0.0, 0.0, 0.0, 0.0, 0.0]","[9, 22]"
kdv,400×601,0.2,54.89147646864822,157,WSINDy,0.008344527619641546,0.00932822079273854,True,True,2,0,0,1.0,1.0,1.0,1.0,True,MSTLS support stable,4,0.010491291992366314,0.13437929199426435,"[0.0, 0.0, 0.0, 0.0, 0.0, 0.0, 0.0, 0.0, 0.0, -0.4998476079542065, 0.0, 0.0, 0.0, 0.0, 0.0, 0.0, 0.0, 0.0, 0.0, 0.0, 0.0, 0.0, -1.0093282207927385, 0.0, 0.0, 0.0, 0.0, 0.0, 0.0, 0.0, 0.0, 0.0, 0.0, 0.0, 0.0, 0.0, 0.0, 0.0, 0.0, 0.0, 0.0, 0.0, 0.0, 0.0, 0.0, 0.0, 0.0, 0.0, 0.0]","[9, 22]"
kdv,400×601,0.2,54.89147646864822,158,WSINDy,0.004535982743607679,0.005064090087224193,True,True,2,0,0,1.0,1.0,1.0,1.0,True,MSTLS support stable,5,0.010712207993492484,0.13292158299009316,"[0.0, 0.0, 0.0, 0.0, 0.0, 0.0, 0.0, 0.0, 0.0, -0.4997281252101408, 0.0, 0.0, 0.0, 0.0, 0.0, 0.0, 0.0, 0.0, 0.0, 0.0, 0.0, 0.0, -0.9949359099127758, 0.0, 0.0, 0.0, 0.0, 0.0, 0.0, 0.0, 0.0, 0.0, 0.0, 0.0, 0.0, 0.0, 0.0, 0.0, 0.0, 0.0, 0.0, 0.0, 0.0, 0.0, 0.0, 0.0, 0.0, 0.0, 0.0]","[9, 22]"
kdv,400×601,0.2,54.89147646864822,159,WSINDy,0.007945246833414535,0.008864671694078674,True,True,2,0,0,1.0,1.0,1.0,1.0,True,MSTLS support stable,5,0.0109859999793116,0.1316145829623565,"[0.0, 0.0, 0.0, 0.0, 0.0, 0.0, 0.0, 0.0, 0.0, -0.49942879092176773, 0.0, 0.0, 0.0, 0.0, 0.0, 0.0, 0.0, 0.0, 0.0, 0.0, 0.0, 0.0, -0.9911353283059213, 0.0, 0.0, 0.0, 0.0, 0.0, 0.0, 0.0, 0.0, 0.0, 0.0, 0.0, 0.0, 0.0, 0.0, 0.0, 0.0, 0.0, 0.0, 0.0, 0.0, 0.0, 0.0, 0.0, 0.0, 0.0, 0.0]","[9, 22]"
kdv,400×601,0.2,54.89147646864822,160,WSINDy,0.010732228895607694,0.011998981739294146,True,True,2,0,0,1.0,1.0,1.0,1.0,True,MSTLS support stable,4,0.01028712498373352,0.1326279159693513,"[0.0, 0.0, 0.0, 0.0, 0.0, 0.0, 0.0, 0.0, 0.0, -0.499981064458509, 0.0, 0.0, 0.0, 0.0, 0.0, 0.0, 0.0, 0.0, 0.0, 0.0, 0.0, 0.0, -0.9880010182607059, 0.0, 0.0, 0.0, 0.0, 0.0, 0.0, 0.0, 0.0, 0.0, 0.0, 0.0, 0.0, 0.0, 0.0, 0.0, 0.0, 0.0, 0.0, 0.0, 0.0, 0.0, 0.0, 0.0, 0.0, 0.0, 0.0]","[9, 22]"
kdv,400×601,0.2,54.89147646864822,161,WSINDy,0.007405384814537439,0.008269708813094856,True,True,2,0,0,1.0,1.0,1.0,1.0,True,MSTLS support stable,4,0.010658292012521997,0.13113358401460573,"[0.0, 0.0, 0.0, 0.0, 0.0, 0.0, 0.0, 0.0, 0.0, -0.49959804047361905, 0.0, 0.0, 0.0, 0.0, 0.0, 0.0, 0.0, 0.0, 0.0, 0.0, 0.0, 0.0, -0.9917302911869051, 0.0, 0.0, 0.0, 0.0, 0.0, 0.0, 0.0, 0.0, 0.0, 0.0, 0.0, 0.0, 0.0, 0.0, 0.0, 0.0, 0.0, 0.0, 0.0, 0.0, 0.0, 0.0, 0.0, 0.0, 0.0, 0.0]","[9, 22]"
kdv,400×601,0.2,54.89147646864822,162,WSINDy,0.014273594434355844,0.01595264107049288,True,True,2,0,0,1.0,1.0,1.0,1.0,True,MSTLS support stable,5,0.010825957986526191,0.1315689159964677,"[0.0, 0.0, 0.0, 0.0, 0.0, 0.0, 0.0, 0.0, 0.0, -0.5004273353151992, 0.0, 0.0, 0.0, 0.0, 0.0, 0.0, 0.0, 0.0, 0.0, 0.0, 0.0, 0.0, -1.0159526410704929, 0.0, 0.0, 0.0, 0.0, 0.0, 0.0, 0.0, 0.0, 0.0, 0.0, 0.0, 0.0, 0.0, 0.0, 0.0, 0.0, 0.0, 0.0, 0.0, 0.0, 0.0, 0.0, 0.0, 0.0, 0.0, 0.0]","[9, 22]"
kdv,400×601,0.2,54.89147646864822,163,WSINDy,0.00707983895201248,0.007908156234764374,True,True,2,0,0,1.0,1.0,1.0,1.0,True,MSTLS support stable,3,0.010584875009953976,0.13321179201011546,"[0.0, 0.0, 0.0, 0.0, 0.0, 0.0, 0.0, 0.0, 0.0, -0.4996590975951994, 0.0, 0.0, 0.0, 0.0, 0.0, 0.0, 0.0, 0.0, 0.0, 0.0, 0.0, 0.0, -0.9920918437652356, 0.0, 0.0, 0.0, 0.0, 0.0, 0.0, 0.0, 0.0, 0.0, 0.0, 0.0, 0.0, 0.0, 0.0, 0.0, 0.0, 0.0, 0.0, 0.0, 0.0, 0.0, 0.0, 0.0, 0.0, 0.0, 0.0]","[9, 22]"
kdv,400×601,0.2,54.89147646864822,164,WSINDy,0.013752448241650922,0.015370415951394545,True,True,2,0,0,1.0,1.0,1.0,1.0,True,MSTLS support stable,4,0.010217542003374547,0.13376833402435295,"[0.0, 0.0, 0.0, 0.0, 0.0, 0.0, 0.0, 0.0, 0.0, -0.5004032422103718, 0.0, 0.0, 0.0, 0.0, 0.0, 0.0, 0.0, 0.0, 0.0, 0.0, 0.0, 0.0, -1.0153704159513945, 0.0, 0.0, 0.0, 0.0, 0.0, 0.0, 0.0, 0.0, 0.0, 0.0, 0.0, 0.0, 0.0, 0.0, 0.0, 0.0, 0.0, 0.0, 0.0, 0.0, 0.0, 0.0, 0.0, 0.0, 0.0, 0.0]","[9, 22]"
kdv,400×601,0.2,54.89147646864822,165,WSINDy,0.009357265365120297,0.010446783873765408,True,True,2,0,0,1.0,1.0,1.0,1.0,True,MSTLS support stable,5,0.009858415985945612,0.1351176239841152,"[0.0, 0.0, 0.0, 0.0, 0.0, 0.0, 0.0, 0.0, 0.0, -0.500559218728616, 0.0, 0.0, 0.0, 0.0, 0.0, 0.0, 0.0, 0.0, 0.0, 0.0, 0.0, 0.0, -1.0104467838737654, 0.0, 0.0, 0.0, 0.0, 0.0, 0.0, 0.0, 0.0, 0.0, 0.0, 0.0, 0.0, 0.0, 0.0, 0.0, 0.0, 0.0, 0.0, 0.0, 0.0, 0.0, 0.0, 0.0, 0.0, 0.0, 0.0]","[9, 22]"
kdv,400×601,0.2,54.89147646864822,166,WSINDy,0.006664155842084716,0.007449320412479921,True,True,2,0,0,1.0,1.0,1.0,1.0,True,MSTLS support stable,4,0.009693375002825633,0.13143741601379588,"[0.0, 0.0, 0.0, 0.0, 0.0, 0.0, 0.0, 0.0, 0.0, -0.4998539118358668, 0.0, 0.0, 0.0, 0.0, 0.0, 0.0, 0.0, 0.0, 0.0, 0.0, 0.0, 0.0, -0.9925506795875201, 0.0, 0.0, 0.0, 0.0, 0.0, 0.0, 0.0, 0.0, 0.0, 0.0, 0.0, 0.0, 0.0, 0.0, 0.0, 0.0, 0.0, 0.0, 0.0, 0.0, 0.0, 0.0, 0.0, 0.0, 0.0, 0.0]","[9, 22]"
kdv,400×601,0.2,54.89147646864822,167,WSINDy,0.001234199166837278,0.001309245155126093,True,True,2,0,0,1.0,1.0,1.0,1.0,True,MSTLS support stable,4,0.011043708014767617,0.1461483330349438,"[0.0, 0.0, 0.0, 0.0, 0.0, 0.0, 0.0, 0.0, 0.0, -0.49956418283299514, 0.0, 0.0, 0.0, 0.0, 0.0, 0.0, 0.0, 0.0, 0.0, 0.0, 0.0, 0.0, -0.9986907548448739, 0.0, 0.0, 0.0, 0.0, 0.0, 0.0, 0.0, 0.0, 0.0, 0.0, 0.0, 0.0, 0.0, 0.0, 0.0, 0.0, 0.0, 0.0, 0.0, 0.0, 0.0, 0.0, 0.0, 0.0, 0.0, 0.0]","[9, 22]"
kdv,400×601,0.2,54.89147646864822,168,WSINDy,0.007691496883309741,0.008523993259816343,True,True,2,0,0,1.0,1.0,1.0,1.0,True,MSTLS support stable,3,0.011543125001480803,0.1499730829964392,"[0.0, 0.0, 0.0, 0.0, 0.0, 0.0, 0.0, 0.0, 0.0, -0.4988640227603249, 0.0, 0.0, 0.0, 0.0, 0.0, 0.0, 0.0, 0.0, 0.0, 0.0, 0.0, 0.0, -0.9914760067401837, 0.0, 0.0, 0.0, 0.0, 0.0, 0.0, 0.0, 0.0, 0.0, 0.0, 0.0, 0.0, 0.0, 0.0, 0.0, 0.0, 0.0, 0.0, 0.0, 0.0, 0.0, 0.0, 0.0, 0.0, 0.0, 0.0]","[9, 22]"
kdv,400×601,0.2,54.89147646864822,169,WSINDy,0.0014958703326140201,0.0016713345823762271,True,True,2,0,0,1.0,1.0,1.0,1.0,True,MSTLS support stable,4,0.011069790984038264,0.15099970699520782,"[0.0, 0.0, 0.0, 0.0, 0.0, 0.0, 0.0, 0.0, 0.0, -0.4999393717990803, 0.0, 0.0, 0.0, 0.0, 0.0, 0.0, 0.0, 0.0, 0.0, 0.0, 0.0, 0.0, -1.0016713345823762, 0.0, 0.0, 0.0, 0.0, 0.0, 0.0, 0.0, 0.0, 0.0, 0.0, 0.0, 0.0, 0.0, 0.0, 0.0, 0.0, 0.0, 0.0, 0.0, 0.0, 0.0, 0.0, 0.0, 0.0, 0.0, 0.0]","[9, 22]"
kdv,400×601,0.2,54.89147646864822,170,WSINDy,0.01644682378673372,0.018384321159533812,True,True,2,0,0,1.0,1.0,1.0,1.0,True,MSTLS support stable,4,0.010552791994996369,0.16808150001452304,"[0.0, 0.0, 0.0, 0.0, 0.0, 0.0, 0.0, 0.0, 0.0, -0.5003731639625619, 0.0, 0.0, 0.0, 0.0, 0.0, 0.0, 0.0, 0.0, 0.0, 0.0, 0.0, 0.0, -1.0183843211595338, 0.0, 0.0, 0.0, 0.0, 0.0, 0.0, 0.0, 0.0, 0.0, 0.0, 0.0, 0.0, 0.0, 0.0, 0.0, 0.0, 0.0, 0.0, 0.0, 0.0, 0.0, 0.0, 0.0, 0.0, 0.0, 0.0]","[9, 22]"
kdv,400×601,0.2,54.89147646864822,171,WSINDy,0.004884201803244141,0.005398456443878041,True,True,2,0,0,1.0,1.0,1.0,1.0,True,MSTLS support stable,5,0.009090124978683889,0.13087116696988232,"[0.0, 0.0, 0.0, 0.0, 0.0, 0.0, 0.0, 0.0, 0.0, -0.5008221630568618, 0.0, 0.0, 0.0, 0.0, 0.0, 0.0, 0.0, 0.0, 0.0, 0.0, 0.0, 0.0, -1.005398456443878, 0.0, 0.0, 0.0, 0.0, 0.0, 0.0, 0.0, 0.0, 0.0, 0.0, 0.0, 0.0, 0.0, 0.0, 0.0, 0.0, 0.0, 0.0, 0.0, 0.0, 0.0, 0.0, 0.0, 0.0, 0.0, 0.0]","[9, 22]"
kdv,400×601,0.2,54.89147646864822,172,WSINDy,0.005162451455459908,0.005739670717167744,True,True,2,0,0,1.0,1.0,1.0,1.0,True,MSTLS support stable,6,0.011131125007523224,0.13135408400557935,"[0.0, 0.0, 0.0, 0.0, 0.0, 0.0, 0.0, 0.0, 0.0, -0.500608121160594, 0.0, 0.0, 0.0, 0.0, 0.0, 0.0, 0.0, 0.0, 0.0, 0.0, 0.0, 0.0, -1.0057396707171677, 0.0, 0.0, 0.0, 0.0, 0.0, 0.0, 0.0, 0.0, 0.0, 0.0, 0.0, 0.0, 0.0, 0.0, 0.0, 0.0, 0.0, 0.0, 0.0, 0.0, 0.0, 0.0, 0.0, 0.0, 0.0, 0.0]","[9, 22]"
kdv,400×601,0.2,54.89147646864822,173,WSINDy,0.005536479227755264,0.0061818259675066045,True,True,2,0,0,1.0,1.0,1.0,1.0,True,MSTLS support stable,4,0.0105987080023624,0.13598254101816565,"[0.0, 0.0, 0.0, 0.0, 0.0, 0.0, 0.0, 0.0, 0.0, -0.500317459456731, 0.0, 0.0, 0.0, 0.0, 0.0, 0.0, 0.0, 0.0, 0.0, 0.0, 0.0, 0.0, -1.0061818259675066, 0.0, 0.0, 0.0, 0.0, 0.0, 0.0, 0.0, 0.0, 0.0, 0.0, 0.0, 0.0, 0.0, 0.0, 0.0, 0.0, 0.0, 0.0, 0.0, 0.0, 0.0, 0.0, 0.0, 0.0, 0.0, 0.0]","[9, 22]"
kdv,400×601,0.2,54.89147646864822,174,WSINDy,0.00730768011998874,0.008161061311927509,True,True,2,0,0,1.0,1.0,1.0,1.0,True,MSTLS support stable,4,0.010273791005602106,0.13373791601043195,"[0.0, 0.0, 0.0, 0.0, 0.0, 0.0, 0.0, 0.0, 0.0, -0.49961294162835773, 0.0, 0.0, 0.0, 0.0, 0.0, 0.0, 0.0, 0.0, 0.0, 0.0, 0.0, 0.0, -0.9918389386880725, 0.0, 0.0, 0.0, 0.0, 0.0, 0.0, 0.0, 0.0, 0.0, 0.0, 0.0, 0.0, 0.0, 0.0, 0.0, 0.0, 0.0, 0.0, 0.0, 0.0, 0.0, 0.0, 0.0, 0.0, 0.0, 0.0]","[9, 22]"
kdv,400×601,0.2,54.89147646864822,175,WSINDy,0.011448842552953179,0.012788891582057538,True,True,2,0,0,1.0,1.0,1.0,1.0,True,MSTLS support stable,4,0.01147720799781382,0.13607220799895003,"[0.0, 0.0, 0.0, 0.0, 0.0, 0.0, 0.0, 0.0, 0.0, -0.500537816748779, 0.0, 0.0, 0.0, 0.0, 0.0, 0.0, 0.0, 0.0, 0.0, 0.0, 0.0, 0.0, -1.0127888915820575, 0.0, 0.0, 0.0, 0.0, 0.0, 0.0, 0.0, 0.0, 0.0, 0.0, 0.0, 0.0, 0.0, 0.0, 0.0, 0.0, 0.0, 0.0, 0.0, 0.0, 0.0, 0.0, 0.0, 0.0, 0.0, 0.0]","[9, 22]"
kdv,400×601,0.2,54.89147646864822,176,WSINDy,0.005465429551516641,0.0060898164070029015,True,True,2,0,0,1.0,1.0,1.0,1.0,True,MSTLS support stable,4,0.010961082996800542,0.13427233300171793,"[0.0, 0.0, 0.0, 0.0, 0.0, 0.0, 0.0, 0.0, 0.0, -0.4994972213635828, 0.0, 0.0, 0.0, 0.0, 0.0, 0.0, 0.0, 0.0, 0.0, 0.0, 0.0, 0.0, -0.9939101835929971, 0.0, 0.0, 0.0, 0.0, 0.0, 0.0, 0.0, 0.0, 0.0, 0.0, 0.0, 0.0, 0.0, 0.0, 0.0, 0.0, 0.0, 0.0, 0.0, 0.0, 0.0, 0.0, 0.0, 0.0, 0.0, 0.0]","[9, 22]"
kdv,400×601,0.2,54.89147646864822,177,WSINDy,0.00142453082124266,0.001528054161701542,True,True,2,0,0,1.0,1.0,1.0,1.0,True,MSTLS support stable,4,0.010763833008240908,0.13461995802936144,"[0.0, 0.0, 0.0, 0.0, 0.0, 0.0, 0.0, 0.0, 0.0, -0.5004490663144174, 0.0, 0.0, 0.0, 0.0, 0.0, 0.0, 0.0, 0.0, 0.0, 0.0, 0.0, 0.0, -0.9984719458382985, 0.0, 0.0, 0.0, 0.0, 0.0, 0.0, 0.0, 0.0, 0.0, 0.0, 0.0, 0.0, 0.0, 0.0, 0.0, 0.0, 0.0, 0.0, 0.0, 0.0, 0.0, 0.0, 0.0, 0.0, 0.0, 0.0]","[9, 22]"
kdv,400×601,0.2,54.89147646864822,178,WSINDy,0.0021632142016633597,0.002390175863963173,True,True,2,0,0,1.0,1.0,1.0,1.0,True,MSTLS support stable,4,0.009322917001554742,0.13207016701926477,"[0.0, 0.0, 0.0, 0.0, 0.0, 0.0, 0.0, 0.0, 0.0, -0.4996306371131591, 0.0, 0.0, 0.0, 0.0, 0.0, 0.0, 0.0, 0.0, 0.0, 0.0, 0.0, 0.0, -0.9976098241360368, 0.0, 0.0, 0.0, 0.0, 0.0, 0.0, 0.0, 0.0, 0.0, 0.0, 0.0, 0.0, 0.0, 0.0, 0.0, 0.0, 0.0, 0.0, 0.0, 0.0, 0.0, 0.0, 0.0, 0.0, 0.0, 0.0]","[9, 22]"
kdv,400×601,0.2,54.89147646864822,179,WSINDy,0.00223976031848289,0.002471158582149524,True,True,2,0,0,1.0,1.0,1.0,1.0,True,MSTLS support stable,4,0.010869082994759083,0.13251754100201651,"[0.0, 0.0, 0.0, 0.0, 0.0, 0.0, 0.0, 0.0, 0.0, -0.49959498997891166, 0.0, 0.0, 0.0, 0.0, 0.0, 0.0, 0.0, 0.0, 0.0, 0.0, 0.0, 0.0, -0.9975288414178505, 0.0, 0.0, 0.0, 0.0, 0.0, 0.0, 0.0, 0.0, 0.0, 0.0, 0.0, 0.0, 0.0, 0.0, 0.0, 0.0, 0.0, 0.0, 0.0, 0.0, 0.0, 0.0, 0.0, 0.0, 0.0, 0.0]","[9, 22]"
kdv,400×601,0.2,54.89147646864822,180,WSINDy,0.005324922233833353,0.005917561927803572,True,True,2,0,0,1.0,1.0,1.0,1.0,True,MSTLS support stable,4,0.009833959018578753,0.13318283401895314,"[0.0, 0.0, 0.0, 0.0, 0.0, 0.0, 0.0, 0.0, 0.0, -0.5006526536800445, 0.0, 0.0, 0.0, 0.0, 0.0, 0.0, 0.0, 0.0, 0.0, 0.0, 0.0, 0.0, -1.0059175619278036, 0.0, 0.0, 0.0, 0.0, 0.0, 0.0, 0.0, 0.0, 0.0, 0.0, 0.0, 0.0, 0.0, 0.0, 0.0, 0.0, 0.0, 0.0, 0.0, 0.0, 0.0, 0.0, 0.0, 0.0, 0.0, 0.0]","[9, 22]"
kdv,400×601,0.2,54.89147646864822,181,WSINDy,0.006969958180063514,0.007792528344428673,True,True,2,0,0,1.0,1.0,1.0,1.0,True,MSTLS support stable,5,0.010092791984789073,0.13205070796539076,"[0.0, 0.0, 0.0, 0.0, 0.0, 0.0, 0.0, 0.0, 0.0, -0.499956430617762, 0.0, 0.0, 0.0, 0.0, 0.0, 0.0, 0.0, 0.0, 0.0, 0.0, 0.0, 0.0, -1.0077925283444287, 0.0, 0.0, 0.0, 0.0, 0.0, 0.0, 0.0, 0.0, 0.0, 0.0, 0.0, 0.0, 0.0, 0.0, 0.0, 0.0, 0.0, 0.0, 0.0, 0.0, 0.0, 0.0, 0.0, 0.0, 0.0, 0.0]","[9, 22]"
kdv,400×601,0.2,54.89147646864822,182,WSINDy,0.0017893766598567455,0.0019958290032174864,True,True,2,0,0,1.0,1.0,1.0,1.0,True,MSTLS support stable,4,0.009565415995894,0.13005812498158775,"[0.0, 0.0, 0.0, 0.0, 0.0, 0.0, 0.0, 0.0, 0.0, -0.5001378500216395, 0.0, 0.0, 0.0, 0.0, 0.0, 0.0, 0.0, 0.0, 0.0, 0.0, 0.0, 0.0, -0.9980041709967825, 0.0, 0.0, 0.0, 0.0, 0.0, 0.0, 0.0, 0.0, 0.0, 0.0, 0.0, 0.0, 0.0, 0.0, 0.0, 0.0, 0.0, 0.0, 0.0, 0.0, 0.0, 0.0, 0.0, 0.0, 0.0, 0.0]","[9, 22]"
kdv,400×601,0.2,54.89147646864822,183,WSINDy,0.00288733187156023,0.0032234649896908385,True,True,2,0,0,1.0,1.0,1.0,1.0,True,MSTLS support stable,4,0.010509499988984317,0.13303462497424334,"[0.0, 0.0, 0.0, 0.0, 0.0, 0.0, 0.0, 0.0, 0.0, -0.5001735803298096, 0.0, 0.0, 0.0, 0.0, 0.0, 0.0, 0.0, 0.0, 0.0, 0.0, 0.0, 0.0, -0.9967765350103092, 0.0, 0.0, 0.0, 0.0, 0.0, 0.0, 0.0, 0.0, 0.0, 0.0, 0.0, 0.0, 0.0, 0.0, 0.0, 0.0, 0.0, 0.0, 0.0, 0.0, 0.0, 0.0, 0.0, 0.0, 0.0, 0.0]","[9, 22]"
kdv,400×601,0.2,54.89147646864822,184,WSINDy,0.018396384264682576,0.020498071658535677,True,True,2,0,0,1.0,1.0,1.0,1.0,True,MSTLS support stable,4,0.009836333018029109,0.13047229099902324,"[0.0, 0.0, 0.0, 0.0, 0.0, 0.0, 0.0, 0.0, 0.0, -0.5016919665477965, 0.0, 0.0, 0.0, 0.0, 0.0, 0.0, 0.0, 0.0, 0.0, 0.0, 0.0, 0.0, -1.0204980716585357, 0.0, 0.0, 0.0, 0.0, 0.0, 0.0, 0.0, 0.0, 0.0, 0.0, 0.0, 0.0, 0.0, 0.0, 0.0, 0.0, 0.0, 0.0, 0.0, 0.0, 0.0, 0.0, 0.0, 0.0, 0.0, 0.0]","[9, 22]"
kdv,400×601,0.2,54.89147646864822,185,WSINDy,0.0007329230569056188,0.000814058774504578,True,True,2,0,0,1.0,1.0,1.0,1.0,True,MSTLS support stable,4,0.010147749999305233,0.13061458300217055,"[0.0, 0.0, 0.0, 0.0, 0.0, 0.0, 0.0, 0.0, 0.0, -0.5000936940277283, 0.0, 0.0, 0.0, 0.0, 0.0, 0.0, 0.0, 0.0, 0.0, 0.0, 0.0, 0.0, -0.9991859412254954, 0.0, 0.0, 0.0, 0.0, 0.0, 0.0, 0.0, 0.0, 0.0, 0.0, 0.0, 0.0, 0.0, 0.0, 0.0, 0.0, 0.0, 0.0, 0.0, 0.0, 0.0, 0.0, 0.0, 0.0, 0.0, 0.0]","[9, 22]"
kdv,400×601,0.2,54.89147646864822,186,WSINDy,0.0044137895540798215,0.004898211848877954,True,True,2,0,0,1.0,1.0,1.0,1.0,True,MSTLS support stable,4,0.009749207994900644,0.12996404198929667,"[0.0, 0.0, 0.0, 0.0, 0.0, 0.0, 0.0, 0.0, 0.0, -0.49940046395592774, 0.0, 0.0, 0.0, 0.0, 0.0, 0.0, 0.0, 0.0, 0.0, 0.0, 0.0, 0.0, -0.995101788151122, 0.0, 0.0, 0.0, 0.0, 0.0, 0.0, 0.0, 0.0, 0.0, 0.0, 0.0, 0.0, 0.0, 0.0, 0.0, 0.0, 0.0, 0.0, 0.0, 0.0, 0.0, 0.0, 0.0, 0.0, 0.0, 0.0]","[9, 22]"
kdv,400×601,0.2,54.89147646864822,187,WSINDy,0.011796271226359298,0.013182434227796636,True,True,2,0,0,1.0,1.0,1.0,1.0,True,MSTLS support stable,6,0.01059366701520048,0.13334475000738166,"[0.0, 0.0, 0.0, 0.0, 0.0, 0.0, 0.0, 0.0, 0.0, -0.49959571496799154, 0.0, 0.0, 0.0, 0.0, 0.0, 0.0, 0.0, 0.0, 0.0, 0.0, 0.0, 0.0, -0.9868175657722034, 0.0, 0.0, 0.0, 0.0, 0.0, 0.0, 0.0, 0.0, 0.0, 0.0, 0.0, 0.0, 0.0, 0.0, 0.0, 0.0, 0.0, 0.0, 0.0, 0.0, 0.0, 0.0, 0.0, 0.0, 0.0, 0.0]","[9, 22]"
kdv,400×601,0.2,54.89147646864822,188,WSINDy,0.00783116477575676,0.008755462714356343,True,True,2,0,0,1.0,1.0,1.0,1.0,True,MSTLS support stable,6,0.009661916992627084,0.13539033397682942,"[0.0, 0.0, 0.0, 0.0, 0.0, 0.0, 0.0, 0.0, 0.0, -0.500028281422041, 0.0, 0.0, 0.0, 0.0, 0.0, 0.0, 0.0, 0.0, 0.0, 0.0, 0.0, 0.0, -0.9912445372856437, 0.0, 0.0, 0.0, 0.0, 0.0, 0.0, 0.0, 0.0, 0.0, 0.0, 0.0, 0.0, 0.0, 0.0, 0.0, 0.0, 0.0, 0.0, 0.0, 0.0, 0.0, 0.0, 0.0, 0.0, 0.0, 0.0]","[9, 22]"
kdv,400×601,0.2,54.89147646864822,189,WSINDy,0.006703190907163929,0.007475281654916621,True,True,2,0,0,1.0,1.0,1.0,1.0,True,MSTLS support stable,5,0.010442582977702841,0.13231995797832496,"[0.0, 0.0, 0.0, 0.0, 0.0, 0.0, 0.0, 0.0, 0.0, -0.5005349061618859, 0.0, 0.0, 0.0, 0.0, 0.0, 0.0, 0.0, 0.0, 0.0, 0.0, 0.0, 0.0, -0.9925247183450834, 0.0, 0.0, 0.0, 0.0, 0.0, 0.0, 0.0, 0.0, 0.0, 0.0, 0.0, 0.0, 0.0, 0.0, 0.0, 0.0, 0.0, 0.0, 0.0, 0.0, 0.0, 0.0, 0.0, 0.0, 0.0, 0.0]","[9, 22]"
kdv,400×601,0.2,54.89147646864822,190,WSINDy,0.0016608305728905378,0.0017786143835067936,True,True,2,0,0,1.0,1.0,1.0,1.0,True,MSTLS support stable,5,0.01002695900388062,0.1310290000110399,"[0.0, 0.0, 0.0, 0.0, 0.0, 0.0, 0.0, 0.0, 0.0, -0.49946663463311475, 0.0, 0.0, 0.0, 0.0, 0.0, 0.0, 0.0, 0.0, 0.0, 0.0, 0.0, 0.0, -1.0017786143835068, 0.0, 0.0, 0.0, 0.0, 0.0, 0.0, 0.0, 0.0, 0.0, 0.0, 0.0, 0.0, 0.0, 0.0, 0.0, 0.0, 0.0, 0.0, 0.0, 0.0, 0.0, 0.0, 0.0, 0.0, 0.0, 0.0]","[9, 22]"
kdv,400×601,0.2,54.89147646864822,191,WSINDy,0.007891977761126474,0.008817479024031072,True,True,2,0,0,1.0,1.0,1.0,1.0,True,MSTLS support stable,4,0.00965699998778291,0.13207591598620638,"[0.0, 0.0, 0.0, 0.0, 0.0, 0.0, 0.0, 0.0, 0.0, -0.4996741090850981, 0.0, 0.0, 0.0, 0.0, 0.0, 0.0, 0.0, 0.0, 0.0, 0.0, 0.0, 0.0, -0.9911825209759689, 0.0, 0.0, 0.0, 0.0, 0.0, 0.0, 0.0, 0.0, 0.0, 0.0, 0.0, 0.0, 0.0, 0.0, 0.0, 0.0, 0.0, 0.0, 0.0, 0.0, 0.0, 0.0, 0.0, 0.0, 0.0, 0.0]","[9, 22]"
kdv,400×601,0.2,54.89147646864822,192,WSINDy,0.009273839998058872,0.010363857030270207,True,True,2,0,0,1.0,1.0,1.0,1.0,True,MSTLS support stable,5,0.009955875022569671,0.1329552500101272,"[0.0, 0.0, 0.0, 0.0, 0.0, 0.0, 0.0, 0.0, 0.0, -0.5003091970942855, 0.0, 0.0, 0.0, 0.0, 0.0, 0.0, 0.0, 0.0, 0.0, 0.0, 0.0, 0.0, -1.0103638570302702, 0.0, 0.0, 0.0, 0.0, 0.0, 0.0, 0.0, 0.0, 0.0, 0.0, 0.0, 0.0, 0.0, 0.0, 0.0, 0.0, 0.0, 0.0, 0.0, 0.0, 0.0, 0.0, 0.0, 0.0, 0.0, 0.0]","[9, 22]"
kdv,400×601,0.2,54.89147646864822,193,WSINDy,0.020206721639492095,0.022586698728266796,True,True,2,0,0,1.0,1.0,1.0,1.0,True,MSTLS support stable,4,0.009474166989093646,0.13109225098742172,"[0.0, 0.0, 0.0, 0.0, 0.0, 0.0, 0.0, 0.0, 0.0, -0.5004801456324999, 0.0, 0.0, 0.0, 0.0, 0.0, 0.0, 0.0, 0.0, 0.0, 0.0, 0.0, 0.0, -1.0225866987282668, 0.0, 0.0, 0.0, 0.0, 0.0, 0.0, 0.0, 0.0, 0.0, 0.0, 0.0, 0.0, 0.0, 0.0, 0.0, 0.0, 0.0, 0.0, 0.0, 0.0, 0.0, 0.0, 0.0, 0.0, 0.0, 0.0]","[9, 22]"
kdv,400×601,0.2,54.89147646864822,194,WSINDy,0.008275117726417128,0.009247975057978808,True,True,2,0,0,1.0,1.0,1.0,1.0,True,MSTLS support stable,5,0.009757291991263628,0.13014724999084137,"[0.0, 0.0, 0.0, 0.0, 0.0, 0.0, 0.0, 0.0, 0.0, -0.4997318133866491, 0.0, 0.0, 0.0, 0.0, 0.0, 0.0, 0.0, 0.0, 0.0, 0.0, 0.0, 0.0, -0.9907520249420212, 0.0, 0.0, 0.0, 0.0, 0.0, 0.0, 0.0, 0.0, 0.0, 0.0, 0.0, 0.0, 0.0, 0.0, 0.0, 0.0, 0.0, 0.0, 0.0, 0.0, 0.0, 0.0, 0.0, 0.0, 0.0, 0.0]","[9, 22]"
kdv,400×601,0.2,54.89147646864822,195,WSINDy,0.00634849319386965,0.007093090484653675,True,True,2,0,0,1.0,1.0,1.0,1.0,True,MSTLS support stable,4,0.01028133399086073,0.1343687089974992,"[0.0, 0.0, 0.0, 0.0, 0.0, 0.0, 0.0, 0.0, 0.0, -0.49974062639440936, 0.0, 0.0, 0.0, 0.0, 0.0, 0.0, 0.0, 0.0, 0.0, 0.0, 0.0, 0.0, -0.9929069095153463, 0.0, 0.0, 0.0, 0.0, 0.0, 0.0, 0.0, 0.0, 0.0, 0.0, 0.0, 0.0, 0.0, 0.0, 0.0, 0.0, 0.0, 0.0, 0.0, 0.0, 0.0, 0.0, 0.0, 0.0, 0.0, 0.0]","[9, 22]"
kdv,400×601,0.2,54.89147646864822,196,WSINDy,0.0025944391511999684,0.002897174411413239,True,True,2,0,0,1.0,1.0,1.0,1.0,True,MSTLS support stable,5,0.009703791991341859,0.13442816698807292,"[0.0, 0.0, 0.0, 0.0, 0.0, 0.0, 0.0, 0.0, 0.0, -0.5001423852746999, 0.0, 0.0, 0.0, 0.0, 0.0, 0.0, 0.0, 0.0, 0.0, 0.0, 0.0, 0.0, -1.0028971744114132, 0.0, 0.0, 0.0, 0.0, 0.0, 0.0, 0.0, 0.0, 0.0, 0.0, 0.0, 0.0, 0.0, 0.0, 0.0, 0.0, 0.0, 0.0, 0.0, 0.0, 0.0, 0.0, 0.0, 0.0, 0.0, 0.0]","[9, 22]"
kdv,400×601,0.2,54.89147646864822,197,WSINDy,0.0017985215114017445,0.0019936062205149208,True,True,2,0,0,1.0,1.0,1.0,1.0,True,MSTLS support stable,4,0.010367165989009663,0.13218595797661692,"[0.0, 0.0, 0.0, 0.0, 0.0, 0.0, 0.0, 0.0, 0.0, -0.500262457179827, 0.0, 0.0, 0.0, 0.0, 0.0, 0.0, 0.0, 0.0, 0.0, 0.0, 0.0, 0.0, -0.9980063937794851, 0.0, 0.0, 0.0, 0.0, 0.0, 0.0, 0.0, 0.0, 0.0, 0.0, 0.0, 0.0, 0.0, 0.0, 0.0, 0.0, 0.0, 0.0, 0.0, 0.0, 0.0, 0.0, 0.0, 0.0, 0.0, 0.0]","[9, 22]"
kdv,400×601,0.2,54.89147646864822,198,WSINDy,0.010080713374066155,0.01126839677848479,True,True,2,0,0,1.0,1.0,1.0,1.0,True,MSTLS support stable,3,0.01095145900035277,0.13152141802129336,"[0.0, 0.0, 0.0, 0.0, 0.0, 0.0, 0.0, 0.0, 0.0, -0.5002218371141827, 0.0, 0.0, 0.0, 0.0, 0.0, 0.0, 0.0, 0.0, 0.0, 0.0, 0.0, 0.0, -1.0112683967784848, 0.0, 0.0, 0.0, 0.0, 0.0, 0.0, 0.0, 0.0, 0.0, 0.0, 0.0, 0.0, 0.0, 0.0, 0.0, 0.0, 0.0, 0.0, 0.0, 0.0, 0.0, 0.0, 0.0, 0.0, 0.0, 0.0]","[9, 22]"
kdv,400×601,0.2,54.89147646864822,199,WSINDy,0.005117146533237475,0.005714278720324595,True,True,2,0,0,1.0,1.0,1.0,1.0,True,MSTLS support stable,4,0.010894542007008567,0.133953417011071,"[0.0, 0.0, 0.0, 0.0, 0.0, 0.0, 0.0, 0.0, 0.0, -0.5002801865623578, 0.0, 0.0, 0.0, 0.0, 0.0, 0.0, 0.0, 0.0, 0.0, 0.0, 0.0, 0.0, -1.0057142787203246, 0.0, 0.0, 0.0, 0.0, 0.0, 0.0, 0.0, 0.0, 0.0, 0.0, 0.0, 0.0, 0.0, 0.0, 0.0, 0.0, 0.0, 0.0, 0.0, 0.0, 0.0, 0.0, 0.0, 0.0, 0.0, 0.0]","[9, 22]"
kdv,400×601,0.5,137.22869117162054,0,WSINDy,0.010778726887227745,0.012050973803412468,True,True,2,0,0,1.0,1.0,1.0,1.0,True,MSTLS support stable,4,0.010068584000691772,0.13512295900727622,"[0.0, 0.0, 0.0, 0.0, 0.0, 0.0, 0.0, 0.0, 0.0, -0.5000149005461093, 0.0, 0.0, 0.0, 0.0, 0.0, 0.0, 0.0, 0.0, 0.0, 0.0, 0.0, 0.0, -1.0120509738034125, 0.0, 0.0, 0.0, 0.0, 0.0, 0.0, 0.0, 0.0, 0.0, 0.0, 0.0, 0.0, 0.0, 0.0, 0.0, 0.0, 0.0, 0.0, 0.0, 0.0, 0.0, 0.0, 0.0, 0.0, 0.0, 0.0]","[9, 22]"
kdv,400×601,0.5,137.22869117162054,1,WSINDy,0.02363820384411329,0.026423912627032586,True,True,2,0,0,1.0,1.0,1.0,1.0,True,MSTLS support stable,5,0.009978040994610637,0.1351181659847498,"[0.0, 0.0, 0.0, 0.0, 0.0, 0.0, 0.0, 0.0, 0.0, -0.5004823823159729, 0.0, 0.0, 0.0, 0.0, 0.0, 0.0, 0.0, 0.0, 0.0, 0.0, 0.0, 0.0, -0.9735760873729674, 0.0, 0.0, 0.0, 0.0, 0.0, 0.0, 0.0, 0.0, 0.0, 0.0, 0.0, 0.0, 0.0, 0.0, 0.0, 0.0, 0.0, 0.0, 0.0, 0.0, 0.0, 0.0, 0.0, 0.0, 0.0, 0.0]","[9, 22]"
kdv,400×601,0.5,137.22869117162054,2,WSINDy,0.023135898419259608,0.025854059630076365,True,True,2,0,0,1.0,1.0,1.0,1.0,True,MSTLS support stable,3,0.009574666997650638,0.13650566697469912,"[0.0, 0.0, 0.0, 0.0, 0.0, 0.0, 0.0, 0.0, 0.0, -0.4991907749217123, 0.0, 0.0, 0.0, 0.0, 0.0, 0.0, 0.0, 0.0, 0.0, 0.0, 0.0, 0.0, -0.9741459403699236, 0.0, 0.0, 0.0, 0.0, 0.0, 0.0, 0.0, 0.0, 0.0, 0.0, 0.0, 0.0, 0.0, 0.0, 0.0, 0.0, 0.0, 0.0, 0.0, 0.0, 0.0, 0.0, 0.0, 0.0, 0.0, 0.0]","[9, 22]"
kdv,400×601,0.5,137.22869117162054,3,WSINDy,0.0006536424910444425,0.0006954137772772206,True,True,2,0,0,1.0,1.0,1.0,1.0,True,MSTLS support stable,4,0.010625416995026171,0.1325899999937974,"[0.0, 0.0, 0.0, 0.0, 0.0, 0.0, 0.0, 0.0, 0.0, -0.4997753662736887, 0.0, 0.0, 0.0, 0.0, 0.0, 0.0, 0.0, 0.0, 0.0, 0.0, 0.0, 0.0, -0.9993045862227228, 0.0, 0.0, 0.0, 0.0, 0.0, 0.0, 0.0, 0.0, 0.0, 0.0, 0.0, 0.0, 0.0, 0.0, 0.0, 0.0, 0.0, 0.0, 0.0, 0.0, 0.0, 0.0, 0.0, 0.0, 0.0, 0.0]","[9, 22]"
kdv,400×601,0.5,137.22869117162054,4,WSINDy,0.039239218634645294,0.04386287929955235,True,True,2,0,0,1.0,1.0,1.0,1.0,True,MSTLS support stable,4,0.010427375003928319,0.13453337500686757,"[0.0, 0.0, 0.0, 0.0, 0.0, 0.0, 0.0, 0.0, 0.0, -0.49916743266051894, 0.0, 0.0, 0.0, 0.0, 0.0, 0.0, 0.0, 0.0, 0.0, 0.0, 0.0, 0.0, -0.9561371207004477, 0.0, 0.0, 0.0, 0.0, 0.0, 0.0, 0.0, 0.0, 0.0, 0.0, 0.0, 0.0, 0.0, 0.0, 0.0, 0.0, 0.0, 0.0, 0.0, 0.0, 0.0, 0.0, 0.0, 0.0, 0.0, 0.0]","[9, 22]"
kdv,400×601,0.5,137.22869117162054,5,WSINDy,0.013649442302914544,0.015213675809027105,True,True,2,0,0,1.0,1.0,1.0,1.0,True,MSTLS support stable,3,0.010615042003337294,0.13463337501161732,"[0.0, 0.0, 0.0, 0.0, 0.0, 0.0, 0.0, 0.0, 0.0, -0.49880494253127106, 0.0, 0.0, 0.0, 0.0, 0.0, 0.0, 0.0, 0.0, 0.0, 0.0, 0.0, 0.0, -1.015213675809027, 0.0, 0.0, 0.0, 0.0, 0.0, 0.0, 0.0, 0.0, 0.0, 0.0, 0.0, 0.0, 0.0, 0.0, 0.0, 0.0, 0.0, 0.0, 0.0, 0.0, 0.0, 0.0, 0.0, 0.0, 0.0, 0.0]","[9, 22]"
kdv,400×601,0.5,137.22869117162054,6,WSINDy,0.0168022358169055,0.01878181243442545,True,True,2,0,0,1.0,1.0,1.0,1.0,True,MSTLS support stable,4,0.01018154202029109,0.13258770902757533,"[0.0, 0.0, 0.0, 0.0, 0.0, 0.0, 0.0, 0.0, 0.0, -0.4996292814589353, 0.0, 0.0, 0.0, 0.0, 0.0, 0.0, 0.0, 0.0, 0.0, 0.0, 0.0, 0.0, -0.9812181875655746, 0.0, 0.0, 0.0, 0.0, 0.0, 0.0, 0.0, 0.0, 0.0, 0.0, 0.0, 0.0, 0.0, 0.0, 0.0, 0.0, 0.0, 0.0, 0.0, 0.0, 0.0, 0.0, 0.0, 0.0, 0.0, 0.0]","[9, 22]"
kdv,400×601,0.5,137.22869117162054,7,WSINDy,0.02295833727255211,0.02566780694530224,True,True,2,0,0,1.0,1.0,1.0,1.0,True,MSTLS support stable,4,0.011124958982691169,0.13308629198581912,"[0.0, 0.0, 0.0, 0.0, 0.0, 0.0, 0.0, 0.0, 0.0, -0.49985769919531636, 0.0, 0.0, 0.0, 0.0, 0.0, 0.0, 0.0, 0.0, 0.0, 0.0, 0.0, 0.0, -1.0256678069453022, 0.0, 0.0, 0.0, 0.0, 0.0, 0.0, 0.0, 0.0, 0.0, 0.0, 0.0, 0.0, 0.0, 0.0, 0.0, 0.0, 0.0, 0.0, 0.0, 0.0, 0.0, 0.0, 0.0, 0.0, 0.0, 0.0]","[9, 22]"
kdv,400×601,0.5,137.22869117162054,8,WSINDy,0.0055150514335288265,0.00569984836442039,True,True,2,0,0,1.0,1.0,1.0,1.0,True,MSTLS support stable,4,0.01117166699259542,0.13663433300098404,"[0.0, 0.0, 0.0, 0.0, 0.0, 0.0, 0.0, 0.0, 0.0, -0.49764809247297015, 0.0, 0.0, 0.0, 0.0, 0.0, 0.0, 0.0, 0.0, 0.0, 0.0, 0.0, 0.0, -1.0056998483644204, 0.0, 0.0, 0.0, 0.0, 0.0, 0.0, 0.0, 0.0, 0.0, 0.0, 0.0, 0.0, 0.0, 0.0, 0.0, 0.0, 0.0, 0.0, 0.0, 0.0, 0.0, 0.0, 0.0, 0.0, 0.0, 0.0]","[9, 22]"
kdv,400×601,0.5,137.22869117162054,9,WSINDy,0.01571299429153442,0.017561195593141066,True,True,2,0,0,1.0,1.0,1.0,1.0,True,MSTLS support stable,4,0.01069966598879546,0.13557549900724553,"[0.0, 0.0, 0.0, 0.0, 0.0, 0.0, 0.0, 0.0, 0.0, -0.49952340127288847, 0.0, 0.0, 0.0, 0.0, 0.0, 0.0, 0.0, 0.0, 0.0, 0.0, 0.0, 0.0, -0.9824388044068589, 0.0, 0.0, 0.0, 0.0, 0.0, 0.0, 0.0, 0.0, 0.0, 0.0, 0.0, 0.0, 0.0, 0.0, 0.0, 0.0, 0.0, 0.0, 0.0, 0.0, 0.0, 0.0, 0.0, 0.0, 0.0, 0.0]","[9, 22]"
kdv,400×601,0.5,137.22869117162054,10,WSINDy,0.0071997227402792584,0.007947783590116941,True,True,2,0,0,1.0,1.0,1.0,1.0,True,MSTLS support stable,4,0.010331750003388152,0.13460925000254065,"[0.0, 0.0, 0.0, 0.0, 0.0, 0.0, 0.0, 0.0, 0.0, -0.49872416873145947, 0.0, 0.0, 0.0, 0.0, 0.0, 0.0, 0.0, 0.0, 0.0, 0.0, 0.0, 0.0, -0.9920522164098831, 0.0, 0.0, 0.0, 0.0, 0.0, 0.0, 0.0, 0.0, 0.0, 0.0, 0.0, 0.0, 0.0, 0.0, 0.0, 0.0, 0.0, 0.0, 0.0, 0.0, 0.0, 0.0, 0.0, 0.0, 0.0, 0.0]","[9, 22]"
kdv,400×601,0.5,137.22869117162054,11,WSINDy,0.027429348778321556,0.030665674795509967,True,True,2,0,0,1.0,1.0,1.0,1.0,True,MSTLS support stable,3,0.010599665984045714,0.13451241599977948,"[0.0, 0.0, 0.0, 0.0, 0.0, 0.0, 0.0, 0.0, 0.0, -0.5002790292807887, 0.0, 0.0, 0.0, 0.0, 0.0, 0.0, 0.0, 0.0, 0.0, 0.0, 0.0, 0.0, -0.96933432520449, 0.0, 0.0, 0.0, 0.0, 0.0, 0.0, 0.0, 0.0, 0.0, 0.0, 0.0, 0.0, 0.0, 0.0, 0.0, 0.0, 0.0, 0.0, 0.0, 0.0, 0.0, 0.0, 0.0, 0.0, 0.0, 0.0]","[9, 22]"
kdv,400×601,0.5,137.22869117162054,12,WSINDy,0.01696447365280892,0.018966764292592586,True,True,2,0,0,1.0,1.0,1.0,1.0,True,MSTLS support stable,4,0.009960666997358203,0.1348047089704778,"[0.0, 0.0, 0.0, 0.0, 0.0, 0.0, 0.0, 0.0, 0.0, -0.4999403328792817, 0.0, 0.0, 0.0, 0.0, 0.0, 0.0, 0.0, 0.0, 0.0, 0.0, 0.0, 0.0, -0.9810332357074074, 0.0, 0.0, 0.0, 0.0, 0.0, 0.0, 0.0, 0.0, 0.0, 0.0, 0.0, 0.0, 0.0, 0.0, 0.0, 0.0, 0.0, 0.0, 0.0, 0.0, 0.0, 0.0, 0.0, 0.0, 0.0, 0.0]","[9, 22]"
kdv,400×601,0.5,137.22869117162054,13,WSINDy,0.014206012753407762,0.015882488560561736,True,True,2,0,0,1.0,1.0,1.0,1.0,True,MSTLS support stable,4,0.009661416988819838,0.1318162499810569,"[0.0, 0.0, 0.0, 0.0, 0.0, 0.0, 0.0, 0.0, 0.0, -0.49989972507239816, 0.0, 0.0, 0.0, 0.0, 0.0, 0.0, 0.0, 0.0, 0.0, 0.0, 0.0, 0.0, -1.0158824885605617, 0.0, 0.0, 0.0, 0.0, 0.0, 0.0, 0.0, 0.0, 0.0, 0.0, 0.0, 0.0, 0.0, 0.0, 0.0, 0.0, 0.0, 0.0, 0.0, 0.0, 0.0, 0.0, 0.0, 0.0, 0.0, 0.0]","[9, 22]"
kdv,400×601,0.5,137.22869117162054,14,WSINDy,0.019294191631906953,0.021569046672635706,True,True,2,0,0,1.0,1.0,1.0,1.0,True,MSTLS support stable,4,0.010695499979192391,0.13142066699219868,"[0.0, 0.0, 0.0, 0.0, 0.0, 0.0, 0.0, 0.0, 0.0, -0.5003294147000332, 0.0, 0.0, 0.0, 0.0, 0.0, 0.0, 0.0, 0.0, 0.0, 0.0, 0.0, 0.0, -0.9784309533273643, 0.0, 0.0, 0.0, 0.0, 0.0, 0.0, 0.0, 0.0, 0.0, 0.0, 0.0, 0.0, 0.0, 0.0, 0.0, 0.0, 0.0, 0.0, 0.0, 0.0, 0.0, 0.0, 0.0, 0.0, 0.0, 0.0]","[9, 22]"
kdv,400×601,0.5,137.22869117162054,15,WSINDy,0.03232522204652253,0.03609570417009267,True,True,2,0,0,1.0,1.0,1.0,1.0,True,MSTLS support stable,4,0.009910082997521386,0.1341432920016814,"[0.0, 0.0, 0.0, 0.0, 0.0, 0.0, 0.0, 0.0, 0.0, -0.49819719221451997, 0.0, 0.0, 0.0, 0.0, 0.0, 0.0, 0.0, 0.0, 0.0, 0.0, 0.0, 0.0, -0.9639042958299073, 0.0, 0.0, 0.0, 0.0, 0.0, 0.0, 0.0, 0.0, 0.0, 0.0, 0.0, 0.0, 0.0, 0.0, 0.0, 0.0, 0.0, 0.0, 0.0, 0.0, 0.0, 0.0, 0.0, 0.0, 0.0, 0.0]","[9, 22]"
kdv,400×601,0.5,137.22869117162054,16,WSINDy,0.028494386901862873,0.03182601944855257,True,True,2,0,0,1.0,1.0,1.0,1.0,True,MSTLS support stable,5,0.010793291992740706,0.13477854197844863,"[0.0, 0.0, 0.0, 0.0, 0.0, 0.0, 0.0, 0.0, 0.0, -0.4985797562879309, 0.0, 0.0, 0.0, 0.0, 0.0, 0.0, 0.0, 0.0, 0.0, 0.0, 0.0, 0.0, -0.9681739805514474, 0.0, 0.0, 0.0, 0.0, 0.0, 0.0, 0.0, 0.0, 0.0, 0.0, 0.0, 0.0, 0.0, 0.0, 0.0, 0.0, 0.0, 0.0, 0.0, 0.0, 0.0, 0.0, 0.0, 0.0, 0.0, 0.0]","[9, 22]"
kdv,400×601,0.5,137.22869117162054,17,WSINDy,0.0011844419167556656,0.001571506887422025,True,True,2,0,0,1.0,1.0,1.0,1.0,True,MSTLS support stable,3,0.010830540995812044,0.1330167489941232,"[0.0, 0.0, 0.0, 0.0, 0.0, 0.0, 0.0, 0.0, 0.0, -0.499214246556289, 0.0, 0.0, 0.0, 0.0, 0.0, 0.0, 0.0, 0.0, 0.0, 0.0, 0.0, 0.0, -1.001065936134769, 0.0, 0.0, 0.0, 0.0, 0.0, 0.0, 0.0, 0.0, 0.0, 0.0, 0.0, 0.0, 0.0, 0.0, 0.0, 0.0, 0.0, 0.0, 0.0, 0.0, 0.0, 0.0, 0.0, 0.0, 0.0, 0.0]","[9, 22]"
kdv,400×601,0.5,137.22869117162054,18,WSINDy,0.029821557582913508,0.03329786282192326,True,True,2,0,0,1.0,1.0,1.0,1.0,True,MSTLS support stable,4,0.009980625007301569,0.13190287500037812,"[0.0, 0.0, 0.0, 0.0, 0.0, 0.0, 0.0, 0.0, 0.0, -0.49829443489389497, 0.0, 0.0, 0.0, 0.0, 0.0, 0.0, 0.0, 0.0, 0.0, 0.0, 0.0, 0.0, -0.9667021371780767, 0.0, 0.0, 0.0, 0.0, 0.0, 0.0, 0.0, 0.0, 0.0, 0.0, 0.0, 0.0, 0.0, 0.0, 0.0, 0.0, 0.0, 0.0, 0.0, 0.0, 0.0, 0.0, 0.0, 0.0, 0.0, 0.0]","[9, 22]"
kdv,400×601,0.5,137.22869117162054,19,WSINDy,0.028413606654134328,0.0317673103499132,True,True,2,0,0,1.0,1.0,1.0,1.0,True,MSTLS support stable,4,0.010984583990648389,0.13487937598256394,"[0.0, 0.0, 0.0, 0.0, 0.0, 0.0, 0.0, 0.0, 0.0, -0.49993444847727997, 0.0, 0.0, 0.0, 0.0, 0.0, 0.0, 0.0, 0.0, 0.0, 0.0, 0.0, 0.0, -1.0317673103499132, 0.0, 0.0, 0.0, 0.0, 0.0, 0.0, 0.0, 0.0, 0.0, 0.0, 0.0, 0.0, 0.0, 0.0, 0.0, 0.0, 0.0, 0.0, 0.0, 0.0, 0.0, 0.0, 0.0, 0.0, 0.0, 0.0]","[9, 22]"
kdv,400×601,0.5,137.22869117162054,20,WSINDy,0.05119773716053657,0.057216761733763555,True,True,2,0,0,1.0,1.0,1.0,1.0,True,MSTLS support stable,5,0.009773416008101776,0.13881954102544114,"[0.0, 0.0, 0.0, 0.0, 0.0, 0.0, 0.0, 0.0, 0.0, -0.5016590779520461, 0.0, 0.0, 0.0, 0.0, 0.0, 0.0, 0.0, 0.0, 0.0, 0.0, 0.0, 0.0, -1.0572167617337636, 0.0, 0.0, 0.0, 0.0, 0.0, 0.0, 0.0, 0.0, 0.0, 0.0, 0.0, 0.0, 0.0, 0.0, 0.0, 0.0, 0.0, 0.0, 0.0, 0.0, 0.0, 0.0, 0.0, 0.0, 0.0, 0.0]","[9, 22]"
kdv,400×601,0.5,137.22869117162054,21,WSINDy,0.01098615251418814,0.01228163657141601,True,True,2,0,0,1.0,1.0,1.0,1.0,True,MSTLS support stable,3,0.010295624990249053,0.132483790977858,"[0.0, 0.0, 0.0, 0.0, 0.0, 0.0, 0.0, 0.0, 0.0, -0.5001756045526454, 0.0, 0.0, 0.0, 0.0, 0.0, 0.0, 0.0, 0.0, 0.0, 0.0, 0.0, 0.0, -1.012281636571416, 0.0, 0.0, 0.0, 0.0, 0.0, 0.0, 0.0, 0.0, 0.0, 0.0, 0.0, 0.0, 0.0, 0.0, 0.0, 0.0, 0.0, 0.0, 0.0, 0.0, 0.0, 0.0, 0.0, 0.0, 0.0, 0.0]","[9, 22]"
kdv,400×601,0.5,137.22869117162054,22,WSINDy,0.01115937954500829,0.012395638166598277,True,True,2,0,0,1.0,1.0,1.0,1.0,True,MSTLS support stable,5,0.01117933398927562,0.13446762497187592,"[0.0, 0.0, 0.0, 0.0, 0.0, 0.0, 0.0, 0.0, 0.0, -0.4985812525842459, 0.0, 0.0, 0.0, 0.0, 0.0, 0.0, 0.0, 0.0, 0.0, 0.0, 0.0, 0.0, -0.9876043618334017, 0.0, 0.0, 0.0, 0.0, 0.0, 0.0, 0.0, 0.0, 0.0, 0.0, 0.0, 0.0, 0.0, 0.0, 0.0, 0.0, 0.0, 0.0, 0.0, 0.0, 0.0, 0.0, 0.0, 0.0, 0.0, 0.0]","[9, 22]"
kdv,400×601,0.5,137.22869117162054,23,WSINDy,0.017940028148212238,0.02002109015160647,True,True,2,0,0,1.0,1.0,1.0,1.0,True,MSTLS support stable,4,0.010112499992828816,0.13283516699448228,"[0.0, 0.0, 0.0, 0.0, 0.0, 0.0, 0.0, 0.0, 0.0, -0.5012090126507013, 0.0, 0.0, 0.0, 0.0, 0.0, 0.0, 0.0, 0.0, 0.0, 0.0, 0.0, 0.0, -1.0200210901516065, 0.0, 0.0, 0.0, 0.0, 0.0, 0.0, 0.0, 0.0, 0.0, 0.0, 0.0, 0.0, 0.0, 0.0, 0.0, 0.0, 0.0, 0.0, 0.0, 0.0, 0.0, 0.0, 0.0, 0.0, 0.0, 0.0]","[9, 22]"
kdv,400×601,0.5,137.22869117162054,24,WSINDy,0.03659977915612828,0.04085585945611869,True,True,2,0,0,1.0,1.0,1.0,1.0,True,MSTLS support stable,4,0.010411499999463558,0.13328300000284798,"[0.0, 0.0, 0.0, 0.0, 0.0, 0.0, 0.0, 0.0, 0.0, -0.4977133996963658, 0.0, 0.0, 0.0, 0.0, 0.0, 0.0, 0.0, 0.0, 0.0, 0.0, 0.0, 0.0, -0.9591441405438813, 0.0, 0.0, 0.0, 0.0, 0.0, 0.0, 0.0, 0.0, 0.0, 0.0, 0.0, 0.0, 0.0, 0.0, 0.0, 0.0, 0.0, 0.0, 0.0, 0.0, 0.0, 0.0, 0.0, 0.0, 0.0, 0.0]","[9, 22]"
kdv,400×601,0.5,137.22869117162054,25,WSINDy,0.03468382475308803,0.03877067314264593,True,True,2,0,0,1.0,1.0,1.0,1.0,True,MSTLS support stable,3,0.0106947919994127,0.13502370900823735,"[0.0, 0.0, 0.0, 0.0, 0.0, 0.0, 0.0, 0.0, 0.0, -0.49926207829360675, 0.0, 0.0, 0.0, 0.0, 0.0, 0.0, 0.0, 0.0, 0.0, 0.0, 0.0, 0.0, -0.9612293268573541, 0.0, 0.0, 0.0, 0.0, 0.0, 0.0, 0.0, 0.0, 0.0, 0.0, 0.0, 0.0, 0.0, 0.0, 0.0, 0.0, 0.0, 0.0, 0.0, 0.0, 0.0, 0.0, 0.0, 0.0, 0.0, 0.0]","[9, 22]"
kdv,400×601,0.5,137.22869117162054,26,WSINDy,0.008272009413489097,0.009239280041037468,True,True,2,0,0,1.0,1.0,1.0,1.0,True,MSTLS support stable,4,0.010118042002432048,0.14254450000589713,"[0.0, 0.0, 0.0, 0.0, 0.0, 0.0, 0.0, 0.0, 0.0, -0.5004103400959594, 0.0, 0.0, 0.0, 0.0, 0.0, 0.0, 0.0, 0.0, 0.0, 0.0, 0.0, 0.0, -1.0092392800410375, 0.0, 0.0, 0.0, 0.0, 0.0, 0.0, 0.0, 0.0, 0.0, 0.0, 0.0, 0.0, 0.0, 0.0, 0.0, 0.0, 0.0, 0.0, 0.0, 0.0, 0.0, 0.0, 0.0, 0.0, 0.0, 0.0]","[9, 22]"
kdv,400×601,0.5,137.22869117162054,27,WSINDy,0.02997249364635216,0.03348076803959876,True,True,2,0,0,1.0,1.0,1.0,1.0,True,MSTLS support stable,4,0.011059584008762613,0.14121570900897495,"[0.0, 0.0, 0.0, 0.0, 0.0, 0.0, 0.0, 0.0, 0.0, -0.4985942472819312, 0.0, 0.0, 0.0, 0.0, 0.0, 0.0, 0.0, 0.0, 0.0, 0.0, 0.0, 0.0, -0.9665192319604012, 0.0, 0.0, 0.0, 0.0, 0.0, 0.0, 0.0, 0.0, 0.0, 0.0, 0.0, 0.0, 0.0, 0.0, 0.0, 0.0, 0.0, 0.0, 0.0, 0.0, 0.0, 0.0, 0.0, 0.0, 0.0, 0.0]","[9, 22]"
kdv,400×601,0.5,137.22869117162054,28,WSINDy,0.04794585357887175,0.053591368716277454,True,True,2,0,0,1.0,1.0,1.0,1.0,True,MSTLS support stable,4,0.01123649999499321,0.1424311670125462,"[0.0, 0.0, 0.0, 0.0, 0.0, 0.0, 0.0, 0.0, 0.0, -0.5012129688265823, 0.0, 0.0, 0.0, 0.0, 0.0, 0.0, 0.0, 0.0, 0.0, 0.0, 0.0, 0.0, -1.0535913687162775, 0.0, 0.0, 0.0, 0.0, 0.0, 0.0, 0.0, 0.0, 0.0, 0.0, 0.0, 0.0, 0.0, 0.0, 0.0, 0.0, 0.0, 0.0, 0.0, 0.0, 0.0, 0.0, 0.0, 0.0, 0.0, 0.0]","[9, 22]"
kdv,400×601,0.5,137.22869117162054,29,WSINDy,0.011151402583446362,0.01231550331338116,True,True,2,0,0,1.0,1.0,1.0,1.0,True,MSTLS support stable,5,0.01149241699022241,0.13770958397071809,"[0.0, 0.0, 0.0, 0.0, 0.0, 0.0, 0.0, 0.0, 0.0, -0.4980581960421517, 0.0, 0.0, 0.0, 0.0, 0.0, 0.0, 0.0, 0.0, 0.0, 0.0, 0.0, 0.0, -0.9876844966866188, 0.0, 0.0, 0.0, 0.0, 0.0, 0.0, 0.0, 0.0, 0.0, 0.0, 0.0, 0.0, 0.0, 0.0, 0.0, 0.0, 0.0, 0.0, 0.0, 0.0, 0.0, 0.0, 0.0, 0.0, 0.0, 0.0]","[9, 22]"
kdv,400×601,0.5,137.22869117162054,30,WSINDy,0.024005639225746,0.026792219324037858,True,True,2,0,0,1.0,1.0,1.0,1.0,True,MSTLS support stable,4,0.010521332995267585,0.1339523330098018,"[0.0, 0.0, 0.0, 0.0, 0.0, 0.0, 0.0, 0.0, 0.0, -0.49841400599354974, 0.0, 0.0, 0.0, 0.0, 0.0, 0.0, 0.0, 0.0, 0.0, 0.0, 0.0, 0.0, -0.9732077806759621, 0.0, 0.0, 0.0, 0.0, 0.0, 0.0, 0.0, 0.0, 0.0, 0.0, 0.0, 0.0, 0.0, 0.0, 0.0, 0.0, 0.0, 0.0, 0.0, 0.0, 0.0, 0.0, 0.0, 0.0, 0.0, 0.0]","[9, 22]"
kdv,400×601,0.5,137.22869117162054,31,WSINDy,0.013470347352715907,0.015058779887175744,True,True,2,0,0,1.0,1.0,1.0,1.0,True,MSTLS support stable,5,0.010416375007480383,0.13362920898362063,"[0.0, 0.0, 0.0, 0.0, 0.0, 0.0, 0.0, 0.0, 0.0, -0.5002144074698254, 0.0, 0.0, 0.0, 0.0, 0.0, 0.0, 0.0, 0.0, 0.0, 0.0, 0.0, 0.0, -0.9849412201128243, 0.0, 0.0, 0.0, 0.0, 0.0, 0.0, 0.0, 0.0, 0.0, 0.0, 0.0, 0.0, 0.0, 0.0, 0.0, 0.0, 0.0, 0.0, 0.0, 0.0, 0.0, 0.0, 0.0, 0.0, 0.0, 0.0]","[9, 22]"
kdv,400×601,0.5,137.22869117162054,32,WSINDy,0.016612470290402637,0.01857325808265342,True,True,2,0,0,1.0,1.0,1.0,1.0,True,MSTLS support stable,4,0.010451542009832337,0.13273904199013487,"[0.0, 0.0, 0.0, 0.0, 0.0, 0.0, 0.0, 0.0, 0.0, -0.5000423748986689, 0.0, 0.0, 0.0, 0.0, 0.0, 0.0, 0.0, 0.0, 0.0, 0.0, 0.0, 0.0, -1.0185732580826534, 0.0, 0.0, 0.0, 0.0, 0.0, 0.0, 0.0, 0.0, 0.0, 0.0, 0.0, 0.0, 0.0, 0.0, 0.0, 0.0, 0.0, 0.0, 0.0, 0.0, 0.0, 0.0, 0.0, 0.0, 0.0, 0.0]","[9, 22]"
kdv,400×601,0.5,137.22869117162054,33,WSINDy,0.02694881356175481,0.030129252255067906,True,True,2,0,0,1.0,1.0,1.0,1.0,True,MSTLS support stable,3,0.012034792016493157,0.13482545901206322,"[0.0, 0.0, 0.0, 0.0, 0.0, 0.0, 0.0, 0.0, 0.0, -0.4998376761469759, 0.0, 0.0, 0.0, 0.0, 0.0, 0.0, 0.0, 0.0, 0.0, 0.0, 0.0, 0.0, -0.9698707477449321, 0.0, 0.0, 0.0, 0.0, 0.0, 0.0, 0.0, 0.0, 0.0, 0.0, 0.0, 0.0, 0.0, 0.0, 0.0, 0.0, 0.0, 0.0, 0.0, 0.0, 0.0, 0.0, 0.0, 0.0, 0.0, 0.0]","[9, 22]"
kdv,400×601,0.5,137.22869117162054,34,WSINDy,0.8947032592541845,1.0,True,False,1,0,1,1.0,0.5,0.6666666666666666,0.5,True,MSTLS support stable,3,0.01014679201762192,0.13418012601323426,"[0.0, 0.0, 0.0, 0.0, 0.0, 0.0, 0.0, 0.0, 0.0, -0.47515241158431337, 0.0, 0.0, 0.0, 0.0, 0.0, 0.0, 0.0, 0.0, 0.0, 0.0, 0.0, 0.0, 0.0, 0.0, 0.0, 0.0, 0.0, 0.0, 0.0, 0.0, 0.0, 0.0, 0.0, 0.0, 0.0, 0.0, 0.0, 0.0, 0.0, 0.0, 0.0, 0.0, 0.0, 0.0, 0.0, 0.0, 0.0, 0.0, 0.0]",[9]
kdv,400×601,0.5,137.22869117162054,35,WSINDy,0.014824799355913115,0.016565658500872105,True,True,2,0,0,1.0,1.0,1.0,1.0,True,MSTLS support stable,4,0.009953583998139948,0.13315050001256168,"[0.0, 0.0, 0.0, 0.0, 0.0, 0.0, 0.0, 0.0, 0.0, -0.49945474468243195, 0.0, 0.0, 0.0, 0.0, 0.0, 0.0, 0.0, 0.0, 0.0, 0.0, 0.0, 0.0, -0.9834343414991279, 0.0, 0.0, 0.0, 0.0, 0.0, 0.0, 0.0, 0.0, 0.0, 0.0, 0.0, 0.0, 0.0, 0.0, 0.0, 0.0, 0.0, 0.0, 0.0, 0.0, 0.0, 0.0, 0.0, 0.0, 0.0, 0.0]","[9, 22]"
kdv,400×601,0.5,137.22869117162054,36,WSINDy,0.013867833418280575,0.015462700500468385,True,True,2,0,0,1.0,1.0,1.0,1.0,True,MSTLS support stable,4,0.01058820798061788,0.1359338329930324,"[0.0, 0.0, 0.0, 0.0, 0.0, 0.0, 0.0, 0.0, 0.0, -0.4988594308967497, 0.0, 0.0, 0.0, 0.0, 0.0, 0.0, 0.0, 0.0, 0.0, 0.0, 0.0, 0.0, -1.0154627005004684, 0.0, 0.0, 0.0, 0.0, 0.0, 0.0, 0.0, 0.0, 0.0, 0.0, 0.0, 0.0, 0.0, 0.0, 0.0, 0.0, 0.0, 0.0, 0.0, 0.0, 0.0, 0.0, 0.0, 0.0, 0.0, 0.0]","[9, 22]"
kdv,400×601,0.5,137.22869117162054,37,WSINDy,0.006242880255491654,0.006968488422446351,True,True,2,0,0,1.0,1.0,1.0,1.0,True,MSTLS support stable,4,0.010505167010705918,0.13491558301029727,"[0.0, 0.0, 0.0, 0.0, 0.0, 0.0, 0.0, 0.0, 0.0, -0.5003963728821963, 0.0, 0.0, 0.0, 0.0, 0.0, 0.0, 0.0, 0.0, 0.0, 0.0, 0.0, 0.0, -0.9930315115775536, 0.0, 0.0, 0.0, 0.0, 0.0, 0.0, 0.0, 0.0, 0.0, 0.0, 0.0, 0.0, 0.0, 0.0, 0.0, 0.0, 0.0, 0.0, 0.0, 0.0, 0.0, 0.0, 0.0, 0.0, 0.0, 0.0]","[9, 22]"
kdv,400×601,0.5,137.22869117162054,38,WSINDy,0.0027384844860910904,0.0030604677495558175,True,True,2,0,0,1.0,1.0,1.0,1.0,True,MSTLS support stable,3,0.011078125011408702,0.13519787500263192,"[0.0, 0.0, 0.0, 0.0, 0.0, 0.0, 0.0, 0.0, 0.0, -0.5000875143110053, 0.0, 0.0, 0.0, 0.0, 0.0, 0.0, 0.0, 0.0, 0.0, 0.0, 0.0, 0.0, -1.0030604677495558, 0.0, 0.0, 0.0, 0.0, 0.0, 0.0, 0.0, 0.0, 0.0, 0.0, 0.0, 0.0, 0.0, 0.0, 0.0, 0.0, 0.0, 0.0, 0.0, 0.0, 0.0, 0.0, 0.0, 0.0, 0.0, 0.0]","[9, 22]"
kdv,400×601,0.5,137.22869117162054,39,WSINDy,0.012256680842146457,0.01361878780145187,True,True,2,0,0,1.0,1.0,1.0,1.0,True,MSTLS support stable,3,0.00985908298753202,0.13226862499141134,"[0.0, 0.0, 0.0, 0.0, 0.0, 0.0, 0.0, 0.0, 0.0, -0.49847967095606716, 0.0, 0.0, 0.0, 0.0, 0.0, 0.0, 0.0, 0.0, 0.0, 0.0, 0.0, 0.0, -0.9863812121985481, 0.0, 0.0, 0.0, 0.0, 0.0, 0.0, 0.0, 0.0, 0.0, 0.0, 0.0, 0.0, 0.0, 0.0, 0.0, 0.0, 0.0, 0.0, 0.0, 0.0, 0.0, 0.0, 0.0, 0.0, 0.0, 0.0]","[9, 22]"
kdv,400×601,0.5,137.22869117162054,40,WSINDy,0.004677692225148198,0.005226761245393119,True,True,2,0,0,1.0,1.0,1.0,1.0,True,MSTLS support stable,5,0.009414625004865229,0.13123675002134405,"[0.0, 0.0, 0.0, 0.0, 0.0, 0.0, 0.0, 0.0, 0.0, -0.500178808767043, 0.0, 0.0, 0.0, 0.0, 0.0, 0.0, 0.0, 0.0, 0.0, 0.0, 0.0, 0.0, -1.0052267612453931, 0.0, 0.0, 0.0, 0.0, 0.0, 0.0, 0.0, 0.0, 0.0, 0.0, 0.0, 0.0, 0.0, 0.0, 0.0, 0.0, 0.0, 0.0, 0.0, 0.0, 0.0, 0.0, 0.0, 0.0, 0.0, 0.0]","[9, 22]"
kdv,400×601,0.5,137.22869117162054,41,WSINDy,0.014169414130927524,0.015719672094208548,True,True,2,0,0,1.0,1.0,1.0,1.0,True,MSTLS support stable,4,0.011006749991793185,0.1353635829873383,"[0.0, 0.0, 0.0, 0.0, 0.0, 0.0, 0.0, 0.0, 0.0, -0.5019639959948334, 0.0, 0.0, 0.0, 0.0, 0.0, 0.0, 0.0, 0.0, 0.0, 0.0, 0.0, 0.0, -1.0157196720942085, 0.0, 0.0, 0.0, 0.0, 0.0, 0.0, 0.0, 0.0, 0.0, 0.0, 0.0, 0.0, 0.0, 0.0, 0.0, 0.0, 0.0, 0.0, 0.0, 0.0, 0.0, 0.0, 0.0, 0.0, 0.0, 0.0]","[9, 22]"
kdv,400×601,0.5,137.22869117162054,42,WSINDy,0.017447556409539676,0.019501616702686686,True,True,2,0,0,1.0,1.0,1.0,1.0,True,MSTLS support stable,5,0.010700500017264858,0.13527512500877492,"[0.0, 0.0, 0.0, 0.0, 0.0, 0.0, 0.0, 0.0, 0.0, -0.5004565926100781, 0.0, 0.0, 0.0, 0.0, 0.0, 0.0, 0.0, 0.0, 0.0, 0.0, 0.0, 0.0, -1.0195016167026867, 0.0, 0.0, 0.0, 0.0, 0.0, 0.0, 0.0, 0.0, 0.0, 0.0, 0.0, 0.0, 0.0, 0.0, 0.0, 0.0, 0.0, 0.0, 0.0, 0.0, 0.0, 0.0, 0.0, 0.0, 0.0, 0.0]","[9, 22]"
kdv,400×601,0.5,137.22869117162054,43,WSINDy,0.008445692707674314,0.00939120554472861,True,True,2,0,0,1.0,1.0,1.0,1.0,True,MSTLS support stable,4,0.010793624998768792,0.1329109589860309,"[0.0, 0.0, 0.0, 0.0, 0.0, 0.0, 0.0, 0.0, 0.0, -0.4990164274011353, 0.0, 0.0, 0.0, 0.0, 0.0, 0.0, 0.0, 0.0, 0.0, 0.0, 0.0, 0.0, -0.9906087944552714, 0.0, 0.0, 0.0, 0.0, 0.0, 0.0, 0.0, 0.0, 0.0, 0.0, 0.0, 0.0, 0.0, 0.0, 0.0, 0.0, 0.0, 0.0, 0.0, 0.0, 0.0, 0.0, 0.0, 0.0, 0.0, 0.0]","[9, 22]"
kdv,400×601,0.5,137.22869117162054,44,WSINDy,0.008227612533034277,0.009132215777769237,True,True,2,0,0,1.0,1.0,1.0,1.0,True,MSTLS support stable,5,0.009910916996886954,0.134884333005175,"[0.0, 0.0, 0.0, 0.0, 0.0, 0.0, 0.0, 0.0, 0.0, -0.49889562461977777, 0.0, 0.0, 0.0, 0.0, 0.0, 0.0, 0.0, 0.0, 0.0, 0.0, 0.0, 0.0, -0.9908677842222308, 0.0, 0.0, 0.0, 0.0, 0.0, 0.0, 0.0, 0.0, 0.0, 0.0, 0.0, 0.0, 0.0, 0.0, 0.0, 0.0, 0.0, 0.0, 0.0, 0.0, 0.0, 0.0, 0.0, 0.0, 0.0, 0.0]","[9, 22]"
kdv,400×601,0.5,137.22869117162054,45,WSINDy,0.8947414603886918,1.0,True,False,1,0,1,1.0,0.5,0.6666666666666666,0.5,True,MSTLS support stable,3,0.009287583001423627,0.13338849900173955,"[0.0, 0.0, 0.0, 0.0, 0.0, 0.0, 0.0, 0.0, 0.0, -0.47348865953763764, 0.0, 0.0, 0.0, 0.0, 0.0, 0.0, 0.0, 0.0, 0.0, 0.0, 0.0, 0.0, 0.0, 0.0, 0.0, 0.0, 0.0, 0.0, 0.0, 0.0, 0.0, 0.0, 0.0, 0.0, 0.0, 0.0, 0.0, 0.0, 0.0, 0.0, 0.0, 0.0, 0.0, 0.0, 0.0, 0.0, 0.0, 0.0, 0.0]",[9]
kdv,400×601,0.5,137.22869117162054,46,WSINDy,0.0020010063142404826,0.0021344979615995907,True,True,2,0,0,1.0,1.0,1.0,1.0,True,MSTLS support stable,4,0.010160750010982156,0.1327355420216918,"[0.0, 0.0, 0.0, 0.0, 0.0, 0.0, 0.0, 0.0, 0.0, -0.5006700382742538, 0.0, 0.0, 0.0, 0.0, 0.0, 0.0, 0.0, 0.0, 0.0, 0.0, 0.0, 0.0, -1.0021344979615996, 0.0, 0.0, 0.0, 0.0, 0.0, 0.0, 0.0, 0.0, 0.0, 0.0, 0.0, 0.0, 0.0, 0.0, 0.0, 0.0, 0.0, 0.0, 0.0, 0.0, 0.0, 0.0, 0.0, 0.0, 0.0, 0.0]","[9, 22]"
kdv,400×601,0.5,137.22869117162054,47,WSINDy,0.0018760295342207375,0.002092032952191847,True,True,2,0,0,1.0,1.0,1.0,1.0,True,MSTLS support stable,4,0.009046624996699393,0.1301392090099398,"[0.0, 0.0, 0.0, 0.0, 0.0, 0.0, 0.0, 0.0, 0.0, -0.4998491469472332, 0.0, 0.0, 0.0, 0.0, 0.0, 0.0, 0.0, 0.0, 0.0, 0.0, 0.0, 0.0, -1.0020920329521918, 0.0, 0.0, 0.0, 0.0, 0.0, 0.0, 0.0, 0.0, 0.0, 0.0, 0.0, 0.0, 0.0, 0.0, 0.0, 0.0, 0.0, 0.0, 0.0, 0.0, 0.0, 0.0, 0.0, 0.0, 0.0, 0.0]","[9, 22]"
kdv,400×601,0.5,137.22869117162054,48,WSINDy,0.011447858339870767,0.012796796210238437,True,True,2,0,0,1.0,1.0,1.0,1.0,True,MSTLS support stable,4,0.010313125007087365,0.13376174998120405,"[0.0, 0.0, 0.0, 0.0, 0.0, 0.0, 0.0, 0.0, 0.0, -0.5002425540471999, 0.0, 0.0, 0.0, 0.0, 0.0, 0.0, 0.0, 0.0, 0.0, 0.0, 0.0, 0.0, -1.0127967962102384, 0.0, 0.0, 0.0, 0.0, 0.0, 0.0, 0.0, 0.0, 0.0, 0.0, 0.0, 0.0, 0.0, 0.0, 0.0, 0.0, 0.0, 0.0, 0.0, 0.0, 0.0, 0.0, 0.0, 0.0, 0.0, 0.0]","[9, 22]"
kdv,400×601,0.5,137.22869117162054,49,WSINDy,0.03271203984805648,0.03654199712221362,True,True,2,0,0,1.0,1.0,1.0,1.0,True,MSTLS support stable,4,0.009702415991341695,0.13073454098775983,"[0.0, 0.0, 0.0, 0.0, 0.0, 0.0, 0.0, 0.0, 0.0, -0.49849023674167925, 0.0, 0.0, 0.0, 0.0, 0.0, 0.0, 0.0, 0.0, 0.0, 0.0, 0.0, 0.0, -0.9634580028777864, 0.0, 0.0, 0.0, 0.0, 0.0, 0.0, 0.0, 0.0, 0.0, 0.0, 0.0, 0.0, 0.0, 0.0, 0.0, 0.0, 0.0, 0.0, 0.0, 0.0, 0.0, 0.0, 0.0, 0.0, 0.0, 0.0]","[9, 22]"
kdv,400×601,0.5,137.22869117162054,50,WSINDy,0.026806114817581387,0.0299485068817561,True,True,2,0,0,1.0,1.0,1.0,1.0,True,MSTLS support stable,4,0.009848707995843142,0.1315978329803329,"[0.0, 0.0, 0.0, 0.0, 0.0, 0.0, 0.0, 0.0, 0.0, -0.498861283586619, 0.0, 0.0, 0.0, 0.0, 0.0, 0.0, 0.0, 0.0, 0.0, 0.0, 0.0, 0.0, -0.9700514931182439, 0.0, 0.0, 0.0, 0.0, 0.0, 0.0, 0.0, 0.0, 0.0, 0.0, 0.0, 0.0, 0.0, 0.0, 0.0, 0.0, 0.0, 0.0, 0.0, 0.0, 0.0, 0.0, 0.0, 0.0, 0.0, 0.0]","[9, 22]"
kdv,400×601,0.5,137.22869117162054,51,WSINDy,0.0016173275170407301,0.0018082098321485773,True,True,2,0,0,1.0,1.0,1.0,1.0,True,MSTLS support stable,4,0.01002304200665094,0.13061879202723503,"[0.0, 0.0, 0.0, 0.0, 0.0, 0.0, 0.0, 0.0, 0.0, -0.5000079104135562, 0.0, 0.0, 0.0, 0.0, 0.0, 0.0, 0.0, 0.0, 0.0, 0.0, 0.0, 0.0, -1.0018082098321486, 0.0, 0.0, 0.0, 0.0, 0.0, 0.0, 0.0, 0.0, 0.0, 0.0, 0.0, 0.0, 0.0, 0.0, 0.0, 0.0, 0.0, 0.0, 0.0, 0.0, 0.0, 0.0, 0.0, 0.0, 0.0, 0.0]","[9, 22]"
kdv,400×601,0.5,137.22869117162054,52,WSINDy,0.008462199959860051,0.009457275668816267,True,True,2,0,0,1.0,1.0,1.0,1.0,True,MSTLS support stable,4,0.010316832980606705,0.13701604199013673,"[0.0, 0.0, 0.0, 0.0, 0.0, 0.0, 0.0, 0.0, 0.0, -0.5002664059399397, 0.0, 0.0, 0.0, 0.0, 0.0, 0.0, 0.0, 0.0, 0.0, 0.0, 0.0, 0.0, -1.0094572756688163, 0.0, 0.0, 0.0, 0.0, 0.0, 0.0, 0.0, 0.0, 0.0, 0.0, 0.0, 0.0, 0.0, 0.0, 0.0, 0.0, 0.0, 0.0, 0.0, 0.0, 0.0, 0.0, 0.0, 0.0, 0.0, 0.0]","[9, 22]"
kdv,400×601,0.5,137.22869117162054,53,WSINDy,0.018025371086797564,0.020112370671573343,True,True,2,0,0,1.0,1.0,1.0,1.0,True,MSTLS support stable,5,0.011934167006984353,0.1416067510144785,"[0.0, 0.0, 0.0, 0.0, 0.0, 0.0, 0.0, 0.0, 0.0, -0.5012786905373011, 0.0, 0.0, 0.0, 0.0, 0.0, 0.0, 0.0, 0.0, 0.0, 0.0, 0.0, 0.0, -1.0201123706715733, 0.0, 0.0, 0.0, 0.0, 0.0, 0.0, 0.0, 0.0, 0.0, 0.0, 0.0, 0.0, 0.0, 0.0, 0.0, 0.0, 0.0, 0.0, 0.0, 0.0, 0.0, 0.0, 0.0, 0.0, 0.0, 0.0]","[9, 22]"
kdv,400×601,0.5,137.22869117162054,54,WSINDy,0.8947366573761276,1.0,True,False,1,0,1,1.0,0.5,0.6666666666666666,0.5,True,MSTLS support stable,3,0.009957542002666742,0.14383970899507403,"[0.0, 0.0, 0.0, 0.0, 0.0, 0.0, 0.0, 0.0, 0.0, -0.47369206268523206, 0.0, 0.0, 0.0, 0.0, 0.0, 0.0, 0.0, 0.0, 0.0, 0.0, 0.0, 0.0, 0.0, 0.0, 0.0, 0.0, 0.0, 0.0, 0.0, 0.0, 0.0, 0.0, 0.0, 0.0, 0.0, 0.0, 0.0, 0.0, 0.0, 0.0, 0.0, 0.0, 0.0, 0.0, 0.0, 0.0, 0.0, 0.0, 0.0]",[9]
kdv,400×601,0.5,137.22869117162054,55,WSINDy,0.00543408977514825,0.006074737171322342,True,True,2,0,0,1.0,1.0,1.0,1.0,True,MSTLS support stable,4,0.009852499992121011,0.13243770800181665,"[0.0, 0.0, 0.0, 0.0, 0.0, 0.0, 0.0, 0.0, 0.0, -0.499903911994411, 0.0, 0.0, 0.0, 0.0, 0.0, 0.0, 0.0, 0.0, 0.0, 0.0, 0.0, 0.0, -0.9939252628286777, 0.0, 0.0, 0.0, 0.0, 0.0, 0.0, 0.0, 0.0, 0.0, 0.0, 0.0, 0.0, 0.0, 0.0, 0.0, 0.0, 0.0, 0.0, 0.0, 0.0, 0.0, 0.0, 0.0, 0.0, 0.0, 0.0]","[9, 22]"
kdv,400×601,0.5,137.22869117162054,56,WSINDy,0.028423702820053326,0.0317255306358637,True,True,2,0,0,1.0,1.0,1.0,1.0,True,MSTLS support stable,4,0.010513332992559299,0.135046749986941,"[0.0, 0.0, 0.0, 0.0, 0.0, 0.0, 0.0, 0.0, 0.0, -0.5018369290613026, 0.0, 0.0, 0.0, 0.0, 0.0, 0.0, 0.0, 0.0, 0.0, 0.0, 0.0, 0.0, -1.0317255306358637, 0.0, 0.0, 0.0, 0.0, 0.0, 0.0, 0.0, 0.0, 0.0, 0.0, 0.0, 0.0, 0.0, 0.0, 0.0, 0.0, 0.0, 0.0, 0.0, 0.0, 0.0, 0.0, 0.0, 0.0, 0.0, 0.0]","[9, 22]"
kdv,400×601,0.5,137.22869117162054,57,WSINDy,0.00269900834219786,0.0029560399606045618,True,True,2,0,0,1.0,1.0,1.0,1.0,True,MSTLS support stable,4,0.0110667499830015,0.1352435000007972,"[0.0, 0.0, 0.0, 0.0, 0.0, 0.0, 0.0, 0.0, 0.0, -0.5006063293580028, 0.0, 0.0, 0.0, 0.0, 0.0, 0.0, 0.0, 0.0, 0.0, 0.0, 0.0, 0.0, -1.0029560399606046, 0.0, 0.0, 0.0, 0.0, 0.0, 0.0, 0.0, 0.0, 0.0, 0.0, 0.0, 0.0, 0.0, 0.0, 0.0, 0.0, 0.0, 0.0, 0.0, 0.0, 0.0, 0.0, 0.0, 0.0, 0.0, 0.0]","[9, 22]"
kdv,400×601,0.5,137.22869117162054,58,WSINDy,0.035507728945610786,0.03968704950030788,True,True,2,0,0,1.0,1.0,1.0,1.0,True,MSTLS support stable,4,0.010384583001723513,0.13251137401675805,"[0.0, 0.0, 0.0, 0.0, 0.0, 0.0, 0.0, 0.0, 0.0, -0.4990322084140581, 0.0, 0.0, 0.0, 0.0, 0.0, 0.0, 0.0, 0.0, 0.0, 0.0, 0.0, 0.0, -0.9603129504996921, 0.0, 0.0, 0.0, 0.0, 0.0, 0.0, 0.0, 0.0, 0.0, 0.0, 0.0, 0.0, 0.0, 0.0, 0.0, 0.0, 0.0, 0.0, 0.0, 0.0, 0.0, 0.0, 0.0, 0.0, 0.0, 0.0]","[9, 22]"
kdv,400×601,0.5,137.22869117162054,59,WSINDy,0.017580990152229463,0.01958671165293091,True,True,2,0,0,1.0,1.0,1.0,1.0,True,MSTLS support stable,4,0.011349416978191584,0.1333110419800505,"[0.0, 0.0, 0.0, 0.0, 0.0, 0.0, 0.0, 0.0, 0.0, -0.5016506801752391, 0.0, 0.0, 0.0, 0.0, 0.0, 0.0, 0.0, 0.0, 0.0, 0.0, 0.0, 0.0, -1.019586711652931, 0.0, 0.0, 0.0, 0.0, 0.0, 0.0, 0.0, 0.0, 0.0, 0.0, 0.0, 0.0, 0.0, 0.0, 0.0, 0.0, 0.0, 0.0, 0.0, 0.0, 0.0, 0.0, 0.0, 0.0, 0.0, 0.0]","[9, 22]"
kdv,400×601,0.5,137.22869117162054,60,WSINDy,0.01866662237482885,0.02081910358281025,True,True,2,0,0,1.0,1.0,1.0,1.0,True,MSTLS support stable,5,0.010920625005383044,0.13720774999819696,"[0.0, 0.0, 0.0, 0.0, 0.0, 0.0, 0.0, 0.0, 0.0, -0.5014554774521763, 0.0, 0.0, 0.0, 0.0, 0.0, 0.0, 0.0, 0.0, 0.0, 0.0, 0.0, 0.0, -1.0208191035828102, 0.0, 0.0, 0.0, 0.0, 0.0, 0.0, 0.0, 0.0, 0.0, 0.0, 0.0, 0.0, 0.0, 0.0, 0.0, 0.0, 0.0, 0.0, 0.0, 0.0, 0.0, 0.0, 0.0, 0.0, 0.0, 0.0]","[9, 22]"
kdv,400×601,0.5,137.22869117162054,61,WSINDy,0.013253671084993673,0.014804761392399168,True,True,2,0,0,1.0,1.0,1.0,1.0,True,MSTLS support stable,4,0.011058459000196308,0.13340087499818765,"[0.0, 0.0, 0.0, 0.0, 0.0, 0.0, 0.0, 0.0, 0.0, -0.49937247577686295, 0.0, 0.0, 0.0, 0.0, 0.0, 0.0, 0.0, 0.0, 0.0, 0.0, 0.0, 0.0, -0.9851952386076008, 0.0, 0.0, 0.0, 0.0, 0.0, 0.0, 0.0, 0.0, 0.0, 0.0, 0.0, 0.0, 0.0, 0.0, 0.0, 0.0, 0.0, 0.0, 0.0, 0.0, 0.0, 0.0, 0.0, 0.0, 0.0, 0.0]","[9, 22]"
kdv,400×601,0.5,137.22869117162054,62,WSINDy,0.0034555056655353085,0.0038630918732245334,True,True,2,0,0,1.0,1.0,1.0,1.0,True,MSTLS support stable,4,0.010487667022971436,0.13188991701463237,"[0.0, 0.0, 0.0, 0.0, 0.0, 0.0, 0.0, 0.0, 0.0, -0.5000465879245066, 0.0, 0.0, 0.0, 0.0, 0.0, 0.0, 0.0, 0.0, 0.0, 0.0, 0.0, 0.0, -1.0038630918732245, 0.0, 0.0, 0.0, 0.0, 0.0, 0.0, 0.0, 0.0, 0.0, 0.0, 0.0, 0.0, 0.0, 0.0, 0.0, 0.0, 0.0, 0.0, 0.0, 0.0, 0.0, 0.0, 0.0, 0.0, 0.0, 0.0]","[9, 22]"
kdv,400×601,0.5,137.22869117162054,63,WSINDy,0.03828297095770523,0.042790304749389385,True,True,2,0,0,1.0,1.0,1.0,1.0,True,MSTLS support stable,3,0.010789708001539111,0.13401291600894183,"[0.0, 0.0, 0.0, 0.0, 0.0, 0.0, 0.0, 0.0, 0.0, -0.5009859772512649, 0.0, 0.0, 0.0, 0.0, 0.0, 0.0, 0.0, 0.0, 0.0, 0.0, 0.0, 0.0, -1.0427903047493894, 0.0, 0.0, 0.0, 0.0, 0.0, 0.0, 0.0, 0.0, 0.0, 0.0, 0.0, 0.0, 0.0, 0.0, 0.0, 0.0, 0.0, 0.0, 0.0, 0.0, 0.0, 0.0, 0.0, 0.0, 0.0, 0.0]","[9, 22]"
kdv,400×601,0.5,137.22869117162054,64,WSINDy,1.952201708440755,0.003645290885141428,True,False,2,4,0,0.3333333333333333,1.0,0.5,0.3333333333333333,True,MSTLS support stable,4,0.010811541986186057,0.13466312497621402,"[0.0, 0.0, -0.006032297081941583, 0.0, 0.0, 0.0, 0.0, 0.0, 2.1026062791603706, -0.5018226454425707, 0.0, 0.0, 0.0, 0.0, 0.0, -0.5855130699791413, 0.0, 0.0, 0.0, 0.0, 0.0, 0.0, -1.0019680102497763, 0.0, 0.0, 0.0, 0.0, 0.0, 0.0, -0.006487222741647927, 0.0, 0.0, 0.0, 0.0, 0.0, 0.0, 0.0, 0.0, 0.0, 0.0, 0.0, 0.0, 0.0, 0.0, 0.0, 0.0, 0.0, 0.0, 0.0]","[2, 8, 9, 15, 22, 29]"
kdv,400×601,0.5,137.22869117162054,65,WSINDy,0.007746991502404214,0.008642537623169244,True,True,2,0,0,1.0,1.0,1.0,1.0,True,MSTLS support stable,4,0.01037837500916794,0.13395054201828316,"[0.0, 0.0, 0.0, 0.0, 0.0, 0.0, 0.0, 0.0, 0.0, -0.49942869438563237, 0.0, 0.0, 0.0, 0.0, 0.0, 0.0, 0.0, 0.0, 0.0, 0.0, 0.0, 0.0, -0.9913574623768308, 0.0, 0.0, 0.0, 0.0, 0.0, 0.0, 0.0, 0.0, 0.0, 0.0, 0.0, 0.0, 0.0, 0.0, 0.0, 0.0, 0.0, 0.0, 0.0, 0.0, 0.0, 0.0, 0.0, 0.0, 0.0, 0.0]","[9, 22]"
kdv,400×601,0.5,137.22869117162054,66,WSINDy,0.031068848305042297,0.03458239924094708,True,True,2,0,0,1.0,1.0,1.0,1.0,True,MSTLS support stable,5,0.011480582994408906,0.13355041699833237,"[0.0, 0.0, 0.0, 0.0, 0.0, 0.0, 0.0, 0.0, 0.0, -0.5032633313487761, 0.0, 0.0, 0.0, 0.0, 0.0, 0.0, 0.0, 0.0, 0.0, 0.0, 0.0, 0.0, -1.034582399240947, 0.0, 0.0, 0.0, 0.0, 0.0, 0.0, 0.0, 0.0, 0.0, 0.0, 0.0, 0.0, 0.0, 0.0, 0.0, 0.0, 0.0, 0.0, 0.0, 0.0, 0.0, 0.0, 0.0, 0.0, 0.0, 0.0]","[9, 22]"
kdv,400×601,0.5,137.22869117162054,67,WSINDy,0.002061185302906569,0.002142442796350341,True,True,2,0,0,1.0,1.0,1.0,1.0,True,MSTLS support stable,3,0.010741625010268763,0.1328290409874171,"[0.0, 0.0, 0.0, 0.0, 0.0, 0.0, 0.0, 0.0, 0.0, -0.49915115081992495, 0.0, 0.0, 0.0, 0.0, 0.0, 0.0, 0.0, 0.0, 0.0, 0.0, 0.0, 0.0, -1.0021424427963503, 0.0, 0.0, 0.0, 0.0, 0.0, 0.0, 0.0, 0.0, 0.0, 0.0, 0.0, 0.0, 0.0, 0.0, 0.0, 0.0, 0.0, 0.0, 0.0, 0.0, 0.0, 0.0, 0.0, 0.0, 0.0, 0.0]","[9, 22]"
kdv,400×601,0.5,137.22869117162054,68,WSINDy,0.048998908963639086,0.054730754842085005,True,True,2,0,0,1.0,1.0,1.0,1.0,True,MSTLS support stable,3,0.010570540995104238,0.13698887400096282,"[0.0, 0.0, 0.0, 0.0, 0.0, 0.0, 0.0, 0.0, 0.0, -0.4976207513897603, 0.0, 0.0, 0.0, 0.0, 0.0, 0.0, 0.0, 0.0, 0.0, 0.0, 0.0, 0.0, -0.945269245157915, 0.0, 0.0, 0.0, 0.0, 0.0, 0.0, 0.0, 0.0, 0.0, 0.0, 0.0, 0.0, 0.0, 0.0, 0.0, 0.0, 0.0, 0.0, 0.0, 0.0, 0.0, 0.0, 0.0, 0.0, 0.0, 0.0]","[9, 22]"
kdv,400×601,0.5,137.22869117162054,69,WSINDy,0.038863550678190674,0.04340271464216028,True,True,2,0,0,1.0,1.0,1.0,1.0,True,MSTLS support stable,3,0.010094790981383994,0.13243991596391425,"[0.0, 0.0, 0.0, 0.0, 0.0, 0.0, 0.0, 0.0, 0.0, -0.5020429943310187, 0.0, 0.0, 0.0, 0.0, 0.0, 0.0, 0.0, 0.0, 0.0, 0.0, 0.0, 0.0, -1.0434027146421603, 0.0, 0.0, 0.0, 0.0, 0.0, 0.0, 0.0, 0.0, 0.0, 0.0, 0.0, 0.0, 0.0, 0.0, 0.0, 0.0, 0.0, 0.0, 0.0, 0.0, 0.0, 0.0, 0.0, 0.0, 0.0, 0.0]","[9, 22]"
kdv,400×601,0.5,137.22869117162054,70,WSINDy,0.04619738127850208,0.05164890142231926,True,True,2,0,0,1.0,1.0,1.0,1.0,True,MSTLS support stable,4,0.010109292023116723,0.1312925000092946,"[0.0, 0.0, 0.0, 0.0, 0.0, 0.0, 0.0, 0.0, 0.0, -0.49962780635864396, 0.0, 0.0, 0.0, 0.0, 0.0, 0.0, 0.0, 0.0, 0.0, 0.0, 0.0, 0.0, -0.9483510985776807, 0.0, 0.0, 0.0, 0.0, 0.0, 0.0, 0.0, 0.0, 0.0, 0.0, 0.0, 0.0, 0.0, 0.0, 0.0, 0.0, 0.0, 0.0, 0.0, 0.0, 0.0, 0.0, 0.0, 0.0, 0.0, 0.0]","[9, 22]"
kdv,400×601,0.5,137.22869117162054,71,WSINDy,0.01616773665088248,0.017968597814535414,True,True,2,0,0,1.0,1.0,1.0,1.0,True,MSTLS support stable,3,0.009369167004479095,0.1328816250024829,"[0.0, 0.0, 0.0, 0.0, 0.0, 0.0, 0.0, 0.0, 0.0, -0.5019682804919101, 0.0, 0.0, 0.0, 0.0, 0.0, 0.0, 0.0, 0.0, 0.0, 0.0, 0.0, 0.0, -1.0179685978145354, 0.0, 0.0, 0.0, 0.0, 0.0, 0.0, 0.0, 0.0, 0.0, 0.0, 0.0, 0.0, 0.0, 0.0, 0.0, 0.0, 0.0, 0.0, 0.0, 0.0, 0.0, 0.0, 0.0, 0.0, 0.0, 0.0]","[9, 22]"
kdv,400×601,0.5,137.22869117162054,72,WSINDy,0.012710318382039745,0.0141596868065067,True,True,2,0,0,1.0,1.0,1.0,1.0,True,MSTLS support stable,3,0.010667416994692758,0.1343828749959357,"[0.0, 0.0, 0.0, 0.0, 0.0, 0.0, 0.0, 0.0, 0.0, -0.4987985378667382, 0.0, 0.0, 0.0, 0.0, 0.0, 0.0, 0.0, 0.0, 0.0, 0.0, 0.0, 0.0, -0.9858403131934933, 0.0, 0.0, 0.0, 0.0, 0.0, 0.0, 0.0, 0.0, 0.0, 0.0, 0.0, 0.0, 0.0, 0.0, 0.0, 0.0, 0.0, 0.0, 0.0, 0.0, 0.0, 0.0, 0.0, 0.0, 0.0, 0.0]","[9, 22]"
kdv,400×601,0.5,137.22869117162054,73,WSINDy,0.01074716708041431,0.012010829248992105,True,True,2,0,0,1.0,1.0,1.0,1.0,True,MSTLS support stable,4,0.012730457994621247,0.1382604989921674,"[0.0, 0.0, 0.0, 0.0, 0.0, 0.0, 0.0, 0.0, 0.0, -0.5003420249544728, 0.0, 0.0, 0.0, 0.0, 0.0, 0.0, 0.0, 0.0, 0.0, 0.0, 0.0, 0.0, -0.9879891707510079, 0.0, 0.0, 0.0, 0.0, 0.0, 0.0, 0.0, 0.0, 0.0, 0.0, 0.0, 0.0, 0.0, 0.0, 0.0, 0.0, 0.0, 0.0, 0.0, 0.0, 0.0, 0.0, 0.0, 0.0, 0.0, 0.0]","[9, 22]"
kdv,400×601,0.5,137.22869117162054,74,WSINDy,0.07448883259193292,0.08324570831213762,True,True,2,0,0,1.0,1.0,1.0,1.0,True,MSTLS support stable,5,0.0105197090015281,0.13398945902008563,"[0.0, 0.0, 0.0, 0.0, 0.0, 0.0, 0.0, 0.0, 0.0, -0.4975741447391152, 0.0, 0.0, 0.0, 0.0, 0.0, 0.0, 0.0, 0.0, 0.0, 0.0, 0.0, 0.0, -0.9167542916878624, 0.0, 0.0, 0.0, 0.0, 0.0, 0.0, 0.0, 0.0, 0.0, 0.0, 0.0, 0.0, 0.0, 0.0, 0.0, 0.0, 0.0, 0.0, 0.0, 0.0, 0.0, 0.0, 0.0, 0.0, 0.0, 0.0]","[9, 22]"
kdv,400×601,0.5,137.22869117162054,75,WSINDy,0.003524171710880437,0.003890963578556006,True,True,2,0,0,1.0,1.0,1.0,1.0,True,MSTLS support stable,4,0.010739583987742662,0.1343067089910619,"[0.0, 0.0, 0.0, 0.0, 0.0, 0.0, 0.0, 0.0, 0.0, -0.5006205926522793, 0.0, 0.0, 0.0, 0.0, 0.0, 0.0, 0.0, 0.0, 0.0, 0.0, 0.0, 0.0, -1.003890963578556, 0.0, 0.0, 0.0, 0.0, 0.0, 0.0, 0.0, 0.0, 0.0, 0.0, 0.0, 0.0, 0.0, 0.0, 0.0, 0.0, 0.0, 0.0, 0.0, 0.0, 0.0, 0.0, 0.0, 0.0, 0.0, 0.0]","[9, 22]"
kdv,400×601,0.5,137.22869117162054,76,WSINDy,0.02103267400395311,0.023504563540798884,True,True,2,0,0,1.0,1.0,1.0,1.0,True,MSTLS support stable,4,0.01088529100525193,0.13643187400884926,"[0.0, 0.0, 0.0, 0.0, 0.0, 0.0, 0.0, 0.0, 0.0, -0.5007086694943724, 0.0, 0.0, 0.0, 0.0, 0.0, 0.0, 0.0, 0.0, 0.0, 0.0, 0.0, 0.0, -1.0235045635407989, 0.0, 0.0, 0.0, 0.0, 0.0, 0.0, 0.0, 0.0, 0.0, 0.0, 0.0, 0.0, 0.0, 0.0, 0.0, 0.0, 0.0, 0.0, 0.0, 0.0, 0.0, 0.0, 0.0, 0.0, 0.0, 0.0]","[9, 22]"
kdv,400×601,0.5,137.22869117162054,77,WSINDy,0.014047880353200575,0.015699008203209464,True,True,2,0,0,1.0,1.0,1.0,1.0,True,MSTLS support stable,3,0.010670416988432407,0.13302570799714886,"[0.0, 0.0, 0.0, 0.0, 0.0, 0.0, 0.0, 0.0, 0.0, -0.5004688490779136, 0.0, 0.0, 0.0, 0.0, 0.0, 0.0, 0.0, 0.0, 0.0, 0.0, 0.0, 0.0, -0.9843009917967905, 0.0, 0.0, 0.0, 0.0, 0.0, 0.0, 0.0, 0.0, 0.0, 0.0, 0.0, 0.0, 0.0, 0.0, 0.0, 0.0, 0.0, 0.0, 0.0, 0.0, 0.0, 0.0, 0.0, 0.0, 0.0, 0.0]","[9, 22]"
kdv,400×601,0.5,137.22869117162054,78,WSINDy,0.03264501592505114,0.03647441851158151,True,True,2,0,0,1.0,1.0,1.0,1.0,True,MSTLS support stable,5,0.010388208989752457,0.1352646249870304,"[0.0, 0.0, 0.0, 0.0, 0.0, 0.0, 0.0, 0.0, 0.0, -0.5013183797539228, 0.0, 0.0, 0.0, 0.0, 0.0, 0.0, 0.0, 0.0, 0.0, 0.0, 0.0, 0.0, -1.0364744185115815, 0.0, 0.0, 0.0, 0.0, 0.0, 0.0, 0.0, 0.0, 0.0, 0.0, 0.0, 0.0, 0.0, 0.0, 0.0, 0.0, 0.0, 0.0, 0.0, 0.0, 0.0, 0.0, 0.0, 0.0, 0.0, 0.0]","[9, 22]"
kdv,400×601,0.5,137.22869117162054,79,WSINDy,0.004624300288684106,0.00495290080304267,True,True,2,0,0,1.0,1.0,1.0,1.0,True,MSTLS support stable,5,0.010477832984179258,0.13442566699814051,"[0.0, 0.0, 0.0, 0.0, 0.0, 0.0, 0.0, 0.0, 0.0, -0.49851710921335246, 0.0, 0.0, 0.0, 0.0, 0.0, 0.0, 0.0, 0.0, 0.0, 0.0, 0.0, 0.0, -0.9950470991969573, 0.0, 0.0, 0.0, 0.0, 0.0, 0.0, 0.0, 0.0, 0.0, 0.0, 0.0, 0.0, 0.0, 0.0, 0.0, 0.0, 0.0, 0.0, 0.0, 0.0, 0.0, 0.0, 0.0, 0.0, 0.0, 0.0]","[9, 22]"
kdv,400×601,0.5,137.22869117162054,80,WSINDy,0.014796889239656951,0.01635330605474372,True,True,2,0,0,1.0,1.0,1.0,1.0,True,MSTLS support stable,6,0.010265500022796914,0.13238279102370143,"[0.0, 0.0, 0.0, 0.0, 0.0, 0.0, 0.0, 0.0, 0.0, -0.4974991411388831, 0.0, 0.0, 0.0, 0.0, 0.0, 0.0, 0.0, 0.0, 0.0, 0.0, 0.0, 0.0, -0.9836466939452563, 0.0, 0.0, 0.0, 0.0, 0.0, 0.0, 0.0, 0.0, 0.0, 0.0, 0.0, 0.0, 0.0, 0.0, 0.0, 0.0, 0.0, 0.0, 0.0, 0.0, 0.0, 0.0, 0.0, 0.0, 0.0, 0.0]","[9, 22]"
kdv,400×601,0.5,137.22869117162054,81,WSINDy,0.005409792278998386,0.005841494953767956,True,True,2,0,0,1.0,1.0,1.0,1.0,True,MSTLS support stable,4,0.011248583992710337,0.1334064999828115,"[0.0, 0.0, 0.0, 0.0, 0.0, 0.0, 0.0, 0.0, 0.0, -0.5015682003483266, 0.0, 0.0, 0.0, 0.0, 0.0, 0.0, 0.0, 0.0, 0.0, 0.0, 0.0, 0.0, -1.005841494953768, 0.0, 0.0, 0.0, 0.0, 0.0, 0.0, 0.0, 0.0, 0.0, 0.0, 0.0, 0.0, 0.0, 0.0, 0.0, 0.0, 0.0, 0.0, 0.0, 0.0, 0.0, 0.0, 0.0, 0.0, 0.0, 0.0]","[9, 22]"
kdv,400×601,0.5,137.22869117162054,82,WSINDy,0.041405706917390185,0.04627993643614592,True,True,2,0,0,1.0,1.0,1.0,1.0,True,MSTLS support stable,4,0.01054379201377742,0.13400875101797283,"[0.0, 0.0, 0.0, 0.0, 0.0, 0.0, 0.0, 0.0, 0.0, -0.49890082297726396, 0.0, 0.0, 0.0, 0.0, 0.0, 0.0, 0.0, 0.0, 0.0, 0.0, 0.0, 0.0, -1.046279936436146, 0.0, 0.0, 0.0, 0.0, 0.0, 0.0, 0.0, 0.0, 0.0, 0.0, 0.0, 0.0, 0.0, 0.0, 0.0, 0.0, 0.0, 0.0, 0.0, 0.0, 0.0, 0.0, 0.0, 0.0, 0.0, 0.0]","[9, 22]"
kdv,400×601,0.5,137.22869117162054,83,WSINDy,0.011108609127210418,0.012417249607177716,True,True,2,0,0,1.0,1.0,1.0,1.0,True,MSTLS support stable,4,0.009582540980773047,0.13194970696349628,"[0.0, 0.0, 0.0, 0.0, 0.0, 0.0, 0.0, 0.0, 0.0, -0.4997481903110023, 0.0, 0.0, 0.0, 0.0, 0.0, 0.0, 0.0, 0.0, 0.0, 0.0, 0.0, 0.0, -0.9875827503928223, 0.0, 0.0, 0.0, 0.0, 0.0, 0.0, 0.0, 0.0, 0.0, 0.0, 0.0, 0.0, 0.0, 0.0, 0.0, 0.0, 0.0, 0.0, 0.0, 0.0, 0.0, 0.0, 0.0, 0.0, 0.0, 0.0]","[9, 22]"
kdv,400×601,0.5,137.22869117162054,84,WSINDy,0.02220960991123033,0.02476181989739401,True,True,2,0,0,1.0,1.0,1.0,1.0,True,MSTLS support stable,4,0.01021829099045135,0.13431524898624048,"[0.0, 0.0, 0.0, 0.0, 0.0, 0.0, 0.0, 0.0, 0.0, -0.5018535751617611, 0.0, 0.0, 0.0, 0.0, 0.0, 0.0, 0.0, 0.0, 0.0, 0.0, 0.0, 0.0, -1.024761819897394, 0.0, 0.0, 0.0, 0.0, 0.0, 0.0, 0.0, 0.0, 0.0, 0.0, 0.0, 0.0, 0.0, 0.0, 0.0, 0.0, 0.0, 0.0, 0.0, 0.0, 0.0, 0.0, 0.0, 0.0, 0.0, 0.0]","[9, 22]"
kdv,400×601,0.5,137.22869117162054,85,WSINDy,0.04871234515616506,0.05442187266529541,True,True,2,0,0,1.0,1.0,1.0,1.0,True,MSTLS support stable,4,0.010557291010627523,0.13487241603434086,"[0.0, 0.0, 0.0, 0.0, 0.0, 0.0, 0.0, 0.0, 0.0, -0.5020917669251302, 0.0, 0.0, 0.0, 0.0, 0.0, 0.0, 0.0, 0.0, 0.0, 0.0, 0.0, 0.0, -1.0544218726652954, 0.0, 0.0, 0.0, 0.0, 0.0, 0.0, 0.0, 0.0, 0.0, 0.0, 0.0, 0.0, 0.0, 0.0, 0.0, 0.0, 0.0, 0.0, 0.0, 0.0, 0.0, 0.0, 0.0, 0.0, 0.0, 0.0]","[9, 22]"
kdv,400×601,0.5,137.22869117162054,86,WSINDy,0.029786928286813584,0.03324074746852035,True,True,2,0,0,1.0,1.0,1.0,1.0,True,MSTLS support stable,6,0.010839916008990258,0.13518850001855753,"[0.0, 0.0, 0.0, 0.0, 0.0, 0.0, 0.0, 0.0, 0.0, -0.5020320134568396, 0.0, 0.0, 0.0, 0.0, 0.0, 0.0, 0.0, 0.0, 0.0, 0.0, 0.0, 0.0, -1.0332407474685203, 0.0, 0.0, 0.0, 0.0, 0.0, 0.0, 0.0, 0.0, 0.0, 0.0, 0.0, 0.0, 0.0, 0.0, 0.0, 0.0, 0.0, 0.0, 0.0, 0.0, 0.0, 0.0, 0.0, 0.0, 0.0, 0.0]","[9, 22]"
kdv,400×601,0.5,137.22869117162054,87,WSINDy,0.004452397345748466,0.004957428490984572,True,True,2,0,0,1.0,1.0,1.0,1.0,True,MSTLS support stable,6,0.011214165977435187,0.1333723749849014,"[0.0, 0.0, 0.0, 0.0, 0.0, 0.0, 0.0, 0.0, 0.0, -0.5004513373597537, 0.0, 0.0, 0.0, 0.0, 0.0, 0.0, 0.0, 0.0, 0.0, 0.0, 0.0, 0.0, -1.0049574284909846, 0.0, 0.0, 0.0, 0.0, 0.0, 0.0, 0.0, 0.0, 0.0, 0.0, 0.0, 0.0, 0.0, 0.0, 0.0, 0.0, 0.0, 0.0, 0.0, 0.0, 0.0, 0.0, 0.0, 0.0, 0.0, 0.0]","[9, 22]"
kdv,400×601,0.5,137.22869117162054,88,WSINDy,0.004788714862673866,0.005346327535827422,True,True,2,0,0,1.0,1.0,1.0,1.0,True,MSTLS support stable,3,0.010322124988306314,0.13220241697854362,"[0.0, 0.0, 0.0, 0.0, 0.0, 0.0, 0.0, 0.0, 0.0, -0.4997144839327718, 0.0, 0.0, 0.0, 0.0, 0.0, 0.0, 0.0, 0.0, 0.0, 0.0, 0.0, 0.0, -1.0053463275358274, 0.0, 0.0, 0.0, 0.0, 0.0, 0.0, 0.0, 0.0, 0.0, 0.0, 0.0, 0.0, 0.0, 0.0, 0.0, 0.0, 0.0, 0.0, 0.0, 0.0, 0.0, 0.0, 0.0, 0.0, 0.0, 0.0]","[9, 22]"
kdv,400×601,0.5,137.22869117162054,89,WSINDy,0.0067938025561259776,0.007265673679041185,True,True,2,0,0,1.0,1.0,1.0,1.0,True,MSTLS support stable,4,0.011444500007200986,0.13604000001214445,"[0.0, 0.0, 0.0, 0.0, 0.0, 0.0, 0.0, 0.0, 0.0, -0.5022146506393149, 0.0, 0.0, 0.0, 0.0, 0.0, 0.0, 0.0, 0.0, 0.0, 0.0, 0.0, 0.0, -0.9927343263209588, 0.0, 0.0, 0.0, 0.0, 0.0, 0.0, 0.0, 0.0, 0.0, 0.0, 0.0, 0.0, 0.0, 0.0, 0.0, 0.0, 0.0, 0.0, 0.0, 0.0, 0.0, 0.0, 0.0, 0.0, 0.0, 0.0]","[9, 22]"
kdv,400×601,0.5,137.22869117162054,90,WSINDy,0.023883159950197366,0.02666909954787955,True,True,2,0,0,1.0,1.0,1.0,1.0,True,MSTLS support stable,4,0.01144475000910461,0.13622062501963228,"[0.0, 0.0, 0.0, 0.0, 0.0, 0.0, 0.0, 0.0, 0.0, -0.5013288306188827, 0.0, 0.0, 0.0, 0.0, 0.0, 0.0, 0.0, 0.0, 0.0, 0.0, 0.0, 0.0, -1.0266690995478795, 0.0, 0.0, 0.0, 0.0, 0.0, 0.0, 0.0, 0.0, 0.0, 0.0, 0.0, 0.0, 0.0, 0.0, 0.0, 0.0, 0.0, 0.0, 0.0, 0.0, 0.0, 0.0, 0.0, 0.0, 0.0, 0.0]","[9, 22]"
kdv,400×601,0.5,137.22869117162054,91,WSINDy,0.015621784128285151,0.017447329286175206,True,True,2,0,0,1.0,1.0,1.0,1.0,True,MSTLS support stable,5,0.010633791011059657,0.13375833301688544,"[0.0, 0.0, 0.0, 0.0, 0.0, 0.0, 0.0, 0.0, 0.0, -0.4991994533316537, 0.0, 0.0, 0.0, 0.0, 0.0, 0.0, 0.0, 0.0, 0.0, 0.0, 0.0, 0.0, -1.0174473292861752, 0.0, 0.0, 0.0, 0.0, 0.0, 0.0, 0.0, 0.0, 0.0, 0.0, 0.0, 0.0, 0.0, 0.0, 0.0, 0.0, 0.0, 0.0, 0.0, 0.0, 0.0, 0.0, 0.0, 0.0, 0.0, 0.0]","[9, 22]"
kdv,400×601,0.5,137.22869117162054,92,WSINDy,0.01495090383251281,0.01669378384828324,True,True,2,0,0,1.0,1.0,1.0,1.0,True,MSTLS support stable,5,0.010386457986896858,0.1360238330089487,"[0.0, 0.0, 0.0, 0.0, 0.0, 0.0, 0.0, 0.0, 0.0, -0.49914589954448824, 0.0, 0.0, 0.0, 0.0, 0.0, 0.0, 0.0, 0.0, 0.0, 0.0, 0.0, 0.0, -0.9833062161517168, 0.0, 0.0, 0.0, 0.0, 0.0, 0.0, 0.0, 0.0, 0.0, 0.0, 0.0, 0.0, 0.0, 0.0, 0.0, 0.0, 0.0, 0.0, 0.0, 0.0, 0.0, 0.0, 0.0, 0.0, 0.0, 0.0]","[9, 22]"
kdv,400×601,0.5,137.22869117162054,93,WSINDy,0.8947036963815362,1.0,True,False,1,0,1,1.0,0.5,0.6666666666666666,0.5,True,MSTLS support stable,4,0.009380667004734278,0.13319362502079457,"[0.0, 0.0, 0.0, 0.0, 0.0, 0.0, 0.0, 0.0, 0.0, -0.4751327444521877, 0.0, 0.0, 0.0, 0.0, 0.0, 0.0, 0.0, 0.0, 0.0, 0.0, 0.0, 0.0, 0.0, 0.0, 0.0, 0.0, 0.0, 0.0, 0.0, 0.0, 0.0, 0.0, 0.0, 0.0, 0.0, 0.0, 0.0, 0.0, 0.0, 0.0, 0.0, 0.0, 0.0, 0.0, 0.0, 0.0, 0.0, 0.0, 0.0]",[9]
kdv,400×601,0.5,137.22869117162054,94,WSINDy,0.03599552041494457,0.04019481825100546,True,True,2,0,0,1.0,1.0,1.0,1.0,True,MSTLS support stable,5,0.010209875006694347,0.13218466698890552,"[0.0, 0.0, 0.0, 0.0, 0.0, 0.0, 0.0, 0.0, 0.0, -0.49800664900305985, 0.0, 0.0, 0.0, 0.0, 0.0, 0.0, 0.0, 0.0, 0.0, 0.0, 0.0, 0.0, -0.9598051817489945, 0.0, 0.0, 0.0, 0.0, 0.0, 0.0, 0.0, 0.0, 0.0, 0.0, 0.0, 0.0, 0.0, 0.0, 0.0, 0.0, 0.0, 0.0, 0.0, 0.0, 0.0, 0.0, 0.0, 0.0, 0.0, 0.0]","[9, 22]"
kdv,400×601,0.5,137.22869117162054,95,WSINDy,0.02810288110554105,0.031405786813846426,True,True,2,0,0,1.0,1.0,1.0,1.0,True,MSTLS support stable,4,0.009450416022446007,0.1331225410103798,"[0.0, 0.0, 0.0, 0.0, 0.0, 0.0, 0.0, 0.0, 0.0, -0.5009441729944508, 0.0, 0.0, 0.0, 0.0, 0.0, 0.0, 0.0, 0.0, 0.0, 0.0, 0.0, 0.0, -1.0314057868138464, 0.0, 0.0, 0.0, 0.0, 0.0, 0.0, 0.0, 0.0, 0.0, 0.0, 0.0, 0.0, 0.0, 0.0, 0.0, 0.0, 0.0, 0.0, 0.0, 0.0, 0.0, 0.0, 0.0, 0.0, 0.0, 0.0]","[9, 22]"
kdv,400×601,0.5,137.22869117162054,96,WSINDy,0.0187705799040105,0.0208817794006676,True,True,2,0,0,1.0,1.0,1.0,1.0,True,MSTLS support stable,5,0.010968707996653393,0.13374412499251775,"[0.0, 0.0, 0.0, 0.0, 0.0, 0.0, 0.0, 0.0, 0.0, -0.49790963484579653, 0.0, 0.0, 0.0, 0.0, 0.0, 0.0, 0.0, 0.0, 0.0, 0.0, 0.0, 0.0, -0.9791182205993324, 0.0, 0.0, 0.0, 0.0, 0.0, 0.0, 0.0, 0.0, 0.0, 0.0, 0.0, 0.0, 0.0, 0.0, 0.0, 0.0, 0.0, 0.0, 0.0, 0.0, 0.0, 0.0, 0.0, 0.0, 0.0, 0.0]","[9, 22]"
kdv,400×601,0.5,137.22869117162054,97,WSINDy,0.0043596055198229225,0.0048465798327668175,True,True,2,0,0,1.0,1.0,1.0,1.0,True,MSTLS support stable,4,0.009327375009888783,0.13363112503429875,"[0.0, 0.0, 0.0, 0.0, 0.0, 0.0, 0.0, 0.0, 0.0, -0.49948196111612536, 0.0, 0.0, 0.0, 0.0, 0.0, 0.0, 0.0, 0.0, 0.0, 0.0, 0.0, 0.0, -1.0048465798327668, 0.0, 0.0, 0.0, 0.0, 0.0, 0.0, 0.0, 0.0, 0.0, 0.0, 0.0, 0.0, 0.0, 0.0, 0.0, 0.0, 0.0, 0.0, 0.0, 0.0, 0.0, 0.0, 0.0, 0.0, 0.0, 0.0]","[9, 22]"
kdv,400×601,0.5,137.22869117162054,98,WSINDy,11.150174756415362,0.009897765069012632,True,False,2,3,0,0.4,1.0,0.5714285714285714,0.4,True,MSTLS support stable,5,0.011630624998360872,0.1358241249981802,"[0.0, 12.463667754856933, -0.00919359066474862, 0.0, 0.0, 0.0, 0.0, 0.0, 0.0, -0.4991665096742728, 0.0, 0.0, 0.0, 0.0, 0.0, 0.2545570411984843, 0.0, 0.0, 0.0, 0.0, 0.0, 0.0, -1.0098977650690126, 0.0, 0.0, 0.0, 0.0, 0.0, 0.0, 0.0, 0.0, 0.0, 0.0, 0.0, 0.0, 0.0, 0.0, 0.0, 0.0, 0.0, 0.0, 0.0, 0.0, 0.0, 0.0, 0.0, 0.0, 0.0, 0.0]","[1, 2, 9, 15, 22]"
kdv,400×601,0.5,137.22869117162054,99,WSINDy,1.4249828847707344,0.03348756123816199,True,False,2,1,0,0.6666666666666666,1.0,0.8,0.6666666666666666,True,MSTLS support stable,5,0.009790542011614889,0.13189216703176498,"[0.0, 0.0, 0.0, 0.0, 0.0, 0.0, 0.0, 0.0, 1.5928240632897863, -0.5032193181328503, 0.0, 0.0, 0.0, 0.0, 0.0, 0.0, 0.0, 0.0, 0.0, 0.0, 0.0, 0.0, -1.033487561238162, 0.0, 0.0, 0.0, 0.0, 0.0, 0.0, 0.0, 0.0, 0.0, 0.0, 0.0, 0.0, 0.0, 0.0, 0.0, 0.0, 0.0, 0.0, 0.0, 0.0, 0.0, 0.0, 0.0, 0.0, 0.0, 0.0]","[8, 9, 22]"
kdv,400×601,0.5,137.22869117162054,100,WSINDy,0.8947086671224991,1.0,True,False,1,0,1,1.0,0.5,0.6666666666666666,0.5,True,MSTLS support stable,3,0.010242916992865503,0.13499416699050926,"[0.0, 0.0, 0.0, 0.0, 0.0, 0.0, 0.0, 0.0, 0.0, -0.47491018572909544, 0.0, 0.0, 0.0, 0.0, 0.0, 0.0, 0.0, 0.0, 0.0, 0.0, 0.0, 0.0, 0.0, 0.0, 0.0, 0.0, 0.0, 0.0, 0.0, 0.0, 0.0, 0.0, 0.0, 0.0, 0.0, 0.0, 0.0, 0.0, 0.0, 0.0, 0.0, 0.0, 0.0, 0.0, 0.0, 0.0, 0.0, 0.0, 0.0]",[9]
kdv,400×601,0.5,137.22869117162054,101,WSINDy,0.03007383189876485,0.03359335110510009,True,True,2,0,0,1.0,1.0,1.0,1.0,True,MSTLS support stable,4,0.011471708014141768,0.13636008300818503,"[0.0, 0.0, 0.0, 0.0, 0.0, 0.0, 0.0, 0.0, 0.0, -0.5014251203013881, 0.0, 0.0, 0.0, 0.0, 0.0, 0.0, 0.0, 0.0, 0.0, 0.0, 0.0, 0.0, -1.0335933511051, 0.0, 0.0, 0.0, 0.0, 0.0, 0.0, 0.0, 0.0, 0.0, 0.0, 0.0, 0.0, 0.0, 0.0, 0.0, 0.0, 0.0, 0.0, 0.0, 0.0, 0.0, 0.0, 0.0, 0.0, 0.0, 0.0]","[9, 22]"
kdv,400×601,0.5,137.22869117162054,102,WSINDy,0.0383201003061931,0.04280819503170019,True,True,2,0,0,1.0,1.0,1.0,1.0,True,MSTLS support stable,4,0.010134666983503848,0.13224158398224972,"[0.0, 0.0, 0.0, 0.0, 0.0, 0.0, 0.0, 0.0, 0.0, -0.49826909056453117, 0.0, 0.0, 0.0, 0.0, 0.0, 0.0, 0.0, 0.0, 0.0, 0.0, 0.0, 0.0, -0.9571918049682998, 0.0, 0.0, 0.0, 0.0, 0.0, 0.0, 0.0, 0.0, 0.0, 0.0, 0.0, 0.0, 0.0, 0.0, 0.0, 0.0, 0.0, 0.0, 0.0, 0.0, 0.0, 0.0, 0.0, 0.0, 0.0, 0.0]","[9, 22]"
kdv,400×601,0.5,137.22869117162054,103,WSINDy,0.0029109070378409013,0.0031581092798480537,True,True,2,0,0,1.0,1.0,1.0,1.0,True,MSTLS support stable,5,0.010532707994570956,0.13233212500927038,"[0.0, 0.0, 0.0, 0.0, 0.0, 0.0, 0.0, 0.0, 0.0, -0.5007861746022527, 0.0, 0.0, 0.0, 0.0, 0.0, 0.0, 0.0, 0.0, 0.0, 0.0, 0.0, 0.0, -1.003158109279848, 0.0, 0.0, 0.0, 0.0, 0.0, 0.0, 0.0, 0.0, 0.0, 0.0, 0.0, 0.0, 0.0, 0.0, 0.0, 0.0, 0.0, 0.0, 0.0, 0.0, 0.0, 0.0, 0.0, 0.0, 0.0, 0.0]","[9, 22]"
kdv,400×601,0.5,137.22869117162054,104,WSINDy,0.014414957359669685,0.016054150818049617,True,True,2,0,0,1.0,1.0,1.0,1.0,True,MSTLS support stable,4,0.011442332994192839,0.1361673749925103,"[0.0, 0.0, 0.0, 0.0, 0.0, 0.0, 0.0, 0.0, 0.0, -0.5014152689188581, 0.0, 0.0, 0.0, 0.0, 0.0, 0.0, 0.0, 0.0, 0.0, 0.0, 0.0, 0.0, -1.0160541508180496, 0.0, 0.0, 0.0, 0.0, 0.0, 0.0, 0.0, 0.0, 0.0, 0.0, 0.0, 0.0, 0.0, 0.0, 0.0, 0.0, 0.0, 0.0, 0.0, 0.0, 0.0, 0.0, 0.0, 0.0, 0.0, 0.0]","[9, 22]"
kdv,400×601,0.5,137.22869117162054,105,WSINDy,0.019927007079501468,0.02227144456443253,True,True,2,0,0,1.0,1.0,1.0,1.0,True,MSTLS support stable,4,0.01029029200435616,0.13362887600669637,"[0.0, 0.0, 0.0, 0.0, 0.0, 0.0, 0.0, 0.0, 0.0, -0.5005828987446681, 0.0, 0.0, 0.0, 0.0, 0.0, 0.0, 0.0, 0.0, 0.0, 0.0, 0.0, 0.0, -1.0222714445644325, 0.0, 0.0, 0.0, 0.0, 0.0, 0.0, 0.0, 0.0, 0.0, 0.0, 0.0, 0.0, 0.0, 0.0, 0.0, 0.0, 0.0, 0.0, 0.0, 0.0, 0.0, 0.0, 0.0, 0.0, 0.0, 0.0]","[9, 22]"
kdv,400×601,0.5,137.22869117162054,106,WSINDy,0.000892682672933936,0.0009758467248247582,True,True,2,0,0,1.0,1.0,1.0,1.0,True,MSTLS support stable,5,0.010663374996511266,0.13295483301044442,"[0.0, 0.0, 0.0, 0.0, 0.0, 0.0, 0.0, 0.0, 0.0, -0.49979065312793264, 0.0, 0.0, 0.0, 0.0, 0.0, 0.0, 0.0, 0.0, 0.0, 0.0, 0.0, 0.0, -0.9990241532751752, 0.0, 0.0, 0.0, 0.0, 0.0, 0.0, 0.0, 0.0, 0.0, 0.0, 0.0, 0.0, 0.0, 0.0, 0.0, 0.0, 0.0, 0.0, 0.0, 0.0, 0.0, 0.0, 0.0, 0.0, 0.0, 0.0]","[9, 22]"
kdv,400×601,0.5,137.22869117162054,107,WSINDy,10.358597374360079,0.029684066683058563,True,False,2,4,0,0.3333333333333333,1.0,0.5,0.3333333333333333,True,MSTLS support stable,4,0.009508749993983656,0.13045437497203238,"[0.0, -11.431149236636545, 0.009017747297275886, 0.0, 0.0, 0.0, 0.0, 0.0, 1.8386099112084215, -0.5004724663916152, 0.0, 0.0, 0.0, 0.0, 0.0, -0.2702822459368542, 0.0, 0.0, 0.0, 0.0, 0.0, 0.0, -0.9703159333169414, 0.0, 0.0, 0.0, 0.0, 0.0, 0.0, 0.0, 0.0, 0.0, 0.0, 0.0, 0.0, 0.0, 0.0, 0.0, 0.0, 0.0, 0.0, 0.0, 0.0, 0.0, 0.0, 0.0, 0.0, 0.0, 0.0]","[1, 2, 8, 9, 15, 22]"
kdv,400×601,0.5,137.22869117162054,108,WSINDy,0.024177858368885488,0.02702824200689835,True,True,2,0,0,1.0,1.0,1.0,1.0,True,MSTLS support stable,4,0.010623665992170572,0.13727487399592064,"[0.0, 0.0, 0.0, 0.0, 0.0, 0.0, 0.0, 0.0, 0.0, -0.5004303233074016, 0.0, 0.0, 0.0, 0.0, 0.0, 0.0, 0.0, 0.0, 0.0, 0.0, 0.0, 0.0, -1.0270282420068984, 0.0, 0.0, 0.0, 0.0, 0.0, 0.0, 0.0, 0.0, 0.0, 0.0, 0.0, 0.0, 0.0, 0.0, 0.0, 0.0, 0.0, 0.0, 0.0, 0.0, 0.0, 0.0, 0.0, 0.0, 0.0, 0.0]","[9, 22]"
kdv,400×601,0.5,137.22869117162054,109,WSINDy,0.00642448100079466,0.007180664186367869,True,True,2,0,0,1.0,1.0,1.0,1.0,True,MSTLS support stable,3,0.010407250025309622,0.1340714170364663,"[0.0, 0.0, 0.0, 0.0, 0.0, 0.0, 0.0, 0.0, 0.0, -0.4998253374551362, 0.0, 0.0, 0.0, 0.0, 0.0, 0.0, 0.0, 0.0, 0.0, 0.0, 0.0, 0.0, -0.9928193358136321, 0.0, 0.0, 0.0, 0.0, 0.0, 0.0, 0.0, 0.0, 0.0, 0.0, 0.0, 0.0, 0.0, 0.0, 0.0, 0.0, 0.0, 0.0, 0.0, 0.0, 0.0, 0.0, 0.0, 0.0, 0.0, 0.0]","[9, 22]"
kdv,400×601,0.5,137.22869117162054,110,WSINDy,0.02098959789251244,0.023411970597508214,True,True,2,0,0,1.0,1.0,1.0,1.0,True,MSTLS support stable,3,0.009967958001652732,0.1319567920290865,"[0.0, 0.0, 0.0, 0.0, 0.0, 0.0, 0.0, 0.0, 0.0, -0.5016073759215299, 0.0, 0.0, 0.0, 0.0, 0.0, 0.0, 0.0, 0.0, 0.0, 0.0, 0.0, 0.0, -1.0234119705975082, 0.0, 0.0, 0.0, 0.0, 0.0, 0.0, 0.0, 0.0, 0.0, 0.0, 0.0, 0.0, 0.0, 0.0, 0.0, 0.0, 0.0, 0.0, 0.0, 0.0, 0.0, 0.0, 0.0, 0.0, 0.0, 0.0]","[9, 22]"
kdv,400×601,0.5,137.22869117162054,111,WSINDy,0.03411948800768335,0.03814641961929921,True,True,2,0,0,1.0,1.0,1.0,1.0,True,MSTLS support stable,4,0.01095895899925381,0.13281183401704766,"[0.0, 0.0, 0.0, 0.0, 0.0, 0.0, 0.0, 0.0, 0.0, -0.49984189367057535, 0.0, 0.0, 0.0, 0.0, 0.0, 0.0, 0.0, 0.0, 0.0, 0.0, 0.0, 0.0, -0.9618535803807008, 0.0, 0.0, 0.0, 0.0, 0.0, 0.0, 0.0, 0.0, 0.0, 0.0, 0.0, 0.0, 0.0, 0.0, 0.0, 0.0, 0.0, 0.0, 0.0, 0.0, 0.0, 0.0, 0.0, 0.0, 0.0, 0.0]","[9, 22]"
kdv,400×601,0.5,137.22869117162054,112,WSINDy,0.00690271667439509,0.007715137506887015,True,True,2,0,0,1.0,1.0,1.0,1.0,True,MSTLS support stable,4,0.010040541994385421,0.13291708400356583,"[0.0, 0.0, 0.0, 0.0, 0.0, 0.0, 0.0, 0.0, 0.0, -0.49981019718510983, 0.0, 0.0, 0.0, 0.0, 0.0, 0.0, 0.0, 0.0, 0.0, 0.0, 0.0, 0.0, -0.992284862493113, 0.0, 0.0, 0.0, 0.0, 0.0, 0.0, 0.0, 0.0, 0.0, 0.0, 0.0, 0.0, 0.0, 0.0, 0.0, 0.0, 0.0, 0.0, 0.0, 0.0, 0.0, 0.0, 0.0, 0.0, 0.0, 0.0]","[9, 22]"
kdv,400×601,0.5,137.22869117162054,113,WSINDy,0.00547476560762626,0.006116879038152501,True,True,2,0,0,1.0,1.0,1.0,1.0,True,MSTLS support stable,4,0.010378666978795081,0.13296375097706914,"[0.0, 0.0, 0.0, 0.0, 0.0, 0.0, 0.0, 0.0, 0.0, -0.49977613864632386, 0.0, 0.0, 0.0, 0.0, 0.0, 0.0, 0.0, 0.0, 0.0, 0.0, 0.0, 0.0, -0.9938831209618475, 0.0, 0.0, 0.0, 0.0, 0.0, 0.0, 0.0, 0.0, 0.0, 0.0, 0.0, 0.0, 0.0, 0.0, 0.0, 0.0, 0.0, 0.0, 0.0, 0.0, 0.0, 0.0, 0.0, 0.0, 0.0, 0.0]","[9, 22]"
kdv,400×601,0.5,137.22869117162054,114,WSINDy,0.03010387856118778,0.03365004410325556,True,True,2,0,0,1.0,1.0,1.0,1.0,True,MSTLS support stable,4,0.010611709003569558,0.13192458398407325,"[0.0, 0.0, 0.0, 0.0, 0.0, 0.0, 0.0, 0.0, 0.0, -0.4993079650425142, 0.0, 0.0, 0.0, 0.0, 0.0, 0.0, 0.0, 0.0, 0.0, 0.0, 0.0, 0.0, -0.9663499558967444, 0.0, 0.0, 0.0, 0.0, 0.0, 0.0, 0.0, 0.0, 0.0, 0.0, 0.0, 0.0, 0.0, 0.0, 0.0, 0.0, 0.0, 0.0, 0.0, 0.0, 0.0, 0.0, 0.0, 0.0, 0.0, 0.0]","[9, 22]"
kdv,400×601,0.5,137.22869117162054,115,WSINDy,0.00797442870994211,0.008911473482110077,True,True,2,0,0,1.0,1.0,1.0,1.0,True,MSTLS support stable,4,0.010147041000891477,0.13334329100325704,"[0.0, 0.0, 0.0, 0.0, 0.0, 0.0, 0.0, 0.0, 0.0, -0.49972608041310423, 0.0, 0.0, 0.0, 0.0, 0.0, 0.0, 0.0, 0.0, 0.0, 0.0, 0.0, 0.0, -1.00891147348211, 0.0, 0.0, 0.0, 0.0, 0.0, 0.0, 0.0, 0.0, 0.0, 0.0, 0.0, 0.0, 0.0, 0.0, 0.0, 0.0, 0.0, 0.0, 0.0, 0.0, 0.0, 0.0, 0.0, 0.0, 0.0, 0.0]","[9, 22]"
kdv,400×601,0.5,137.22869117162054,116,WSINDy,0.01980101869527279,0.02209263653192428,True,True,2,0,0,1.0,1.0,1.0,1.0,True,MSTLS support stable,3,0.010917750012595206,0.13468991703120992,"[0.0, 0.0, 0.0, 0.0, 0.0, 0.0, 0.0, 0.0, 0.0, -0.49858019797807474, 0.0, 0.0, 0.0, 0.0, 0.0, 0.0, 0.0, 0.0, 0.0, 0.0, 0.0, 0.0, -0.9779073634680757, 0.0, 0.0, 0.0, 0.0, 0.0, 0.0, 0.0, 0.0, 0.0, 0.0, 0.0, 0.0, 0.0, 0.0, 0.0, 0.0, 0.0, 0.0, 0.0, 0.0, 0.0, 0.0, 0.0, 0.0, 0.0, 0.0]","[9, 22]"
kdv,400×601,0.5,137.22869117162054,117,WSINDy,0.033372096532401724,0.03730044138853983,True,True,2,0,0,1.0,1.0,1.0,1.0,True,MSTLS support stable,4,0.010491916007595137,0.1319195830146782,"[0.0, 0.0, 0.0, 0.0, 0.0, 0.0, 0.0, 0.0, 0.0, -0.500893367746244, 0.0, 0.0, 0.0, 0.0, 0.0, 0.0, 0.0, 0.0, 0.0, 0.0, 0.0, 0.0, -1.0373004413885398, 0.0, 0.0, 0.0, 0.0, 0.0, 0.0, 0.0, 0.0, 0.0, 0.0, 0.0, 0.0, 0.0, 0.0, 0.0, 0.0, 0.0, 0.0, 0.0, 0.0, 0.0, 0.0, 0.0, 0.0, 0.0, 0.0]","[9, 22]"
kdv,400×601,0.5,137.22869117162054,118,WSINDy,0.0014881656460091414,0.0017135976243842777,True,True,2,0,0,1.0,1.0,1.0,1.0,True,MSTLS support stable,4,0.010643999994499609,0.13349870798992924,"[0.0, 0.0, 0.0, 0.0, 0.0, 0.0, 0.0, 0.0, 0.0, -0.5008567988121921, 0.0, 0.0, 0.0, 0.0, 0.0, 0.0, 0.0, 0.0, 0.0, 0.0, 0.0, 0.0, -0.9985737489586758, 0.0, 0.0, 0.0, 0.0, 0.0, 0.0, 0.0, 0.0, 0.0, 0.0, 0.0, 0.0, 0.0, 0.0, 0.0, 0.0, 0.0, 0.0, 0.0, 0.0, 0.0, 0.0, 0.0, 0.0, 0.0, 0.0]","[9, 22]"
kdv,400×601,0.5,137.22869117162054,119,WSINDy,0.0018491709945497531,0.0019385312024818857,True,True,2,0,0,1.0,1.0,1.0,1.0,True,MSTLS support stable,5,0.010229999985313043,0.1346847919630818,"[0.0, 0.0, 0.0, 0.0, 0.0, 0.0, 0.0, 0.0, 0.0, -0.49903073439875906, 0.0, 0.0, 0.0, 0.0, 0.0, 0.0, 0.0, 0.0, 0.0, 0.0, 0.0, 0.0, -0.9981738521683319, 0.0, 0.0, 0.0, 0.0, 0.0, 0.0, 0.0, 0.0, 0.0, 0.0, 0.0, 0.0, 0.0, 0.0, 0.0, 0.0, 0.0, 0.0, 0.0, 0.0, 0.0, 0.0, 0.0, 0.0, 0.0, 0.0]","[9, 22]"
kdv,400×601,0.5,137.22869117162054,120,WSINDy,0.03443788847433518,0.0384828264410364,True,True,2,0,0,1.0,1.0,1.0,1.0,True,MSTLS support stable,4,0.00980204198276624,0.13256983397877775,"[0.0, 0.0, 0.0, 0.0, 0.0, 0.0, 0.0, 0.0, 0.0, -0.5012378498788241, 0.0, 0.0, 0.0, 0.0, 0.0, 0.0, 0.0, 0.0, 0.0, 0.0, 0.0, 0.0, -1.0384828264410364, 0.0, 0.0, 0.0, 0.0, 0.0, 0.0, 0.0, 0.0, 0.0, 0.0, 0.0, 0.0, 0.0, 0.0, 0.0, 0.0, 0.0, 0.0, 0.0, 0.0, 0.0, 0.0, 0.0, 0.0, 0.0, 0.0]","[9, 22]"
kdv,400×601,0.5,137.22869117162054,121,WSINDy,0.01368711306967941,0.015302220746072681,True,True,2,0,0,1.0,1.0,1.0,1.0,True,MSTLS support stable,4,0.010669041017536074,0.13346283201826736,"[0.0, 0.0, 0.0, 0.0, 0.0, 0.0, 0.0, 0.0, 0.0, -0.49988436926792995, 0.0, 0.0, 0.0, 0.0, 0.0, 0.0, 0.0, 0.0, 0.0, 0.0, 0.0, 0.0, -1.0153022207460727, 0.0, 0.0, 0.0, 0.0, 0.0, 0.0, 0.0, 0.0, 0.0, 0.0, 0.0, 0.0, 0.0, 0.0, 0.0, 0.0, 0.0, 0.0, 0.0, 0.0, 0.0, 0.0, 0.0, 0.0, 0.0, 0.0]","[9, 22]"
kdv,400×601,0.5,137.22869117162054,122,WSINDy,0.007289405520735337,0.008131409073155904,True,True,2,0,0,1.0,1.0,1.0,1.0,True,MSTLS support stable,3,0.009957333997590467,0.13192433398216963,"[0.0, 0.0, 0.0, 0.0, 0.0, 0.0, 0.0, 0.0, 0.0, -0.4994527545869024, 0.0, 0.0, 0.0, 0.0, 0.0, 0.0, 0.0, 0.0, 0.0, 0.0, 0.0, 0.0, -0.9918685909268441, 0.0, 0.0, 0.0, 0.0, 0.0, 0.0, 0.0, 0.0, 0.0, 0.0, 0.0, 0.0, 0.0, 0.0, 0.0, 0.0, 0.0, 0.0, 0.0, 0.0, 0.0, 0.0, 0.0, 0.0, 0.0, 0.0]","[9, 22]"
kdv,400×601,0.5,137.22869117162054,123,WSINDy,0.014617779675020823,0.016342411813516367,True,True,2,0,0,1.0,1.0,1.0,1.0,True,MSTLS support stable,4,0.01095895899925381,0.1340395839943085,"[0.0, 0.0, 0.0, 0.0, 0.0, 0.0, 0.0, 0.0, 0.0, -0.5001578904739228, 0.0, 0.0, 0.0, 0.0, 0.0, 0.0, 0.0, 0.0, 0.0, 0.0, 0.0, 0.0, -0.9836575881864836, 0.0, 0.0, 0.0, 0.0, 0.0, 0.0, 0.0, 0.0, 0.0, 0.0, 0.0, 0.0, 0.0, 0.0, 0.0, 0.0, 0.0, 0.0, 0.0, 0.0, 0.0, 0.0, 0.0, 0.0, 0.0, 0.0]","[9, 22]"
kdv,400×601,0.5,137.22869117162054,124,WSINDy,0.024992322638612292,0.02793893327784258,True,True,2,0,0,1.0,1.0,1.0,1.0,True,MSTLS support stable,4,0.010144166997633874,0.1358402919722721,"[0.0, 0.0, 0.0, 0.0, 0.0, 0.0, 0.0, 0.0, 0.0, -0.5004315621471769, 0.0, 0.0, 0.0, 0.0, 0.0, 0.0, 0.0, 0.0, 0.0, 0.0, 0.0, 0.0, -1.0279389332778426, 0.0, 0.0, 0.0, 0.0, 0.0, 0.0, 0.0, 0.0, 0.0, 0.0, 0.0, 0.0, 0.0, 0.0, 0.0, 0.0, 0.0, 0.0, 0.0, 0.0, 0.0, 0.0, 0.0, 0.0, 0.0, 0.0]","[9, 22]"
kdv,400×601,0.5,137.22869117162054,125,WSINDy,0.0023682769036061763,0.002644444089280218,True,True,2,0,0,1.0,1.0,1.0,1.0,True,MSTLS support stable,4,0.010952499986160547,0.13499595897155814,"[0.0, 0.0, 0.0, 0.0, 0.0, 0.0, 0.0, 0.0, 0.0, -0.4998664529151797, 0.0, 0.0, 0.0, 0.0, 0.0, 0.0, 0.0, 0.0, 0.0, 0.0, 0.0, 0.0, -0.9973555559107198, 0.0, 0.0, 0.0, 0.0, 0.0, 0.0, 0.0, 0.0, 0.0, 0.0, 0.0, 0.0, 0.0, 0.0, 0.0, 0.0, 0.0, 0.0, 0.0, 0.0, 0.0, 0.0, 0.0, 0.0, 0.0, 0.0]","[9, 22]"
kdv,400×601,0.5,137.22869117162054,126,WSINDy,0.007355055164060076,0.00807588896418987,True,True,2,0,0,1.0,1.0,1.0,1.0,True,MSTLS support stable,4,0.010639832995366305,0.132817374978913,"[0.0, 0.0, 0.0, 0.0, 0.0, 0.0, 0.0, 0.0, 0.0, -0.4984504636109356, 0.0, 0.0, 0.0, 0.0, 0.0, 0.0, 0.0, 0.0, 0.0, 0.0, 0.0, 0.0, -0.9919241110358101, 0.0, 0.0, 0.0, 0.0, 0.0, 0.0, 0.0, 0.0, 0.0, 0.0, 0.0, 0.0, 0.0, 0.0, 0.0, 0.0, 0.0, 0.0, 0.0, 0.0, 0.0, 0.0, 0.0, 0.0, 0.0, 0.0]","[9, 22]"
kdv,400×601,0.5,137.22869117162054,127,WSINDy,0.011028504510242147,0.012319229593154901,True,True,2,0,0,1.0,1.0,1.0,1.0,True,MSTLS support stable,4,0.01026304200058803,0.13429475101293065,"[0.0, 0.0, 0.0, 0.0, 0.0, 0.0, 0.0, 0.0, 0.0, -0.49947897034952343, 0.0, 0.0, 0.0, 0.0, 0.0, 0.0, 0.0, 0.0, 0.0, 0.0, 0.0, 0.0, -0.9876807704068451, 0.0, 0.0, 0.0, 0.0, 0.0, 0.0, 0.0, 0.0, 0.0, 0.0, 0.0, 0.0, 0.0, 0.0, 0.0, 0.0, 0.0, 0.0, 0.0, 0.0, 0.0, 0.0, 0.0, 0.0, 0.0, 0.0]","[9, 22]"
kdv,400×601,0.5,137.22869117162054,128,WSINDy,0.018908942620682694,0.021133164208121058,True,True,2,0,0,1.0,1.0,1.0,1.0,True,MSTLS support stable,4,0.010144124971702695,0.1320094589900691,"[0.0, 0.0, 0.0, 0.0, 0.0, 0.0, 0.0, 0.0, 0.0, -0.49943034278471243, 0.0, 0.0, 0.0, 0.0, 0.0, 0.0, 0.0, 0.0, 0.0, 0.0, 0.0, 0.0, -0.9788668357918789, 0.0, 0.0, 0.0, 0.0, 0.0, 0.0, 0.0, 0.0, 0.0, 0.0, 0.0, 0.0, 0.0, 0.0, 0.0, 0.0, 0.0, 0.0, 0.0, 0.0, 0.0, 0.0, 0.0, 0.0, 0.0, 0.0]","[9, 22]"
kdv,400×601,0.5,137.22869117162054,129,WSINDy,0.01165065233110042,0.012956175419625238,True,True,2,0,0,1.0,1.0,1.0,1.0,True,MSTLS support stable,5,0.011010499991243705,0.13495283399242908,"[0.0, 0.0, 0.0, 0.0, 0.0, 0.0, 0.0, 0.0, 0.0, -0.5013452297837613, 0.0, 0.0, 0.0, 0.0, 0.0, 0.0, 0.0, 0.0, 0.0, 0.0, 0.0, 0.0, -1.0129561754196252, 0.0, 0.0, 0.0, 0.0, 0.0, 0.0, 0.0, 0.0, 0.0, 0.0, 0.0, 0.0, 0.0, 0.0, 0.0, 0.0, 0.0, 0.0, 0.0, 0.0, 0.0, 0.0, 0.0, 0.0, 0.0, 0.0]","[9, 22]"
kdv,400×601,0.5,137.22869117162054,130,WSINDy,0.034208067945931196,0.03821473757730853,True,True,2,0,0,1.0,1.0,1.0,1.0,True,MSTLS support stable,4,0.011397541995393112,0.13439183399896137,"[0.0, 0.0, 0.0, 0.0, 0.0, 0.0, 0.0, 0.0, 0.0, -0.501540689014451, 0.0, 0.0, 0.0, 0.0, 0.0, 0.0, 0.0, 0.0, 0.0, 0.0, 0.0, 0.0, -1.0382147375773085, 0.0, 0.0, 0.0, 0.0, 0.0, 0.0, 0.0, 0.0, 0.0, 0.0, 0.0, 0.0, 0.0, 0.0, 0.0, 0.0, 0.0, 0.0, 0.0, 0.0, 0.0, 0.0, 0.0, 0.0, 0.0, 0.0]","[9, 22]"
kdv,400×601,0.5,137.22869117162054,131,WSINDy,0.017231192579554806,0.019263340242931415,True,True,2,0,0,1.0,1.0,1.0,1.0,True,MSTLS support stable,4,0.010801459022331983,0.13349095903686248,"[0.0, 0.0, 0.0, 0.0, 0.0, 0.0, 0.0, 0.0, 0.0, -0.499742667865998, 0.0, 0.0, 0.0, 0.0, 0.0, 0.0, 0.0, 0.0, 0.0, 0.0, 0.0, 0.0, -1.0192633402429314, 0.0, 0.0, 0.0, 0.0, 0.0, 0.0, 0.0, 0.0, 0.0, 0.0, 0.0, 0.0, 0.0, 0.0, 0.0, 0.0, 0.0, 0.0, 0.0, 0.0, 0.0, 0.0, 0.0, 0.0, 0.0, 0.0]","[9, 22]"
kdv,400×601,0.5,137.22869117162054,132,WSINDy,0.02949791413547783,0.03297192781777558,True,True,2,0,0,1.0,1.0,1.0,1.0,True,MSTLS support stable,5,0.009970457991585135,0.13517466699704528,"[0.0, 0.0, 0.0, 0.0, 0.0, 0.0, 0.0, 0.0, 0.0, -0.5007145970259002, 0.0, 0.0, 0.0, 0.0, 0.0, 0.0, 0.0, 0.0, 0.0, 0.0, 0.0, 0.0, -1.0329719278177756, 0.0, 0.0, 0.0, 0.0, 0.0, 0.0, 0.0, 0.0, 0.0, 0.0, 0.0, 0.0, 0.0, 0.0, 0.0, 0.0, 0.0, 0.0, 0.0, 0.0, 0.0, 0.0, 0.0, 0.0, 0.0, 0.0]","[9, 22]"
kdv,400×601,0.5,137.22869117162054,133,WSINDy,0.02470831870861913,0.027617851460499887,True,True,2,0,0,1.0,1.0,1.0,1.0,True,MSTLS support stable,5,0.00991666698246263,0.13207145797787234,"[0.0, 0.0, 0.0, 0.0, 0.0, 0.0, 0.0, 0.0, 0.0, -0.5006168852925276, 0.0, 0.0, 0.0, 0.0, 0.0, 0.0, 0.0, 0.0, 0.0, 0.0, 0.0, 0.0, -1.0276178514604999, 0.0, 0.0, 0.0, 0.0, 0.0, 0.0, 0.0, 0.0, 0.0, 0.0, 0.0, 0.0, 0.0, 0.0, 0.0, 0.0, 0.0, 0.0, 0.0, 0.0, 0.0, 0.0, 0.0, 0.0, 0.0, 0.0]","[9, 22]"
kdv,400×601,0.5,137.22869117162054,134,WSINDy,0.03088206827092354,0.03450649933133565,True,True,2,0,0,1.0,1.0,1.0,1.0,True,MSTLS support stable,3,0.00975220900727436,0.13364266802091151,"[0.0, 0.0, 0.0, 0.0, 0.0, 0.0, 0.0, 0.0, 0.0, -0.4988045169348709, 0.0, 0.0, 0.0, 0.0, 0.0, 0.0, 0.0, 0.0, 0.0, 0.0, 0.0, 0.0, -0.9654935006686644, 0.0, 0.0, 0.0, 0.0, 0.0, 0.0, 0.0, 0.0, 0.0, 0.0, 0.0, 0.0, 0.0, 0.0, 0.0, 0.0, 0.0, 0.0, 0.0, 0.0, 0.0, 0.0, 0.0, 0.0, 0.0, 0.0]","[9, 22]"
kdv,400×601,0.5,137.22869117162054,135,WSINDy,0.018339940599088354,0.020493422025154584,True,True,2,0,0,1.0,1.0,1.0,1.0,True,MSTLS support stable,4,0.009395083005074412,0.13245866599027067,"[0.0, 0.0, 0.0, 0.0, 0.0, 0.0, 0.0, 0.0, 0.0, -0.4993207134834838, 0.0, 0.0, 0.0, 0.0, 0.0, 0.0, 0.0, 0.0, 0.0, 0.0, 0.0, 0.0, -0.9795065779748454, 0.0, 0.0, 0.0, 0.0, 0.0, 0.0, 0.0, 0.0, 0.0, 0.0, 0.0, 0.0, 0.0, 0.0, 0.0, 0.0, 0.0, 0.0, 0.0, 0.0, 0.0, 0.0, 0.0, 0.0, 0.0, 0.0]","[9, 22]"
kdv,400×601,0.5,137.22869117162054,136,WSINDy,0.02460184033620044,0.02749520703424746,True,True,2,0,0,1.0,1.0,1.0,1.0,True,MSTLS support stable,4,0.010289041994838044,0.1310660830058623,"[0.0, 0.0, 0.0, 0.0, 0.0, 0.0, 0.0, 0.0, 0.0, -0.49924054292172454, 0.0, 0.0, 0.0, 0.0, 0.0, 0.0, 0.0, 0.0, 0.0, 0.0, 0.0, 0.0, -0.9725047929657525, 0.0, 0.0, 0.0, 0.0, 0.0, 0.0, 0.0, 0.0, 0.0, 0.0, 0.0, 0.0, 0.0, 0.0, 0.0, 0.0, 0.0, 0.0, 0.0, 0.0, 0.0, 0.0, 0.0, 0.0, 0.0, 0.0]","[9, 22]"
kdv,400×601,0.5,137.22869117162054,137,WSINDy,0.023086914491990844,0.025774159932522522,True,True,2,0,0,1.0,1.0,1.0,1.0,True,MSTLS support stable,4,0.010133625008165836,0.13109679202898405,"[0.0, 0.0, 0.0, 0.0, 0.0, 0.0, 0.0, 0.0, 0.0, -0.498603681367534, 0.0, 0.0, 0.0, 0.0, 0.0, 0.0, 0.0, 0.0, 0.0, 0.0, 0.0, 0.0, -0.9742258400674775, 0.0, 0.0, 0.0, 0.0, 0.0, 0.0, 0.0, 0.0, 0.0, 0.0, 0.0, 0.0, 0.0, 0.0, 0.0, 0.0, 0.0, 0.0, 0.0, 0.0, 0.0, 0.0, 0.0, 0.0, 0.0, 0.0]","[9, 22]"
kdv,400×601,0.5,137.22869117162054,138,WSINDy,0.01746520225721331,0.019479469593330245,True,True,2,0,0,1.0,1.0,1.0,1.0,True,MSTLS support stable,4,0.010157832992263138,0.13306383296730928,"[0.0, 0.0, 0.0, 0.0, 0.0, 0.0, 0.0, 0.0, 0.0, -0.5013571575882091, 0.0, 0.0, 0.0, 0.0, 0.0, 0.0, 0.0, 0.0, 0.0, 0.0, 0.0, 0.0, -1.0194794695933302, 0.0, 0.0, 0.0, 0.0, 0.0, 0.0, 0.0, 0.0, 0.0, 0.0, 0.0, 0.0, 0.0, 0.0, 0.0, 0.0, 0.0, 0.0, 0.0, 0.0, 0.0, 0.0, 0.0, 0.0, 0.0, 0.0]","[9, 22]"
kdv,400×601,0.5,137.22869117162054,139,WSINDy,0.009726972093893529,0.010744192522236462,True,True,2,0,0,1.0,1.0,1.0,1.0,True,MSTLS support stable,4,0.010861832997761667,0.13567920800414868,"[0.0, 0.0, 0.0, 0.0, 0.0, 0.0, 0.0, 0.0, 0.0, -0.49831779618079514, 0.0, 0.0, 0.0, 0.0, 0.0, 0.0, 0.0, 0.0, 0.0, 0.0, 0.0, 0.0, -0.9892558074777635, 0.0, 0.0, 0.0, 0.0, 0.0, 0.0, 0.0, 0.0, 0.0, 0.0, 0.0, 0.0, 0.0, 0.0, 0.0, 0.0, 0.0, 0.0, 0.0, 0.0, 0.0, 0.0, 0.0, 0.0, 0.0, 0.0]","[9, 22]"
kdv,400×601,0.5,137.22869117162054,140,WSINDy,0.02044642986074011,0.022701715341720163,True,True,2,0,0,1.0,1.0,1.0,1.0,True,MSTLS support stable,3,0.009069708990864456,0.13494812601129524,"[0.0, 0.0, 0.0, 0.0, 0.0, 0.0, 0.0, 0.0, 0.0, -0.5026837917404697, 0.0, 0.0, 0.0, 0.0, 0.0, 0.0, 0.0, 0.0, 0.0, 0.0, 0.0, 0.0, -1.0227017153417202, 0.0, 0.0, 0.0, 0.0, 0.0, 0.0, 0.0, 0.0, 0.0, 0.0, 0.0, 0.0, 0.0, 0.0, 0.0, 0.0, 0.0, 0.0, 0.0, 0.0, 0.0, 0.0, 0.0, 0.0, 0.0, 0.0]","[9, 22]"
kdv,400×601,0.5,137.22869117162054,141,WSINDy,0.0216603750741397,0.024208026015107853,True,True,2,0,0,1.0,1.0,1.0,1.0,True,MSTLS support stable,5,0.010738291981397197,0.1341273750003893,"[0.0, 0.0, 0.0, 0.0, 0.0, 0.0, 0.0, 0.0, 0.0, -0.49933947983196797, 0.0, 0.0, 0.0, 0.0, 0.0, 0.0, 0.0, 0.0, 0.0, 0.0, 0.0, 0.0, -1.0242080260151079, 0.0, 0.0, 0.0, 0.0, 0.0, 0.0, 0.0, 0.0, 0.0, 0.0, 0.0, 0.0, 0.0, 0.0, 0.0, 0.0, 0.0, 0.0, 0.0, 0.0, 0.0, 0.0, 0.0, 0.0, 0.0, 0.0]","[9, 22]"
kdv,400×601,0.5,137.22869117162054,142,WSINDy,0.01268819607244879,0.014182509461795778,True,True,2,0,0,1.0,1.0,1.0,1.0,True,MSTLS support stable,4,0.010213792003924027,0.13218216699897312,"[0.0, 0.0, 0.0, 0.0, 0.0, 0.0, 0.0, 0.0, 0.0, -0.500307123480386, 0.0, 0.0, 0.0, 0.0, 0.0, 0.0, 0.0, 0.0, 0.0, 0.0, 0.0, 0.0, -0.9858174905382042, 0.0, 0.0, 0.0, 0.0, 0.0, 0.0, 0.0, 0.0, 0.0, 0.0, 0.0, 0.0, 0.0, 0.0, 0.0, 0.0, 0.0, 0.0, 0.0, 0.0, 0.0, 0.0, 0.0, 0.0, 0.0, 0.0]","[9, 22]"
kdv,400×601,0.5,137.22869117162054,143,WSINDy,0.06657021941924675,0.07440672785519886,True,True,2,0,0,1.0,1.0,1.0,1.0,True,MSTLS support stable,4,0.010544124990701675,0.13162137498147786,"[0.0, 0.0, 0.0, 0.0, 0.0, 0.0, 0.0, 0.0, 0.0, -0.4982303978439506, 0.0, 0.0, 0.0, 0.0, 0.0, 0.0, 0.0, 0.0, 0.0, 0.0, 0.0, 0.0, -0.9255932721448011, 0.0, 0.0, 0.0, 0.0, 0.0, 0.0, 0.0, 0.0, 0.0, 0.0, 0.0, 0.0, 0.0, 0.0, 0.0, 0.0, 0.0, 0.0, 0.0, 0.0, 0.0, 0.0, 0.0, 0.0, 0.0, 0.0]","[9, 22]"
kdv,400×601,0.5,137.22869117162054,144,WSINDy,0.0004813257804190274,0.001071165914147465,True,True,2,0,0,1.0,1.0,1.0,1.0,True,MSTLS support stable,4,0.010495166992768645,0.13434508300269954,"[0.0, 0.0, 0.0, 0.0, 0.0, 0.0, 0.0, 0.0, 0.0, -0.49946441704292627, 0.0, 0.0, 0.0, 0.0, 0.0, 0.0, 0.0, 0.0, 0.0, 0.0, 0.0, 0.0, -0.9999476165129823, 0.0, 0.0, 0.0, 0.0, 0.0, 0.0, 0.0, 0.0, 0.0, 0.0, 0.0, 0.0, 0.0, 0.0, 0.0, 0.0, 0.0, 0.0, 0.0, 0.0, 0.0, 0.0, 0.0, 0.0, 0.0, 0.0]","[9, 22]"
kdv,400×601,0.5,137.22869117162054,145,WSINDy,0.025382217417720558,0.02837392676815831,True,True,2,0,0,1.0,1.0,1.0,1.0,True,MSTLS support stable,5,0.010386416979599744,0.13321620898204856,"[0.0, 0.0, 0.0, 0.0, 0.0, 0.0, 0.0, 0.0, 0.0, -0.5004914072198651, 0.0, 0.0, 0.0, 0.0, 0.0, 0.0, 0.0, 0.0, 0.0, 0.0, 0.0, 0.0, -0.9716260732318417, 0.0, 0.0, 0.0, 0.0, 0.0, 0.0, 0.0, 0.0, 0.0, 0.0, 0.0, 0.0, 0.0, 0.0, 0.0, 0.0, 0.0, 0.0, 0.0, 0.0, 0.0, 0.0, 0.0, 0.0, 0.0, 0.0]","[9, 22]"
kdv,400×601,0.5,137.22869117162054,146,WSINDy,0.03809154707125315,0.04258524665834651,True,True,2,0,0,1.0,1.0,1.0,1.0,True,MSTLS support stable,4,0.011313958006212488,0.13258974999189377,"[0.0, 0.0, 0.0, 0.0, 0.0, 0.0, 0.0, 0.0, 0.0, -0.5004519014269233, 0.0, 0.0, 0.0, 0.0, 0.0, 0.0, 0.0, 0.0, 0.0, 0.0, 0.0, 0.0, -1.0425852466583465, 0.0, 0.0, 0.0, 0.0, 0.0, 0.0, 0.0, 0.0, 0.0, 0.0, 0.0, 0.0, 0.0, 0.0, 0.0, 0.0, 0.0, 0.0, 0.0, 0.0, 0.0, 0.0, 0.0, 0.0, 0.0, 0.0]","[9, 22]"
kdv,400×601,0.5,137.22869117162054,147,WSINDy,0.010351343502868714,0.011544362110085138,True,True,2,0,0,1.0,1.0,1.0,1.0,True,MSTLS support stable,4,0.009758291998878121,0.1327556670003105,"[0.0, 0.0, 0.0, 0.0, 0.0, 0.0, 0.0, 0.0, 0.0, -0.5008158393617671, 0.0, 0.0, 0.0, 0.0, 0.0, 0.0, 0.0, 0.0, 0.0, 0.0, 0.0, 0.0, -0.9884556378899149, 0.0, 0.0, 0.0, 0.0, 0.0, 0.0, 0.0, 0.0, 0.0, 0.0, 0.0, 0.0, 0.0, 0.0, 0.0, 0.0, 0.0, 0.0, 0.0, 0.0, 0.0, 0.0, 0.0, 0.0, 0.0, 0.0]","[9, 22]"
kdv,400×601,0.5,137.22869117162054,148,WSINDy,0.01387221363926723,0.015397175083019854,True,True,2,0,0,1.0,1.0,1.0,1.0,True,MSTLS support stable,4,0.010356125014368445,0.1363198330218438,"[0.0, 0.0, 0.0, 0.0, 0.0, 0.0, 0.0, 0.0, 0.0, -0.4981358947106796, 0.0, 0.0, 0.0, 0.0, 0.0, 0.0, 0.0, 0.0, 0.0, 0.0, 0.0, 0.0, -0.9846028249169801, 0.0, 0.0, 0.0, 0.0, 0.0, 0.0, 0.0, 0.0, 0.0, 0.0, 0.0, 0.0, 0.0, 0.0, 0.0, 0.0, 0.0, 0.0, 0.0, 0.0, 0.0, 0.0, 0.0, 0.0, 0.0, 0.0]","[9, 22]"
kdv,400×601,0.5,137.22869117162054,149,WSINDy,0.020748622908308565,0.023196984122040187,True,True,2,0,0,1.0,1.0,1.0,1.0,True,MSTLS support stable,4,0.010864209005376324,0.13181104298564605,"[0.0, 0.0, 0.0, 0.0, 0.0, 0.0, 0.0, 0.0, 0.0, -0.49982218441913256, 0.0, 0.0, 0.0, 0.0, 0.0, 0.0, 0.0, 0.0, 0.0, 0.0, 0.0, 0.0, -0.9768030158779598, 0.0, 0.0, 0.0, 0.0, 0.0, 0.0, 0.0, 0.0, 0.0, 0.0, 0.0, 0.0, 0.0, 0.0, 0.0, 0.0, 0.0, 0.0, 0.0, 0.0, 0.0, 0.0, 0.0, 0.0, 0.0, 0.0]","[9, 22]"
kdv,400×601,0.5,137.22869117162054,150,WSINDy,0.02478052166229894,0.02770123303118255,True,True,2,0,0,1.0,1.0,1.0,1.0,True,MSTLS support stable,5,0.009941124997567385,0.1325654999818653,"[0.0, 0.0, 0.0, 0.0, 0.0, 0.0, 0.0, 0.0, 0.0, -0.49951574193687176, 0.0, 0.0, 0.0, 0.0, 0.0, 0.0, 0.0, 0.0, 0.0, 0.0, 0.0, 0.0, -0.9722987669688175, 0.0, 0.0, 0.0, 0.0, 0.0, 0.0, 0.0, 0.0, 0.0, 0.0, 0.0, 0.0, 0.0, 0.0, 0.0, 0.0, 0.0, 0.0, 0.0, 0.0, 0.0, 0.0, 0.0, 0.0, 0.0, 0.0]","[9, 22]"
kdv,400×601,0.5,137.22869117162054,151,WSINDy,0.021682670836838447,0.02420879373778262,True,True,2,0,0,1.0,1.0,1.0,1.0,True,MSTLS support stable,5,0.010417457990115508,0.1341404159902595,"[0.0, 0.0, 0.0, 0.0, 0.0, 0.0, 0.0, 0.0, 0.0, -0.5012677042379249, 0.0, 0.0, 0.0, 0.0, 0.0, 0.0, 0.0, 0.0, 0.0, 0.0, 0.0, 0.0, -1.0242087937377826, 0.0, 0.0, 0.0, 0.0, 0.0, 0.0, 0.0, 0.0, 0.0, 0.0, 0.0, 0.0, 0.0, 0.0, 0.0, 0.0, 0.0, 0.0, 0.0, 0.0, 0.0, 0.0, 0.0, 0.0, 0.0, 0.0]","[9, 22]"
kdv,400×601,0.5,137.22869117162054,152,WSINDy,0.005920295239738626,0.006599673971903641,True,True,2,0,0,1.0,1.0,1.0,1.0,True,MSTLS support stable,3,0.00985779199982062,0.13072037501842715,"[0.0, 0.0, 0.0, 0.0, 0.0, 0.0, 0.0, 0.0, 0.0, -0.500506629175697, 0.0, 0.0, 0.0, 0.0, 0.0, 0.0, 0.0, 0.0, 0.0, 0.0, 0.0, 0.0, -0.9934003260280964, 0.0, 0.0, 0.0, 0.0, 0.0, 0.0, 0.0, 0.0, 0.0, 0.0, 0.0, 0.0, 0.0, 0.0, 0.0, 0.0, 0.0, 0.0, 0.0, 0.0, 0.0, 0.0, 0.0, 0.0, 0.0, 0.0]","[9, 22]"
kdv,400×601,0.5,137.22869117162054,153,WSINDy,0.012974075559581985,0.014483057816935485,True,True,2,0,0,1.0,1.0,1.0,1.0,True,MSTLS support stable,4,0.011615540977800265,0.133079581981292,"[0.0, 0.0, 0.0, 0.0, 0.0, 0.0, 0.0, 0.0, 0.0, -0.5008058114255098, 0.0, 0.0, 0.0, 0.0, 0.0, 0.0, 0.0, 0.0, 0.0, 0.0, 0.0, 0.0, -0.9855169421830645, 0.0, 0.0, 0.0, 0.0, 0.0, 0.0, 0.0, 0.0, 0.0, 0.0, 0.0, 0.0, 0.0, 0.0, 0.0, 0.0, 0.0, 0.0, 0.0, 0.0, 0.0, 0.0, 0.0, 0.0, 0.0, 0.0]","[9, 22]"
kdv,400×601,0.5,137.22869117162054,154,WSINDy,0.004916613492605512,0.005496814716899778,True,True,2,0,0,1.0,1.0,1.0,1.0,True,MSTLS support stable,4,0.010371083015343174,0.13139558301190846,"[0.0, 0.0, 0.0, 0.0, 0.0, 0.0, 0.0, 0.0, 0.0, -0.5000372593969654, 0.0, 0.0, 0.0, 0.0, 0.0, 0.0, 0.0, 0.0, 0.0, 0.0, 0.0, 0.0, -0.9945031852831002, 0.0, 0.0, 0.0, 0.0, 0.0, 0.0, 0.0, 0.0, 0.0, 0.0, 0.0, 0.0, 0.0, 0.0, 0.0, 0.0, 0.0, 0.0, 0.0, 0.0, 0.0, 0.0, 0.0, 0.0, 0.0, 0.0]","[9, 22]"
kdv,400×601,0.5,137.22869117162054,155,WSINDy,3.3932027369360696,0.009566672261987264,True,False,2,1,0,0.6666666666666666,1.0,0.8,0.6666666666666666,True,MSTLS support stable,5,0.010024540999438614,0.13354308300768025,"[0.0, 0.0, 0.0, 0.0, 0.0, 0.0, 0.0, 0.0, -3.7937036780124562, -0.49521666386900637, 0.0, 0.0, 0.0, 0.0, 0.0, 0.0, 0.0, 0.0, 0.0, 0.0, 0.0, 0.0, -0.991601156730598, 0.0, 0.0, 0.0, 0.0, 0.0, 0.0, 0.0, 0.0, 0.0, 0.0, 0.0, 0.0, 0.0, 0.0, 0.0, 0.0, 0.0, 0.0, 0.0, 0.0, 0.0, 0.0, 0.0, 0.0, 0.0, 0.0]","[8, 9, 22]"
kdv,400×601,0.5,137.22869117162054,156,WSINDy,0.00261287646056751,0.00291572525862005,True,True,2,0,0,1.0,1.0,1.0,1.0,True,MSTLS support stable,5,0.014114792022155598,0.13869683403754607,"[0.0, 0.0, 0.0, 0.0, 0.0, 0.0, 0.0, 0.0, 0.0, -0.5001801401231813, 0.0, 0.0, 0.0, 0.0, 0.0, 0.0, 0.0, 0.0, 0.0, 0.0, 0.0, 0.0, -1.00291572525862, 0.0, 0.0, 0.0, 0.0, 0.0, 0.0, 0.0, 0.0, 0.0, 0.0, 0.0, 0.0, 0.0, 0.0, 0.0, 0.0, 0.0, 0.0, 0.0, 0.0, 0.0, 0.0, 0.0, 0.0, 0.0, 0.0]","[9, 22]"
kdv,400×601,0.5,137.22869117162054,157,WSINDy,0.021997823894177523,0.024592796489701474,True,True,2,0,0,1.0,1.0,1.0,1.0,True,MSTLS support stable,4,0.009806916990783066,0.1332219169999007,"[0.0, 0.0, 0.0, 0.0, 0.0, 0.0, 0.0, 0.0, 0.0, -0.49972672190869694, 0.0, 0.0, 0.0, 0.0, 0.0, 0.0, 0.0, 0.0, 0.0, 0.0, 0.0, 0.0, -1.0245927964897015, 0.0, 0.0, 0.0, 0.0, 0.0, 0.0, 0.0, 0.0, 0.0, 0.0, 0.0, 0.0, 0.0, 0.0, 0.0, 0.0, 0.0, 0.0, 0.0, 0.0, 0.0, 0.0, 0.0, 0.0, 0.0, 0.0]","[9, 22]"
kdv,400×601,0.5,137.22869117162054,158,WSINDy,0.013944745212774914,0.015571849179902952,True,True,2,0,0,1.0,1.0,1.0,1.0,True,MSTLS support stable,5,0.01104562499676831,0.13454433297738433,"[0.0, 0.0, 0.0, 0.0, 0.0, 0.0, 0.0, 0.0, 0.0, -0.4992335719669357, 0.0, 0.0, 0.0, 0.0, 0.0, 0.0, 0.0, 0.0, 0.0, 0.0, 0.0, 0.0, -0.984428150820097, 0.0, 0.0, 0.0, 0.0, 0.0, 0.0, 0.0, 0.0, 0.0, 0.0, 0.0, 0.0, 0.0, 0.0, 0.0, 0.0, 0.0, 0.0, 0.0, 0.0, 0.0, 0.0, 0.0, 0.0, 0.0, 0.0]","[9, 22]"
kdv,400×601,0.5,137.22869117162054,159,WSINDy,0.02520062089938524,0.02813437499845195,True,True,2,0,0,1.0,1.0,1.0,1.0,True,MSTLS support stable,4,0.010396208002930507,0.13262779099750333,"[0.0, 0.0, 0.0, 0.0, 0.0, 0.0, 0.0, 0.0, 0.0, -0.49848472425293383, 0.0, 0.0, 0.0, 0.0, 0.0, 0.0, 0.0, 0.0, 0.0, 0.0, 0.0, 0.0, -0.971865625001548, 0.0, 0.0, 0.0, 0.0, 0.0, 0.0, 0.0, 0.0, 0.0, 0.0, 0.0, 0.0, 0.0, 0.0, 0.0, 0.0, 0.0, 0.0, 0.0, 0.0, 0.0, 0.0, 0.0, 0.0, 0.0, 0.0]","[9, 22]"
kdv,400×601,0.5,137.22869117162054,160,WSINDy,0.03022764871856132,0.03379488284915033,True,True,2,0,0,1.0,1.0,1.0,1.0,True,MSTLS support stable,3,0.010270208003930748,0.13151308300439268,"[0.0, 0.0, 0.0, 0.0, 0.0, 0.0, 0.0, 0.0, 0.0, -0.49978946015072584, 0.0, 0.0, 0.0, 0.0, 0.0, 0.0, 0.0, 0.0, 0.0, 0.0, 0.0, 0.0, -0.9662051171508497, 0.0, 0.0, 0.0, 0.0, 0.0, 0.0, 0.0, 0.0, 0.0, 0.0, 0.0, 0.0, 0.0, 0.0, 0.0, 0.0, 0.0, 0.0, 0.0, 0.0, 0.0, 0.0, 0.0, 0.0, 0.0, 0.0]","[9, 22]"
kdv,400×601,0.5,137.22869117162054,161,WSINDy,0.022320075128964948,0.024930768114272528,True,True,2,0,0,1.0,1.0,1.0,1.0,True,MSTLS support stable,4,0.010907124989898875,0.13430079200770706,"[0.0, 0.0, 0.0, 0.0, 0.0, 0.0, 0.0, 0.0, 0.0, -0.49890959024414133, 0.0, 0.0, 0.0, 0.0, 0.0, 0.0, 0.0, 0.0, 0.0, 0.0, 0.0, 0.0, -0.9750692318857275, 0.0, 0.0, 0.0, 0.0, 0.0, 0.0, 0.0, 0.0, 0.0, 0.0, 0.0, 0.0, 0.0, 0.0, 0.0, 0.0, 0.0, 0.0, 0.0, 0.0, 0.0, 0.0, 0.0, 0.0, 0.0, 0.0]","[9, 22]"
kdv,400×601,0.5,137.22869117162054,162,WSINDy,0.03573189540187872,0.03993443067373925,True,True,2,0,0,1.0,1.0,1.0,1.0,True,MSTLS support stable,4,0.010663291002856568,0.13142137401155196,"[0.0, 0.0, 0.0, 0.0, 0.0, 0.0, 0.0, 0.0, 0.0, -0.5010962130394296, 0.0, 0.0, 0.0, 0.0, 0.0, 0.0, 0.0, 0.0, 0.0, 0.0, 0.0, 0.0, -1.0399344306737393, 0.0, 0.0, 0.0, 0.0, 0.0, 0.0, 0.0, 0.0, 0.0, 0.0, 0.0, 0.0, 0.0, 0.0, 0.0, 0.0, 0.0, 0.0, 0.0, 0.0, 0.0, 0.0, 0.0, 0.0, 0.0, 0.0]","[9, 22]"
kdv,400×601,0.5,137.22869117162054,163,WSINDy,0.017181589996101053,0.019179696993326112,True,True,2,0,0,1.0,1.0,1.0,1.0,True,MSTLS support stable,3,0.010754125018138438,0.13205975003074855,"[0.0, 0.0, 0.0, 0.0, 0.0, 0.0, 0.0, 0.0, 0.0, -0.4989285445707604, 0.0, 0.0, 0.0, 0.0, 0.0, 0.0, 0.0, 0.0, 0.0, 0.0, 0.0, 0.0, -0.9808203030066739, 0.0, 0.0, 0.0, 0.0, 0.0, 0.0, 0.0, 0.0, 0.0, 0.0, 0.0, 0.0, 0.0, 0.0, 0.0, 0.0, 0.0, 0.0, 0.0, 0.0, 0.0, 0.0, 0.0, 0.0, 0.0, 0.0]","[9, 22]"
kdv,400×601,0.5,137.22869117162054,164,WSINDy,0.03212937231304663,0.035912323819210945,True,True,2,0,0,1.0,1.0,1.0,1.0,True,MSTLS support stable,3,0.009800458006793633,0.13311595798586495,"[0.0, 0.0, 0.0, 0.0, 0.0, 0.0, 0.0, 0.0, 0.0, -0.5008220124342693, 0.0, 0.0, 0.0, 0.0, 0.0, 0.0, 0.0, 0.0, 0.0, 0.0, 0.0, 0.0, -1.035912323819211, 0.0, 0.0, 0.0, 0.0, 0.0, 0.0, 0.0, 0.0, 0.0, 0.0, 0.0, 0.0, 0.0, 0.0, 0.0, 0.0, 0.0, 0.0, 0.0, 0.0, 0.0, 0.0, 0.0, 0.0, 0.0, 0.0]","[9, 22]"
kdv,400×601,0.5,137.22869117162054,165,WSINDy,0.031061132405445092,0.03469030693140018,True,True,2,0,0,1.0,1.0,1.0,1.0,True,MSTLS support stable,5,0.010321500012651086,0.13401141701615416,"[0.0, 0.0, 0.0, 0.0, 0.0, 0.0, 0.0, 0.0, 0.0, -0.5016046924599398, 0.0, 0.0, 0.0, 0.0, 0.0, 0.0, 0.0, 0.0, 0.0, 0.0, 0.0, 0.0, -1.0346903069314002, 0.0, 0.0, 0.0, 0.0, 0.0, 0.0, 0.0, 0.0, 0.0, 0.0, 0.0, 0.0, 0.0, 0.0, 0.0, 0.0, 0.0, 0.0, 0.0, 0.0, 0.0, 0.0, 0.0, 0.0, 0.0, 0.0]","[9, 22]"
kdv,400×601,0.5,137.22869117162054,166,WSINDy,0.01379594377900535,0.015421388491576815,True,True,2,0,0,1.0,1.0,1.0,1.0,True,MSTLS support stable,4,0.01005420897854492,0.13231070898473263,"[0.0, 0.0, 0.0, 0.0, 0.0, 0.0, 0.0, 0.0, 0.0, -0.49969857350198155, 0.0, 0.0, 0.0, 0.0, 0.0, 0.0, 0.0, 0.0, 0.0, 0.0, 0.0, 0.0, -0.9845786115084232, 0.0, 0.0, 0.0, 0.0, 0.0, 0.0, 0.0, 0.0, 0.0, 0.0, 0.0, 0.0, 0.0, 0.0, 0.0, 0.0, 0.0, 0.0, 0.0, 0.0, 0.0, 0.0, 0.0, 0.0, 0.0, 0.0]","[9, 22]"
kdv,400×601,0.5,137.22869117162054,167,WSINDy,0.0012468335893926084,0.0020355030245250427,True,True,2,0,0,1.0,1.0,1.0,1.0,True,MSTLS support stable,3,0.00989704200765118,0.1322238760185428,"[0.0, 0.0, 0.0, 0.0, 0.0, 0.0, 0.0, 0.0, 0.0, -0.4989822484877375, 0.0, 0.0, 0.0, 0.0, 0.0, 0.0, 0.0, 0.0, 0.0, 0.0, 0.0, 0.0, -0.9990474117579802, 0.0, 0.0, 0.0, 0.0, 0.0, 0.0, 0.0, 0.0, 0.0, 0.0, 0.0, 0.0, 0.0, 0.0, 0.0, 0.0, 0.0, 0.0, 0.0, 0.0, 0.0, 0.0, 0.0, 0.0, 0.0, 0.0]","[9, 22]"
kdv,400×601,0.5,137.22869117162054,168,WSINDy,0.019466902092917876,0.021566920053696426,True,True,2,0,0,1.0,1.0,1.0,1.0,True,MSTLS support stable,4,0.011019458004739136,0.13507312501315027,"[0.0, 0.0, 0.0, 0.0, 0.0, 0.0, 0.0, 0.0, 0.0, -0.4970728331502065, 0.0, 0.0, 0.0, 0.0, 0.0, 0.0, 0.0, 0.0, 0.0, 0.0, 0.0, 0.0, -0.9784330799463036, 0.0, 0.0, 0.0, 0.0, 0.0, 0.0, 0.0, 0.0, 0.0, 0.0, 0.0, 0.0, 0.0, 0.0, 0.0, 0.0, 0.0, 0.0, 0.0, 0.0, 0.0, 0.0, 0.0, 0.0, 0.0, 0.0]","[9, 22]"
kdv,400×601,0.5,137.22869117162054,169,WSINDy,0.0033260305668723856,0.003713362479283999,True,True,2,0,0,1.0,1.0,1.0,1.0,True,MSTLS support stable,4,0.010668959002941847,0.1354470840014983,"[0.0, 0.0, 0.0, 0.0, 0.0, 0.0, 0.0, 0.0, 0.0, -0.49980241897318417, 0.0, 0.0, 0.0, 0.0, 0.0, 0.0, 0.0, 0.0, 0.0, 0.0, 0.0, 0.0, -1.003713362479284, 0.0, 0.0, 0.0, 0.0, 0.0, 0.0, 0.0, 0.0, 0.0, 0.0, 0.0, 0.0, 0.0, 0.0, 0.0, 0.0, 0.0, 0.0, 0.0, 0.0, 0.0, 0.0, 0.0, 0.0, 0.0, 0.0]","[9, 22]"
kdv,400×601,0.5,137.22869117162054,170,WSINDy,0.04193457302729951,0.04687810506754686,True,True,2,0,0,1.0,1.0,1.0,1.0,True,MSTLS support stable,5,0.010477917006937787,0.1343534589977935,"[0.0, 0.0, 0.0, 0.0, 0.0, 0.0, 0.0, 0.0, 0.0, -0.5007607785508491, 0.0, 0.0, 0.0, 0.0, 0.0, 0.0, 0.0, 0.0, 0.0, 0.0, 0.0, 0.0, -1.0468781050675469, 0.0, 0.0, 0.0, 0.0, 0.0, 0.0, 0.0, 0.0, 0.0, 0.0, 0.0, 0.0, 0.0, 0.0, 0.0, 0.0, 0.0, 0.0, 0.0, 0.0, 0.0, 0.0, 0.0, 0.0, 0.0, 0.0]","[9, 22]"
kdv,400×601,0.5,137.22869117162054,171,WSINDy,0.014797847971596549,0.016411809894783858,True,True,2,0,0,1.0,1.0,1.0,1.0,True,MSTLS support stable,4,0.010014416999183595,0.1369719589711167,"[0.0, 0.0, 0.0, 0.0, 0.0, 0.0, 0.0, 0.0, 0.0, -0.5020911424426805, 0.0, 0.0, 0.0, 0.0, 0.0, 0.0, 0.0, 0.0, 0.0, 0.0, 0.0, 0.0, -1.0164118098947839, 0.0, 0.0, 0.0, 0.0, 0.0, 0.0, 0.0, 0.0, 0.0, 0.0, 0.0, 0.0, 0.0, 0.0, 0.0, 0.0, 0.0, 0.0, 0.0, 0.0, 0.0, 0.0, 0.0, 0.0, 0.0, 0.0]","[9, 22]"
kdv,400×601,0.5,137.22869117162054,172,WSINDy,0.012047953072363834,0.013372038804619457,True,True,2,0,0,1.0,1.0,1.0,1.0,True,MSTLS support stable,4,0.01026745798299089,0.13751662499271333,"[0.0, 0.0, 0.0, 0.0, 0.0, 0.0, 0.0, 0.0, 0.0, -0.5016217412710118, 0.0, 0.0, 0.0, 0.0, 0.0, 0.0, 0.0, 0.0, 0.0, 0.0, 0.0, 0.0, -1.0133720388046195, 0.0, 0.0, 0.0, 0.0, 0.0, 0.0, 0.0, 0.0, 0.0, 0.0, 0.0, 0.0, 0.0, 0.0, 0.0, 0.0, 0.0, 0.0, 0.0, 0.0, 0.0, 0.0, 0.0, 0.0, 0.0, 0.0]","[9, 22]"
kdv,400×601,0.5,137.22869117162054,173,WSINDy,0.016356141774625396,0.01826248358511995,True,True,2,0,0,1.0,1.0,1.0,1.0,True,MSTLS support stable,4,0.011503000016091391,0.1359117500251159,"[0.0, 0.0, 0.0, 0.0, 0.0, 0.0, 0.0, 0.0, 0.0, -0.5009412281831639, 0.0, 0.0, 0.0, 0.0, 0.0, 0.0, 0.0, 0.0, 0.0, 0.0, 0.0, 0.0, -1.01826248358512, 0.0, 0.0, 0.0, 0.0, 0.0, 0.0, 0.0, 0.0, 0.0, 0.0, 0.0, 0.0, 0.0, 0.0, 0.0, 0.0, 0.0, 0.0, 0.0, 0.0, 0.0, 0.0, 0.0, 0.0, 0.0, 0.0]","[9, 22]"
kdv,400×601,0.5,137.22869117162054,174,WSINDy,0.01626493496728107,0.018160665844118462,True,True,2,0,0,1.0,1.0,1.0,1.0,True,MSTLS support stable,4,0.011198124993825331,0.13691012500203215,"[0.0, 0.0, 0.0, 0.0, 0.0, 0.0, 0.0, 0.0, 0.0, -0.49906439700694033, 0.0, 0.0, 0.0, 0.0, 0.0, 0.0, 0.0, 0.0, 0.0, 0.0, 0.0, 0.0, -0.9818393341558815, 0.0, 0.0, 0.0, 0.0, 0.0, 0.0, 0.0, 0.0, 0.0, 0.0, 0.0, 0.0, 0.0, 0.0, 0.0, 0.0, 0.0, 0.0, 0.0, 0.0, 0.0, 0.0, 0.0, 0.0, 0.0, 0.0]","[9, 22]"
kdv,400×601,0.5,137.22869117162054,175,WSINDy,0.032561345136459814,0.03637599609579012,True,True,2,0,0,1.0,1.0,1.0,1.0,True,MSTLS support stable,3,0.012157084012869745,0.13817195902811363,"[0.0, 0.0, 0.0, 0.0, 0.0, 0.0, 0.0, 0.0, 0.0, -0.5014451312773002, 0.0, 0.0, 0.0, 0.0, 0.0, 0.0, 0.0, 0.0, 0.0, 0.0, 0.0, 0.0, -1.0363759960957901, 0.0, 0.0, 0.0, 0.0, 0.0, 0.0, 0.0, 0.0, 0.0, 0.0, 0.0, 0.0, 0.0, 0.0, 0.0, 0.0, 0.0, 0.0, 0.0, 0.0, 0.0, 0.0, 0.0, 0.0, 0.0, 0.0]","[9, 22]"
kdv,400×601,0.5,137.22869117162054,176,WSINDy,0.01583885319948993,0.017659726727912828,True,True,2,0,0,1.0,1.0,1.0,1.0,True,MSTLS support stable,4,0.011246457986999303,0.13581316696945578,"[0.0, 0.0, 0.0, 0.0, 0.0, 0.0, 0.0, 0.0, 0.0, -0.49868826822895, 0.0, 0.0, 0.0, 0.0, 0.0, 0.0, 0.0, 0.0, 0.0, 0.0, 0.0, 0.0, -0.9823402732720872, 0.0, 0.0, 0.0, 0.0, 0.0, 0.0, 0.0, 0.0, 0.0, 0.0, 0.0, 0.0, 0.0, 0.0, 0.0, 0.0, 0.0, 0.0, 0.0, 0.0, 0.0, 0.0, 0.0, 0.0, 0.0, 0.0]","[9, 22]"
kdv,400×601,0.5,137.22869117162054,177,WSINDy,0.005253747468660095,0.005765520263096069,True,True,2,0,0,1.0,1.0,1.0,1.0,True,MSTLS support stable,4,0.011367250001057982,0.13356279098661616,"[0.0, 0.0, 0.0, 0.0, 0.0, 0.0, 0.0, 0.0, 0.0, -0.5011229889475832, 0.0, 0.0, 0.0, 0.0, 0.0, 0.0, 0.0, 0.0, 0.0, 0.0, 0.0, 0.0, -0.9942344797369039, 0.0, 0.0, 0.0, 0.0, 0.0, 0.0, 0.0, 0.0, 0.0, 0.0, 0.0, 0.0, 0.0, 0.0, 0.0, 0.0, 0.0, 0.0, 0.0, 0.0, 0.0, 0.0, 0.0, 0.0, 0.0, 0.0]","[9, 22]"
kdv,400×601,0.5,137.22869117162054,178,WSINDy,0.0071426187643156445,0.007928165220570826,True,True,2,0,0,1.0,1.0,1.0,1.0,True,MSTLS support stable,4,0.009593084017978981,0.1339745419973042,"[0.0, 0.0, 0.0, 0.0, 0.0, 0.0, 0.0, 0.0, 0.0, -0.49904320861690044, 0.0, 0.0, 0.0, 0.0, 0.0, 0.0, 0.0, 0.0, 0.0, 0.0, 0.0, 0.0, -0.9920718347794292, 0.0, 0.0, 0.0, 0.0, 0.0, 0.0, 0.0, 0.0, 0.0, 0.0, 0.0, 0.0, 0.0, 0.0, 0.0, 0.0, 0.0, 0.0, 0.0, 0.0, 0.0, 0.0, 0.0, 0.0, 0.0, 0.0]","[9, 22]"
kdv,400×601,0.5,137.22869117162054,179,WSINDy,0.008997150542532488,0.009989401688035526,True,True,2,0,0,1.0,1.0,1.0,1.0,True,MSTLS support stable,4,0.011921792000066489,0.13308516700635664,"[0.0, 0.0, 0.0, 0.0, 0.0, 0.0, 0.0, 0.0, 0.0, -0.49881773468658097, 0.0, 0.0, 0.0, 0.0, 0.0, 0.0, 0.0, 0.0, 0.0, 0.0, 0.0, 0.0, -0.9900105983119645, 0.0, 0.0, 0.0, 0.0, 0.0, 0.0, 0.0, 0.0, 0.0, 0.0, 0.0, 0.0, 0.0, 0.0, 0.0, 0.0, 0.0, 0.0, 0.0, 0.0, 0.0, 0.0, 0.0, 0.0, 0.0, 0.0]","[9, 22]"
kdv,400×601,0.5,137.22869117162054,180,WSINDy,0.012425594803519199,0.013794871841938061,True,True,2,0,0,1.0,1.0,1.0,1.0,True,MSTLS support stable,4,0.01078508299542591,0.13465408299816772,"[0.0, 0.0, 0.0, 0.0, 0.0, 0.0, 0.0, 0.0, 0.0, -0.50164187960614, 0.0, 0.0, 0.0, 0.0, 0.0, 0.0, 0.0, 0.0, 0.0, 0.0, 0.0, 0.0, -1.013794871841938, 0.0, 0.0, 0.0, 0.0, 0.0, 0.0, 0.0, 0.0, 0.0, 0.0, 0.0, 0.0, 0.0, 0.0, 0.0, 0.0, 0.0, 0.0, 0.0, 0.0, 0.0, 0.0, 0.0, 0.0, 0.0, 0.0]","[9, 22]"
kdv,400×601,0.5,137.22869117162054,181,WSINDy,0.018551687350761504,0.02074137211288196,True,True,2,0,0,1.0,1.0,1.0,1.0,True,MSTLS support stable,4,0.009636374976253137,0.1306622919801157,"[0.0, 0.0, 0.0, 0.0, 0.0, 0.0, 0.0, 0.0, 0.0, -0.49995684533086754, 0.0, 0.0, 0.0, 0.0, 0.0, 0.0, 0.0, 0.0, 0.0, 0.0, 0.0, 0.0, -1.020741372112882, 0.0, 0.0, 0.0, 0.0, 0.0, 0.0, 0.0, 0.0, 0.0, 0.0, 0.0, 0.0, 0.0, 0.0, 0.0, 0.0, 0.0, 0.0, 0.0, 0.0, 0.0, 0.0, 0.0, 0.0, 0.0, 0.0]","[9, 22]"
kdv,400×601,0.5,137.22869117162054,182,WSINDy,0.009480602430841934,0.01059923483700087,True,True,2,0,0,1.0,1.0,1.0,1.0,True,MSTLS support stable,4,0.010211499989964068,0.1354941249883268,"[0.0, 0.0, 0.0, 0.0, 0.0, 0.0, 0.0, 0.0, 0.0, -0.5000921896670708, 0.0, 0.0, 0.0, 0.0, 0.0, 0.0, 0.0, 0.0, 0.0, 0.0, 0.0, 0.0, -0.9894007651629991, 0.0, 0.0, 0.0, 0.0, 0.0, 0.0, 0.0, 0.0, 0.0, 0.0, 0.0, 0.0, 0.0, 0.0, 0.0, 0.0, 0.0, 0.0, 0.0, 0.0, 0.0, 0.0, 0.0, 0.0, 0.0, 0.0]","[9, 22]"
kdv,400×601,0.5,137.22869117162054,183,WSINDy,0.008453786104576921,0.00944585092777317,True,True,2,0,0,1.0,1.0,1.0,1.0,True,MSTLS support stable,5,0.010456250020070001,0.13437308400170878,"[0.0, 0.0, 0.0, 0.0, 0.0, 0.0, 0.0, 0.0, 0.0, -0.5003301887758678, 0.0, 0.0, 0.0, 0.0, 0.0, 0.0, 0.0, 0.0, 0.0, 0.0, 0.0, 0.0, -0.9905541490722268, 0.0, 0.0, 0.0, 0.0, 0.0, 0.0, 0.0, 0.0, 0.0, 0.0, 0.0, 0.0, 0.0, 0.0, 0.0, 0.0, 0.0, 0.0, 0.0, 0.0, 0.0, 0.0, 0.0, 0.0, 0.0, 0.0]","[9, 22]"
kdv,400×601,0.5,137.22869117162054,184,WSINDy,0.05008246631676663,0.055824882421996014,True,True,2,0,0,1.0,1.0,1.0,1.0,True,MSTLS support stable,3,0.010217832983471453,0.13442195797688328,"[0.0, 0.0, 0.0, 0.0, 0.0, 0.0, 0.0, 0.0, 0.0, -0.5043473317141554, 0.0, 0.0, 0.0, 0.0, 0.0, 0.0, 0.0, 0.0, 0.0, 0.0, 0.0, 0.0, -1.055824882421996, 0.0, 0.0, 0.0, 0.0, 0.0, 0.0, 0.0, 0.0, 0.0, 0.0, 0.0, 0.0, 0.0, 0.0, 0.0, 0.0, 0.0, 0.0, 0.0, 0.0, 0.0, 0.0, 0.0, 0.0, 0.0, 0.0]","[9, 22]"
kdv,400×601,0.5,137.22869117162054,185,WSINDy,0.0028231838558589605,0.0031515998684461533,True,True,2,0,0,1.0,1.0,1.0,1.0,True,MSTLS support stable,4,0.010320457979105413,0.13484299997799098,"[0.0, 0.0, 0.0, 0.0, 0.0, 0.0, 0.0, 0.0, 0.0, -0.5001742903445074, 0.0, 0.0, 0.0, 0.0, 0.0, 0.0, 0.0, 0.0, 0.0, 0.0, 0.0, 0.0, -0.9968484001315538, 0.0, 0.0, 0.0, 0.0, 0.0, 0.0, 0.0, 0.0, 0.0, 0.0, 0.0, 0.0, 0.0, 0.0, 0.0, 0.0, 0.0, 0.0, 0.0, 0.0, 0.0, 0.0, 0.0, 0.0, 0.0, 0.0]","[9, 22]"
kdv,400×601,0.5,137.22869117162054,186,WSINDy,0.01310609734903795,0.014570538890915974,True,True,2,0,0,1.0,1.0,1.0,1.0,True,MSTLS support stable,5,0.012005833006696776,0.1358825000061188,"[0.0, 0.0, 0.0, 0.0, 0.0, 0.0, 0.0, 0.0, 0.0, -0.498447057283291, 0.0, 0.0, 0.0, 0.0, 0.0, 0.0, 0.0, 0.0, 0.0, 0.0, 0.0, 0.0, -0.985429461109084, 0.0, 0.0, 0.0, 0.0, 0.0, 0.0, 0.0, 0.0, 0.0, 0.0, 0.0, 0.0, 0.0, 0.0, 0.0, 0.0, 0.0, 0.0, 0.0, 0.0, 0.0, 0.0, 0.0, 0.0, 0.0, 0.0]","[9, 22]"
kdv,400×601,0.5,137.22869117162054,187,WSINDy,0.8947234072999674,1.0,True,False,1,0,1,1.0,0.5,0.6666666666666666,0.5,True,MSTLS support stable,3,0.010298833018168807,0.13468962503247894,"[0.0, 0.0, 0.0, 0.0, 0.0, 0.0, 0.0, 0.0, 0.0, -0.47426151785595827, 0.0, 0.0, 0.0, 0.0, 0.0, 0.0, 0.0, 0.0, 0.0, 0.0, 0.0, 0.0, 0.0, 0.0, 0.0, 0.0, 0.0, 0.0, 0.0, 0.0, 0.0, 0.0, 0.0, 0.0, 0.0, 0.0, 0.0, 0.0, 0.0, 0.0, 0.0, 0.0, 0.0, 0.0, 0.0, 0.0, 0.0, 0.0, 0.0]",[9]
kdv,400×601,0.5,137.22869117162054,188,WSINDy,0.021892445095579575,0.0244761578404199,True,True,2,0,0,1.0,1.0,1.0,1.0,True,MSTLS support stable,5,0.011199458996998146,0.13747495898860507,"[0.0, 0.0, 0.0, 0.0, 0.0, 0.0, 0.0, 0.0, 0.0, -0.5001289872069601, 0.0, 0.0, 0.0, 0.0, 0.0, 0.0, 0.0, 0.0, 0.0, 0.0, 0.0, 0.0, -0.9755238421595801, 0.0, 0.0, 0.0, 0.0, 0.0, 0.0, 0.0, 0.0, 0.0, 0.0, 0.0, 0.0, 0.0, 0.0, 0.0, 0.0, 0.0, 0.0, 0.0, 0.0, 0.0, 0.0, 0.0, 0.0, 0.0, 0.0]","[9, 22]"
kdv,400×601,0.5,137.22869117162054,189,WSINDy,0.8946808243722789,1.0,True,False,1,0,1,1.0,0.5,0.6666666666666666,0.5,True,MSTLS support stable,3,0.010238457995001227,0.13364070799434558,"[0.0, 0.0, 0.0, 0.0, 0.0, 0.0, 0.0, 0.0, 0.0, -0.4761835797331815, 0.0, 0.0, 0.0, 0.0, 0.0, 0.0, 0.0, 0.0, 0.0, 0.0, 0.0, 0.0, 0.0, 0.0, 0.0, 0.0, 0.0, 0.0, 0.0, 0.0, 0.0, 0.0, 0.0, 0.0, 0.0, 0.0, 0.0, 0.0, 0.0, 0.0, 0.0, 0.0, 0.0, 0.0, 0.0, 0.0, 0.0, 0.0, 0.0]",[9]
kdv,400×601,0.5,137.22869117162054,190,WSINDy,0.004353959905818558,0.004655003435048322,True,True,2,0,0,1.0,1.0,1.0,1.0,True,MSTLS support stable,5,0.010236708010779694,0.13367333300993778,"[0.0, 0.0, 0.0, 0.0, 0.0, 0.0, 0.0, 0.0, 0.0, -0.49857621925967066, 0.0, 0.0, 0.0, 0.0, 0.0, 0.0, 0.0, 0.0, 0.0, 0.0, 0.0, 0.0, -1.0046550034350483, 0.0, 0.0, 0.0, 0.0, 0.0, 0.0, 0.0, 0.0, 0.0, 0.0, 0.0, 0.0, 0.0, 0.0, 0.0, 0.0, 0.0, 0.0, 0.0, 0.0, 0.0, 0.0, 0.0, 0.0, 0.0, 0.0]","[9, 22]"
kdv,400×601,0.5,137.22869117162054,191,WSINDy,0.020001404867504645,0.02234779329435388,True,True,2,0,0,1.0,1.0,1.0,1.0,True,MSTLS support stable,4,0.009876249998342246,0.13200462501845323,"[0.0, 0.0, 0.0, 0.0, 0.0, 0.0, 0.0, 0.0, 0.0, -0.4991960219436266, 0.0, 0.0, 0.0, 0.0, 0.0, 0.0, 0.0, 0.0, 0.0, 0.0, 0.0, 0.0, -0.9776522067056461, 0.0, 0.0, 0.0, 0.0, 0.0, 0.0, 0.0, 0.0, 0.0, 0.0, 0.0, 0.0, 0.0, 0.0, 0.0, 0.0, 0.0, 0.0, 0.0, 0.0, 0.0, 0.0, 0.0, 0.0, 0.0, 0.0]","[9, 22]"
kdv,400×601,0.5,137.22869117162054,192,WSINDy,0.025449324213772866,0.028438582402970036,True,True,2,0,0,1.0,1.0,1.0,1.0,True,MSTLS support stable,4,0.010178583004744723,0.1312691660132259,"[0.0, 0.0, 0.0, 0.0, 0.0, 0.0, 0.0, 0.0, 0.0, -0.5009122278123586, 0.0, 0.0, 0.0, 0.0, 0.0, 0.0, 0.0, 0.0, 0.0, 0.0, 0.0, 0.0, -1.02843858240297, 0.0, 0.0, 0.0, 0.0, 0.0, 0.0, 0.0, 0.0, 0.0, 0.0, 0.0, 0.0, 0.0, 0.0, 0.0, 0.0, 0.0, 0.0, 0.0, 0.0, 0.0, 0.0, 0.0, 0.0, 0.0, 0.0]","[9, 22]"
kdv,400×601,0.5,137.22869117162054,193,WSINDy,0.04856359018702979,0.05428624908492807,True,True,2,0,0,1.0,1.0,1.0,1.0,True,MSTLS support stable,3,0.009946332982508466,0.13291937499889173,"[0.0, 0.0, 0.0, 0.0, 0.0, 0.0, 0.0, 0.0, 0.0, -0.5010153940645714, 0.0, 0.0, 0.0, 0.0, 0.0, 0.0, 0.0, 0.0, 0.0, 0.0, 0.0, 0.0, -1.054286249084928, 0.0, 0.0, 0.0, 0.0, 0.0, 0.0, 0.0, 0.0, 0.0, 0.0, 0.0, 0.0, 0.0, 0.0, 0.0, 0.0, 0.0, 0.0, 0.0, 0.0, 0.0, 0.0, 0.0, 0.0, 0.0, 0.0]","[9, 22]"
kdv,400×601,0.5,137.22869117162054,194,WSINDy,0.02109347882922722,0.023572379639746344,True,True,2,0,0,1.0,1.0,1.0,1.0,True,MSTLS support stable,4,0.010742540995124727,0.13147133300662972,"[0.0, 0.0, 0.0, 0.0, 0.0, 0.0, 0.0, 0.0, 0.0, -0.49928482203718694, 0.0, 0.0, 0.0, 0.0, 0.0, 0.0, 0.0, 0.0, 0.0, 0.0, 0.0, 0.0, -0.9764276203602537, 0.0, 0.0, 0.0, 0.0, 0.0, 0.0, 0.0, 0.0, 0.0, 0.0, 0.0, 0.0, 0.0, 0.0, 0.0, 0.0, 0.0, 0.0, 0.0, 0.0, 0.0, 0.0, 0.0, 0.0, 0.0, 0.0]","[9, 22]"
kdv,400×601,0.5,137.22869117162054,195,WSINDy,0.018944787603794505,0.021163213839085482,True,True,2,0,0,1.0,1.0,1.0,1.0,True,MSTLS support stable,3,0.009274792013457045,0.13266316702356562,"[0.0, 0.0, 0.0, 0.0, 0.0, 0.0, 0.0, 0.0, 0.0, -0.49913420458984337, 0.0, 0.0, 0.0, 0.0, 0.0, 0.0, 0.0, 0.0, 0.0, 0.0, 0.0, 0.0, -0.9788367861609145, 0.0, 0.0, 0.0, 0.0, 0.0, 0.0, 0.0, 0.0, 0.0, 0.0, 0.0, 0.0, 0.0, 0.0, 0.0, 0.0, 0.0, 0.0, 0.0, 0.0, 0.0, 0.0, 0.0, 0.0, 0.0, 0.0]","[9, 22]"
kdv,400×601,0.5,137.22869117162054,196,WSINDy,0.003733050135876533,0.004166377492403672,True,True,2,0,0,1.0,1.0,1.0,1.0,True,MSTLS support stable,4,0.010269500024151057,0.13497375004226342,"[0.0, 0.0, 0.0, 0.0, 0.0, 0.0, 0.0, 0.0, 0.0, -0.5002467341423513, 0.0, 0.0, 0.0, 0.0, 0.0, 0.0, 0.0, 0.0, 0.0, 0.0, 0.0, 0.0, -1.0041663774924037, 0.0, 0.0, 0.0, 0.0, 0.0, 0.0, 0.0, 0.0, 0.0, 0.0, 0.0, 0.0, 0.0, 0.0, 0.0, 0.0, 0.0, 0.0, 0.0, 0.0, 0.0, 0.0, 0.0, 0.0, 0.0, 0.0]","[9, 22]"
kdv,400×601,0.5,137.22869117162054,197,WSINDy,0.002134275191983065,0.0022627582051283346,True,True,2,0,0,1.0,1.0,1.0,1.0,True,MSTLS support stable,3,0.009993832994950935,0.14348583298851736,"[0.0, 0.0, 0.0, 0.0, 0.0, 0.0, 0.0, 0.0, 0.0, -0.5007575213191834, 0.0, 0.0, 0.0, 0.0, 0.0, 0.0, 0.0, 0.0, 0.0, 0.0, 0.0, 0.0, -0.9977372417948717, 0.0, 0.0, 0.0, 0.0, 0.0, 0.0, 0.0, 0.0, 0.0, 0.0, 0.0, 0.0, 0.0, 0.0, 0.0, 0.0, 0.0, 0.0, 0.0, 0.0, 0.0, 0.0, 0.0, 0.0, 0.0, 0.0]","[9, 22]"
kdv,400×601,0.5,137.22869117162054,198,WSINDy,0.026613528971984306,0.029750339516164903,True,True,2,0,0,1.0,1.0,1.0,1.0,True,MSTLS support stable,3,0.010524999990593642,0.13334825000492856,"[0.0, 0.0, 0.0, 0.0, 0.0, 0.0, 0.0, 0.0, 0.0, -0.5005169178863488, 0.0, 0.0, 0.0, 0.0, 0.0, 0.0, 0.0, 0.0, 0.0, 0.0, 0.0, 0.0, -1.029750339516165, 0.0, 0.0, 0.0, 0.0, 0.0, 0.0, 0.0, 0.0, 0.0, 0.0, 0.0, 0.0, 0.0, 0.0, 0.0, 0.0, 0.0, 0.0, 0.0, 0.0, 0.0, 0.0, 0.0, 0.0, 0.0, 0.0]","[9, 22]"
kdv,400×601,0.5,137.22869117162054,199,WSINDy,0.010523951488950772,0.011753888752343844,True,True,2,0,0,1.0,1.0,1.0,1.0,True,MSTLS support stable,3,0.01067874999716878,0.13505650000297464,"[0.0, 0.0, 0.0, 0.0, 0.0, 0.0, 0.0, 0.0, 0.0, -0.5005366962593137, 0.0, 0.0, 0.0, 0.0, 0.0, 0.0, 0.0, 0.0, 0.0, 0.0, 0.0, 0.0, -1.0117538887523438, 0.0, 0.0, 0.0, 0.0, 0.0, 0.0, 0.0, 0.0, 0.0, 0.0, 0.0, 0.0, 0.0, 0.0, 0.0, 0.0, 0.0, 0.0, 0.0, 0.0, 0.0, 0.0, 0.0, 0.0, 0.0, 0.0]","[9, 22]"
kdv,400×601,1.0,274.4573823432411,0,WSINDy,0.013255573521220702,0.014812502583198217,True,True,2,0,0,1.0,1.0,1.0,1.0,True,MSTLS support stable,4,0.0095934999990277,0.1329829579917714,"[0.0, 0.0, 0.0, 0.0, 0.0, 0.0, 0.0, 0.0, 0.0, -0.4995229738546417, 0.0, 0.0, 0.0, 0.0, 0.0, 0.0, 0.0, 0.0, 0.0, 0.0, 0.0, 0.0, -1.0148125025831982, 0.0, 0.0, 0.0, 0.0, 0.0, 0.0, 0.0, 0.0, 0.0, 0.0, 0.0, 0.0, 0.0, 0.0, 0.0, 0.0, 0.0, 0.0, 0.0, 0.0, 0.0, 0.0, 0.0, 0.0, 0.0, 0.0]","[9, 22]"
kdv,400×601,1.0,274.4573823432411,1,WSINDy,0.04789098630384865,0.053534428632286524,True,True,2,0,0,1.0,1.0,1.0,1.0,True,MSTLS support stable,3,0.009838666999712586,0.1329564999905415,"[0.0, 0.0, 0.0, 0.0, 0.0, 0.0, 0.0, 0.0, 0.0, -0.5009990808069896, 0.0, 0.0, 0.0, 0.0, 0.0, 0.0, 0.0, 0.0, 0.0, 0.0, 0.0, 0.0, -0.9464655713677135, 0.0, 0.0, 0.0, 0.0, 0.0, 0.0, 0.0, 0.0, 0.0, 0.0, 0.0, 0.0, 0.0, 0.0, 0.0, 0.0, 0.0, 0.0, 0.0, 0.0, 0.0, 0.0, 0.0, 0.0, 0.0, 0.0]","[9, 22]"
kdv,400×601,1.0,274.4573823432411,2,WSINDy,0.06068670983283627,0.06780179578337842,True,True,2,0,0,1.0,1.0,1.0,1.0,True,MSTLS support stable,3,0.009482207999099046,0.13085691697779112,"[0.0, 0.0, 0.0, 0.0, 0.0, 0.0, 0.0, 0.0, 0.0, -0.497448054376043, 0.0, 0.0, 0.0, 0.0, 0.0, 0.0, 0.0, 0.0, 0.0, 0.0, 0.0, 0.0, -0.9321982042166216, 0.0, 0.0, 0.0, 0.0, 0.0, 0.0, 0.0, 0.0, 0.0, 0.0, 0.0, 0.0, 0.0, 0.0, 0.0, 0.0, 0.0, 0.0, 0.0, 0.0, 0.0, 0.0, 0.0, 0.0, 0.0, 0.0]","[9, 22]"
kdv,400×601,1.0,274.4573823432411,3,WSINDy,0.017391738393100733,0.019431829776623277,True,True,2,0,0,1.0,1.0,1.0,1.0,True,MSTLS support stable,3,0.009942333010258153,0.13419804102159105,"[0.0, 0.0, 0.0, 0.0, 0.0, 0.0, 0.0, 0.0, 0.0, -0.4992966530373247, 0.0, 0.0, 0.0, 0.0, 0.0, 0.0, 0.0, 0.0, 0.0, 0.0, 0.0, 0.0, -0.9805681702233767, 0.0, 0.0, 0.0, 0.0, 0.0, 0.0, 0.0, 0.0, 0.0, 0.0, 0.0, 0.0, 0.0, 0.0, 0.0, 0.0, 0.0, 0.0, 0.0, 0.0, 0.0, 0.0, 0.0, 0.0, 0.0, 0.0]","[9, 22]"
kdv,400×601,1.0,274.4573823432411,4,WSINDy,0.08510335876989687,0.09513287116236357,True,True,2,0,0,1.0,1.0,1.0,1.0,True,MSTLS support stable,4,0.011351375025697052,0.13738366702455096,"[0.0, 0.0, 0.0, 0.0, 0.0, 0.0, 0.0, 0.0, 0.0, -0.4982783970253385, 0.0, 0.0, 0.0, 0.0, 0.0, 0.0, 0.0, 0.0, 0.0, 0.0, 0.0, 0.0, -0.9048671288376364, 0.0, 0.0, 0.0, 0.0, 0.0, 0.0, 0.0, 0.0, 0.0, 0.0, 0.0, 0.0, 0.0, 0.0, 0.0, 0.0, 0.0, 0.0, 0.0, 0.0, 0.0, 0.0, 0.0, 0.0, 0.0, 0.0]","[9, 22]"
kdv,400×601,1.0,274.4573823432411,5,WSINDy,0.03480439581034159,0.03881490361147333,True,True,2,0,0,1.0,1.0,1.0,1.0,True,MSTLS support stable,3,0.009902208985295147,0.13182233399129473,"[0.0, 0.0, 0.0, 0.0, 0.0, 0.0, 0.0, 0.0, 0.0, -0.4972457819102895, 0.0, 0.0, 0.0, 0.0, 0.0, 0.0, 0.0, 0.0, 0.0, 0.0, 0.0, 0.0, -1.0388149036114733, 0.0, 0.0, 0.0, 0.0, 0.0, 0.0, 0.0, 0.0, 0.0, 0.0, 0.0, 0.0, 0.0, 0.0, 0.0, 0.0, 0.0, 0.0, 0.0, 0.0, 0.0, 0.0, 0.0, 0.0, 0.0, 0.0]","[9, 22]"
kdv,400×601,1.0,274.4573823432411,6,WSINDy,0.022106260771601324,0.024706728397589917,True,True,2,0,0,1.0,1.0,1.0,1.0,True,MSTLS support stable,4,0.010003833012888208,0.13104195799678564,"[0.0, 0.0, 0.0, 0.0, 0.0, 0.0, 0.0, 0.0, 0.0, -0.4993396754470159, 0.0, 0.0, 0.0, 0.0, 0.0, 0.0, 0.0, 0.0, 0.0, 0.0, 0.0, 0.0, -0.9752932716024101, 0.0, 0.0, 0.0, 0.0, 0.0, 0.0, 0.0, 0.0, 0.0, 0.0, 0.0, 0.0, 0.0, 0.0, 0.0, 0.0, 0.0, 0.0, 0.0, 0.0, 0.0, 0.0, 0.0, 0.0, 0.0, 0.0]","[9, 22]"
kdv,400×601,1.0,274.4573823432411,7,WSINDy,0.03458016862758022,0.03864621799441492,True,True,2,0,0,1.0,1.0,1.0,1.0,True,MSTLS support stable,4,0.01079275002120994,0.13522145902970806,"[0.0, 0.0, 0.0, 0.0, 0.0, 0.0, 0.0, 0.0, 0.0, -0.49890231488212056, 0.0, 0.0, 0.0, 0.0, 0.0, 0.0, 0.0, 0.0, 0.0, 0.0, 0.0, 0.0, -1.038646217994415, 0.0, 0.0, 0.0, 0.0, 0.0, 0.0, 0.0, 0.0, 0.0, 0.0, 0.0, 0.0, 0.0, 0.0, 0.0, 0.0, 0.0, 0.0, 0.0, 0.0, 0.0, 0.0, 0.0, 0.0, 0.0, 0.0]","[9, 22]"
kdv,400×601,1.0,274.4573823432411,8,WSINDy,0.012927127864679762,0.013427914709905009,True,True,2,0,0,1.0,1.0,1.0,1.0,True,MSTLS support stable,4,0.010467374988365918,0.13440287500270642,"[0.0, 0.0, 0.0, 0.0, 0.0, 0.0, 0.0, 0.0, 0.0, -0.4946540295473374, 0.0, 0.0, 0.0, 0.0, 0.0, 0.0, 0.0, 0.0, 0.0, 0.0, 0.0, 0.0, -1.013427914709905, 0.0, 0.0, 0.0, 0.0, 0.0, 0.0, 0.0, 0.0, 0.0, 0.0, 0.0, 0.0, 0.0, 0.0, 0.0, 0.0, 0.0, 0.0, 0.0, 0.0, 0.0, 0.0, 0.0, 0.0, 0.0, 0.0]","[9, 22]"
kdv,400×601,1.0,274.4573823432411,9,WSINDy,0.03424921055543068,0.038262832266544256,True,True,2,0,0,1.0,1.0,1.0,1.0,True,MSTLS support stable,3,0.010284457996021956,0.13269187402329408,"[0.0, 0.0, 0.0, 0.0, 0.0, 0.0, 0.0, 0.0, 0.0, -0.49851131046551667, 0.0, 0.0, 0.0, 0.0, 0.0, 0.0, 0.0, 0.0, 0.0, 0.0, 0.0, 0.0, -0.9617371677334557, 0.0, 0.0, 0.0, 0.0, 0.0, 0.0, 0.0, 0.0, 0.0, 0.0, 0.0, 0.0, 0.0, 0.0, 0.0, 0.0, 0.0, 0.0, 0.0, 0.0, 0.0, 0.0, 0.0, 0.0, 0.0, 0.0]","[9, 22]"
kdv,400×601,1.0,274.4573823432411,10,WSINDy,0.894778003970292,1.0,True,False,1,0,1,1.0,0.5,0.6666666666666666,0.5,True,MSTLS support stable,3,0.009642916993470863,0.1337822920177132,"[0.0, 0.0, 0.0, 0.0, 0.0, 0.0, 0.0, 0.0, 0.0, -0.4719893683340633, 0.0, 0.0, 0.0, 0.0, 0.0, 0.0, 0.0, 0.0, 0.0, 0.0, 0.0, 0.0, 0.0, 0.0, 0.0, 0.0, 0.0, 0.0, 0.0, 0.0, 0.0, 0.0, 0.0, 0.0, 0.0, 0.0, 0.0, 0.0, 0.0, 0.0, 0.0, 0.0, 0.0, 0.0, 0.0, 0.0, 0.0, 0.0, 0.0]",[9]
kdv,400×601,1.0,274.4573823432411,11,WSINDy,0.07299507373009612,0.08161095927929962,True,True,2,0,0,1.0,1.0,1.0,1.0,True,MSTLS support stable,4,0.01160545801394619,0.13399079101509415,"[0.0, 0.0, 0.0, 0.0, 0.0, 0.0, 0.0, 0.0, 0.0, -0.5000480789996764, 0.0, 0.0, 0.0, 0.0, 0.0, 0.0, 0.0, 0.0, 0.0, 0.0, 0.0, 0.0, -0.9183890407207004, 0.0, 0.0, 0.0, 0.0, 0.0, 0.0, 0.0, 0.0, 0.0, 0.0, 0.0, 0.0, 0.0, 0.0, 0.0, 0.0, 0.0, 0.0, 0.0, 0.0, 0.0, 0.0, 0.0, 0.0, 0.0, 0.0]","[9, 22]"
kdv,400×601,1.0,274.4573823432411,12,WSINDy,0.04920107516075233,0.05500158086187601,True,True,2,0,0,1.0,1.0,1.0,1.0,True,MSTLS support stable,5,0.01147895900066942,0.13716229202691466,"[0.0, 0.0, 0.0, 0.0, 0.0, 0.0, 0.0, 0.0, 0.0, -0.49912916769007154, 0.0, 0.0, 0.0, 0.0, 0.0, 0.0, 0.0, 0.0, 0.0, 0.0, 0.0, 0.0, -0.944998419138124, 0.0, 0.0, 0.0, 0.0, 0.0, 0.0, 0.0, 0.0, 0.0, 0.0, 0.0, 0.0, 0.0, 0.0, 0.0, 0.0, 0.0, 0.0, 0.0, 0.0, 0.0, 0.0, 0.0, 0.0, 0.0, 0.0]","[9, 22]"
kdv,400×601,1.0,274.4573823432411,13,WSINDy,0.03206748455355365,0.03585208384541727,True,True,2,0,0,1.0,1.0,1.0,1.0,True,MSTLS support stable,5,0.011814124998636544,0.13466433400753886,"[0.0, 0.0, 0.0, 0.0, 0.0, 0.0, 0.0, 0.0, 0.0, -0.49981960894791505, 0.0, 0.0, 0.0, 0.0, 0.0, 0.0, 0.0, 0.0, 0.0, 0.0, 0.0, 0.0, -1.0358520838454173, 0.0, 0.0, 0.0, 0.0, 0.0, 0.0, 0.0, 0.0, 0.0, 0.0, 0.0, 0.0, 0.0, 0.0, 0.0, 0.0, 0.0, 0.0, 0.0, 0.0, 0.0, 0.0, 0.0, 0.0, 0.0, 0.0]","[9, 22]"
kdv,400×601,1.0,274.4573823432411,14,WSINDy,0.052783639722407315,0.059013795983855366,True,True,2,0,0,1.0,1.0,1.0,1.0,True,MSTLS support stable,3,0.009767083014594391,0.13217620801879093,"[0.0, 0.0, 0.0, 0.0, 0.0, 0.0, 0.0, 0.0, 0.0, -0.5001125233620892, 0.0, 0.0, 0.0, 0.0, 0.0, 0.0, 0.0, 0.0, 0.0, 0.0, 0.0, 0.0, -0.9409862040161446, 0.0, 0.0, 0.0, 0.0, 0.0, 0.0, 0.0, 0.0, 0.0, 0.0, 0.0, 0.0, 0.0, 0.0, 0.0, 0.0, 0.0, 0.0, 0.0, 0.0, 0.0, 0.0, 0.0, 0.0, 0.0, 0.0]","[9, 22]"
kdv,400×601,1.0,274.4573823432411,15,WSINDy,0.0726542665817403,0.08112229385493741,True,True,2,0,0,1.0,1.0,1.0,1.0,True,MSTLS support stable,4,0.010535750014241785,0.1323250410205219,"[0.0, 0.0, 0.0, 0.0, 0.0, 0.0, 0.0, 0.0, 0.0, -0.4958195089551088, 0.0, 0.0, 0.0, 0.0, 0.0, 0.0, 0.0, 0.0, 0.0, 0.0, 0.0, 0.0, -0.9188777061450626, 0.0, 0.0, 0.0, 0.0, 0.0, 0.0, 0.0, 0.0, 0.0, 0.0, 0.0, 0.0, 0.0, 0.0, 0.0, 0.0, 0.0, 0.0, 0.0, 0.0, 0.0, 0.0, 0.0, 0.0, 0.0, 0.0]","[9, 22]"
kdv,400×601,1.0,274.4573823432411,16,WSINDy,0.04815038359853932,0.053741153666802544,True,True,2,0,0,1.0,1.0,1.0,1.0,True,MSTLS support stable,4,0.009445167001103982,0.1313914170023054,"[0.0, 0.0, 0.0, 0.0, 0.0, 0.0, 0.0, 0.0, 0.0, -0.49684362495586776, 0.0, 0.0, 0.0, 0.0, 0.0, 0.0, 0.0, 0.0, 0.0, 0.0, 0.0, 0.0, -0.9462588463331975, 0.0, 0.0, 0.0, 0.0, 0.0, 0.0, 0.0, 0.0, 0.0, 0.0, 0.0, 0.0, 0.0, 0.0, 0.0, 0.0, 0.0, 0.0, 0.0, 0.0, 0.0, 0.0, 0.0, 0.0, 0.0, 0.0]","[9, 22]"
kdv,400×601,1.0,274.4573823432411,17,WSINDy,0.004252546385413843,0.004441257133406262,True,True,2,0,0,1.0,1.0,1.0,1.0,True,MSTLS support stable,4,0.009585541993146762,0.1327498329919763,"[0.0, 0.0, 0.0, 0.0, 0.0, 0.0, 0.0, 0.0, 0.0, -0.49830281894746364, 0.0, 0.0, 0.0, 0.0, 0.0, 0.0, 0.0, 0.0, 0.0, 0.0, 0.0, 0.0, -1.0044412571334063, 0.0, 0.0, 0.0, 0.0, 0.0, 0.0, 0.0, 0.0, 0.0, 0.0, 0.0, 0.0, 0.0, 0.0, 0.0, 0.0, 0.0, 0.0, 0.0, 0.0, 0.0, 0.0, 0.0, 0.0, 0.0, 0.0]","[9, 22]"
kdv,400×601,1.0,274.4573823432411,18,WSINDy,0.05883719984014734,0.06568904628872652,True,True,2,0,0,1.0,1.0,1.0,1.0,True,MSTLS support stable,4,0.010999707999872044,0.13597187399864197,"[0.0, 0.0, 0.0, 0.0, 0.0, 0.0, 0.0, 0.0, 0.0, -0.49650438789847345, 0.0, 0.0, 0.0, 0.0, 0.0, 0.0, 0.0, 0.0, 0.0, 0.0, 0.0, 0.0, -0.9343109537112735, 0.0, 0.0, 0.0, 0.0, 0.0, 0.0, 0.0, 0.0, 0.0, 0.0, 0.0, 0.0, 0.0, 0.0, 0.0, 0.0, 0.0, 0.0, 0.0, 0.0, 0.0, 0.0, 0.0, 0.0, 0.0, 0.0]","[9, 22]"
kdv,400×601,1.0,274.4573823432411,19,WSINDy,0.05900625529452777,0.06597099877008494,True,True,2,0,0,1.0,1.0,1.0,1.0,True,MSTLS support stable,3,0.010662000015145168,0.13514808300533332,"[0.0, 0.0, 0.0, 0.0, 0.0, 0.0, 0.0, 0.0, 0.0, -0.5000051118671616, 0.0, 0.0, 0.0, 0.0, 0.0, 0.0, 0.0, 0.0, 0.0, 0.0, 0.0, 0.0, -1.065970998770085, 0.0, 0.0, 0.0, 0.0, 0.0, 0.0, 0.0, 0.0, 0.0, 0.0, 0.0, 0.0, 0.0, 0.0, 0.0, 0.0, 0.0, 0.0, 0.0, 0.0, 0.0, 0.0, 0.0, 0.0, 0.0, 0.0]","[9, 22]"
kdv,400×601,1.0,274.4573823432411,20,WSINDy,0.08647077688070832,0.09664300018443894,True,True,2,0,0,1.0,1.0,1.0,1.0,True,MSTLS support stable,4,0.009871375019429252,0.1355626250442583,"[0.0, 0.0, 0.0, 0.0, 0.0, 0.0, 0.0, 0.0, 0.0, -0.5025738265854728, 0.0, 0.0, 0.0, 0.0, 0.0, 0.0, 0.0, 0.0, 0.0, 0.0, 0.0, 0.0, -1.096643000184439, 0.0, 0.0, 0.0, 0.0, 0.0, 0.0, 0.0, 0.0, 0.0, 0.0, 0.0, 0.0, 0.0, 0.0, 0.0, 0.0, 0.0, 0.0, 0.0, 0.0, 0.0, 0.0, 0.0, 0.0, 0.0, 0.0]","[9, 22]"
kdv,400×601,1.0,274.4573823432411,21,WSINDy,0.02750008386012262,0.030739217145076436,True,True,2,0,0,1.0,1.0,1.0,1.0,True,MSTLS support stable,3,0.010891332989558578,0.13360316696343943,"[0.0, 0.0, 0.0, 0.0, 0.0, 0.0, 0.0, 0.0, 0.0, -0.500647143492635, 0.0, 0.0, 0.0, 0.0, 0.0, 0.0, 0.0, 0.0, 0.0, 0.0, 0.0, 0.0, -1.0307392171450764, 0.0, 0.0, 0.0, 0.0, 0.0, 0.0, 0.0, 0.0, 0.0, 0.0, 0.0, 0.0, 0.0, 0.0, 0.0, 0.0, 0.0, 0.0, 0.0, 0.0, 0.0, 0.0, 0.0, 0.0, 0.0, 0.0]","[9, 22]"
kdv,400×601,1.0,274.4573823432411,22,WSINDy,0.030193174462757356,0.03361242048949353,True,True,2,0,0,1.0,1.0,1.0,1.0,True,MSTLS support stable,4,0.01070899999467656,0.13204404100542888,"[0.0, 0.0, 0.0, 0.0, 0.0, 0.0, 0.0, 0.0, 0.0, -0.4968791156684997, 0.0, 0.0, 0.0, 0.0, 0.0, 0.0, 0.0, 0.0, 0.0, 0.0, 0.0, 0.0, -0.9663875795105065, 0.0, 0.0, 0.0, 0.0, 0.0, 0.0, 0.0, 0.0, 0.0, 0.0, 0.0, 0.0, 0.0, 0.0, 0.0, 0.0, 0.0, 0.0, 0.0, 0.0, 0.0, 0.0, 0.0, 0.0, 0.0, 0.0]","[9, 22]"
kdv,400×601,1.0,274.4573823432411,23,WSINDy,0.028781145619982077,0.03211281482357786,True,True,2,0,0,1.0,1.0,1.0,1.0,True,MSTLS support stable,5,0.010197541996603832,0.13390483398688957,"[0.0, 0.0, 0.0, 0.0, 0.0, 0.0, 0.0, 0.0, 0.0, -0.5020518413936912, 0.0, 0.0, 0.0, 0.0, 0.0, 0.0, 0.0, 0.0, 0.0, 0.0, 0.0, 0.0, -1.0321128148235779, 0.0, 0.0, 0.0, 0.0, 0.0, 0.0, 0.0, 0.0, 0.0, 0.0, 0.0, 0.0, 0.0, 0.0, 0.0, 0.0, 0.0, 0.0, 0.0, 0.0, 0.0, 0.0, 0.0, 0.0, 0.0, 0.0]","[9, 22]"
kdv,400×601,1.0,274.4573823432411,24,WSINDy,0.0823801160885281,0.09195889008219049,True,True,2,0,0,1.0,1.0,1.0,1.0,True,MSTLS support stable,3,0.010624665999785066,0.13199341599829495,"[0.0, 0.0, 0.0, 0.0, 0.0, 0.0, 0.0, 0.0, 0.0, -0.4948359954201399, 0.0, 0.0, 0.0, 0.0, 0.0, 0.0, 0.0, 0.0, 0.0, 0.0, 0.0, 0.0, -0.9080411099178095, 0.0, 0.0, 0.0, 0.0, 0.0, 0.0, 0.0, 0.0, 0.0, 0.0, 0.0, 0.0, 0.0, 0.0, 0.0, 0.0, 0.0, 0.0, 0.0, 0.0, 0.0, 0.0, 0.0, 0.0, 0.0, 0.0]","[9, 22]"
kdv,400×601,1.0,274.4573823432411,25,WSINDy,0.06823287572833746,0.07627077085235723,True,True,2,0,0,1.0,1.0,1.0,1.0,True,MSTLS support stable,4,0.010828124999534339,0.13469508299021982,"[0.0, 0.0, 0.0, 0.0, 0.0, 0.0, 0.0, 0.0, 0.0, -0.49844238121299045, 0.0, 0.0, 0.0, 0.0, 0.0, 0.0, 0.0, 0.0, 0.0, 0.0, 0.0, 0.0, -0.9237292291476428, 0.0, 0.0, 0.0, 0.0, 0.0, 0.0, 0.0, 0.0, 0.0, 0.0, 0.0, 0.0, 0.0, 0.0, 0.0, 0.0, 0.0, 0.0, 0.0, 0.0, 0.0, 0.0, 0.0, 0.0, 0.0, 0.0]","[9, 22]"
kdv,400×601,1.0,274.4573823432411,26,WSINDy,0.021837722125626922,0.024400113880328034,True,True,2,0,0,1.0,1.0,1.0,1.0,True,MSTLS support stable,5,0.010544042015681043,0.13320012501208112,"[0.0, 0.0, 0.0, 0.0, 0.0, 0.0, 0.0, 0.0, 0.0, -0.5008614390124336, 0.0, 0.0, 0.0, 0.0, 0.0, 0.0, 0.0, 0.0, 0.0, 0.0, 0.0, 0.0, -1.024400113880328, 0.0, 0.0, 0.0, 0.0, 0.0, 0.0, 0.0, 0.0, 0.0, 0.0, 0.0, 0.0, 0.0, 0.0, 0.0, 0.0, 0.0, 0.0, 0.0, 0.0, 0.0, 0.0, 0.0, 0.0, 0.0, 0.0]","[9, 22]"
kdv,400×601,1.0,274.4573823432411,27,WSINDy,0.07700357684519721,0.08599551036320952,True,True,2,0,0,1.0,1.0,1.0,1.0,True,MSTLS support stable,4,0.010785958002088591,0.13501845797873102,"[0.0, 0.0, 0.0, 0.0, 0.0, 0.0, 0.0, 0.0, 0.0, -0.49591212083546193, 0.0, 0.0, 0.0, 0.0, 0.0, 0.0, 0.0, 0.0, 0.0, 0.0, 0.0, 0.0, -0.9140044896367905, 0.0, 0.0, 0.0, 0.0, 0.0, 0.0, 0.0, 0.0, 0.0, 0.0, 0.0, 0.0, 0.0, 0.0, 0.0, 0.0, 0.0, 0.0, 0.0, 0.0, 0.0, 0.0, 0.0, 0.0, 0.0, 0.0]","[9, 22]"
kdv,400×601,1.0,274.4573823432411,28,WSINDy,0.0919877964165283,0.10282747940544912,True,True,2,0,0,1.0,1.0,1.0,1.0,True,MSTLS support stable,4,0.010085707996040583,0.13644883298547938,"[0.0, 0.0, 0.0, 0.0, 0.0, 0.0, 0.0, 0.0, 0.0, -0.5019242767687517, 0.0, 0.0, 0.0, 0.0, 0.0, 0.0, 0.0, 0.0, 0.0, 0.0, 0.0, 0.0, -1.1028274794054491, 0.0, 0.0, 0.0, 0.0, 0.0, 0.0, 0.0, 0.0, 0.0, 0.0, 0.0, 0.0, 0.0, 0.0, 0.0, 0.0, 0.0, 0.0, 0.0, 0.0, 0.0, 0.0, 0.0, 0.0, 0.0, 0.0]","[9, 22]"
kdv,400×601,1.0,274.4573823432411,29,WSINDy,0.02185901831037866,0.024063615319413256,True,True,2,0,0,1.0,1.0,1.0,1.0,True,MSTLS support stable,3,0.011491874989587814,0.13560491599491797,"[0.0, 0.0, 0.0, 0.0, 0.0, 0.0, 0.0, 0.0, 0.0, -0.4957322992576638, 0.0, 0.0, 0.0, 0.0, 0.0, 0.0, 0.0, 0.0, 0.0, 0.0, 0.0, 0.0, -0.9759363846805867, 0.0, 0.0, 0.0, 0.0, 0.0, 0.0, 0.0, 0.0, 0.0, 0.0, 0.0, 0.0, 0.0, 0.0, 0.0, 0.0, 0.0, 0.0, 0.0, 0.0, 0.0, 0.0, 0.0, 0.0, 0.0, 0.0]","[9, 22]"
kdv,400×601,1.0,274.4573823432411,30,WSINDy,0.06429820292798244,0.07176802984355501,True,True,2,0,0,1.0,1.0,1.0,1.0,True,MSTLS support stable,4,0.009639916010200977,0.13288754102541134,"[0.0, 0.0, 0.0, 0.0, 0.0, 0.0, 0.0, 0.0, 0.0, -0.4958559057582373, 0.0, 0.0, 0.0, 0.0, 0.0, 0.0, 0.0, 0.0, 0.0, 0.0, 0.0, 0.0, -0.928231970156445, 0.0, 0.0, 0.0, 0.0, 0.0, 0.0, 0.0, 0.0, 0.0, 0.0, 0.0, 0.0, 0.0, 0.0, 0.0, 0.0, 0.0, 0.0, 0.0, 0.0, 0.0, 0.0, 0.0, 0.0, 0.0, 0.0]","[9, 22]"
kdv,400×601,1.0,274.4573823432411,31,WSINDy,0.03266010802228607,0.03651500992320644,True,True,2,0,0,1.0,1.0,1.0,1.0,True,MSTLS support stable,4,0.013427334022708237,0.1364070840063505,"[0.0, 0.0, 0.0, 0.0, 0.0, 0.0, 0.0, 0.0, 0.0, -0.5000858506981818, 0.0, 0.0, 0.0, 0.0, 0.0, 0.0, 0.0, 0.0, 0.0, 0.0, 0.0, 0.0, -0.9634849900767936, 0.0, 0.0, 0.0, 0.0, 0.0, 0.0, 0.0, 0.0, 0.0, 0.0, 0.0, 0.0, 0.0, 0.0, 0.0, 0.0, 0.0, 0.0, 0.0, 0.0, 0.0, 0.0, 0.0, 0.0, 0.0, 0.0]","[9, 22]"
kdv,400×601,1.0,274.4573823432411,32,WSINDy,0.03405834274427585,0.03807835299669038,True,True,2,0,0,1.0,1.0,1.0,1.0,True,MSTLS support stable,4,0.010673124983441085,0.13349166596890427,"[0.0, 0.0, 0.0, 0.0, 0.0, 0.0, 0.0, 0.0, 0.0, -0.5000492053620031, 0.0, 0.0, 0.0, 0.0, 0.0, 0.0, 0.0, 0.0, 0.0, 0.0, 0.0, 0.0, -1.0380783529966904, 0.0, 0.0, 0.0, 0.0, 0.0, 0.0, 0.0, 0.0, 0.0, 0.0, 0.0, 0.0, 0.0, 0.0, 0.0, 0.0, 0.0, 0.0, 0.0, 0.0, 0.0, 0.0, 0.0, 0.0, 0.0, 0.0]","[9, 22]"
kdv,400×601,1.0,274.4573823432411,33,WSINDy,0.05657257100150799,0.06323969570245513,True,True,2,0,0,1.0,1.0,1.0,1.0,True,MSTLS support stable,3,0.01018524999381043,0.13431949997902848,"[0.0, 0.0, 0.0, 0.0, 0.0, 0.0, 0.0, 0.0, 0.0, -0.49885517485540093, 0.0, 0.0, 0.0, 0.0, 0.0, 0.0, 0.0, 0.0, 0.0, 0.0, 0.0, 0.0, -0.9367603042975449, 0.0, 0.0, 0.0, 0.0, 0.0, 0.0, 0.0, 0.0, 0.0, 0.0, 0.0, 0.0, 0.0, 0.0, 0.0, 0.0, 0.0, 0.0, 0.0, 0.0, 0.0, 0.0, 0.0, 0.0, 0.0, 0.0]","[9, 22]"
kdv,400×601,1.0,274.4573823432411,34,WSINDy,0.11336093034185546,0.12664393805752794,True,True,2,0,0,1.0,1.0,1.0,1.0,True,MSTLS support stable,5,0.011330959008773789,0.1364692090137396,"[0.0, 0.0, 0.0, 0.0, 0.0, 0.0, 0.0, 0.0, 0.0, -0.504968763754173, 0.0, 0.0, 0.0, 0.0, 0.0, 0.0, 0.0, 0.0, 0.0, 0.0, 0.0, 0.0, -1.126643938057528, 0.0, 0.0, 0.0, 0.0, 0.0, 0.0, 0.0, 0.0, 0.0, 0.0, 0.0, 0.0, 0.0, 0.0, 0.0, 0.0, 0.0, 0.0, 0.0, 0.0, 0.0, 0.0, 0.0, 0.0, 0.0, 0.0]","[9, 22]"
kdv,400×601,1.0,274.4573823432411,35,WSINDy,0.04884415519601901,0.05457023291630758,True,True,2,0,0,1.0,1.0,1.0,1.0,True,MSTLS support stable,5,0.011419166985433549,0.13606745898141526,"[0.0, 0.0, 0.0, 0.0, 0.0, 0.0, 0.0, 0.0, 0.0, -0.4979314134110633, 0.0, 0.0, 0.0, 0.0, 0.0, 0.0, 0.0, 0.0, 0.0, 0.0, 0.0, 0.0, -0.9454297670836924, 0.0, 0.0, 0.0, 0.0, 0.0, 0.0, 0.0, 0.0, 0.0, 0.0, 0.0, 0.0, 0.0, 0.0, 0.0, 0.0, 0.0, 0.0, 0.0, 0.0, 0.0, 0.0, 0.0, 0.0, 0.0, 0.0]","[9, 22]"
kdv,400×601,1.0,274.4573823432411,36,WSINDy,0.01792416764417423,0.019806962245171977,True,True,2,0,0,1.0,1.0,1.0,1.0,True,MSTLS support stable,3,0.010101249994477257,0.13636516698170453,"[0.0, 0.0, 0.0, 0.0, 0.0, 0.0, 0.0, 0.0, 0.0, -0.49695385837674777, 0.0, 0.0, 0.0, 0.0, 0.0, 0.0, 0.0, 0.0, 0.0, 0.0, 0.0, 0.0, -1.019806962245172, 0.0, 0.0, 0.0, 0.0, 0.0, 0.0, 0.0, 0.0, 0.0, 0.0, 0.0, 0.0, 0.0, 0.0, 0.0, 0.0, 0.0, 0.0, 0.0, 0.0, 0.0, 0.0, 0.0, 0.0, 0.0, 0.0]","[9, 22]"
kdv,400×601,1.0,274.4573823432411,37,WSINDy,0.028393673078099042,0.03174133603038343,True,True,2,0,0,1.0,1.0,1.0,1.0,True,MSTLS support stable,4,0.01061983301769942,0.1345647080161143,"[0.0, 0.0, 0.0, 0.0, 0.0, 0.0, 0.0, 0.0, 0.0, -0.500488288427818, 0.0, 0.0, 0.0, 0.0, 0.0, 0.0, 0.0, 0.0, 0.0, 0.0, 0.0, 0.0, -0.9682586639696166, 0.0, 0.0, 0.0, 0.0, 0.0, 0.0, 0.0, 0.0, 0.0, 0.0, 0.0, 0.0, 0.0, 0.0, 0.0, 0.0, 0.0, 0.0, 0.0, 0.0, 0.0, 0.0, 0.0, 0.0, 0.0, 0.0]","[9, 22]"
kdv,400×601,1.0,274.4573823432411,38,WSINDy,0.011218232913940019,0.012528807513848772,True,True,2,0,0,1.0,1.0,1.0,1.0,True,MSTLS support stable,3,0.00927362500806339,0.13421470802859403,"[0.0, 0.0, 0.0, 0.0, 0.0, 0.0, 0.0, 0.0, 0.0, -0.49941697391123074, 0.0, 0.0, 0.0, 0.0, 0.0, 0.0, 0.0, 0.0, 0.0, 0.0, 0.0, 0.0, -0.9874711924861512, 0.0, 0.0, 0.0, 0.0, 0.0, 0.0, 0.0, 0.0, 0.0, 0.0, 0.0, 0.0, 0.0, 0.0, 0.0, 0.0, 0.0, 0.0, 0.0, 0.0, 0.0, 0.0, 0.0, 0.0, 0.0, 0.0]","[9, 22]"
kdv,400×601,1.0,274.4573823432411,39,WSINDy,0.04510689517765884,0.0502639386803152,True,True,2,0,0,1.0,1.0,1.0,1.0,True,MSTLS support stable,3,0.010361541993916035,0.13451033298042603,"[0.0, 0.0, 0.0, 0.0, 0.0, 0.0, 0.0, 0.0, 0.0, -0.4958979932896336, 0.0, 0.0, 0.0, 0.0, 0.0, 0.0, 0.0, 0.0, 0.0, 0.0, 0.0, 0.0, -0.9497360613196848, 0.0, 0.0, 0.0, 0.0, 0.0, 0.0, 0.0, 0.0, 0.0, 0.0, 0.0, 0.0, 0.0, 0.0, 0.0, 0.0, 0.0, 0.0, 0.0, 0.0, 0.0, 0.0, 0.0, 0.0, 0.0, 0.0]","[9, 22]"
kdv,400×601,1.0,274.4573823432411,40,WSINDy,0.0038582011181941068,0.004303962183235921,True,True,2,0,0,1.0,1.0,1.0,1.0,True,MSTLS support stable,3,0.010415582975838333,0.13412574998801574,"[0.0, 0.0, 0.0, 0.0, 0.0, 0.0, 0.0, 0.0, 0.0, -0.5002881915349519, 0.0, 0.0, 0.0, 0.0, 0.0, 0.0, 0.0, 0.0, 0.0, 0.0, 0.0, 0.0, -1.004303962183236, 0.0, 0.0, 0.0, 0.0, 0.0, 0.0, 0.0, 0.0, 0.0, 0.0, 0.0, 0.0, 0.0, 0.0, 0.0, 0.0, 0.0, 0.0, 0.0, 0.0, 0.0, 0.0, 0.0, 0.0, 0.0, 0.0]","[9, 22]"
kdv,400×601,1.0,274.4573823432411,41,WSINDy,0.012950732301208879,0.014046515575080631,True,True,2,0,0,1.0,1.0,1.0,1.0,True,MSTLS support stable,3,0.010225375008303672,0.13331187498988584,"[0.0, 0.0, 0.0, 0.0, 0.0, 0.0, 0.0, 0.0, 0.0, -0.5035138631335022, 0.0, 0.0, 0.0, 0.0, 0.0, 0.0, 0.0, 0.0, 0.0, 0.0, 0.0, 0.0, -1.0140465155750806, 0.0, 0.0, 0.0, 0.0, 0.0, 0.0, 0.0, 0.0, 0.0, 0.0, 0.0, 0.0, 0.0, 0.0, 0.0, 0.0, 0.0, 0.0, 0.0, 0.0, 0.0, 0.0, 0.0, 0.0, 0.0, 0.0]","[9, 22]"
kdv,400×601,1.0,274.4573823432411,42,WSINDy,0.025536056808447904,0.02853290766376282,True,True,2,0,0,1.0,1.0,1.0,1.0,True,MSTLS support stable,4,0.009668582992162555,0.13161695798044093,"[0.0, 0.0, 0.0, 0.0, 0.0, 0.0, 0.0, 0.0, 0.0, -0.500992938521024, 0.0, 0.0, 0.0, 0.0, 0.0, 0.0, 0.0, 0.0, 0.0, 0.0, 0.0, 0.0, -1.0285329076637628, 0.0, 0.0, 0.0, 0.0, 0.0, 0.0, 0.0, 0.0, 0.0, 0.0, 0.0, 0.0, 0.0, 0.0, 0.0, 0.0, 0.0, 0.0, 0.0, 0.0, 0.0, 0.0, 0.0, 0.0, 0.0, 0.0]","[9, 22]"
kdv,400×601,1.0,274.4573823432411,43,WSINDy,0.8947582728890402,1.0,True,False,1,0,1,1.0,0.5,0.6666666666666666,0.5,True,MSTLS support stable,3,0.010299541987478733,0.13512866699602455,"[0.0, 0.0, 0.0, 0.0, 0.0, 0.0, 0.0, 0.0, 0.0, -0.4727886305154832, 0.0, 0.0, 0.0, 0.0, 0.0, 0.0, 0.0, 0.0, 0.0, 0.0, 0.0, 0.0, 0.0, 0.0, 0.0, 0.0, 0.0, 0.0, 0.0, 0.0, 0.0, 0.0, 0.0, 0.0, 0.0, 0.0, 0.0, 0.0, 0.0, 0.0, 0.0, 0.0, 0.0, 0.0, 0.0, 0.0, 0.0, 0.0, 0.0]",[9]
kdv,400×601,1.0,274.4573823432411,44,WSINDy,0.01965420077233211,0.0218390625924062,True,True,2,0,0,1.0,1.0,1.0,1.0,True,MSTLS support stable,5,0.010051375022158027,0.13547337503405288,"[0.0, 0.0, 0.0, 0.0, 0.0, 0.0, 0.0, 0.0, 0.0, -0.4975679524914407, 0.0, 0.0, 0.0, 0.0, 0.0, 0.0, 0.0, 0.0, 0.0, 0.0, 0.0, 0.0, -0.9781609374075938, 0.0, 0.0, 0.0, 0.0, 0.0, 0.0, 0.0, 0.0, 0.0, 0.0, 0.0, 0.0, 0.0, 0.0, 0.0, 0.0, 0.0, 0.0, 0.0, 0.0, 0.0, 0.0, 0.0, 0.0, 0.0, 0.0]","[9, 22]"
kdv,400×601,1.0,274.4573823432411,45,WSINDy,0.012512967979666056,0.013895694036700101,True,True,2,0,0,1.0,1.0,1.0,1.0,True,MSTLS support stable,4,0.011594709008932114,0.1366684589884244,"[0.0, 0.0, 0.0, 0.0, 0.0, 0.0, 0.0, 0.0, 0.0, -0.4983789982067862, 0.0, 0.0, 0.0, 0.0, 0.0, 0.0, 0.0, 0.0, 0.0, 0.0, 0.0, 0.0, -1.0138956940367, 0.0, 0.0, 0.0, 0.0, 0.0, 0.0, 0.0, 0.0, 0.0, 0.0, 0.0, 0.0, 0.0, 0.0, 0.0, 0.0, 0.0, 0.0, 0.0, 0.0, 0.0, 0.0, 0.0, 0.0, 0.0, 0.0]","[9, 22]"
kdv,400×601,1.0,274.4573823432411,46,WSINDy,0.00215861397092226,0.002930285210981376,True,True,2,0,0,1.0,1.0,1.0,1.0,True,MSTLS support stable,3,0.011238624982070178,0.1345860829751473,"[0.0, 0.0, 0.0, 0.0, 0.0, 0.0, 0.0, 0.0, 0.0, -0.5014651426054907, 0.0, 0.0, 0.0, 0.0, 0.0, 0.0, 0.0, 0.0, 0.0, 0.0, 0.0, 0.0, -0.9980822213397, 0.0, 0.0, 0.0, 0.0, 0.0, 0.0, 0.0, 0.0, 0.0, 0.0, 0.0, 0.0, 0.0, 0.0, 0.0, 0.0, 0.0, 0.0, 0.0, 0.0, 0.0, 0.0, 0.0, 0.0, 0.0, 0.0]","[9, 22]"
kdv,400×601,1.0,274.4573823432411,47,WSINDy,0.017733885542965535,0.019760492274672914,True,True,2,0,0,1.0,1.0,1.0,1.0,True,MSTLS support stable,5,0.011047958978451788,0.13289024998084642,"[0.0, 0.0, 0.0, 0.0, 0.0, 0.0, 0.0, 0.0, 0.0, -0.4983763265025429, 0.0, 0.0, 0.0, 0.0, 0.0, 0.0, 0.0, 0.0, 0.0, 0.0, 0.0, 0.0, -0.9802395077253271, 0.0, 0.0, 0.0, 0.0, 0.0, 0.0, 0.0, 0.0, 0.0, 0.0, 0.0, 0.0, 0.0, 0.0, 0.0, 0.0, 0.0, 0.0, 0.0, 0.0, 0.0, 0.0, 0.0, 0.0, 0.0, 0.0]","[9, 22]"
kdv,400×601,1.0,274.4573823432411,48,WSINDy,0.006974414005293997,0.007794906553347358,True,True,2,0,0,1.0,1.0,1.0,1.0,True,MSTLS support stable,4,0.010097040998516604,0.1351880410220474,"[0.0, 0.0, 0.0, 0.0, 0.0, 0.0, 0.0, 0.0, 0.0, -0.49979385630949813, 0.0, 0.0, 0.0, 0.0, 0.0, 0.0, 0.0, 0.0, 0.0, 0.0, 0.0, 0.0, -1.0077949065533474, 0.0, 0.0, 0.0, 0.0, 0.0, 0.0, 0.0, 0.0, 0.0, 0.0, 0.0, 0.0, 0.0, 0.0, 0.0, 0.0, 0.0, 0.0, 0.0, 0.0, 0.0, 0.0, 0.0, 0.0, 0.0, 0.0]","[9, 22]"
kdv,400×601,1.0,274.4573823432411,49,WSINDy,0.06768861631360325,0.07562134041368074,True,True,2,0,0,1.0,1.0,1.0,1.0,True,MSTLS support stable,4,0.009778000006917864,0.13254404100007378,"[0.0, 0.0, 0.0, 0.0, 0.0, 0.0, 0.0, 0.0, 0.0, -0.4970676209145201, 0.0, 0.0, 0.0, 0.0, 0.0, 0.0, 0.0, 0.0, 0.0, 0.0, 0.0, 0.0, -0.9243786595863193, 0.0, 0.0, 0.0, 0.0, 0.0, 0.0, 0.0, 0.0, 0.0, 0.0, 0.0, 0.0, 0.0, 0.0, 0.0, 0.0, 0.0, 0.0, 0.0, 0.0, 0.0, 0.0, 0.0, 0.0, 0.0, 0.0]","[9, 22]"
kdv,400×601,1.0,274.4573823432411,50,WSINDy,0.07249451706137838,0.08100950914243288,True,True,2,0,0,1.0,1.0,1.0,1.0,True,MSTLS support stable,4,0.010795834008604288,0.13319100002991036,"[0.0, 0.0, 0.0, 0.0, 0.0, 0.0, 0.0, 0.0, 0.0, -0.49739650553002585, 0.0, 0.0, 0.0, 0.0, 0.0, 0.0, 0.0, 0.0, 0.0, 0.0, 0.0, 0.0, -0.9189904908575671, 0.0, 0.0, 0.0, 0.0, 0.0, 0.0, 0.0, 0.0, 0.0, 0.0, 0.0, 0.0, 0.0, 0.0, 0.0, 0.0, 0.0, 0.0, 0.0, 0.0, 0.0, 0.0, 0.0, 0.0, 0.0, 0.0]","[9, 22]"
kdv,400×601,1.0,274.4573823432411,51,WSINDy,0.01041046425673008,0.011618456389647869,True,True,2,0,0,1.0,1.0,1.0,1.0,True,MSTLS support stable,4,0.01136229099938646,0.13280662399483845,"[0.0, 0.0, 0.0, 0.0, 0.0, 0.0, 0.0, 0.0, 0.0, -0.4993045298908876, 0.0, 0.0, 0.0, 0.0, 0.0, 0.0, 0.0, 0.0, 0.0, 0.0, 0.0, 0.0, -0.9883815436103521, 0.0, 0.0, 0.0, 0.0, 0.0, 0.0, 0.0, 0.0, 0.0, 0.0, 0.0, 0.0, 0.0, 0.0, 0.0, 0.0, 0.0, 0.0, 0.0, 0.0, 0.0, 0.0, 0.0, 0.0, 0.0, 0.0]","[9, 22]"
kdv,400×601,1.0,274.4573823432411,52,WSINDy,0.005941324587034062,0.006642412551594257,True,True,2,0,0,1.0,1.0,1.0,1.0,True,MSTLS support stable,3,0.010851416998775676,0.13852229199255817,"[0.0, 0.0, 0.0, 0.0, 0.0, 0.0, 0.0, 0.0, 0.0, -0.4999497227184266, 0.0, 0.0, 0.0, 0.0, 0.0, 0.0, 0.0, 0.0, 0.0, 0.0, 0.0, 0.0, -1.0066424125515943, 0.0, 0.0, 0.0, 0.0, 0.0, 0.0, 0.0, 0.0, 0.0, 0.0, 0.0, 0.0, 0.0, 0.0, 0.0, 0.0, 0.0, 0.0, 0.0, 0.0, 0.0, 0.0, 0.0, 0.0, 0.0, 0.0]","[9, 22]"
kdv,400×601,1.0,274.4573823432411,53,WSINDy,0.039475572646856916,0.04403954235108709,True,True,2,0,0,1.0,1.0,1.0,1.0,True,MSTLS support stable,4,0.010638042003847659,0.13482900100643747,"[0.0, 0.0, 0.0, 0.0, 0.0, 0.0, 0.0, 0.0, 0.0, -0.5029016812804655, 0.0, 0.0, 0.0, 0.0, 0.0, 0.0, 0.0, 0.0, 0.0, 0.0, 0.0, 0.0, -1.044039542351087, 0.0, 0.0, 0.0, 0.0, 0.0, 0.0, 0.0, 0.0, 0.0, 0.0, 0.0, 0.0, 0.0, 0.0, 0.0, 0.0, 0.0, 0.0, 0.0, 0.0, 0.0, 0.0, 0.0, 0.0, 0.0, 0.0]","[9, 22]"
kdv,400×601,1.0,274.4573823432411,54,WSINDy,0.04215105710243347,0.047008652114885585,True,True,2,0,0,1.0,1.0,1.0,1.0,True,MSTLS support stable,4,0.010498249990632758,0.13321470899973065,"[0.0, 0.0, 0.0, 0.0, 0.0, 0.0, 0.0, 0.0, 0.0, -0.49667191573012015, 0.0, 0.0, 0.0, 0.0, 0.0, 0.0, 0.0, 0.0, 0.0, 0.0, 0.0, 0.0, -0.9529913478851144, 0.0, 0.0, 0.0, 0.0, 0.0, 0.0, 0.0, 0.0, 0.0, 0.0, 0.0, 0.0, 0.0, 0.0, 0.0, 0.0, 0.0, 0.0, 0.0, 0.0, 0.0, 0.0, 0.0, 0.0, 0.0, 0.0]","[9, 22]"
kdv,400×601,1.0,274.4573823432411,55,WSINDy,0.008813603342934184,0.009853047579735597,True,True,2,0,0,1.0,1.0,1.0,1.0,True,MSTLS support stable,3,0.009822457999689505,0.13491645801695995,"[0.0, 0.0, 0.0, 0.0, 0.0, 0.0, 0.0, 0.0, 0.0, -0.5001302238445612, 0.0, 0.0, 0.0, 0.0, 0.0, 0.0, 0.0, 0.0, 0.0, 0.0, 0.0, 0.0, -0.9901469524202644, 0.0, 0.0, 0.0, 0.0, 0.0, 0.0, 0.0, 0.0, 0.0, 0.0, 0.0, 0.0, 0.0, 0.0, 0.0, 0.0, 0.0, 0.0, 0.0, 0.0, 0.0, 0.0, 0.0, 0.0, 0.0, 0.0]","[9, 22]"
kdv,400×601,1.0,274.4573823432411,56,WSINDy,0.0482301896660028,0.05382582632342037,True,True,2,0,0,1.0,1.0,1.0,1.0,True,MSTLS support stable,4,0.01063649999559857,0.13526633300352842,"[0.0, 0.0, 0.0, 0.0, 0.0, 0.0, 0.0, 0.0, 0.0, -0.5032356474814542, 0.0, 0.0, 0.0, 0.0, 0.0, 0.0, 0.0, 0.0, 0.0, 0.0, 0.0, 0.0, -1.0538258263234204, 0.0, 0.0, 0.0, 0.0, 0.0, 0.0, 0.0, 0.0, 0.0, 0.0, 0.0, 0.0, 0.0, 0.0, 0.0, 0.0, 0.0, 0.0, 0.0, 0.0, 0.0, 0.0, 0.0, 0.0, 0.0, 0.0]","[9, 22]"
kdv,400×601,1.0,274.4573823432411,57,WSINDy,0.0012358058624985103,0.0026583500225192402,True,True,2,0,0,1.0,1.0,1.0,1.0,True,MSTLS support stable,4,0.011396832996979356,0.1354549579846207,"[0.0, 0.0, 0.0, 0.0, 0.0, 0.0, 0.0, 0.0, 0.0, -0.5013291750112596, 0.0, 0.0, 0.0, 0.0, 0.0, 0.0, 0.0, 0.0, 0.0, 0.0, 0.0, 0.0, -1.0003772452142508, 0.0, 0.0, 0.0, 0.0, 0.0, 0.0, 0.0, 0.0, 0.0, 0.0, 0.0, 0.0, 0.0, 0.0, 0.0, 0.0, 0.0, 0.0, 0.0, 0.0, 0.0, 0.0, 0.0, 0.0, 0.0, 0.0]","[9, 22]"
kdv,400×601,1.0,274.4573823432411,58,WSINDy,0.07142471442964271,0.079829912702721,True,True,2,0,0,1.0,1.0,1.0,1.0,True,MSTLS support stable,4,0.009681499999715015,0.1321667919983156,"[0.0, 0.0, 0.0, 0.0, 0.0, 0.0, 0.0, 0.0, 0.0, -0.49798820302441804, 0.0, 0.0, 0.0, 0.0, 0.0, 0.0, 0.0, 0.0, 0.0, 0.0, 0.0, 0.0, -0.920170087297279, 0.0, 0.0, 0.0, 0.0, 0.0, 0.0, 0.0, 0.0, 0.0, 0.0, 0.0, 0.0, 0.0, 0.0, 0.0, 0.0, 0.0, 0.0, 0.0, 0.0, 0.0, 0.0, 0.0, 0.0, 0.0, 0.0]","[9, 22]"
kdv,400×601,1.0,274.4573823432411,59,WSINDy,0.04121097651620216,0.04599708307032957,True,True,2,0,0,1.0,1.0,1.0,1.0,True,MSTLS support stable,4,0.010002708004321903,0.13258649900672026,"[0.0, 0.0, 0.0, 0.0, 0.0, 0.0, 0.0, 0.0, 0.0, -0.5026831102837768, 0.0, 0.0, 0.0, 0.0, 0.0, 0.0, 0.0, 0.0, 0.0, 0.0, 0.0, 0.0, -1.0459970830703296, 0.0, 0.0, 0.0, 0.0, 0.0, 0.0, 0.0, 0.0, 0.0, 0.0, 0.0, 0.0, 0.0, 0.0, 0.0, 0.0, 0.0, 0.0, 0.0, 0.0, 0.0, 0.0, 0.0, 0.0, 0.0, 0.0]","[9, 22]"
kdv,400×601,1.0,274.4573823432411,60,WSINDy,0.02879791096658525,0.032062211075079006,True,True,2,0,0,1.0,1.0,1.0,1.0,True,MSTLS support stable,4,0.010834874992724508,0.145813166978769,"[0.0, 0.0, 0.0, 0.0, 0.0, 0.0, 0.0, 0.0, 0.0, -0.5029435040387767, 0.0, 0.0, 0.0, 0.0, 0.0, 0.0, 0.0, 0.0, 0.0, 0.0, 0.0, 0.0, -1.032062211075079, 0.0, 0.0, 0.0, 0.0, 0.0, 0.0, 0.0, 0.0, 0.0, 0.0, 0.0, 0.0, 0.0, 0.0, 0.0, 0.0, 0.0, 0.0, 0.0, 0.0, 0.0, 0.0, 0.0, 0.0, 0.0, 0.0]","[9, 22]"
kdv,400×601,1.0,274.4573823432411,61,WSINDy,0.048349147722717145,0.054016722106837056,True,True,2,0,0,1.0,1.0,1.0,1.0,True,MSTLS support stable,4,0.009751457982929423,0.13340524898376316,"[0.0, 0.0, 0.0, 0.0, 0.0, 0.0, 0.0, 0.0, 0.0, -0.49793994181534923, 0.0, 0.0, 0.0, 0.0, 0.0, 0.0, 0.0, 0.0, 0.0, 0.0, 0.0, 0.0, -0.9459832778931629, 0.0, 0.0, 0.0, 0.0, 0.0, 0.0, 0.0, 0.0, 0.0, 0.0, 0.0, 0.0, 0.0, 0.0, 0.0, 0.0, 0.0, 0.0, 0.0, 0.0, 0.0, 0.0, 0.0, 0.0, 0.0, 0.0]","[9, 22]"
kdv,400×601,1.0,274.4573823432411,62,WSINDy,0.007691886477421782,0.008598446900340395,True,True,2,0,0,1.0,1.0,1.0,1.0,True,MSTLS support stable,3,0.010076874983496964,0.13160287498612888,"[0.0, 0.0, 0.0, 0.0, 0.0, 0.0, 0.0, 0.0, 0.0, -0.4998479872408094, 0.0, 0.0, 0.0, 0.0, 0.0, 0.0, 0.0, 0.0, 0.0, 0.0, 0.0, 0.0, -1.0085984469003404, 0.0, 0.0, 0.0, 0.0, 0.0, 0.0, 0.0, 0.0, 0.0, 0.0, 0.0, 0.0, 0.0, 0.0, 0.0, 0.0, 0.0, 0.0, 0.0, 0.0, 0.0, 0.0, 0.0, 0.0, 0.0, 0.0]","[9, 22]"
kdv,400×601,1.0,274.4573823432411,63,WSINDy,0.0774901642713658,0.08660736804001168,True,True,2,0,0,1.0,1.0,1.0,1.0,True,MSTLS support stable,3,0.011132083018310368,0.13525175000540912,"[0.0, 0.0, 0.0, 0.0, 0.0, 0.0, 0.0, 0.0, 0.0, -0.502251832517315, 0.0, 0.0, 0.0, 0.0, 0.0, 0.0, 0.0, 0.0, 0.0, 0.0, 0.0, 0.0, -1.0866073680400117, 0.0, 0.0, 0.0, 0.0, 0.0, 0.0, 0.0, 0.0, 0.0, 0.0, 0.0, 0.0, 0.0, 0.0, 0.0, 0.0, 0.0, 0.0, 0.0, 0.0, 0.0, 0.0, 0.0, 0.0, 0.0, 0.0]","[9, 22]"
kdv,400×601,1.0,274.4573823432411,64,WSINDy,0.027390652301389543,0.030604819788285997,True,True,2,0,0,1.0,1.0,1.0,1.0,True,MSTLS support stable,4,0.010246916994219646,0.13378091697813943,"[0.0, 0.0, 0.0, 0.0, 0.0, 0.0, 0.0, 0.0, 0.0, -0.5010746150920484, 0.0, 0.0, 0.0, 0.0, 0.0, 0.0, 0.0, 0.0, 0.0, 0.0, 0.0, 0.0, -1.030604819788286, 0.0, 0.0, 0.0, 0.0, 0.0, 0.0, 0.0, 0.0, 0.0, 0.0, 0.0, 0.0, 0.0, 0.0, 0.0, 0.0, 0.0, 0.0, 0.0, 0.0, 0.0, 0.0, 0.0, 0.0, 0.0, 0.0]","[9, 22]"
kdv,400×601,1.0,274.4573823432411,65,WSINDy,0.02827452903215697,0.031570738712760504,True,True,2,0,0,1.0,1.0,1.0,1.0,True,MSTLS support stable,7,0.011469292017864063,0.13384641701122746,"[0.0, 0.0, 0.0, 0.0, 0.0, 0.0, 0.0, 0.0, 0.0, -0.49838764237265293, 0.0, 0.0, 0.0, 0.0, 0.0, 0.0, 0.0, 0.0, 0.0, 0.0, 0.0, 0.0, -0.9684292612872395, 0.0, 0.0, 0.0, 0.0, 0.0, 0.0, 0.0, 0.0, 0.0, 0.0, 0.0, 0.0, 0.0, 0.0, 0.0, 0.0, 0.0, 0.0, 0.0, 0.0, 0.0, 0.0, 0.0, 0.0, 0.0, 0.0]","[9, 22]"
kdv,400×601,1.0,274.4573823432411,66,WSINDy,0.04641771092366007,0.05157548225611985,True,True,2,0,0,1.0,1.0,1.0,1.0,True,MSTLS support stable,4,0.010575624997727573,0.13479187499615364,"[0.0, 0.0, 0.0, 0.0, 0.0, 0.0, 0.0, 0.0, 0.0, -0.5057640688137163, 0.0, 0.0, 0.0, 0.0, 0.0, 0.0, 0.0, 0.0, 0.0, 0.0, 0.0, 0.0, -1.0515754822561199, 0.0, 0.0, 0.0, 0.0, 0.0, 0.0, 0.0, 0.0, 0.0, 0.0, 0.0, 0.0, 0.0, 0.0, 0.0, 0.0, 0.0, 0.0, 0.0, 0.0, 0.0, 0.0, 0.0, 0.0, 0.0, 0.0]","[9, 22]"
kdv,400×601,1.0,274.4573823432411,67,WSINDy,0.013145522116345055,0.01453500387784068,True,True,2,0,0,1.0,1.0,1.0,1.0,True,MSTLS support stable,6,0.011350792017765343,0.13282400101888925,"[0.0, 0.0, 0.0, 0.0, 0.0, 0.0, 0.0, 0.0, 0.0, -0.49782293732053884, 0.0, 0.0, 0.0, 0.0, 0.0, 0.0, 0.0, 0.0, 0.0, 0.0, 0.0, 0.0, -0.9854649961221593, 0.0, 0.0, 0.0, 0.0, 0.0, 0.0, 0.0, 0.0, 0.0, 0.0, 0.0, 0.0, 0.0, 0.0, 0.0, 0.0, 0.0, 0.0, 0.0, 0.0, 0.0, 0.0, 0.0, 0.0, 0.0, 0.0]","[9, 22]"
kdv,400×601,1.0,274.4573823432411,68,WSINDy,0.09566500519802697,0.10684042403993488,True,True,2,0,0,1.0,1.0,1.0,1.0,True,MSTLS support stable,3,0.010125749977305532,0.13472095900215209,"[0.0, 0.0, 0.0, 0.0, 0.0, 0.0, 0.0, 0.0, 0.0, -0.4950134866499663, 0.0, 0.0, 0.0, 0.0, 0.0, 0.0, 0.0, 0.0, 0.0, 0.0, 0.0, 0.0, -0.8931595759600651, 0.0, 0.0, 0.0, 0.0, 0.0, 0.0, 0.0, 0.0, 0.0, 0.0, 0.0, 0.0, 0.0, 0.0, 0.0, 0.0, 0.0, 0.0, 0.0, 0.0, 0.0, 0.0, 0.0, 0.0, 0.0, 0.0]","[9, 22]"
kdv,400×601,1.0,274.4573823432411,69,WSINDy,0.06419263984814876,0.07170761889813937,True,True,2,0,0,1.0,1.0,1.0,1.0,True,MSTLS support stable,3,0.010301750007783994,0.1316200419969391,"[0.0, 0.0, 0.0, 0.0, 0.0, 0.0, 0.0, 0.0, 0.0, -0.5029809654982696, 0.0, 0.0, 0.0, 0.0, 0.0, 0.0, 0.0, 0.0, 0.0, 0.0, 0.0, 0.0, -1.0717076188981394, 0.0, 0.0, 0.0, 0.0, 0.0, 0.0, 0.0, 0.0, 0.0, 0.0, 0.0, 0.0, 0.0, 0.0, 0.0, 0.0, 0.0, 0.0, 0.0, 0.0, 0.0, 0.0, 0.0, 0.0, 0.0, 0.0]","[9, 22]"
kdv,400×601,1.0,274.4573823432411,70,WSINDy,0.130451657949647,0.14583726398684815,True,True,2,0,0,1.0,1.0,1.0,1.0,True,MSTLS support stable,4,0.010524499986786395,0.1343867919931654,"[0.0, 0.0, 0.0, 0.0, 0.0, 0.0, 0.0, 0.0, 0.0, -0.49811950535895677, 0.0, 0.0, 0.0, 0.0, 0.0, 0.0, 0.0, 0.0, 0.0, 0.0, 0.0, 0.0, -0.8541627360131518, 0.0, 0.0, 0.0, 0.0, 0.0, 0.0, 0.0, 0.0, 0.0, 0.0, 0.0, 0.0, 0.0, 0.0, 0.0, 0.0, 0.0, 0.0, 0.0, 0.0, 0.0, 0.0, 0.0, 0.0, 0.0, 0.0]","[9, 22]"
kdv,400×601,1.0,274.4573823432411,71,WSINDy,0.8946579243962998,1.0,True,False,1,0,1,1.0,0.5,0.6666666666666666,0.5,True,MSTLS support stable,3,0.008952542004408315,0.13311070800409652,"[0.0, 0.0, 0.0, 0.0, 0.0, 0.0, 0.0, 0.0, 0.0, -0.47728432025297657, 0.0, 0.0, 0.0, 0.0, 0.0, 0.0, 0.0, 0.0, 0.0, 0.0, 0.0, 0.0, 0.0, 0.0, 0.0, 0.0, 0.0, 0.0, 0.0, 0.0, 0.0, 0.0, 0.0, 0.0, 0.0, 0.0, 0.0, 0.0, 0.0, 0.0, 0.0, 0.0, 0.0, 0.0, 0.0, 0.0, 0.0, 0.0, 0.0]",[9]
kdv,400×601,1.0,274.4573823432411,72,WSINDy,0.034279141681648424,0.0381688786586728,True,True,2,0,0,1.0,1.0,1.0,1.0,True,MSTLS support stable,3,0.010106458998052403,0.13248629198642448,"[0.0, 0.0, 0.0, 0.0, 0.0, 0.0, 0.0, 0.0, 0.0, -0.4965415111713828, 0.0, 0.0, 0.0, 0.0, 0.0, 0.0, 0.0, 0.0, 0.0, 0.0, 0.0, 0.0, -0.9618311213413272, 0.0, 0.0, 0.0, 0.0, 0.0, 0.0, 0.0, 0.0, 0.0, 0.0, 0.0, 0.0, 0.0, 0.0, 0.0, 0.0, 0.0, 0.0, 0.0, 0.0, 0.0, 0.0, 0.0, 0.0, 0.0, 0.0]","[9, 22]"
kdv,400×601,1.0,274.4573823432411,73,WSINDy,0.027470022218114953,0.03070974821929906,True,True,2,0,0,1.0,1.0,1.0,1.0,True,MSTLS support stable,4,0.009599000011803582,0.1338754160096869,"[0.0, 0.0, 0.0, 0.0, 0.0, 0.0, 0.0, 0.0, 0.0, -0.5004049878231749, 0.0, 0.0, 0.0, 0.0, 0.0, 0.0, 0.0, 0.0, 0.0, 0.0, 0.0, 0.0, -0.9692902517807009, 0.0, 0.0, 0.0, 0.0, 0.0, 0.0, 0.0, 0.0, 0.0, 0.0, 0.0, 0.0, 0.0, 0.0, 0.0, 0.0, 0.0, 0.0, 0.0, 0.0, 0.0, 0.0, 0.0, 0.0, 0.0, 0.0]","[9, 22]"
kdv,400×601,1.0,274.4573823432411,74,WSINDy,0.1634740847021222,0.1826856084712951,True,True,2,0,0,1.0,1.0,1.0,1.0,True,MSTLS support stable,3,0.00936408300185576,0.13177129099494778,"[0.0, 0.0, 0.0, 0.0, 0.0, 0.0, 0.0, 0.0, 0.0, -0.4944602419756406, 0.0, 0.0, 0.0, 0.0, 0.0, 0.0, 0.0, 0.0, 0.0, 0.0, 0.0, 0.0, -0.8173143915287049, 0.0, 0.0, 0.0, 0.0, 0.0, 0.0, 0.0, 0.0, 0.0, 0.0, 0.0, 0.0, 0.0, 0.0, 0.0, 0.0, 0.0, 0.0, 0.0, 0.0, 0.0, 0.0, 0.0, 0.0, 0.0, 0.0]","[9, 22]"
kdv,400×601,1.0,274.4573823432411,75,WSINDy,0.012682328282040838,0.014135030494741074,True,True,2,0,0,1.0,1.0,1.0,1.0,True,MSTLS support stable,4,0.010083332977956161,0.14880024999729358,"[0.0, 0.0, 0.0, 0.0, 0.0, 0.0, 0.0, 0.0, 0.0, -0.5011192525316281, 0.0, 0.0, 0.0, 0.0, 0.0, 0.0, 0.0, 0.0, 0.0, 0.0, 0.0, 0.0, -0.9858649695052589, 0.0, 0.0, 0.0, 0.0, 0.0, 0.0, 0.0, 0.0, 0.0, 0.0, 0.0, 0.0, 0.0, 0.0, 0.0, 0.0, 0.0, 0.0, 0.0, 0.0, 0.0, 0.0, 0.0, 0.0, 0.0, 0.0]","[9, 22]"
kdv,400×601,1.0,274.4573823432411,76,WSINDy,0.04654370227404617,0.05201244605124811,True,True,2,0,0,1.0,1.0,1.0,1.0,True,MSTLS support stable,3,0.010186166997300461,0.1454837509954814,"[0.0, 0.0, 0.0, 0.0, 0.0, 0.0, 0.0, 0.0, 0.0, -0.5016126786675648, 0.0, 0.0, 0.0, 0.0, 0.0, 0.0, 0.0, 0.0, 0.0, 0.0, 0.0, 0.0, -1.052012446051248, 0.0, 0.0, 0.0, 0.0, 0.0, 0.0, 0.0, 0.0, 0.0, 0.0, 0.0, 0.0, 0.0, 0.0, 0.0, 0.0, 0.0, 0.0, 0.0, 0.0, 0.0, 0.0, 0.0, 0.0, 0.0, 0.0]","[9, 22]"
kdv,400×601,1.0,274.4573823432411,77,WSINDy,0.038388056215559054,0.04291915092390519,True,True,2,0,0,1.0,1.0,1.0,1.0,True,MSTLS support stable,4,0.010718582983827218,0.13270716596161947,"[0.0, 0.0, 0.0, 0.0, 0.0, 0.0, 0.0, 0.0, 0.0, -0.5000076799870297, 0.0, 0.0, 0.0, 0.0, 0.0, 0.0, 0.0, 0.0, 0.0, 0.0, 0.0, 0.0, -0.9570808490760948, 0.0, 0.0, 0.0, 0.0, 0.0, 0.0, 0.0, 0.0, 0.0, 0.0, 0.0, 0.0, 0.0, 0.0, 0.0, 0.0, 0.0, 0.0, 0.0, 0.0, 0.0, 0.0, 0.0, 0.0, 0.0, 0.0]","[9, 22]"
kdv,400×601,1.0,274.4573823432411,78,WSINDy,0.06210708586676272,0.06940028491873118,True,True,2,0,0,1.0,1.0,1.0,1.0,True,MSTLS support stable,5,0.010209125000983477,0.1381509999919217,"[0.0, 0.0, 0.0, 0.0, 0.0, 0.0, 0.0, 0.0, 0.0, -0.5022832207023699, 0.0, 0.0, 0.0, 0.0, 0.0, 0.0, 0.0, 0.0, 0.0, 0.0, 0.0, 0.0, -1.0694002849187312, 0.0, 0.0, 0.0, 0.0, 0.0, 0.0, 0.0, 0.0, 0.0, 0.0, 0.0, 0.0, 0.0, 0.0, 0.0, 0.0, 0.0, 0.0, 0.0, 0.0, 0.0, 0.0, 0.0, 0.0, 0.0, 0.0]","[9, 22]"
kdv,400×601,1.0,274.4573823432411,79,WSINDy,0.010708919547576762,0.011463801010044739,True,True,2,0,0,1.0,1.0,1.0,1.0,True,MSTLS support stable,6,0.011146874981932342,0.13522799997008406,"[0.0, 0.0, 0.0, 0.0, 0.0, 0.0, 0.0, 0.0, 0.0, -0.4965456601574705, 0.0, 0.0, 0.0, 0.0, 0.0, 0.0, 0.0, 0.0, 0.0, 0.0, 0.0, 0.0, -0.9885361989899553, 0.0, 0.0, 0.0, 0.0, 0.0, 0.0, 0.0, 0.0, 0.0, 0.0, 0.0, 0.0, 0.0, 0.0, 0.0, 0.0, 0.0, 0.0, 0.0, 0.0, 0.0, 0.0, 0.0, 0.0, 0.0, 0.0]","[9, 22]"
kdv,400×601,1.0,274.4573823432411,80,WSINDy,0.030588678112350796,0.0338360146067187,True,True,2,0,0,1.0,1.0,1.0,1.0,True,MSTLS support stable,4,0.010712709015933797,0.13350041702506132,"[0.0, 0.0, 0.0, 0.0, 0.0, 0.0, 0.0, 0.0, 0.0, -0.4950292705404358, 0.0, 0.0, 0.0, 0.0, 0.0, 0.0, 0.0, 0.0, 0.0, 0.0, 0.0, 0.0, -0.9661639853932813, 0.0, 0.0, 0.0, 0.0, 0.0, 0.0, 0.0, 0.0, 0.0, 0.0, 0.0, 0.0, 0.0, 0.0, 0.0, 0.0, 0.0, 0.0, 0.0, 0.0, 0.0, 0.0, 0.0, 0.0, 0.0, 0.0]","[9, 22]"
kdv,400×601,1.0,274.4573823432411,81,WSINDy,0.0024815637742562767,0.005411865099989255,True,True,2,0,0,1.0,1.0,1.0,1.0,True,MSTLS support stable,4,0.010545665980316699,0.13332274998538196,"[0.0, 0.0, 0.0, 0.0, 0.0, 0.0, 0.0, 0.0, 0.0, -0.5027059325499946, 0.0, 0.0, 0.0, 0.0, 0.0, 0.0, 0.0, 0.0, 0.0, 0.0, 0.0, 0.0, -1.000612884566624, 0.0, 0.0, 0.0, 0.0, 0.0, 0.0, 0.0, 0.0, 0.0, 0.0, 0.0, 0.0, 0.0, 0.0, 0.0, 0.0, 0.0, 0.0, 0.0, 0.0, 0.0, 0.0, 0.0, 0.0, 0.0, 0.0]","[9, 22]"
kdv,400×601,1.0,274.4573823432411,82,WSINDy,0.05299366416887046,0.05917725847269595,True,True,2,0,0,1.0,1.0,1.0,1.0,True,MSTLS support stable,4,0.010878834000322968,0.13653208399773575,"[0.0, 0.0, 0.0, 0.0, 0.0, 0.0, 0.0, 0.0, 0.0, -0.4970909396346041, 0.0, 0.0, 0.0, 0.0, 0.0, 0.0, 0.0, 0.0, 0.0, 0.0, 0.0, 0.0, -1.059177258472696, 0.0, 0.0, 0.0, 0.0, 0.0, 0.0, 0.0, 0.0, 0.0, 0.0, 0.0, 0.0, 0.0, 0.0, 0.0, 0.0, 0.0, 0.0, 0.0, 0.0, 0.0, 0.0, 0.0, 0.0, 0.0, 0.0]","[9, 22]"
kdv,400×601,1.0,274.4573823432411,83,WSINDy,0.04712252530753345,0.05266628533096063,True,True,2,0,0,1.0,1.0,1.0,1.0,True,MSTLS support stable,4,0.009825417015235871,0.13539133401354775,"[0.0, 0.0, 0.0, 0.0, 0.0, 0.0, 0.0, 0.0, 0.0, -0.49861151930630826, 0.0, 0.0, 0.0, 0.0, 0.0, 0.0, 0.0, 0.0, 0.0, 0.0, 0.0, 0.0, -0.9473337146690394, 0.0, 0.0, 0.0, 0.0, 0.0, 0.0, 0.0, 0.0, 0.0, 0.0, 0.0, 0.0, 0.0, 0.0, 0.0, 0.0, 0.0, 0.0, 0.0, 0.0, 0.0, 0.0, 0.0, 0.0, 0.0, 0.0]","[9, 22]"
kdv,400×601,1.0,274.4573823432411,84,WSINDy,0.03757618989790725,0.04188665589517848,True,True,2,0,0,1.0,1.0,1.0,1.0,True,MSTLS support stable,4,0.010057249979581684,0.1368017919594422,"[0.0, 0.0, 0.0, 0.0, 0.0, 0.0, 0.0, 0.0, 0.0, -0.5032358332734234, 0.0, 0.0, 0.0, 0.0, 0.0, 0.0, 0.0, 0.0, 0.0, 0.0, 0.0, 0.0, -1.0418866558951785, 0.0, 0.0, 0.0, 0.0, 0.0, 0.0, 0.0, 0.0, 0.0, 0.0, 0.0, 0.0, 0.0, 0.0, 0.0, 0.0, 0.0, 0.0, 0.0, 0.0, 0.0, 0.0, 0.0, 0.0, 0.0, 0.0]","[9, 22]"
kdv,400×601,1.0,274.4573823432411,85,WSINDy,0.0942709010563265,0.10532051621522598,True,True,2,0,0,1.0,1.0,1.0,1.0,True,MSTLS support stable,3,0.010456249990966171,0.1356739169859793,"[0.0, 0.0, 0.0, 0.0, 0.0, 0.0, 0.0, 0.0, 0.0, -0.5040425668359289, 0.0, 0.0, 0.0, 0.0, 0.0, 0.0, 0.0, 0.0, 0.0, 0.0, 0.0, 0.0, -1.105320516215226, 0.0, 0.0, 0.0, 0.0, 0.0, 0.0, 0.0, 0.0, 0.0, 0.0, 0.0, 0.0, 0.0, 0.0, 0.0, 0.0, 0.0, 0.0, 0.0, 0.0, 0.0, 0.0, 0.0, 0.0, 0.0, 0.0]","[9, 22]"
kdv,400×601,1.0,274.4573823432411,86,WSINDy,0.07905213273397585,0.08825548427125751,True,True,2,0,0,1.0,1.0,1.0,1.0,True,MSTLS support stable,5,0.010257665999233723,0.13278299898956902,"[0.0, 0.0, 0.0, 0.0, 0.0, 0.0, 0.0, 0.0, 0.0, -0.5047454302527262, 0.0, 0.0, 0.0, 0.0, 0.0, 0.0, 0.0, 0.0, 0.0, 0.0, 0.0, 0.0, -1.0882554842712575, 0.0, 0.0, 0.0, 0.0, 0.0, 0.0, 0.0, 0.0, 0.0, 0.0, 0.0, 0.0, 0.0, 0.0, 0.0, 0.0, 0.0, 0.0, 0.0, 0.0, 0.0, 0.0, 0.0, 0.0, 0.0, 0.0]","[9, 22]"
kdv,400×601,1.0,274.4573823432411,87,WSINDy,0.00511898275723037,0.005715209272134425,True,True,2,0,0,1.0,1.0,1.0,1.0,True,MSTLS support stable,4,0.01084025000454858,0.1340912499872502,"[0.0, 0.0, 0.0, 0.0, 0.0, 0.0, 0.0, 0.0, 0.0, -0.5003022640596168, 0.0, 0.0, 0.0, 0.0, 0.0, 0.0, 0.0, 0.0, 0.0, 0.0, 0.0, 0.0, -0.9942847907278656, 0.0, 0.0, 0.0, 0.0, 0.0, 0.0, 0.0, 0.0, 0.0, 0.0, 0.0, 0.0, 0.0, 0.0, 0.0, 0.0, 0.0, 0.0, 0.0, 0.0, 0.0, 0.0, 0.0, 0.0, 0.0, 0.0]","[9, 22]"
kdv,400×601,1.0,274.4573823432411,88,WSINDy,0.010679301869559177,0.011904538019401611,True,True,2,0,0,1.0,1.0,1.0,1.0,True,MSTLS support stable,4,0.010888750024605542,0.13552916602930054,"[0.0, 0.0, 0.0, 0.0, 0.0, 0.0, 0.0, 0.0, 0.0, -0.4990827568091917, 0.0, 0.0, 0.0, 0.0, 0.0, 0.0, 0.0, 0.0, 0.0, 0.0, 0.0, 0.0, -1.0119045380194016, 0.0, 0.0, 0.0, 0.0, 0.0, 0.0, 0.0, 0.0, 0.0, 0.0, 0.0, 0.0, 0.0, 0.0, 0.0, 0.0, 0.0, 0.0, 0.0, 0.0, 0.0, 0.0, 0.0, 0.0, 0.0, 0.0]","[9, 22]"
kdv,400×601,1.0,274.4573823432411,89,WSINDy,0.021587414980925576,0.023717506975255986,True,True,2,0,0,1.0,1.0,1.0,1.0,True,MSTLS support stable,4,0.010447249980643392,0.13527595798950642,"[0.0, 0.0, 0.0, 0.0, 0.0, 0.0, 0.0, 0.0, 0.0, -0.5044721884829517, 0.0, 0.0, 0.0, 0.0, 0.0, 0.0, 0.0, 0.0, 0.0, 0.0, 0.0, 0.0, -0.976282493024744, 0.0, 0.0, 0.0, 0.0, 0.0, 0.0, 0.0, 0.0, 0.0, 0.0, 0.0, 0.0, 0.0, 0.0, 0.0, 0.0, 0.0, 0.0, 0.0, 0.0, 0.0, 0.0, 0.0, 0.0, 0.0, 0.0]","[9, 22]"
kdv,400×601,1.0,274.4573823432411,90,WSINDy,0.06485893344225899,0.07245020651186018,True,True,2,0,0,1.0,1.0,1.0,1.0,True,MSTLS support stable,4,0.010070792020997033,0.1328763340425212,"[0.0, 0.0, 0.0, 0.0, 0.0, 0.0, 0.0, 0.0, 0.0, -0.5030527259086003, 0.0, 0.0, 0.0, 0.0, 0.0, 0.0, 0.0, 0.0, 0.0, 0.0, 0.0, 0.0, -1.0724502065118602, 0.0, 0.0, 0.0, 0.0, 0.0, 0.0, 0.0, 0.0, 0.0, 0.0, 0.0, 0.0, 0.0, 0.0, 0.0, 0.0, 0.0, 0.0, 0.0, 0.0, 0.0, 0.0, 0.0, 0.0, 0.0, 0.0]","[9, 22]"
kdv,400×601,1.0,274.4573823432411,91,WSINDy,0.02281536596361407,0.025465980798029975,True,True,2,0,0,1.0,1.0,1.0,1.0,True,MSTLS support stable,4,0.010236041009193286,0.13294158299686387,"[0.0, 0.0, 0.0, 0.0, 0.0, 0.0, 0.0, 0.0, 0.0, -0.49853031395821495, 0.0, 0.0, 0.0, 0.0, 0.0, 0.0, 0.0, 0.0, 0.0, 0.0, 0.0, 0.0, -1.02546598079803, 0.0, 0.0, 0.0, 0.0, 0.0, 0.0, 0.0, 0.0, 0.0, 0.0, 0.0, 0.0, 0.0, 0.0, 0.0, 0.0, 0.0, 0.0, 0.0, 0.0, 0.0, 0.0, 0.0, 0.0, 0.0, 0.0]","[9, 22]"
kdv,400×601,1.0,274.4573823432411,92,WSINDy,0.03903904280738998,0.04357104096881137,True,True,2,0,0,1.0,1.0,1.0,1.0,True,MSTLS support stable,4,0.010328542004572228,0.13622704200679436,"[0.0, 0.0, 0.0, 0.0, 0.0, 0.0, 0.0, 0.0, 0.0, -0.49742648721769345, 0.0, 0.0, 0.0, 0.0, 0.0, 0.0, 0.0, 0.0, 0.0, 0.0, 0.0, 0.0, -0.9564289590311886, 0.0, 0.0, 0.0, 0.0, 0.0, 0.0, 0.0, 0.0, 0.0, 0.0, 0.0, 0.0, 0.0, 0.0, 0.0, 0.0, 0.0, 0.0, 0.0, 0.0, 0.0, 0.0, 0.0, 0.0, 0.0, 0.0]","[9, 22]"
kdv,400×601,1.0,274.4573823432411,93,WSINDy,0.015889687598126274,0.017754080102917458,True,True,2,0,0,1.0,1.0,1.0,1.0,True,MSTLS support stable,4,0.010034832987003028,0.13356924898107536,"[0.0, 0.0, 0.0, 0.0, 0.0, 0.0, 0.0, 0.0, 0.0, -0.5006287723409553, 0.0, 0.0, 0.0, 0.0, 0.0, 0.0, 0.0, 0.0, 0.0, 0.0, 0.0, 0.0, -0.9822459198970825, 0.0, 0.0, 0.0, 0.0, 0.0, 0.0, 0.0, 0.0, 0.0, 0.0, 0.0, 0.0, 0.0, 0.0, 0.0, 0.0, 0.0, 0.0, 0.0, 0.0, 0.0, 0.0, 0.0, 0.0, 0.0, 0.0]","[9, 22]"
kdv,400×601,1.0,274.4573823432411,94,WSINDy,0.09066250326960458,0.10125138404363287,True,True,2,0,0,1.0,1.0,1.0,1.0,True,MSTLS support stable,4,0.010551874991506338,0.13221654199878685,"[0.0, 0.0, 0.0, 0.0, 0.0, 0.0, 0.0, 0.0, 0.0, -0.49522830186017663, 0.0, 0.0, 0.0, 0.0, 0.0, 0.0, 0.0, 0.0, 0.0, 0.0, 0.0, 0.0, -0.8987486159563671, 0.0, 0.0, 0.0, 0.0, 0.0, 0.0, 0.0, 0.0, 0.0, 0.0, 0.0, 0.0, 0.0, 0.0, 0.0, 0.0, 0.0, 0.0, 0.0, 0.0, 0.0, 0.0, 0.0, 0.0, 0.0, 0.0]","[9, 22]"
kdv,400×601,1.0,274.4573823432411,95,WSINDy,0.06820727421002806,0.07623434042085808,True,True,2,0,0,1.0,1.0,1.0,1.0,True,MSTLS support stable,4,0.009901292010908946,0.13385095802368596,"[0.0, 0.0, 0.0, 0.0, 0.0, 0.0, 0.0, 0.0, 0.0, -0.5019014887717721, 0.0, 0.0, 0.0, 0.0, 0.0, 0.0, 0.0, 0.0, 0.0, 0.0, 0.0, 0.0, -1.076234340420858, 0.0, 0.0, 0.0, 0.0, 0.0, 0.0, 0.0, 0.0, 0.0, 0.0, 0.0, 0.0, 0.0, 0.0, 0.0, 0.0, 0.0, 0.0, 0.0, 0.0, 0.0, 0.0, 0.0, 0.0, 0.0, 0.0]","[9, 22]"
kdv,400×601,1.0,274.4573823432411,96,WSINDy,0.048767419438328075,0.05429705274009955,True,True,2,0,0,1.0,1.0,1.0,1.0,True,MSTLS support stable,5,0.010567165998509154,0.13206487501156516,"[0.0, 0.0, 0.0, 0.0, 0.0, 0.0, 0.0, 0.0, 0.0, -0.49503446255868294, 0.0, 0.0, 0.0, 0.0, 0.0, 0.0, 0.0, 0.0, 0.0, 0.0, 0.0, 0.0, -0.9457029472599005, 0.0, 0.0, 0.0, 0.0, 0.0, 0.0, 0.0, 0.0, 0.0, 0.0, 0.0, 0.0, 0.0, 0.0, 0.0, 0.0, 0.0, 0.0, 0.0, 0.0, 0.0, 0.0, 0.0, 0.0, 0.0, 0.0]","[9, 22]"
kdv,400×601,1.0,274.4573823432411,97,WSINDy,0.0036462478359177005,0.004411987503205594,True,True,2,0,0,1.0,1.0,1.0,1.0,True,MSTLS support stable,4,0.010427375003928319,0.13247433400829323,"[0.0, 0.0, 0.0, 0.0, 0.0, 0.0, 0.0, 0.0, 0.0, -0.4977940062483972, 0.0, 0.0, 0.0, 0.0, 0.0, 0.0, 0.0, 0.0, 0.0, 0.0, 0.0, 0.0, -0.9965718086883814, 0.0, 0.0, 0.0, 0.0, 0.0, 0.0, 0.0, 0.0, 0.0, 0.0, 0.0, 0.0, 0.0, 0.0, 0.0, 0.0, 0.0, 0.0, 0.0, 0.0, 0.0, 0.0, 0.0, 0.0, 0.0, 0.0]","[9, 22]"
kdv,400×601,1.0,274.4573823432411,98,WSINDy,0.005576659695934738,0.005891674431897975,True,True,2,0,0,1.0,1.0,1.0,1.0,True,MSTLS support stable,3,0.01008416700642556,0.1314840829872992,"[0.0, 0.0, 0.0, 0.0, 0.0, 0.0, 0.0, 0.0, 0.0, -0.4979598801275787, 0.0, 0.0, 0.0, 0.0, 0.0, 0.0, 0.0, 0.0, 0.0, 0.0, 0.0, 0.0, -1.005891674431898, 0.0, 0.0, 0.0, 0.0, 0.0, 0.0, 0.0, 0.0, 0.0, 0.0, 0.0, 0.0, 0.0, 0.0, 0.0, 0.0, 0.0, 0.0, 0.0, 0.0, 0.0, 0.0, 0.0, 0.0, 0.0, 0.0]","[9, 22]"
kdv,400×601,1.0,274.4573823432411,99,WSINDy,0.048623815949275014,0.05420917541029535,True,True,2,0,0,1.0,1.0,1.0,1.0,True,MSTLS support stable,4,0.010552958003245294,0.13440695800818503,"[0.0, 0.0, 0.0, 0.0, 0.0, 0.0, 0.0, 0.0, 0.0, -0.5040877436529269, 0.0, 0.0, 0.0, 0.0, 0.0, 0.0, 0.0, 0.0, 0.0, 0.0, 0.0, 0.0, -1.0542091754102954, 0.0, 0.0, 0.0, 0.0, 0.0, 0.0, 0.0, 0.0, 0.0, 0.0, 0.0, 0.0, 0.0, 0.0, 0.0, 0.0, 0.0, 0.0, 0.0, 0.0, 0.0, 0.0, 0.0, 0.0, 0.0, 0.0]","[9, 22]"
kdv,400×601,1.0,274.4573823432411,100,WSINDy,0.035254533052418886,0.039372686618713404,True,True,2,0,0,1.0,1.0,1.0,1.0,True,MSTLS support stable,3,0.010442749975482002,0.1357665829709731,"[0.0, 0.0, 0.0, 0.0, 0.0, 0.0, 0.0, 0.0, 0.0, -0.5018423285143282, 0.0, 0.0, 0.0, 0.0, 0.0, 0.0, 0.0, 0.0, 0.0, 0.0, 0.0, 0.0, -1.0393726866187134, 0.0, 0.0, 0.0, 0.0, 0.0, 0.0, 0.0, 0.0, 0.0, 0.0, 0.0, 0.0, 0.0, 0.0, 0.0, 0.0, 0.0, 0.0, 0.0, 0.0, 0.0, 0.0, 0.0, 0.0, 0.0, 0.0]","[9, 22]"
kdv,400×601,1.0,274.4573823432411,101,WSINDy,0.06005935124310293,0.06709690469848173,True,True,2,0,0,1.0,1.0,1.0,1.0,True,MSTLS support stable,5,0.010109374998137355,0.13183054100954905,"[0.0, 0.0, 0.0, 0.0, 0.0, 0.0, 0.0, 0.0, 0.0, -0.5026291575762729, 0.0, 0.0, 0.0, 0.0, 0.0, 0.0, 0.0, 0.0, 0.0, 0.0, 0.0, 0.0, -1.0670969046984817, 0.0, 0.0, 0.0, 0.0, 0.0, 0.0, 0.0, 0.0, 0.0, 0.0, 0.0, 0.0, 0.0, 0.0, 0.0, 0.0, 0.0, 0.0, 0.0, 0.0, 0.0, 0.0, 0.0, 0.0, 0.0, 0.0]","[9, 22]"
kdv,400×601,1.0,274.4573823432411,102,WSINDy,0.0835868946161747,0.09335786479370767,True,True,2,0,0,1.0,1.0,1.0,1.0,True,MSTLS support stable,4,0.009643291006796062,0.13192320801317692,"[0.0, 0.0, 0.0, 0.0, 0.0, 0.0, 0.0, 0.0, 0.0, -0.49578452011875673, 0.0, 0.0, 0.0, 0.0, 0.0, 0.0, 0.0, 0.0, 0.0, 0.0, 0.0, 0.0, -0.9066421352062923, 0.0, 0.0, 0.0, 0.0, 0.0, 0.0, 0.0, 0.0, 0.0, 0.0, 0.0, 0.0, 0.0, 0.0, 0.0, 0.0, 0.0, 0.0, 0.0, 0.0, 0.0, 0.0, 0.0, 0.0, 0.0, 0.0]","[9, 22]"
kdv,400×601,1.0,274.4573823432411,103,WSINDy,0.005934366467732757,0.0065220882581058515,True,True,2,0,0,1.0,1.0,1.0,1.0,True,MSTLS support stable,5,0.008907124982215464,0.14178783298120834,"[0.0, 0.0, 0.0, 0.0, 0.0, 0.0, 0.0, 0.0, 0.0, -0.5012178860661681, 0.0, 0.0, 0.0, 0.0, 0.0, 0.0, 0.0, 0.0, 0.0, 0.0, 0.0, 0.0, -1.0065220882581059, 0.0, 0.0, 0.0, 0.0, 0.0, 0.0, 0.0, 0.0, 0.0, 0.0, 0.0, 0.0, 0.0, 0.0, 0.0, 0.0, 0.0, 0.0, 0.0, 0.0, 0.0, 0.0, 0.0, 0.0, 0.0, 0.0]","[9, 22]"
kdv,400×601,1.0,274.4573823432411,104,WSINDy,0.04109429745247702,0.04585909431292645,True,True,2,0,0,1.0,1.0,1.0,1.0,True,MSTLS support stable,4,0.010841833020094782,0.13413141600904055,"[0.0, 0.0, 0.0, 0.0, 0.0, 0.0, 0.0, 0.0, 0.0, -0.5028053649831958, 0.0, 0.0, 0.0, 0.0, 0.0, 0.0, 0.0, 0.0, 0.0, 0.0, 0.0, 0.0, -1.0458590943129265, 0.0, 0.0, 0.0, 0.0, 0.0, 0.0, 0.0, 0.0, 0.0, 0.0, 0.0, 0.0, 0.0, 0.0, 0.0, 0.0, 0.0, 0.0, 0.0, 0.0, 0.0, 0.0, 0.0, 0.0, 0.0, 0.0]","[9, 22]"
kdv,400×601,1.0,274.4573823432411,105,WSINDy,0.04914464752578277,0.05492650680457967,True,True,2,0,0,1.0,1.0,1.0,1.0,True,MSTLS support stable,3,0.010719249985413626,0.13479879198712297,"[0.0, 0.0, 0.0, 0.0, 0.0, 0.0, 0.0, 0.0, 0.0, -0.5014402519877601, 0.0, 0.0, 0.0, 0.0, 0.0, 0.0, 0.0, 0.0, 0.0, 0.0, 0.0, 0.0, -1.0549265068045797, 0.0, 0.0, 0.0, 0.0, 0.0, 0.0, 0.0, 0.0, 0.0, 0.0, 0.0, 0.0, 0.0, 0.0, 0.0, 0.0, 0.0, 0.0, 0.0, 0.0, 0.0, 0.0, 0.0, 0.0, 0.0, 0.0]","[9, 22]"
kdv,400×601,1.0,274.4573823432411,106,WSINDy,0.011310997178722576,0.012605029481651209,True,True,2,0,0,1.0,1.0,1.0,1.0,True,MSTLS support stable,4,0.011364457983290777,0.13537045798148029,"[0.0, 0.0, 0.0, 0.0, 0.0, 0.0, 0.0, 0.0, 0.0, -0.49898188741386745, 0.0, 0.0, 0.0, 0.0, 0.0, 0.0, 0.0, 0.0, 0.0, 0.0, 0.0, 0.0, -0.9873949705183488, 0.0, 0.0, 0.0, 0.0, 0.0, 0.0, 0.0, 0.0, 0.0, 0.0, 0.0, 0.0, 0.0, 0.0, 0.0, 0.0, 0.0, 0.0, 0.0, 0.0, 0.0, 0.0, 0.0, 0.0, 0.0, 0.0]","[9, 22]"
kdv,400×601,1.0,274.4573823432411,107,WSINDy,0.044575467622419464,0.049807193550545414,True,True,2,0,0,1.0,1.0,1.0,1.0,True,MSTLS support stable,4,0.010413541982416064,0.13572674998431467,"[0.0, 0.0, 0.0, 0.0, 0.0, 0.0, 0.0, 0.0, 0.0, -0.49827986546595493, 0.0, 0.0, 0.0, 0.0, 0.0, 0.0, 0.0, 0.0, 0.0, 0.0, 0.0, 0.0, -0.9501928064494546, 0.0, 0.0, 0.0, 0.0, 0.0, 0.0, 0.0, 0.0, 0.0, 0.0, 0.0, 0.0, 0.0, 0.0, 0.0, 0.0, 0.0, 0.0, 0.0, 0.0, 0.0, 0.0, 0.0, 0.0, 0.0, 0.0]","[9, 22]"
kdv,400×601,1.0,274.4573823432411,108,WSINDy,0.04332191277767867,0.0484311383318925,True,True,2,0,0,1.0,1.0,1.0,1.0,True,MSTLS support stable,4,0.011307083012070507,0.1385998330079019,"[0.0, 0.0, 0.0, 0.0, 0.0, 0.0, 0.0, 0.0, 0.0, -0.5006403110752526, 0.0, 0.0, 0.0, 0.0, 0.0, 0.0, 0.0, 0.0, 0.0, 0.0, 0.0, 0.0, -1.0484311383318925, 0.0, 0.0, 0.0, 0.0, 0.0, 0.0, 0.0, 0.0, 0.0, 0.0, 0.0, 0.0, 0.0, 0.0, 0.0, 0.0, 0.0, 0.0, 0.0, 0.0, 0.0, 0.0, 0.0, 0.0, 0.0, 0.0]","[9, 22]"
kdv,400×601,1.0,274.4573823432411,109,WSINDy,0.016120798351068718,0.01801921634622694,True,True,2,0,0,1.0,1.0,1.0,1.0,True,MSTLS support stable,3,0.010526124999159947,0.13327495800331235,"[0.0, 0.0, 0.0, 0.0, 0.0, 0.0, 0.0, 0.0, 0.0, -0.499602486965443, 0.0, 0.0, 0.0, 0.0, 0.0, 0.0, 0.0, 0.0, 0.0, 0.0, 0.0, 0.0, -0.9819807836537731, 0.0, 0.0, 0.0, 0.0, 0.0, 0.0, 0.0, 0.0, 0.0, 0.0, 0.0, 0.0, 0.0, 0.0, 0.0, 0.0, 0.0, 0.0, 0.0, 0.0, 0.0, 0.0, 0.0, 0.0, 0.0, 0.0]","[9, 22]"
kdv,400×601,1.0,274.4573823432411,110,WSINDy,0.042785984705550534,0.047722249201857414,True,True,2,0,0,1.0,1.0,1.0,1.0,True,MSTLS support stable,4,0.011226459027966484,0.13318245904520154,"[0.0, 0.0, 0.0, 0.0, 0.0, 0.0, 0.0, 0.0, 0.0, -0.5032996272736969, 0.0, 0.0, 0.0, 0.0, 0.0, 0.0, 0.0, 0.0, 0.0, 0.0, 0.0, 0.0, -1.0477222492018574, 0.0, 0.0, 0.0, 0.0, 0.0, 0.0, 0.0, 0.0, 0.0, 0.0, 0.0, 0.0, 0.0, 0.0, 0.0, 0.0, 0.0, 0.0, 0.0, 0.0, 0.0, 0.0, 0.0, 0.0, 0.0, 0.0]","[9, 22]"
kdv,400×601,1.0,274.4573823432411,111,WSINDy,0.07226881160883651,0.08079742391886058,True,True,2,0,0,1.0,1.0,1.0,1.0,True,MSTLS support stable,4,0.01052358400193043,0.13439887599088252,"[0.0, 0.0, 0.0, 0.0, 0.0, 0.0, 0.0, 0.0, 0.0, -0.4994973049952346, 0.0, 0.0, 0.0, 0.0, 0.0, 0.0, 0.0, 0.0, 0.0, 0.0, 0.0, 0.0, -0.9192025760811394, 0.0, 0.0, 0.0, 0.0, 0.0, 0.0, 0.0, 0.0, 0.0, 0.0, 0.0, 0.0, 0.0, 0.0, 0.0, 0.0, 0.0, 0.0, 0.0, 0.0, 0.0, 0.0, 0.0, 0.0, 0.0, 0.0]","[9, 22]"
kdv,400×601,1.0,274.4573823432411,112,WSINDy,0.01957279234032299,0.021866604247367194,True,True,2,0,0,1.0,1.0,1.0,1.0,True,MSTLS support stable,4,0.009606999985408038,0.13288774999091402,"[0.0, 0.0, 0.0, 0.0, 0.0, 0.0, 0.0, 0.0, 0.0, -0.49915184394962897, 0.0, 0.0, 0.0, 0.0, 0.0, 0.0, 0.0, 0.0, 0.0, 0.0, 0.0, 0.0, -0.9781333957526328, 0.0, 0.0, 0.0, 0.0, 0.0, 0.0, 0.0, 0.0, 0.0, 0.0, 0.0, 0.0, 0.0, 0.0, 0.0, 0.0, 0.0, 0.0, 0.0, 0.0, 0.0, 0.0, 0.0, 0.0, 0.0, 0.0]","[9, 22]"
kdv,400×601,1.0,274.4573823432411,113,WSINDy,0.03475293684756123,0.03884057629293558,True,True,2,0,0,1.0,1.0,1.0,1.0,True,MSTLS support stable,4,0.010789166000904515,0.13243233200046234,"[0.0, 0.0, 0.0, 0.0, 0.0, 0.0, 0.0, 0.0, 0.0, -0.4989426884821045, 0.0, 0.0, 0.0, 0.0, 0.0, 0.0, 0.0, 0.0, 0.0, 0.0, 0.0, 0.0, -0.9611594237070644, 0.0, 0.0, 0.0, 0.0, 0.0, 0.0, 0.0, 0.0, 0.0, 0.0, 0.0, 0.0, 0.0, 0.0, 0.0, 0.0, 0.0, 0.0, 0.0, 0.0, 0.0, 0.0, 0.0, 0.0, 0.0, 0.0]","[9, 22]"
kdv,400×601,1.0,274.4573823432411,114,WSINDy,0.07914981752701779,0.0884532743774642,True,True,2,0,0,1.0,1.0,1.0,1.0,True,MSTLS support stable,4,0.010146665998036042,0.13393908299622126,"[0.0, 0.0, 0.0, 0.0, 0.0, 0.0, 0.0, 0.0, 0.0, -0.49737602017818305, 0.0, 0.0, 0.0, 0.0, 0.0, 0.0, 0.0, 0.0, 0.0, 0.0, 0.0, 0.0, -0.9115467256225358, 0.0, 0.0, 0.0, 0.0, 0.0, 0.0, 0.0, 0.0, 0.0, 0.0, 0.0, 0.0, 0.0, 0.0, 0.0, 0.0, 0.0, 0.0, 0.0, 0.0, 0.0, 0.0, 0.0, 0.0, 0.0, 0.0]","[9, 22]"
kdv,400×601,1.0,274.4573823432411,115,WSINDy,0.005284730856182459,0.005790701880059368,True,True,2,0,0,1.0,1.0,1.0,1.0,True,MSTLS support stable,5,0.009715082996990532,0.13139150000642985,"[0.0, 0.0, 0.0, 0.0, 0.0, 0.0, 0.0, 0.0, 0.0, -0.4988260123449816, 0.0, 0.0, 0.0, 0.0, 0.0, 0.0, 0.0, 0.0, 0.0, 0.0, 0.0, 0.0, -1.0057907018800594, 0.0, 0.0, 0.0, 0.0, 0.0, 0.0, 0.0, 0.0, 0.0, 0.0, 0.0, 0.0, 0.0, 0.0, 0.0, 0.0, 0.0, 0.0, 0.0, 0.0, 0.0, 0.0, 0.0, 0.0, 0.0, 0.0]","[9, 22]"
kdv,400×601,1.0,274.4573823432411,116,WSINDy,0.042010639724844215,0.046844270986001635,True,True,2,0,0,1.0,1.0,1.0,1.0,True,MSTLS support stable,4,0.010207207989878953,0.13652541599003598,"[0.0, 0.0, 0.0, 0.0, 0.0, 0.0, 0.0, 0.0, 0.0, -0.49657485936006, 0.0, 0.0, 0.0, 0.0, 0.0, 0.0, 0.0, 0.0, 0.0, 0.0, 0.0, 0.0, -0.9531557290139984, 0.0, 0.0, 0.0, 0.0, 0.0, 0.0, 0.0, 0.0, 0.0, 0.0, 0.0, 0.0, 0.0, 0.0, 0.0, 0.0, 0.0, 0.0, 0.0, 0.0, 0.0, 0.0, 0.0, 0.0, 0.0, 0.0]","[9, 22]"
kdv,400×601,1.0,274.4573823432411,117,WSINDy,0.0675863309100213,0.07554712936380503,True,True,2,0,0,1.0,1.0,1.0,1.0,True,MSTLS support stable,4,0.010342499997932464,0.13464758300688118,"[0.0, 0.0, 0.0, 0.0, 0.0, 0.0, 0.0, 0.0, 0.0, -0.5015878923883987, 0.0, 0.0, 0.0, 0.0, 0.0, 0.0, 0.0, 0.0, 0.0, 0.0, 0.0, 0.0, -1.075547129363805, 0.0, 0.0, 0.0, 0.0, 0.0, 0.0, 0.0, 0.0, 0.0, 0.0, 0.0, 0.0, 0.0, 0.0, 0.0, 0.0, 0.0, 0.0, 0.0, 0.0, 0.0, 0.0, 0.0, 0.0, 0.0, 0.0]","[9, 22]"
kdv,400×601,1.0,274.4573823432411,118,WSINDy,0.0017755493856274783,0.003641001643414077,True,True,2,0,0,1.0,1.0,1.0,1.0,True,MSTLS support stable,4,0.010996124998200685,0.1363357090158388,"[0.0, 0.0, 0.0, 0.0, 0.0, 0.0, 0.0, 0.0, 0.0, -0.501820500821707, 0.0, 0.0, 0.0, 0.0, 0.0, 0.0, 0.0, 0.0, 0.0, 0.0, 0.0, 0.0, -1.0007915151825244, 0.0, 0.0, 0.0, 0.0, 0.0, 0.0, 0.0, 0.0, 0.0, 0.0, 0.0, 0.0, 0.0, 0.0, 0.0, 0.0, 0.0, 0.0, 0.0, 0.0, 0.0, 0.0, 0.0, 0.0, 0.0, 0.0]","[9, 22]"
kdv,400×601,1.0,274.4573823432411,119,WSINDy,0.006072974937402296,0.006412904456278956,True,True,2,0,0,1.0,1.0,1.0,1.0,True,MSTLS support stable,4,0.011421792005421594,0.13572370799374767,"[0.0, 0.0, 0.0, 0.0, 0.0, 0.0, 0.0, 0.0, 0.0, -0.497769319123556, 0.0, 0.0, 0.0, 0.0, 0.0, 0.0, 0.0, 0.0, 0.0, 0.0, 0.0, 0.0, -0.993587095543721, 0.0, 0.0, 0.0, 0.0, 0.0, 0.0, 0.0, 0.0, 0.0, 0.0, 0.0, 0.0, 0.0, 0.0, 0.0, 0.0, 0.0, 0.0, 0.0, 0.0, 0.0, 0.0, 0.0, 0.0, 0.0, 0.0]","[9, 22]"
kdv,400×601,1.0,274.4573823432411,120,WSINDy,0.05686278174339171,0.06355171158161999,True,True,2,0,0,1.0,1.0,1.0,1.0,True,MSTLS support stable,4,0.011326084000756964,0.1341294169833418,"[0.0, 0.0, 0.0, 0.0, 0.0, 0.0, 0.0, 0.0, 0.0, -0.5017029062047981, 0.0, 0.0, 0.0, 0.0, 0.0, 0.0, 0.0, 0.0, 0.0, 0.0, 0.0, 0.0, -1.06355171158162, 0.0, 0.0, 0.0, 0.0, 0.0, 0.0, 0.0, 0.0, 0.0, 0.0, 0.0, 0.0, 0.0, 0.0, 0.0, 0.0, 0.0, 0.0, 0.0, 0.0, 0.0, 0.0, 0.0, 0.0, 0.0, 0.0]","[9, 22]"
kdv,400×601,1.0,274.4573823432411,121,WSINDy,0.031277099165941895,0.03496688368846246,True,True,2,0,0,1.0,1.0,1.0,1.0,True,MSTLS support stable,4,0.01008937499136664,0.132585499988636,"[0.0, 0.0, 0.0, 0.0, 0.0, 0.0, 0.0, 0.0, 0.0, -0.4996282333894196, 0.0, 0.0, 0.0, 0.0, 0.0, 0.0, 0.0, 0.0, 0.0, 0.0, 0.0, 0.0, -1.0349668836884625, 0.0, 0.0, 0.0, 0.0, 0.0, 0.0, 0.0, 0.0, 0.0, 0.0, 0.0, 0.0, 0.0, 0.0, 0.0, 0.0, 0.0, 0.0, 0.0, 0.0, 0.0, 0.0, 0.0, 0.0, 0.0, 0.0]","[9, 22]"
kdv,400×601,1.0,274.4573823432411,122,WSINDy,0.006832113812774409,0.007589564620954059,True,True,2,0,0,1.0,1.0,1.0,1.0,True,MSTLS support stable,4,0.010789291991386563,0.13652583400835283,"[0.0, 0.0, 0.0, 0.0, 0.0, 0.0, 0.0, 0.0, 0.0, -0.49913644177802474, 0.0, 0.0, 0.0, 0.0, 0.0, 0.0, 0.0, 0.0, 0.0, 0.0, 0.0, 0.0, -0.9924104353790459, 0.0, 0.0, 0.0, 0.0, 0.0, 0.0, 0.0, 0.0, 0.0, 0.0, 0.0, 0.0, 0.0, 0.0, 0.0, 0.0, 0.0, 0.0, 0.0, 0.0, 0.0, 0.0, 0.0, 0.0, 0.0, 0.0]","[9, 22]"
kdv,400×601,1.0,274.4573823432411,123,WSINDy,0.029238814890706198,0.032678954781265035,True,True,2,0,0,1.0,1.0,1.0,1.0,True,MSTLS support stable,4,0.0108469580009114,0.13448979199165478,"[0.0, 0.0, 0.0, 0.0, 0.0, 0.0, 0.0, 0.0, 0.0, -0.5008492847992655, 0.0, 0.0, 0.0, 0.0, 0.0, 0.0, 0.0, 0.0, 0.0, 0.0, 0.0, 0.0, -0.967321045218735, 0.0, 0.0, 0.0, 0.0, 0.0, 0.0, 0.0, 0.0, 0.0, 0.0, 0.0, 0.0, 0.0, 0.0, 0.0, 0.0, 0.0, 0.0, 0.0, 0.0, 0.0, 0.0, 0.0, 0.0, 0.0, 0.0]","[9, 22]"
kdv,400×601,1.0,274.4573823432411,124,WSINDy,0.05570855602284963,0.06226755729389488,True,True,2,0,0,1.0,1.0,1.0,1.0,True,MSTLS support stable,3,0.01395766600035131,0.14030125000863336,"[0.0, 0.0, 0.0, 0.0, 0.0, 0.0, 0.0, 0.0, 0.0, -0.5014336409383938, 0.0, 0.0, 0.0, 0.0, 0.0, 0.0, 0.0, 0.0, 0.0, 0.0, 0.0, 0.0, -1.0622675572938949, 0.0, 0.0, 0.0, 0.0, 0.0, 0.0, 0.0, 0.0, 0.0, 0.0, 0.0, 0.0, 0.0, 0.0, 0.0, 0.0, 0.0, 0.0, 0.0, 0.0, 0.0, 0.0, 0.0, 0.0, 0.0, 0.0]","[9, 22]"
kdv,400×601,1.0,274.4573823432411,125,WSINDy,0.0028312810481673713,0.003153346003798352,True,True,2,0,0,1.0,1.0,1.0,1.0,True,MSTLS support stable,4,0.010728083027061075,0.1343341660394799,"[0.0, 0.0, 0.0, 0.0, 0.0, 0.0, 0.0, 0.0, 0.0, -0.49972323394812834, 0.0, 0.0, 0.0, 0.0, 0.0, 0.0, 0.0, 0.0, 0.0, 0.0, 0.0, 0.0, -0.9968466539962016, 0.0, 0.0, 0.0, 0.0, 0.0, 0.0, 0.0, 0.0, 0.0, 0.0, 0.0, 0.0, 0.0, 0.0, 0.0, 0.0, 0.0, 0.0, 0.0, 0.0, 0.0, 0.0, 0.0, 0.0, 0.0, 0.0]","[9, 22]"
kdv,400×601,1.0,274.4573823432411,126,WSINDy,0.0250343589779148,0.027757504715572145,True,True,2,0,0,1.0,1.0,1.0,1.0,True,MSTLS support stable,4,0.010670666000805795,0.1331633329973556,"[0.0, 0.0, 0.0, 0.0, 0.0, 0.0, 0.0, 0.0, 0.0, -0.49640558158266607, 0.0, 0.0, 0.0, 0.0, 0.0, 0.0, 0.0, 0.0, 0.0, 0.0, 0.0, 0.0, -0.9722424952844279, 0.0, 0.0, 0.0, 0.0, 0.0, 0.0, 0.0, 0.0, 0.0, 0.0, 0.0, 0.0, 0.0, 0.0, 0.0, 0.0, 0.0, 0.0, 0.0, 0.0, 0.0, 0.0, 0.0, 0.0, 0.0, 0.0]","[9, 22]"
kdv,400×601,1.0,274.4573823432411,127,WSINDy,0.029713257008981662,0.033184972556036585,True,True,2,0,0,1.0,1.0,1.0,1.0,True,MSTLS support stable,4,0.01094879099400714,0.13248724999721162,"[0.0, 0.0, 0.0, 0.0, 0.0, 0.0, 0.0, 0.0, 0.0, -0.49846551342223333, 0.0, 0.0, 0.0, 0.0, 0.0, 0.0, 0.0, 0.0, 0.0, 0.0, 0.0, 0.0, -0.9668150274439634, 0.0, 0.0, 0.0, 0.0, 0.0, 0.0, 0.0, 0.0, 0.0, 0.0, 0.0, 0.0, 0.0, 0.0, 0.0, 0.0, 0.0, 0.0, 0.0, 0.0, 0.0, 0.0, 0.0, 0.0, 0.0, 0.0]","[9, 22]"
kdv,400×601,1.0,274.4573823432411,128,WSINDy,0.03356718080822202,0.037503014203809526,True,True,2,0,0,1.0,1.0,1.0,1.0,True,MSTLS support stable,4,0.010519916017074138,0.133874833030859,"[0.0, 0.0, 0.0, 0.0, 0.0, 0.0, 0.0, 0.0, 0.0, -0.4985969818626628, 0.0, 0.0, 0.0, 0.0, 0.0, 0.0, 0.0, 0.0, 0.0, 0.0, 0.0, 0.0, -0.9624969857961905, 0.0, 0.0, 0.0, 0.0, 0.0, 0.0, 0.0, 0.0, 0.0, 0.0, 0.0, 0.0, 0.0, 0.0, 0.0, 0.0, 0.0, 0.0, 0.0, 0.0, 0.0, 0.0, 0.0, 0.0, 0.0, 0.0]","[9, 22]"
kdv,400×601,1.0,274.4573823432411,129,WSINDy,0.026520822314951523,0.02955675539346614,True,True,2,0,0,1.0,1.0,1.0,1.0,True,MSTLS support stable,5,0.011293332994682714,0.1330601240042597,"[0.0, 0.0, 0.0, 0.0, 0.0, 0.0, 0.0, 0.0, 0.0, -0.5023644726552339, 0.0, 0.0, 0.0, 0.0, 0.0, 0.0, 0.0, 0.0, 0.0, 0.0, 0.0, 0.0, -1.0295567553934661, 0.0, 0.0, 0.0, 0.0, 0.0, 0.0, 0.0, 0.0, 0.0, 0.0, 0.0, 0.0, 0.0, 0.0, 0.0, 0.0, 0.0, 0.0, 0.0, 0.0, 0.0, 0.0, 0.0, 0.0, 0.0, 0.0]","[9, 22]"
kdv,400×601,1.0,274.4573823432411,130,WSINDy,0.060919597164253235,0.06805398892105896,True,True,2,0,0,1.0,1.0,1.0,1.0,True,MSTLS support stable,3,0.010693999996874481,0.1323524999897927,"[0.0, 0.0, 0.0, 0.0, 0.0, 0.0, 0.0, 0.0, 0.0, -0.5027660875349486, 0.0, 0.0, 0.0, 0.0, 0.0, 0.0, 0.0, 0.0, 0.0, 0.0, 0.0, 0.0, -1.068053988921059, 0.0, 0.0, 0.0, 0.0, 0.0, 0.0, 0.0, 0.0, 0.0, 0.0, 0.0, 0.0, 0.0, 0.0, 0.0, 0.0, 0.0, 0.0, 0.0, 0.0, 0.0, 0.0, 0.0, 0.0, 0.0, 0.0]","[9, 22]"
kdv,400×601,1.0,274.4573823432411,131,WSINDy,0.027686118737462604,0.030948449755862084,True,True,2,0,0,1.0,1.0,1.0,1.0,True,MSTLS support stable,4,0.010495791997527704,0.13378683300106786,"[0.0, 0.0, 0.0, 0.0, 0.0, 0.0, 0.0, 0.0, 0.0, -0.49941270012772204, 0.0, 0.0, 0.0, 0.0, 0.0, 0.0, 0.0, 0.0, 0.0, 0.0, 0.0, 0.0, -1.030948449755862, 0.0, 0.0, 0.0, 0.0, 0.0, 0.0, 0.0, 0.0, 0.0, 0.0, 0.0, 0.0, 0.0, 0.0, 0.0, 0.0, 0.0, 0.0, 0.0, 0.0, 0.0, 0.0, 0.0, 0.0, 0.0, 0.0]","[9, 22]"
kdv,400×601,1.0,274.4573823432411,132,WSINDy,0.06566195700019412,0.07340565880391692,True,True,2,0,0,1.0,1.0,1.0,1.0,True,MSTLS support stable,4,0.010648833005689085,0.13798141601728275,"[0.0, 0.0, 0.0, 0.0, 0.0, 0.0, 0.0, 0.0, 0.0, -0.500987421861268, 0.0, 0.0, 0.0, 0.0, 0.0, 0.0, 0.0, 0.0, 0.0, 0.0, 0.0, 0.0, -1.073405658803917, 0.0, 0.0, 0.0, 0.0, 0.0, 0.0, 0.0, 0.0, 0.0, 0.0, 0.0, 0.0, 0.0, 0.0, 0.0, 0.0, 0.0, 0.0, 0.0, 0.0, 0.0, 0.0, 0.0, 0.0, 0.0, 0.0]","[9, 22]"
kdv,400×601,1.0,274.4573823432411,133,WSINDy,0.04993647894745139,0.0558159835920804,True,True,2,0,0,1.0,1.0,1.0,1.0,True,MSTLS support stable,3,0.010714042000472546,0.13509362601325847,"[0.0, 0.0, 0.0, 0.0, 0.0, 0.0, 0.0, 0.0, 0.0, -0.5012809714029524, 0.0, 0.0, 0.0, 0.0, 0.0, 0.0, 0.0, 0.0, 0.0, 0.0, 0.0, 0.0, -1.0558159835920804, 0.0, 0.0, 0.0, 0.0, 0.0, 0.0, 0.0, 0.0, 0.0, 0.0, 0.0, 0.0, 0.0, 0.0, 0.0, 0.0, 0.0, 0.0, 0.0, 0.0, 0.0, 0.0, 0.0, 0.0, 0.0, 0.0]","[9, 22]"
kdv,400×601,1.0,274.4573823432411,134,WSINDy,0.07624845749173155,0.08518872205014405,True,True,2,0,0,1.0,1.0,1.0,1.0,True,MSTLS support stable,3,0.010502541990717873,0.13334520798525773,"[0.0, 0.0, 0.0, 0.0, 0.0, 0.0, 0.0, 0.0, 0.0, -0.49681162693544323, 0.0, 0.0, 0.0, 0.0, 0.0, 0.0, 0.0, 0.0, 0.0, 0.0, 0.0, 0.0, -0.914811277949856, 0.0, 0.0, 0.0, 0.0, 0.0, 0.0, 0.0, 0.0, 0.0, 0.0, 0.0, 0.0, 0.0, 0.0, 0.0, 0.0, 0.0, 0.0, 0.0, 0.0, 0.0, 0.0, 0.0, 0.0, 0.0, 0.0]","[9, 22]"
kdv,400×601,1.0,274.4573823432411,135,WSINDy,0.048255820648997916,0.053921440831999456,True,True,2,0,0,1.0,1.0,1.0,1.0,True,MSTLS support stable,4,0.011001416976796463,0.13382024999009445,"[0.0, 0.0, 0.0, 0.0, 0.0, 0.0, 0.0, 0.0, 0.0, -0.4981948679448586, 0.0, 0.0, 0.0, 0.0, 0.0, 0.0, 0.0, 0.0, 0.0, 0.0, 0.0, 0.0, -0.9460785591680005, 0.0, 0.0, 0.0, 0.0, 0.0, 0.0, 0.0, 0.0, 0.0, 0.0, 0.0, 0.0, 0.0, 0.0, 0.0, 0.0, 0.0, 0.0, 0.0, 0.0, 0.0, 0.0, 0.0, 0.0, 0.0, 0.0]","[9, 22]"
kdv,400×601,1.0,274.4573823432411,136,WSINDy,0.04118467488230559,0.04602145385588563,True,True,2,0,0,1.0,1.0,1.0,1.0,True,MSTLS support stable,4,0.010861665999982506,0.13567795799463056,"[0.0, 0.0, 0.0, 0.0, 0.0, 0.0, 0.0, 0.0, 0.0, -0.49850080306760397, 0.0, 0.0, 0.0, 0.0, 0.0, 0.0, 0.0, 0.0, 0.0, 0.0, 0.0, 0.0, -0.9539785461441144, 0.0, 0.0, 0.0, 0.0, 0.0, 0.0, 0.0, 0.0, 0.0, 0.0, 0.0, 0.0, 0.0, 0.0, 0.0, 0.0, 0.0, 0.0, 0.0, 0.0, 0.0, 0.0, 0.0, 0.0, 0.0, 0.0]","[9, 22]"
kdv,400×601,1.0,274.4573823432411,137,WSINDy,0.04757144162374226,0.05308993499914938,True,True,2,0,0,1.0,1.0,1.0,1.0,True,MSTLS support stable,4,0.011229291994823143,0.1358904170047026,"[0.0, 0.0, 0.0, 0.0, 0.0, 0.0, 0.0, 0.0, 0.0, -0.49679666197732886, 0.0, 0.0, 0.0, 0.0, 0.0, 0.0, 0.0, 0.0, 0.0, 0.0, 0.0, 0.0, -0.9469100650008506, 0.0, 0.0, 0.0, 0.0, 0.0, 0.0, 0.0, 0.0, 0.0, 0.0, 0.0, 0.0, 0.0, 0.0, 0.0, 0.0, 0.0, 0.0, 0.0, 0.0, 0.0, 0.0, 0.0, 0.0, 0.0, 0.0]","[9, 22]"
kdv,400×601,1.0,274.4573823432411,138,WSINDy,0.038558704433286704,0.043024648846471836,True,True,2,0,0,1.0,1.0,1.0,1.0,True,MSTLS support stable,4,0.010100374987814575,0.13266050000675023,"[0.0, 0.0, 0.0, 0.0, 0.0, 0.0, 0.0, 0.0, 0.0, -0.5027104798661389, 0.0, 0.0, 0.0, 0.0, 0.0, 0.0, 0.0, 0.0, 0.0, 0.0, 0.0, 0.0, -1.0430246488464718, 0.0, 0.0, 0.0, 0.0, 0.0, 0.0, 0.0, 0.0, 0.0, 0.0, 0.0, 0.0, 0.0, 0.0, 0.0, 0.0, 0.0, 0.0, 0.0, 0.0, 0.0, 0.0, 0.0, 0.0, 0.0, 0.0]","[9, 22]"
kdv,400×601,1.0,274.4573823432411,139,WSINDy,0.028362820085370992,0.03150355056550125,True,True,2,0,0,1.0,1.0,1.0,1.0,True,MSTLS support stable,4,0.009751125006005168,0.1326507500198204,"[0.0, 0.0, 0.0, 0.0, 0.0, 0.0, 0.0, 0.0, 0.0, -0.49638223055449754, 0.0, 0.0, 0.0, 0.0, 0.0, 0.0, 0.0, 0.0, 0.0, 0.0, 0.0, 0.0, -0.9684964494344988, 0.0, 0.0, 0.0, 0.0, 0.0, 0.0, 0.0, 0.0, 0.0, 0.0, 0.0, 0.0, 0.0, 0.0, 0.0, 0.0, 0.0, 0.0, 0.0, 0.0, 0.0, 0.0, 0.0, 0.0, 0.0, 0.0]","[9, 22]"
kdv,400×601,1.0,274.4573823432411,140,WSINDy,7.310763483925694,0.02191555918527177,True,False,2,2,0,0.5,1.0,0.6666666666666666,0.5,True,MSTLS support stable,3,0.010165749990846962,0.13546820799820125,"[0.0, 0.0, 0.0, 0.0, 0.0, 0.0, 0.0, 0.0, 8.17366457172165, -0.5109577795926359, 0.0, 0.0, 0.0, 0.0, 0.0, 0.0, 0.0, 0.0, 0.0, 0.0, 0.0, 0.0, -1.0034145660356664, 0.0, 0.0, 0.0, 0.0, 0.0, 0.0, 0.01241507809924554, 0.0, 0.0, 0.0, 0.0, 0.0, 0.0, 0.0, 0.0, 0.0, 0.0, 0.0, 0.0, 0.0, 0.0, 0.0, 0.0, 0.0, 0.0, 0.0]","[8, 9, 22, 29]"
kdv,400×601,1.0,274.4573823432411,141,WSINDy,0.026843858352811563,0.02994387018910749,True,True,2,0,0,1.0,1.0,1.0,1.0,True,MSTLS support stable,4,0.010701291990699247,0.13334524998208508,"[0.0, 0.0, 0.0, 0.0, 0.0, 0.0, 0.0, 0.0, 0.0, -0.49797378377754403, 0.0, 0.0, 0.0, 0.0, 0.0, 0.0, 0.0, 0.0, 0.0, 0.0, 0.0, 0.0, -1.0299438701891075, 0.0, 0.0, 0.0, 0.0, 0.0, 0.0, 0.0, 0.0, 0.0, 0.0, 0.0, 0.0, 0.0, 0.0, 0.0, 0.0, 0.0, 0.0, 0.0, 0.0, 0.0, 0.0, 0.0, 0.0, 0.0, 0.0]","[9, 22]"
kdv,400×601,1.0,274.4573823432411,142,WSINDy,0.030440208211608984,0.03403267241784169,True,True,2,0,0,1.0,1.0,1.0,1.0,True,MSTLS support stable,6,0.011081749980803579,0.13517358296667226,"[0.0, 0.0, 0.0, 0.0, 0.0, 0.0, 0.0, 0.0, 0.0, -0.5001872246178026, 0.0, 0.0, 0.0, 0.0, 0.0, 0.0, 0.0, 0.0, 0.0, 0.0, 0.0, 0.0, -0.9659673275821583, 0.0, 0.0, 0.0, 0.0, 0.0, 0.0, 0.0, 0.0, 0.0, 0.0, 0.0, 0.0, 0.0, 0.0, 0.0, 0.0, 0.0, 0.0, 0.0, 0.0, 0.0, 0.0, 0.0, 0.0, 0.0, 0.0]","[9, 22]"
kdv,400×601,1.0,274.4573823432411,143,WSINDy,0.8947111555028594,1.0,True,False,1,0,1,1.0,0.5,0.6666666666666666,0.5,True,MSTLS support stable,3,0.009150083002168685,0.13243037500069477,"[0.0, 0.0, 0.0, 0.0, 0.0, 0.0, 0.0, 0.0, 0.0, -0.4747995093980879, 0.0, 0.0, 0.0, 0.0, 0.0, 0.0, 0.0, 0.0, 0.0, 0.0, 0.0, 0.0, 0.0, 0.0, 0.0, 0.0, 0.0, 0.0, 0.0, 0.0, 0.0, 0.0, 0.0, 0.0, 0.0, 0.0, 0.0, 0.0, 0.0, 0.0, 0.0, 0.0, 0.0, 0.0, 0.0, 0.0, 0.0, 0.0, 0.0]",[9]
kdv,400×601,1.0,274.4573823432411,144,WSINDy,0.007380234531877137,0.008117033749705294,True,True,2,0,0,1.0,1.0,1.0,1.0,True,MSTLS support stable,6,0.010814332985319197,0.13263037498109043,"[0.0, 0.0, 0.0, 0.0, 0.0, 0.0, 0.0, 0.0, 0.0, -0.4985172355925384, 0.0, 0.0, 0.0, 0.0, 0.0, 0.0, 0.0, 0.0, 0.0, 0.0, 0.0, 0.0, -0.9918829662502947, 0.0, 0.0, 0.0, 0.0, 0.0, 0.0, 0.0, 0.0, 0.0, 0.0, 0.0, 0.0, 0.0, 0.0, 0.0, 0.0, 0.0, 0.0, 0.0, 0.0, 0.0, 0.0, 0.0, 0.0, 0.0, 0.0]","[9, 22]"
kdv,400×601,1.0,274.4573823432411,145,WSINDy,0.06039184054210879,0.06750907560114783,True,True,2,0,0,1.0,1.0,1.0,1.0,True,MSTLS support stable,4,0.011261082981945947,0.14651795796817169,"[0.0, 0.0, 0.0, 0.0, 0.0, 0.0, 0.0, 0.0, 0.0, -0.5012217678003109, 0.0, 0.0, 0.0, 0.0, 0.0, 0.0, 0.0, 0.0, 0.0, 0.0, 0.0, 0.0, -0.9324909243988522, 0.0, 0.0, 0.0, 0.0, 0.0, 0.0, 0.0, 0.0, 0.0, 0.0, 0.0, 0.0, 0.0, 0.0, 0.0, 0.0, 0.0, 0.0, 0.0, 0.0, 0.0, 0.0, 0.0, 0.0, 0.0, 0.0]","[9, 22]"
kdv,400×601,1.0,274.4573823432411,146,WSINDy,0.0717029693988191,0.08016310032972562,True,True,2,0,0,1.0,1.0,1.0,1.0,True,MSTLS support stable,3,0.010753165988717228,0.13321099898894317,"[0.0, 0.0, 0.0, 0.0, 0.0, 0.0, 0.0, 0.0, 0.0, -0.5007225796055309, 0.0, 0.0, 0.0, 0.0, 0.0, 0.0, 0.0, 0.0, 0.0, 0.0, 0.0, 0.0, -1.0801631003297256, 0.0, 0.0, 0.0, 0.0, 0.0, 0.0, 0.0, 0.0, 0.0, 0.0, 0.0, 0.0, 0.0, 0.0, 0.0, 0.0, 0.0, 0.0, 0.0, 0.0, 0.0, 0.0, 0.0, 0.0, 0.0, 0.0]","[9, 22]"
kdv,400×601,1.0,274.4573823432411,147,WSINDy,0.027793714312247402,0.031049227712470873,True,True,2,0,0,1.0,1.0,1.0,1.0,True,MSTLS support stable,4,0.01146974999574013,0.13298341698828153,"[0.0, 0.0, 0.0, 0.0, 0.0, 0.0, 0.0, 0.0, 0.0, -0.5012484600705123, 0.0, 0.0, 0.0, 0.0, 0.0, 0.0, 0.0, 0.0, 0.0, 0.0, 0.0, 0.0, -0.9689507722875291, 0.0, 0.0, 0.0, 0.0, 0.0, 0.0, 0.0, 0.0, 0.0, 0.0, 0.0, 0.0, 0.0, 0.0, 0.0, 0.0, 0.0, 0.0, 0.0, 0.0, 0.0, 0.0, 0.0, 0.0, 0.0, 0.0]","[9, 22]"
kdv,400×601,1.0,274.4573823432411,148,WSINDy,0.0627206823998387,0.06993863338671102,True,True,2,0,0,1.0,1.0,1.0,1.0,True,MSTLS support stable,3,0.011480749992188066,0.13839483298943378,"[0.0, 0.0, 0.0, 0.0, 0.0, 0.0, 0.0, 0.0, 0.0, -0.49490661597010127, 0.0, 0.0, 0.0, 0.0, 0.0, 0.0, 0.0, 0.0, 0.0, 0.0, 0.0, 0.0, -0.930061366613289, 0.0, 0.0, 0.0, 0.0, 0.0, 0.0, 0.0, 0.0, 0.0, 0.0, 0.0, 0.0, 0.0, 0.0, 0.0, 0.0, 0.0, 0.0, 0.0, 0.0, 0.0, 0.0, 0.0, 0.0, 0.0, 0.0]","[9, 22]"
kdv,400×601,1.0,274.4573823432411,149,WSINDy,0.03327238188268441,0.03719810038397142,True,True,2,0,0,1.0,1.0,1.0,1.0,True,MSTLS support stable,3,0.011040875018807128,0.1355622920091264,"[0.0, 0.0, 0.0, 0.0, 0.0, 0.0, 0.0, 0.0, 0.0, -0.49966003969648365, 0.0, 0.0, 0.0, 0.0, 0.0, 0.0, 0.0, 0.0, 0.0, 0.0, 0.0, 0.0, -0.9628018996160286, 0.0, 0.0, 0.0, 0.0, 0.0, 0.0, 0.0, 0.0, 0.0, 0.0, 0.0, 0.0, 0.0, 0.0, 0.0, 0.0, 0.0, 0.0, 0.0, 0.0, 0.0, 0.0, 0.0, 0.0, 0.0, 0.0]","[9, 22]"
kdv,400×601,1.0,274.4573823432411,150,WSINDy,0.05700351182667574,0.0637191866232365,True,True,2,0,0,1.0,1.0,1.0,1.0,True,MSTLS support stable,5,0.010689499991713092,0.1330141249927692,"[0.0, 0.0, 0.0, 0.0, 0.0, 0.0, 0.0, 0.0, 0.0, -0.4987288954446583, 0.0, 0.0, 0.0, 0.0, 0.0, 0.0, 0.0, 0.0, 0.0, 0.0, 0.0, 0.0, -0.9362808133767635, 0.0, 0.0, 0.0, 0.0, 0.0, 0.0, 0.0, 0.0, 0.0, 0.0, 0.0, 0.0, 0.0, 0.0, 0.0, 0.0, 0.0, 0.0, 0.0, 0.0, 0.0, 0.0, 0.0, 0.0, 0.0, 0.0]","[9, 22]"
kdv,400×601,1.0,274.4573823432411,151,WSINDy,0.02962123805287536,0.033078183105019754,True,True,2,0,0,1.0,1.0,1.0,1.0,True,MSTLS support stable,4,0.010262541996780783,0.1346771260141395,"[0.0, 0.0, 0.0, 0.0, 0.0, 0.0, 0.0, 0.0, 0.0, -0.5016143054860139, 0.0, 0.0, 0.0, 0.0, 0.0, 0.0, 0.0, 0.0, 0.0, 0.0, 0.0, 0.0, -1.0330781831050198, 0.0, 0.0, 0.0, 0.0, 0.0, 0.0, 0.0, 0.0, 0.0, 0.0, 0.0, 0.0, 0.0, 0.0, 0.0, 0.0, 0.0, 0.0, 0.0, 0.0, 0.0, 0.0, 0.0, 0.0, 0.0, 0.0]","[9, 22]"
kdv,400×601,1.0,274.4573823432411,152,WSINDy,0.01638551191364466,0.018309683222767603,True,True,2,0,0,1.0,1.0,1.0,1.0,True,MSTLS support stable,3,0.01063125001383014,0.13551675001508556,"[0.0, 0.0, 0.0, 0.0, 0.0, 0.0, 0.0, 0.0, 0.0, -0.5006014574982003, 0.0, 0.0, 0.0, 0.0, 0.0, 0.0, 0.0, 0.0, 0.0, 0.0, 0.0, 0.0, -0.9816903167772324, 0.0, 0.0, 0.0, 0.0, 0.0, 0.0, 0.0, 0.0, 0.0, 0.0, 0.0, 0.0, 0.0, 0.0, 0.0, 0.0, 0.0, 0.0, 0.0, 0.0, 0.0, 0.0, 0.0, 0.0, 0.0, 0.0]","[9, 22]"
kdv,400×601,1.0,274.4573823432411,153,WSINDy,0.02458511377458148,0.027467034320441064,True,True,2,0,0,1.0,1.0,1.0,1.0,True,MSTLS support stable,3,0.011889209010405466,0.13591487501980737,"[0.0, 0.0, 0.0, 0.0, 0.0, 0.0, 0.0, 0.0, 0.0, -0.5010472820900349, 0.0, 0.0, 0.0, 0.0, 0.0, 0.0, 0.0, 0.0, 0.0, 0.0, 0.0, 0.0, -0.9725329656795589, 0.0, 0.0, 0.0, 0.0, 0.0, 0.0, 0.0, 0.0, 0.0, 0.0, 0.0, 0.0, 0.0, 0.0, 0.0, 0.0, 0.0, 0.0, 0.0, 0.0, 0.0, 0.0, 0.0, 0.0, 0.0, 0.0]","[9, 22]"
kdv,400×601,1.0,274.4573823432411,154,WSINDy,0.015031217722141313,0.01680033534360592,True,True,2,0,0,1.0,1.0,1.0,1.0,True,MSTLS support stable,4,0.01069908298086375,0.13372608297504485,"[0.0, 0.0, 0.0, 0.0, 0.0, 0.0, 0.0, 0.0, 0.0, -0.4995869441860903, 0.0, 0.0, 0.0, 0.0, 0.0, 0.0, 0.0, 0.0, 0.0, 0.0, 0.0, 0.0, -0.9831996646563941, 0.0, 0.0, 0.0, 0.0, 0.0, 0.0, 0.0, 0.0, 0.0, 0.0, 0.0, 0.0, 0.0, 0.0, 0.0, 0.0, 0.0, 0.0, 0.0, 0.0, 0.0, 0.0, 0.0, 0.0, 0.0, 0.0]","[9, 22]"
kdv,400×601,1.0,274.4573823432411,155,WSINDy,0.04979182996286119,0.055458196242768376,True,True,2,0,0,1.0,1.0,1.0,1.0,True,MSTLS support stable,3,0.009592249989509583,0.13229770798352547,"[0.0, 0.0, 0.0, 0.0, 0.0, 0.0, 0.0, 0.0, 0.0, -0.4951604356279005, 0.0, 0.0, 0.0, 0.0, 0.0, 0.0, 0.0, 0.0, 0.0, 0.0, 0.0, 0.0, -0.9445418037572316, 0.0, 0.0, 0.0, 0.0, 0.0, 0.0, 0.0, 0.0, 0.0, 0.0, 0.0, 0.0, 0.0, 0.0, 0.0, 0.0, 0.0, 0.0, 0.0, 0.0, 0.0, 0.0, 0.0, 0.0, 0.0, 0.0]","[9, 22]"
kdv,400×601,1.0,274.4573823432411,156,WSINDy,0.005829674515040069,0.006501954285354161,True,True,2,0,0,1.0,1.0,1.0,1.0,True,MSTLS support stable,5,0.009965000004740432,0.13761079200776294,"[0.0, 0.0, 0.0, 0.0, 0.0, 0.0, 0.0, 0.0, 0.0, -0.500453841007732, 0.0, 0.0, 0.0, 0.0, 0.0, 0.0, 0.0, 0.0, 0.0, 0.0, 0.0, 0.0, -1.0065019542853542, 0.0, 0.0, 0.0, 0.0, 0.0, 0.0, 0.0, 0.0, 0.0, 0.0, 0.0, 0.0, 0.0, 0.0, 0.0, 0.0, 0.0, 0.0, 0.0, 0.0, 0.0, 0.0, 0.0, 0.0, 0.0, 0.0]","[9, 22]"
kdv,400×601,1.0,274.4573823432411,157,WSINDy,0.045602446819240076,0.050984076550043556,True,True,2,0,0,1.0,1.0,1.0,1.0,True,MSTLS support stable,4,0.009564582986058667,0.13223179100896232,"[0.0, 0.0, 0.0, 0.0, 0.0, 0.0, 0.0, 0.0, 0.0, -0.4996792458631237, 0.0, 0.0, 0.0, 0.0, 0.0, 0.0, 0.0, 0.0, 0.0, 0.0, 0.0, 0.0, -1.0509840765500436, 0.0, 0.0, 0.0, 0.0, 0.0, 0.0, 0.0, 0.0, 0.0, 0.0, 0.0, 0.0, 0.0, 0.0, 0.0, 0.0, 0.0, 0.0, 0.0, 0.0, 0.0, 0.0, 0.0, 0.0, 0.0, 0.0]","[9, 22]"
kdv,400×601,1.0,274.4573823432411,158,WSINDy,0.038287773223821486,0.04276357540865161,True,True,2,0,0,1.0,1.0,1.0,1.0,True,MSTLS support stable,4,0.010130250011570752,0.13368695799726993,"[0.0, 0.0, 0.0, 0.0, 0.0, 0.0, 0.0, 0.0, 0.0, -0.4980716350664242, 0.0, 0.0, 0.0, 0.0, 0.0, 0.0, 0.0, 0.0, 0.0, 0.0, 0.0, 0.0, -0.9572364245913484, 0.0, 0.0, 0.0, 0.0, 0.0, 0.0, 0.0, 0.0, 0.0, 0.0, 0.0, 0.0, 0.0, 0.0, 0.0, 0.0, 0.0, 0.0, 0.0, 0.0, 0.0, 0.0, 0.0, 0.0, 0.0, 0.0]","[9, 22]"
kdv,400×601,1.0,274.4573823432411,159,WSINDy,0.06997490744153168,0.07815936364808374,True,True,2,0,0,1.0,1.0,1.0,1.0,True,MSTLS support stable,4,0.010312083002645522,0.13655254102195613,"[0.0, 0.0, 0.0, 0.0, 0.0, 0.0, 0.0, 0.0, 0.0, -0.4965760456427889, 0.0, 0.0, 0.0, 0.0, 0.0, 0.0, 0.0, 0.0, 0.0, 0.0, 0.0, 0.0, -0.9218406363519163, 0.0, 0.0, 0.0, 0.0, 0.0, 0.0, 0.0, 0.0, 0.0, 0.0, 0.0, 0.0, 0.0, 0.0, 0.0, 0.0, 0.0, 0.0, 0.0, 0.0, 0.0, 0.0, 0.0, 0.0, 0.0, 0.0]","[9, 22]"
kdv,400×601,1.0,274.4573823432411,160,WSINDy,0.0738128688504579,0.0825180514025553,True,True,2,0,0,1.0,1.0,1.0,1.0,True,MSTLS support stable,4,0.009947374986950308,0.1329708749835845,"[0.0, 0.0, 0.0, 0.0, 0.0, 0.0, 0.0, 0.0, 0.0, -0.49890651810995135, 0.0, 0.0, 0.0, 0.0, 0.0, 0.0, 0.0, 0.0, 0.0, 0.0, 0.0, 0.0, -0.9174819485974447, 0.0, 0.0, 0.0, 0.0, 0.0, 0.0, 0.0, 0.0, 0.0, 0.0, 0.0, 0.0, 0.0, 0.0, 0.0, 0.0, 0.0, 0.0, 0.0, 0.0, 0.0, 0.0, 0.0, 0.0, 0.0, 0.0]","[9, 22]"
kdv,400×601,1.0,274.4573823432411,161,WSINDy,0.06013795964794715,0.06718568127900715,True,True,2,0,0,1.0,1.0,1.0,1.0,True,MSTLS support stable,5,0.010942374996375293,0.1327362079755403,"[0.0, 0.0, 0.0, 0.0, 0.0, 0.0, 0.0, 0.0, 0.0, -0.49739194145995175, 0.0, 0.0, 0.0, 0.0, 0.0, 0.0, 0.0, 0.0, 0.0, 0.0, 0.0, 0.0, -0.9328143187209929, 0.0, 0.0, 0.0, 0.0, 0.0, 0.0, 0.0, 0.0, 0.0, 0.0, 0.0, 0.0, 0.0, 0.0, 0.0, 0.0, 0.0, 0.0, 0.0, 0.0, 0.0, 0.0, 0.0, 0.0, 0.0, 0.0]","[9, 22]"
kdv,400×601,1.0,274.4573823432411,162,WSINDy,0.8947169036493501,1.0,True,False,1,0,1,1.0,0.5,0.6666666666666666,0.5,True,MSTLS support stable,3,0.010339958011172712,0.13353050002478994,"[0.0, 0.0, 0.0, 0.0, 0.0, 0.0, 0.0, 0.0, 0.0, -0.4745456861249283, 0.0, 0.0, 0.0, 0.0, 0.0, 0.0, 0.0, 0.0, 0.0, 0.0, 0.0, 0.0, 0.0, 0.0, 0.0, 0.0, 0.0, 0.0, 0.0, 0.0, 0.0, 0.0, 0.0, 0.0, 0.0, 0.0, 0.0, 0.0, 0.0, 0.0, 0.0, 0.0, 0.0, 0.0, 0.0, 0.0, 0.0, 0.0, 0.0]",[9]
kdv,400×601,1.0,274.4573823432411,163,WSINDy,0.03415902238485287,0.03807590182130005,True,True,2,0,0,1.0,1.0,1.0,1.0,True,MSTLS support stable,4,0.010182375001022592,0.13531358298496343,"[0.0, 0.0, 0.0, 0.0, 0.0, 0.0, 0.0, 0.0, 0.0, -0.49703787013184453, 0.0, 0.0, 0.0, 0.0, 0.0, 0.0, 0.0, 0.0, 0.0, 0.0, 0.0, 0.0, -0.9619240981787, 0.0, 0.0, 0.0, 0.0, 0.0, 0.0, 0.0, 0.0, 0.0, 0.0, 0.0, 0.0, 0.0, 0.0, 0.0, 0.0, 0.0, 0.0, 0.0, 0.0, 0.0, 0.0, 0.0, 0.0, 0.0, 0.0]","[9, 22]"
kdv,400×601,1.0,274.4573823432411,164,WSINDy,0.054421932095887846,0.06083908951872252,True,True,2,0,0,1.0,1.0,1.0,1.0,True,MSTLS support stable,3,0.010548500024015084,0.1368149170302786,"[0.0, 0.0, 0.0, 0.0, 0.0, 0.0, 0.0, 0.0, 0.0, -0.5008880049800827, 0.0, 0.0, 0.0, 0.0, 0.0, 0.0, 0.0, 0.0, 0.0, 0.0, 0.0, 0.0, -1.0608390895187225, 0.0, 0.0, 0.0, 0.0, 0.0, 0.0, 0.0, 0.0, 0.0, 0.0, 0.0, 0.0, 0.0, 0.0, 0.0, 0.0, 0.0, 0.0, 0.0, 0.0, 0.0, 0.0, 0.0, 0.0, 0.0, 0.0]","[9, 22]"
kdv,400×601,1.0,274.4573823432411,165,WSINDy,0.08460684135003069,0.09451902020931802,True,True,2,0,0,1.0,1.0,1.0,1.0,True,MSTLS support stable,3,0.010888458986300975,0.13349904198548757,"[0.0, 0.0, 0.0, 0.0, 0.0, 0.0, 0.0, 0.0, 0.0, -0.5037485760906124, 0.0, 0.0, 0.0, 0.0, 0.0, 0.0, 0.0, 0.0, 0.0, 0.0, 0.0, 0.0, -1.094519020209318, 0.0, 0.0, 0.0, 0.0, 0.0, 0.0, 0.0, 0.0, 0.0, 0.0, 0.0, 0.0, 0.0, 0.0, 0.0, 0.0, 0.0, 0.0, 0.0, 0.0, 0.0, 0.0, 0.0, 0.0, 0.0, 0.0]","[9, 22]"
kdv,400×601,1.0,274.4573823432411,166,WSINDy,0.019851884214413952,0.022189341455604916,True,True,2,0,0,1.0,1.0,1.0,1.0,True,MSTLS support stable,3,0.009991625003749505,0.13238741699024104,"[0.0, 0.0, 0.0, 0.0, 0.0, 0.0, 0.0, 0.0, 0.0, -0.4994952630935868, 0.0, 0.0, 0.0, 0.0, 0.0, 0.0, 0.0, 0.0, 0.0, 0.0, 0.0, 0.0, -0.9778106585443951, 0.0, 0.0, 0.0, 0.0, 0.0, 0.0, 0.0, 0.0, 0.0, 0.0, 0.0, 0.0, 0.0, 0.0, 0.0, 0.0, 0.0, 0.0, 0.0, 0.0, 0.0, 0.0, 0.0, 0.0, 0.0, 0.0]","[9, 22]"
kdv,400×601,1.0,274.4573823432411,167,WSINDy,0.0035422621370285747,0.0038416161729883935,True,True,2,0,0,1.0,1.0,1.0,1.0,True,MSTLS support stable,3,0.010276541986968368,0.13624875000095926,"[0.0, 0.0, 0.0, 0.0, 0.0, 0.0, 0.0, 0.0, 0.0, -0.4980791919135058, 0.0, 0.0, 0.0, 0.0, 0.0, 0.0, 0.0, 0.0, 0.0, 0.0, 0.0, 0.0, -1.003463383115415, 0.0, 0.0, 0.0, 0.0, 0.0, 0.0, 0.0, 0.0, 0.0, 0.0, 0.0, 0.0, 0.0, 0.0, 0.0, 0.0, 0.0, 0.0, 0.0, 0.0, 0.0, 0.0, 0.0, 0.0, 0.0, 0.0]","[9, 22]"
kdv,400×601,1.0,274.4573823432411,168,WSINDy,0.04070747751014901,0.04508611221794945,True,True,2,0,0,1.0,1.0,1.0,1.0,True,MSTLS support stable,4,0.009864374995231628,0.1353200830053538,"[0.0, 0.0, 0.0, 0.0, 0.0, 0.0, 0.0, 0.0, 0.0, -0.4937858313814655, 0.0, 0.0, 0.0, 0.0, 0.0, 0.0, 0.0, 0.0, 0.0, 0.0, 0.0, 0.0, -0.9549138877820506, 0.0, 0.0, 0.0, 0.0, 0.0, 0.0, 0.0, 0.0, 0.0, 0.0, 0.0, 0.0, 0.0, 0.0, 0.0, 0.0, 0.0, 0.0, 0.0, 0.0, 0.0, 0.0, 0.0, 0.0, 0.0, 0.0]","[9, 22]"
kdv,400×601,1.0,274.4573823432411,169,WSINDy,0.0021494460347317363,0.002293744537667841,True,True,2,0,0,1.0,1.0,1.0,1.0,True,MSTLS support stable,4,0.010162499995203689,0.13363691698759794,"[0.0, 0.0, 0.0, 0.0, 0.0, 0.0, 0.0, 0.0, 0.0, -0.4992831430992179, 0.0, 0.0, 0.0, 0.0, 0.0, 0.0, 0.0, 0.0, 0.0, 0.0, 0.0, 0.0, -1.0022937445376678, 0.0, 0.0, 0.0, 0.0, 0.0, 0.0, 0.0, 0.0, 0.0, 0.0, 0.0, 0.0, 0.0, 0.0, 0.0, 0.0, 0.0, 0.0, 0.0, 0.0, 0.0, 0.0, 0.0, 0.0, 0.0, 0.0]","[9, 22]"
kdv,400×601,1.0,274.4573823432411,170,WSINDy,0.08420518175606381,0.094140498976649,True,True,2,0,0,1.0,1.0,1.0,1.0,True,MSTLS support stable,5,0.01046074999612756,0.13431254198076203,"[0.0, 0.0, 0.0, 0.0, 0.0, 0.0, 0.0, 0.0, 0.0, -0.5008409789784685, 0.0, 0.0, 0.0, 0.0, 0.0, 0.0, 0.0, 0.0, 0.0, 0.0, 0.0, 0.0, -1.094140498976649, 0.0, 0.0, 0.0, 0.0, 0.0, 0.0, 0.0, 0.0, 0.0, 0.0, 0.0, 0.0, 0.0, 0.0, 0.0, 0.0, 0.0, 0.0, 0.0, 0.0, 0.0, 0.0, 0.0, 0.0, 0.0, 0.0]","[9, 22]"
kdv,400×601,1.0,274.4573823432411,171,WSINDy,0.03627106364258896,0.0403342076873201,True,True,2,0,0,1.0,1.0,1.0,1.0,True,MSTLS support stable,4,0.010228125000139698,0.1338540829892736,"[0.0, 0.0, 0.0, 0.0, 0.0, 0.0, 0.0, 0.0, 0.0, -0.5041999121945645, 0.0, 0.0, 0.0, 0.0, 0.0, 0.0, 0.0, 0.0, 0.0, 0.0, 0.0, 0.0, -1.04033420768732, 0.0, 0.0, 0.0, 0.0, 0.0, 0.0, 0.0, 0.0, 0.0, 0.0, 0.0, 0.0, 0.0, 0.0, 0.0, 0.0, 0.0, 0.0, 0.0, 0.0, 0.0, 0.0, 0.0, 0.0, 0.0, 0.0]","[9, 22]"
kdv,400×601,1.0,274.4573823432411,172,WSINDy,0.016929133896486894,0.018627274266368232,True,True,2,0,0,1.0,1.0,1.0,1.0,True,MSTLS support stable,4,0.010146124986931682,0.13565891596954316,"[0.0, 0.0, 0.0, 0.0, 0.0, 0.0, 0.0, 0.0, 0.0, -0.5033569512227575, 0.0, 0.0, 0.0, 0.0, 0.0, 0.0, 0.0, 0.0, 0.0, 0.0, 0.0, 0.0, -1.0186272742663682, 0.0, 0.0, 0.0, 0.0, 0.0, 0.0, 0.0, 0.0, 0.0, 0.0, 0.0, 0.0, 0.0, 0.0, 0.0, 0.0, 0.0, 0.0, 0.0, 0.0, 0.0, 0.0, 0.0, 0.0, 0.0, 0.0]","[9, 22]"
kdv,400×601,1.0,274.4573823432411,173,WSINDy,0.03953731490279213,0.04414586088594796,True,True,2,0,0,1.0,1.0,1.0,1.0,True,MSTLS support stable,4,0.010642874985933304,0.13512616598745808,"[0.0, 0.0, 0.0, 0.0, 0.0, 0.0, 0.0, 0.0, 0.0, -0.50226760970886, 0.0, 0.0, 0.0, 0.0, 0.0, 0.0, 0.0, 0.0, 0.0, 0.0, 0.0, 0.0, -1.044145860885948, 0.0, 0.0, 0.0, 0.0, 0.0, 0.0, 0.0, 0.0, 0.0, 0.0, 0.0, 0.0, 0.0, 0.0, 0.0, 0.0, 0.0, 0.0, 0.0, 0.0, 0.0, 0.0, 0.0, 0.0, 0.0, 0.0]","[9, 22]"
kdv,400×601,1.0,274.4573823432411,174,WSINDy,0.027341603676682705,0.03051146775357283,True,True,2,0,0,1.0,1.0,1.0,1.0,True,MSTLS support stable,3,0.010546832985710353,0.1335837079968769,"[0.0, 0.0, 0.0, 0.0, 0.0, 0.0, 0.0, 0.0, 0.0, -0.49812798236154887, 0.0, 0.0, 0.0, 0.0, 0.0, 0.0, 0.0, 0.0, 0.0, 0.0, 0.0, 0.0, -0.9694885322464272, 0.0, 0.0, 0.0, 0.0, 0.0, 0.0, 0.0, 0.0, 0.0, 0.0, 0.0, 0.0, 0.0, 0.0, 0.0, 0.0, 0.0, 0.0, 0.0, 0.0, 0.0, 0.0, 0.0, 0.0, 0.0, 0.0]","[9, 22]"
kdv,400×601,1.0,274.4573823432411,175,WSINDy,0.07633358659001374,0.08528688953789731,True,True,2,0,0,1.0,1.0,1.0,1.0,True,MSTLS support stable,3,0.01098058299976401,0.13312954100547358,"[0.0, 0.0, 0.0, 0.0, 0.0, 0.0, 0.0, 0.0, 0.0, -0.5031091839877067, 0.0, 0.0, 0.0, 0.0, 0.0, 0.0, 0.0, 0.0, 0.0, 0.0, 0.0, 0.0, -1.0852868895378973, 0.0, 0.0, 0.0, 0.0, 0.0, 0.0, 0.0, 0.0, 0.0, 0.0, 0.0, 0.0, 0.0, 0.0, 0.0, 0.0, 0.0, 0.0, 0.0, 0.0, 0.0, 0.0, 0.0, 0.0, 0.0, 0.0]","[9, 22]"
kdv,400×601,1.0,274.4573823432411,176,WSINDy,0.8947549265628616,1.0,True,False,1,0,1,1.0,0.5,0.6666666666666666,0.5,True,MSTLS support stable,3,0.010049875010736287,0.1346331250097137,"[0.0, 0.0, 0.0, 0.0, 0.0, 0.0, 0.0, 0.0, 0.0, -0.4729265210835449, 0.0, 0.0, 0.0, 0.0, 0.0, 0.0, 0.0, 0.0, 0.0, 0.0, 0.0, 0.0, 0.0, 0.0, 0.0, 0.0, 0.0, 0.0, 0.0, 0.0, 0.0, 0.0, 0.0, 0.0, 0.0, 0.0, 0.0, 0.0, 0.0, 0.0, 0.0, 0.0, 0.0, 0.0, 0.0, 0.0, 0.0, 0.0, 0.0]",[9]
kdv,400×601,1.0,274.4573823432411,177,WSINDy,0.01736898598969574,0.019298876221665706,True,True,2,0,0,1.0,1.0,1.0,1.0,True,MSTLS support stable,4,0.010740209021605551,0.13492875001975335,"[0.0, 0.0, 0.0, 0.0, 0.0, 0.0, 0.0, 0.0, 0.0, -0.502157653695252, 0.0, 0.0, 0.0, 0.0, 0.0, 0.0, 0.0, 0.0, 0.0, 0.0, 0.0, 0.0, -0.9807011237783343, 0.0, 0.0, 0.0, 0.0, 0.0, 0.0, 0.0, 0.0, 0.0, 0.0, 0.0, 0.0, 0.0, 0.0, 0.0, 0.0, 0.0, 0.0, 0.0, 0.0, 0.0, 0.0, 0.0, 0.0, 0.0, 0.0]","[9, 22]"
kdv,400×601,1.0,274.4573823432411,178,WSINDy,0.02238557792129876,0.024936745381592962,True,True,2,0,0,1.0,1.0,1.0,1.0,True,MSTLS support stable,4,0.00984391599195078,0.13309625000692904,"[0.0, 0.0, 0.0, 0.0, 0.0, 0.0, 0.0, 0.0, 0.0, -0.4978666098899228, 0.0, 0.0, 0.0, 0.0, 0.0, 0.0, 0.0, 0.0, 0.0, 0.0, 0.0, 0.0, -0.975063254618407, 0.0, 0.0, 0.0, 0.0, 0.0, 0.0, 0.0, 0.0, 0.0, 0.0, 0.0, 0.0, 0.0, 0.0, 0.0, 0.0, 0.0, 0.0, 0.0, 0.0, 0.0, 0.0, 0.0, 0.0, 0.0, 0.0]","[9, 22]"
kdv,400×601,1.0,274.4573823432411,179,WSINDy,0.03197588041812191,0.03561891699369035,True,True,2,0,0,1.0,1.0,1.0,1.0,True,MSTLS support stable,3,0.010485541977686808,0.13205212497268803,"[0.0, 0.0, 0.0, 0.0, 0.0, 0.0, 0.0, 0.0, 0.0, -0.4969399488829209, 0.0, 0.0, 0.0, 0.0, 0.0, 0.0, 0.0, 0.0, 0.0, 0.0, 0.0, 0.0, -0.9643810830063096, 0.0, 0.0, 0.0, 0.0, 0.0, 0.0, 0.0, 0.0, 0.0, 0.0, 0.0, 0.0, 0.0, 0.0, 0.0, 0.0, 0.0, 0.0, 0.0, 0.0, 0.0, 0.0, 0.0, 0.0, 0.0, 0.0]","[9, 22]"
kdv,400×601,1.0,274.4573823432411,180,WSINDy,0.01999217821737817,0.02212059196143623,True,True,2,0,0,1.0,1.0,1.0,1.0,True,MSTLS support stable,3,0.010886125004617497,0.13769216599757783,"[0.0, 0.0, 0.0, 0.0, 0.0, 0.0, 0.0, 0.0, 0.0, -0.5032075533697673, 0.0, 0.0, 0.0, 0.0, 0.0, 0.0, 0.0, 0.0, 0.0, 0.0, 0.0, 0.0, -1.0221205919614362, 0.0, 0.0, 0.0, 0.0, 0.0, 0.0, 0.0, 0.0, 0.0, 0.0, 0.0, 0.0, 0.0, 0.0, 0.0, 0.0, 0.0, 0.0, 0.0, 0.0, 0.0, 0.0, 0.0, 0.0, 0.0, 0.0]","[9, 22]"
kdv,400×601,1.0,274.4573823432411,181,WSINDy,0.04033001043853199,0.04509026858367071,True,True,2,0,0,1.0,1.0,1.0,1.0,True,MSTLS support stable,4,0.010537833004491404,0.13498687400715426,"[0.0, 0.0, 0.0, 0.0, 0.0, 0.0, 0.0, 0.0, 0.0, -0.5000696887190464, 0.0, 0.0, 0.0, 0.0, 0.0, 0.0, 0.0, 0.0, 0.0, 0.0, 0.0, 0.0, -1.0450902685836707, 0.0, 0.0, 0.0, 0.0, 0.0, 0.0, 0.0, 0.0, 0.0, 0.0, 0.0, 0.0, 0.0, 0.0, 0.0, 0.0, 0.0, 0.0, 0.0, 0.0, 0.0, 0.0, 0.0, 0.0, 0.0, 0.0]","[9, 22]"
kdv,400×601,1.0,274.4573823432411,182,WSINDy,0.037175401055977574,0.04155648692316638,True,True,2,0,0,1.0,1.0,1.0,1.0,True,MSTLS support stable,4,0.010276916000293568,0.1330001659807749,"[0.0, 0.0, 0.0, 0.0, 0.0, 0.0, 0.0, 0.0, 0.0, -0.49924405741244837, 0.0, 0.0, 0.0, 0.0, 0.0, 0.0, 0.0, 0.0, 0.0, 0.0, 0.0, 0.0, -0.9584435130768336, 0.0, 0.0, 0.0, 0.0, 0.0, 0.0, 0.0, 0.0, 0.0, 0.0, 0.0, 0.0, 0.0, 0.0, 0.0, 0.0, 0.0, 0.0, 0.0, 0.0, 0.0, 0.0, 0.0, 0.0, 0.0, 0.0]","[9, 22]"
kdv,400×601,1.0,274.4573823432411,183,WSINDy,0.022799671935994154,0.02549003122076443,True,True,2,0,0,1.0,1.0,1.0,1.0,True,MSTLS support stable,3,0.011460999987320974,0.14076362497871742,"[0.0, 0.0, 0.0, 0.0, 0.0, 0.0, 0.0, 0.0, 0.0, -0.5001990197242836, 0.0, 0.0, 0.0, 0.0, 0.0, 0.0, 0.0, 0.0, 0.0, 0.0, 0.0, 0.0, -0.9745099687792356, 0.0, 0.0, 0.0, 0.0, 0.0, 0.0, 0.0, 0.0, 0.0, 0.0, 0.0, 0.0, 0.0, 0.0, 0.0, 0.0, 0.0, 0.0, 0.0, 0.0, 0.0, 0.0, 0.0, 0.0, 0.0, 0.0]","[9, 22]"
kdv,400×601,1.0,274.4573823432411,184,WSINDy,0.11079388951494995,0.12354944057744888,True,True,2,0,0,1.0,1.0,1.0,1.0,True,MSTLS support stable,3,0.01237762498203665,0.13912220898782834,"[0.0, 0.0, 0.0, 0.0, 0.0, 0.0, 0.0, 0.0, 0.0, -0.5089243025112946, 0.0, 0.0, 0.0, 0.0, 0.0, 0.0, 0.0, 0.0, 0.0, 0.0, 0.0, 0.0, -1.1235494405774489, 0.0, 0.0, 0.0, 0.0, 0.0, 0.0, 0.0, 0.0, 0.0, 0.0, 0.0, 0.0, 0.0, 0.0, 0.0, 0.0, 0.0, 0.0, 0.0, 0.0, 0.0, 0.0, 0.0, 0.0, 0.0, 0.0]","[9, 22]"
kdv,400×601,1.0,274.4573823432411,185,WSINDy,0.011997713112821818,0.013413845539052227,True,True,2,0,0,1.0,1.0,1.0,1.0,True,MSTLS support stable,4,0.010478624986717477,0.13921174997813068,"[0.0, 0.0, 0.0, 0.0, 0.0, 0.0, 0.0, 0.0, 0.0, -0.4999878436675186, 0.0, 0.0, 0.0, 0.0, 0.0, 0.0, 0.0, 0.0, 0.0, 0.0, 0.0, 0.0, -0.9865861544609478, 0.0, 0.0, 0.0, 0.0, 0.0, 0.0, 0.0, 0.0, 0.0, 0.0, 0.0, 0.0, 0.0, 0.0, 0.0, 0.0, 0.0, 0.0, 0.0, 0.0, 0.0, 0.0, 0.0, 0.0, 0.0, 0.0]","[9, 22]"
kdv,400×601,1.0,274.4573823432411,186,WSINDy,0.035180457258895126,0.03918535212458807,True,True,2,0,0,1.0,1.0,1.0,1.0,True,MSTLS support stable,3,0.0111929590057116,0.14002583399997093,"[0.0, 0.0, 0.0, 0.0, 0.0, 0.0, 0.0, 0.0, 0.0, -0.49659575337949424, 0.0, 0.0, 0.0, 0.0, 0.0, 0.0, 0.0, 0.0, 0.0, 0.0, 0.0, 0.0, -0.9608146478754119, 0.0, 0.0, 0.0, 0.0, 0.0, 0.0, 0.0, 0.0, 0.0, 0.0, 0.0, 0.0, 0.0, 0.0, 0.0, 0.0, 0.0, 0.0, 0.0, 0.0, 0.0, 0.0, 0.0, 0.0, 0.0, 0.0]","[9, 22]"
kdv,400×601,1.0,274.4573823432411,187,WSINDy,0.06618363663043506,0.07396246989479094,True,True,2,0,0,1.0,1.0,1.0,1.0,True,MSTLS support stable,5,0.010280499991495162,0.1398922909866087,"[0.0, 0.0, 0.0, 0.0, 0.0, 0.0, 0.0, 0.0, 0.0, -0.49778748014721286, 0.0, 0.0, 0.0, 0.0, 0.0, 0.0, 0.0, 0.0, 0.0, 0.0, 0.0, 0.0, -0.9260375301052091, 0.0, 0.0, 0.0, 0.0, 0.0, 0.0, 0.0, 0.0, 0.0, 0.0, 0.0, 0.0, 0.0, 0.0, 0.0, 0.0, 0.0, 0.0, 0.0, 0.0, 0.0, 0.0, 0.0, 0.0, 0.0, 0.0]","[9, 22]"
kdv,400×601,1.0,274.4573823432411,188,WSINDy,0.05286195903774285,0.05910040247789283,True,True,2,0,0,1.0,1.0,1.0,1.0,True,MSTLS support stable,4,0.010801708995131776,0.14220433396985754,"[0.0, 0.0, 0.0, 0.0, 0.0, 0.0, 0.0, 0.0, 0.0, -0.5003547091570327, 0.0, 0.0, 0.0, 0.0, 0.0, 0.0, 0.0, 0.0, 0.0, 0.0, 0.0, 0.0, -0.9408995975221072, 0.0, 0.0, 0.0, 0.0, 0.0, 0.0, 0.0, 0.0, 0.0, 0.0, 0.0, 0.0, 0.0, 0.0, 0.0, 0.0, 0.0, 0.0, 0.0, 0.0, 0.0, 0.0, 0.0, 0.0, 0.0, 0.0]","[9, 22]"
kdv,400×601,1.0,274.4573823432411,189,WSINDy,0.06928235122692347,0.07743301213868514,True,True,2,0,0,1.0,1.0,1.0,1.0,True,MSTLS support stable,4,0.010617749998345971,0.14147949998732656,"[0.0, 0.0, 0.0, 0.0, 0.0, 0.0, 0.0, 0.0, 0.0, -0.5020454511834119, 0.0, 0.0, 0.0, 0.0, 0.0, 0.0, 0.0, 0.0, 0.0, 0.0, 0.0, 0.0, -0.9225669878613149, 0.0, 0.0, 0.0, 0.0, 0.0, 0.0, 0.0, 0.0, 0.0, 0.0, 0.0, 0.0, 0.0, 0.0, 0.0, 0.0, 0.0, 0.0, 0.0, 0.0, 0.0, 0.0, 0.0, 0.0, 0.0, 0.0]","[9, 22]"
kdv,400×601,1.0,274.4573823432411,190,WSINDy,0.006792533509443425,0.006846098507552911,True,True,2,0,0,1.0,1.0,1.0,1.0,True,MSTLS support stable,4,0.011084624973591417,0.1386441659706179,"[0.0, 0.0, 0.0, 0.0, 0.0, 0.0, 0.0, 0.0, 0.0, -0.4967130447871896, 0.0, 0.0, 0.0, 0.0, 0.0, 0.0, 0.0, 0.0, 0.0, 0.0, 0.0, 0.0, -1.006846098507553, 0.0, 0.0, 0.0, 0.0, 0.0, 0.0, 0.0, 0.0, 0.0, 0.0, 0.0, 0.0, 0.0, 0.0, 0.0, 0.0, 0.0, 0.0, 0.0, 0.0, 0.0, 0.0, 0.0, 0.0, 0.0, 0.0]","[9, 22]"
kdv,400×601,1.0,274.4573823432411,191,WSINDy,0.04399625488381479,0.04915844559699423,True,True,2,0,0,1.0,1.0,1.0,1.0,True,MSTLS support stable,5,0.010779417003504932,0.1417385000095237,"[0.0, 0.0, 0.0, 0.0, 0.0, 0.0, 0.0, 0.0, 0.0, -0.4982577941455286, 0.0, 0.0, 0.0, 0.0, 0.0, 0.0, 0.0, 0.0, 0.0, 0.0, 0.0, 0.0, -0.9508415544030058, 0.0, 0.0, 0.0, 0.0, 0.0, 0.0, 0.0, 0.0, 0.0, 0.0, 0.0, 0.0, 0.0, 0.0, 0.0, 0.0, 0.0, 0.0, 0.0, 0.0, 0.0, 0.0, 0.0, 0.0, 0.0, 0.0]","[9, 22]"
kdv,400×601,1.0,274.4573823432411,192,WSINDy,0.05567723841505104,0.062212115742102725,True,True,2,0,0,1.0,1.0,1.0,1.0,True,MSTLS support stable,4,0.010137499979464337,0.13713579199975356,"[0.0, 0.0, 0.0, 0.0, 0.0, 0.0, 0.0, 0.0, 0.0, -0.5021438870770771, 0.0, 0.0, 0.0, 0.0, 0.0, 0.0, 0.0, 0.0, 0.0, 0.0, 0.0, 0.0, -1.0622121157421027, 0.0, 0.0, 0.0, 0.0, 0.0, 0.0, 0.0, 0.0, 0.0, 0.0, 0.0, 0.0, 0.0, 0.0, 0.0, 0.0, 0.0, 0.0, 0.0, 0.0, 0.0, 0.0, 0.0, 0.0, 0.0, 0.0]","[9, 22]"
kdv,400×601,1.0,274.4573823432411,193,WSINDy,0.08893004581503894,0.0994181543217818,True,True,2,0,0,1.0,1.0,1.0,1.0,True,MSTLS support stable,3,0.01130287500564009,0.14018716700957157,"[0.0, 0.0, 0.0, 0.0, 0.0, 0.0, 0.0, 0.0, 0.0, -0.5013122126662758, 0.0, 0.0, 0.0, 0.0, 0.0, 0.0, 0.0, 0.0, 0.0, 0.0, 0.0, 0.0, -1.0994181543217818, 0.0, 0.0, 0.0, 0.0, 0.0, 0.0, 0.0, 0.0, 0.0, 0.0, 0.0, 0.0, 0.0, 0.0, 0.0, 0.0, 0.0, 0.0, 0.0, 0.0, 0.0, 0.0, 0.0, 0.0, 0.0, 0.0]","[9, 22]"
kdv,400×601,1.0,274.4573823432411,194,WSINDy,0.04735222313761934,0.05291205243838737,True,True,2,0,0,1.0,1.0,1.0,1.0,True,MSTLS support stable,3,0.01132262498140335,0.1437806669564452,"[0.0, 0.0, 0.0, 0.0, 0.0, 0.0, 0.0, 0.0, 0.0, -0.4982376147268657, 0.0, 0.0, 0.0, 0.0, 0.0, 0.0, 0.0, 0.0, 0.0, 0.0, 0.0, 0.0, -0.9470879475616126, 0.0, 0.0, 0.0, 0.0, 0.0, 0.0, 0.0, 0.0, 0.0, 0.0, 0.0, 0.0, 0.0, 0.0, 0.0, 0.0, 0.0, 0.0, 0.0, 0.0, 0.0, 0.0, 0.0, 0.0, 0.0, 0.0]","[9, 22]"
kdv,400×601,1.0,274.4573823432411,195,WSINDy,0.05051506562048182,0.05641847374242137,True,True,2,0,0,1.0,1.0,1.0,1.0,True,MSTLS support stable,5,0.011053459020331502,0.16114845901029184,"[0.0, 0.0, 0.0, 0.0, 0.0, 0.0, 0.0, 0.0, 0.0, -0.4974172420017177, 0.0, 0.0, 0.0, 0.0, 0.0, 0.0, 0.0, 0.0, 0.0, 0.0, 0.0, 0.0, -0.9435815262575786, 0.0, 0.0, 0.0, 0.0, 0.0, 0.0, 0.0, 0.0, 0.0, 0.0, 0.0, 0.0, 0.0, 0.0, 0.0, 0.0, 0.0, 0.0, 0.0, 0.0, 0.0, 0.0, 0.0, 0.0, 0.0, 0.0]","[9, 22]"
kdv,400×601,1.0,274.4573823432411,196,WSINDy,0.00357726956982521,0.003999479034005438,True,True,2,0,0,1.0,1.0,1.0,1.0,True,MSTLS support stable,4,0.01075291700544767,0.1548297499830369,"[0.0, 0.0, 0.0, 0.0, 0.0, 0.0, 0.0, 0.0, 0.0, -0.50001547338191, 0.0, 0.0, 0.0, 0.0, 0.0, 0.0, 0.0, 0.0, 0.0, 0.0, 0.0, 0.0, -0.9960005209659946, 0.0, 0.0, 0.0, 0.0, 0.0, 0.0, 0.0, 0.0, 0.0, 0.0, 0.0, 0.0, 0.0, 0.0, 0.0, 0.0, 0.0, 0.0, 0.0, 0.0, 0.0, 0.0, 0.0, 0.0, 0.0, 0.0]","[9, 22]"
kdv,400×601,1.0,274.4573823432411,197,WSINDy,0.0017287725213634825,0.00340880820180689,True,True,2,0,0,1.0,1.0,1.0,1.0,True,MSTLS support stable,3,0.009509833005722612,0.1393920409900602,"[0.0, 0.0, 0.0, 0.0, 0.0, 0.0, 0.0, 0.0, 0.0, -0.5017044041009034, 0.0, 0.0, 0.0, 0.0, 0.0, 0.0, 0.0, 0.0, 0.0, 0.0, 0.0, 0.0, -1.0009114958579721, 0.0, 0.0, 0.0, 0.0, 0.0, 0.0, 0.0, 0.0, 0.0, 0.0, 0.0, 0.0, 0.0, 0.0, 0.0, 0.0, 0.0, 0.0, 0.0, 0.0, 0.0, 0.0, 0.0, 0.0, 0.0, 0.0]","[9, 22]"
kdv,400×601,1.0,274.4573823432411,198,WSINDy,0.05591967105438448,0.06251505627968057,True,True,2,0,0,1.0,1.0,1.0,1.0,True,MSTLS support stable,4,0.011353583016898483,0.14049858300131746,"[0.0, 0.0, 0.0, 0.0, 0.0, 0.0, 0.0, 0.0, 0.0, -0.5007935690811631, 0.0, 0.0, 0.0, 0.0, 0.0, 0.0, 0.0, 0.0, 0.0, 0.0, 0.0, 0.0, -1.0625150562796806, 0.0, 0.0, 0.0, 0.0, 0.0, 0.0, 0.0, 0.0, 0.0, 0.0, 0.0, 0.0, 0.0, 0.0, 0.0, 0.0, 0.0, 0.0, 0.0, 0.0, 0.0, 0.0, 0.0, 0.0, 0.0, 0.0]","[9, 22]"
kdv,400×601,1.0,274.4573823432411,199,WSINDy,0.8947216058593199,1.0,True,False,1,0,1,1.0,0.5,0.6666666666666666,0.5,True,MSTLS support stable,3,0.010333791986340657,0.1401150010060519,"[0.0, 0.0, 0.0, 0.0, 0.0, 0.0, 0.0, 0.0, 0.0, -0.47433991447110774, 0.0, 0.0, 0.0, 0.0, 0.0, 0.0, 0.0, 0.0, 0.0, 0.0, 0.0, 0.0, 0.0, 0.0, 0.0, 0.0, 0.0, 0.0, 0.0, 0.0, 0.0, 0.0, 0.0, 0.0, 0.0, 0.0, 0.0, 0.0, 0.0, 0.0, 0.0, 0.0, 0.0, 0.0, 0.0, 0.0, 0.0, 0.0, 0.0]",[9]
